{"info": {"status": "DISPOSED", "division": "CR-I", "judges": ["HEALEY, RUSSELL L."], "court": "Florida State, Duval County, Fourth Circuit Court", "title": "LORENZO CAROL ALSTON", "date_filed": "6/6/2016", "link": "https://www.docketalarm.com/cases/Florida_State_Duval_County_Fourth_Circuit_Court/2016-CF-004992/LORENZO_CAROL_ALSTON/", "judges_normalized": ["Healey Russell L."], "judge": "HEALEY, RUSSELL L.", "type": "Circuit Criminal", "docket": "2016-CF-004992"}, "docket_report": [{"date": "3/8/2019", "number": "315", "contents": "<span class='description'>MANDATE FROM APPELLATE COURT AFFIRMED, 1D17-5160 BOOK 18717 PAGE 1883-1885</span> entered 03/08/2019.", "entry_date": "3/8/2019"}, {"date": "3/12/2018", "number": "314", "contents": "<span class='description'>DESIGNATION OF A PUBLIC DEFENDER OF THE SECOND JUDICIL CIRCUIT FOR PURPOSES OF APPEAL, STYLED-DCA, 1D17-5160</span> entered 03/13/2018.", "entry_date": "3/13/2018"}, {"date": "1/24/2018", "number": "313", "contents": "<span class='description'>INDEX &amp; RECORD OF APPEAL VOLUME 2 1D17-5160</span> entered 01/24/2018.", "entry_date": "1/24/2018"}, {"date": "1/24/2018", "number": "312", "contents": "<span class='description'>INDEX &amp; RECORD OF APPEAL VOLUME 1 1D17-5160</span> entered 01/24/2018.", "entry_date": "1/24/2018"}, {"date": "1/2/2018", "number": "311", "contents": "<span class='description'>TESTIMONY &amp; PROCEEDINGS OF NOVEMBER 6, 2017, BEFORE THE HONORABLE JUDGE RUSSELL L. HEALEY</span> entered 01/04/2018.", "entry_date": "1/4/2018"}, {"date": "1/2/2018", "number": "310", "contents": "<span class='description'>COURT ORDER DENYING DEFENDANT'S MOTION TO WITHDRAW PLEA</span> entered 01/02/2018.", "entry_date": "1/2/2018"}, {"date": "12/28/2017", "number": "309", "contents": "<span class='description'>TESTIMONY &amp; PROCEEDINGS OF SEPTEMBER 22, 2017, BEFORE THE HONORABLE JUDGE RUSSELL HEALEY</span> entered 12/28/2017.", "entry_date": "12/28/2017"}, {"date": "12/11/2017", "number": "308", "contents": "<span class='description'>DCA ACKNOWLEDGMENT RECEIPT 1D17-5160</span> entered 12/11/2017.", "entry_date": "12/11/2017"}, {"date": "12/5/2017", "number": "307", "contents": "<span class='description'>REPORTER\u2019S ACKNOWLEDGEMENT</span> entered 12/06/2017.", "entry_date": "12/6/2017"}, {"date": "12/5/2017", "number": "306", "contents": "<span class='description'>DESIGNATION TO COURT REPORTER</span> entered 12/06/2017.", "entry_date": "12/6/2017"}, {"date": "12/5/2017", "number": "305", "contents": "<span class='description'>STATEMENT OF JUDICIAL ACTS TO BE REVIEWED</span> entered 12/06/2017.", "entry_date": "12/6/2017"}, {"date": "12/5/2017", "number": "304", "contents": "<span class='description'>NOTICE OF APPEAL TO DISTRICT COURT BOOK 18209 PAGE 1659-1659</span> entered 12/06/2017.", "entry_date": "12/6/2017"}, {"date": "12/4/2017", "number": "303", "contents": "<span class='description'>MOTION TO WITHDRAW PLEA</span> entered 12/05/2017.", "entry_date": "12/5/2017"}, {"date": "11/8/2017", "number": "302", "contents": "<span class='description'>ORDER OF INSOL. &amp; APPT. OF COUNSEL FOR PUR.OF APPEAL</span> entered 11/29/2017.", "entry_date": "11/29/2017"}, {"date": "11/8/2017", "number": "301", "contents": "<span class='description'>RECEIPT FOR CIVIL PROCESS, JAIL, WARRANTS</span> entered 11/13/2017.", "entry_date": "11/13/2017"}, {"link_viewer": "https://www.docketalarm.com/cases/Florida_State_Duval_County_Fourth_Circuit_Court/2016-CF-004992/LORENZO_CAROL_ALSTON/300/", "number": "300", "link": "https://www.docketalarm.com/cases/Florida_State_Duval_County_Fourth_Circuit_Court/2016-CF-004992/LORENZO_CAROL_ALSTON/docs/300.pdf", "entry_date": "11/8/2017", "date": "11/8/2017", "contents": "<a href=\"/cases/Florida_State_Duval_County_Fourth_Circuit_Court/2016-CF-004992/LORENZO_CAROL_ALSTON/300/\"><span class='description'>UNIFORM COMMITMENT TO CUSTODY OF DEPT. OF CORRECTIONS</span></a> entered 11/08/2017."}, {"link_viewer": "https://www.docketalarm.com/cases/Florida_State_Duval_County_Fourth_Circuit_Court/2016-CF-004992/LORENZO_CAROL_ALSTON/299/", "number": "299", "link": "https://www.docketalarm.com/cases/Florida_State_Duval_County_Fourth_Circuit_Court/2016-CF-004992/LORENZO_CAROL_ALSTON/docs/299.pdf", "entry_date": "11/8/2017", "date": "11/8/2017", "contents": "<a href=\"/cases/Florida_State_Duval_County_Fourth_Circuit_Court/2016-CF-004992/LORENZO_CAROL_ALSTON/299/\"><span class='description'>COMMITMENT CHECKLIST SENT</span></a> entered 11/08/2017."}, {"date": "11/7/2017", "number": "297", "contents": "<span class='description'>MOTION TO APPOINT PUBLIC DEFENDER FOR APPEAL AND TO PROCURE A TRANSCRIPT OF THE PROCEEDINGS</span> entered 11/09/2017.", "entry_date": "11/9/2017"}, {"date": "11/7/2017", "number": "296", "contents": "<span class='description'>SENTENCING GUIDELINES</span> entered 11/08/2017.", "entry_date": "11/8/2017"}, {"link_viewer": "https://www.docketalarm.com/cases/Florida_State_Duval_County_Fourth_Circuit_Court/2016-CF-004992/LORENZO_CAROL_ALSTON/295/", "number": "295", "link": "https://www.docketalarm.com/cases/Florida_State_Duval_County_Fourth_Circuit_Court/2016-CF-004992/LORENZO_CAROL_ALSTON/docs/295.pdf", "entry_date": "11/8/2017", "date": "11/7/2017", "contents": "<a href=\"/cases/Florida_State_Duval_County_Fourth_Circuit_Court/2016-CF-004992/LORENZO_CAROL_ALSTON/295/\"><span class='description'>ORDER DENYING RESTITUTION</span></a> entered 11/08/2017."}, {"date": "11/7/2017", "number": "294", "contents": "<span class='description'>CERTIFICATE OF SERVICE FOR JUDGMENT AND SENTENCE</span> entered 11/07/2017.", "entry_date": "11/7/2017"}, {"link_viewer": "https://www.docketalarm.com/cases/Florida_State_Duval_County_Fourth_Circuit_Court/2016-CF-004992/LORENZO_CAROL_ALSTON/293/", "number": "293", "link": "https://www.docketalarm.com/cases/Florida_State_Duval_County_Fourth_Circuit_Court/2016-CF-004992/LORENZO_CAROL_ALSTON/docs/293.pdf", "entry_date": "11/7/2017", "date": "11/6/2017", "contents": "<a href=\"/cases/Florida_State_Duval_County_Fourth_Circuit_Court/2016-CF-004992/LORENZO_CAROL_ALSTON/293/\"><span class='description'>PAYMENT AUTHORIZATION SHEET</span></a> entered 11/07/2017."}, {"date": "11/6/2017", "number": "292", "contents": "<span class='description'>DOCUMENTS</span> entered 11/07/2017.", "entry_date": "11/7/2017"}, {"date": "11/6/2017", "number": "291", "contents": "<span class='description'>CLERKS EXHIBIT MEMO</span> entered 11/07/2017.", "entry_date": "11/7/2017"}, {"date": "11/6/2017", "number": "290", "contents": "<span class='description'>CLERKS MEMO OF HEARING</span> entered 11/07/2017.", "entry_date": "11/7/2017"}, {"link_viewer": "https://www.docketalarm.com/cases/Florida_State_Duval_County_Fourth_Circuit_Court/2016-CF-004992/LORENZO_CAROL_ALSTON/289/", "number": "289", "link": "https://www.docketalarm.com/cases/Florida_State_Duval_County_Fourth_Circuit_Court/2016-CF-004992/LORENZO_CAROL_ALSTON/docs/289.pdf", "entry_date": "11/7/2017", "date": "11/6/2017", "contents": "<a href=\"/cases/Florida_State_Duval_County_Fourth_Circuit_Court/2016-CF-004992/LORENZO_CAROL_ALSTON/289/\"><span class='description'>COURT ORDERED COSTS/FINES/FEES BOOK 18177 PAGE 1636-1637</span></a> entered 11/07/2017."}, {"date": "11/6/2017", "number": "287", "contents": "<span class='description'>FEES DUE: 9/9/9999</span> entered 11/07/2017.", "entry_date": "11/7/2017"}, {"date": "11/6/2017", "number": "286", "contents": "<span class='description'>CSTF 20.00 IMPOSED</span> entered 11/07/2017.", "entry_date": "11/7/2017"}, {"date": "11/6/2017", "number": "285", "contents": "<span class='description'>SAIEF 100.00 IMPOSED</span> entered 11/07/2017.", "entry_date": "11/7/2017"}, {"date": "11/6/2017", "number": "284", "contents": "<span class='description'>AACC 65.00 IMPOSED</span> entered 11/07/2017.", "entry_date": "11/7/2017"}, {"date": "11/6/2017", "number": "283", "contents": "<span class='description'>TNC 3.00 IMPOSED</span> entered 11/07/2017.", "entry_date": "11/7/2017"}, {"date": "11/6/2017", "number": "282", "contents": "<span class='description'>PD FEE 100.00 IMPOSED</span> entered 11/07/2017.", "entry_date": "11/7/2017"}, {"date": "11/6/2017", "number": "281", "contents": "<span class='description'>LGTF 225.00 IMPOSED</span> entered 11/07/2017.", "entry_date": "11/7/2017"}, {"date": "11/6/2017", "number": "280", "contents": "<span class='description'>CCT 50.00 IMPOSED</span> entered 11/07/2017.", "entry_date": "11/7/2017"}, {"date": "11/6/2017", "number": "279", "contents": "<span class='description'>COST OF COURT 50.00 IMPOSED</span> entered 11/07/2017.", "entry_date": "11/7/2017"}, {"date": "11/6/2017", "number": "278", "contents": "<span class='description'>LEEA 5.00 IMPOSED</span> entered 11/07/2017.", "entry_date": "11/7/2017"}, {"date": "11/6/2017", "number": "277", "contents": "<span class='description'>JUDGMENT AND SENTENCE TO STATE PRISON FOR LIFE BOOK 18177 PAGE 1629-1635</span> entered 11/07/2017.", "entry_date": "11/7/2017"}, {"date": "11/6/2017", "number": "276", "contents": "<span class='description'>25 YEAR MINIMUM MANDATORY SENTENCE IMPOSED PER F.S. 775.087 AS TO COUNT: 1</span> entered 11/07/2017.", "entry_date": "11/7/2017"}, {"date": "11/6/2017", "number": "275", "contents": "<span class='description'>CONSECUTIVE TO CASE NUMBER/S 2016-CF-3962-AXXX-MA</span> entered 11/07/2017.", "entry_date": "11/7/2017"}, {"date": "11/6/2017", "number": "274", "contents": "<span class='description'>CREDIT TIME: 523 DAYS</span> entered 11/07/2017.", "entry_date": "11/7/2017"}, {"date": "11/6/2017", "number": "273", "contents": "<span class='description'>DEF. ADJUDGED GUILTY - FINGERPRINTS TAKEN</span> entered 11/07/2017.", "entry_date": "11/7/2017"}, {"date": "11/6/2017", "number": "272", "contents": "<span class='description'>HEARING ON SENTENCING HELD IN FULL</span> entered 11/07/2017.", "entry_date": "11/7/2017"}, {"date": "11/6/2017", "number": "271", "contents": "<span class='description'>OTHERS PRESENT: J. BEARD, PD</span> entered 11/07/2017.", "entry_date": "11/7/2017"}, {"date": "11/6/2017", "number": "270", "contents": "<span class='description'>DEFENDANT PRESENT IN JAIL</span> entered 11/07/2017.", "entry_date": "11/7/2017"}, {"date": "11/6/2017", "number": "269", "contents": "<span class='description'>ASST. PUB. DEF. PERKINS, ALPHONSE BERNARD</span> entered 11/07/2017.", "entry_date": "11/7/2017"}, {"date": "11/6/2017", "number": "268", "contents": "<span class='description'>ASST. STATE ATTY. YOUNG, ASHLEY NICOLE</span> entered 11/07/2017.", "entry_date": "11/7/2017"}, {"date": "11/6/2017", "number": "267", "contents": "<span class='description'>JUDGE HEALEY, RUSSELL L.</span> entered 11/07/2017.", "entry_date": "11/7/2017"}, {"date": "11/2/2017", "number": "266", "contents": "<span class='description'>SUBPOENA FOR HEARING</span> entered 11/06/2017.", "entry_date": "11/6/2017"}, {"date": "10/30/2017", "number": "265", "contents": "<span class='description'>SUBPOENA FOR SENTENCING HEARING (2)</span> entered 10/31/2017.", "entry_date": "10/31/2017"}, {"date": "10/25/2017", "number": "264", "contents": "<span class='description'>SUBPOENA FOR HEARING</span> entered 10/26/2017.", "entry_date": "10/26/2017"}, {"date": "9/27/2017", "number": "263", "contents": "<span class='description'>9:00AM SHARP</span> entered 09/27/2017.", "entry_date": "9/27/2017"}, {"date": "9/27/2017", "number": "262", "contents": "<span class='description'>SENTENCING 11/06/2017 9:00 AM - 305 3RD FLOOR, 501 W ADAMS ST JACKSONVILLE FL 32202</span> entered 09/27/2017.", "entry_date": "9/27/2017"}, {"date": "9/27/2017", "number": "261", "contents": "<span class='description'>OTHERS PRESENT: J. BEARD (PD)</span> entered 09/27/2017.", "entry_date": "9/27/2017"}, {"date": "9/27/2017", "number": "260", "contents": "<span class='description'>DEFENDANT PRESENT IN JAIL</span> entered 09/27/2017.", "entry_date": "9/27/2017"}, {"date": "9/27/2017", "number": "259", "contents": "<span class='description'>ASST. PUB. DEF. PERKINS, ALPHONSE BERNARD</span> entered 09/27/2017.", "entry_date": "9/27/2017"}, {"date": "9/27/2017", "number": "258", "contents": "<span class='description'>ASST. STATE ATTY. YOUNG, ASHLEY NICOLE</span> entered 09/27/2017.", "entry_date": "9/27/2017"}, {"date": "9/27/2017", "number": "257", "contents": "<span class='description'>JUDGE HEALEY, RUSSELL L.</span> entered 09/27/2017.", "entry_date": "9/27/2017"}, {"date": "9/22/2017", "number": "256", "contents": "<span class='description'>SUBPOENA FOR DEPOSITION</span> entered 09/28/2017.", "entry_date": "9/28/2017"}, {"date": "9/22/2017", "number": "255", "contents": "<span class='description'>NOL PROS (CODE 30) S790.23(1)(A) POSSESSION OF A FIREARM BY A CONVICTED FELON</span> entered 09/26/2017.", "entry_date": "9/26/2017"}, {"date": "9/22/2017", "number": "254", "contents": "<span class='description'>NOL PROS (CODE 30) ATTEMPTED S782.04(1)(A) MURDER - FIRST DEGREE</span> entered 09/26/2017.", "entry_date": "9/26/2017"}, {"date": "9/22/2017", "number": "253", "contents": "<span class='description'>DEFENDANT PLEAD GUILTY</span> entered 09/26/2017.", "entry_date": "9/26/2017"}, {"date": "9/22/2017", "number": "252", "contents": "<span class='description'>REDUCED S782.04(2) MURDER IN THE SECOND DEGREE WITH A WEAPON</span> entered 09/26/2017.", "entry_date": "9/26/2017"}, {"date": "9/22/2017", "number": "251", "contents": "<span class='description'>STATUS HEARING 09/27/2017 9:00 AM - 305 3RD FLOOR, 501 W ADAMS ST JACKSONVILLE FL 32202</span> entered 09/26/2017.", "entry_date": "9/26/2017"}, {"link_viewer": "https://www.docketalarm.com/cases/Florida_State_Duval_County_Fourth_Circuit_Court/2016-CF-004992/LORENZO_CAROL_ALSTON/250/", "number": "250", "link": "https://www.docketalarm.com/cases/Florida_State_Duval_County_Fourth_Circuit_Court/2016-CF-004992/LORENZO_CAROL_ALSTON/docs/250.pdf", "entry_date": "9/26/2017", "date": "9/22/2017", "contents": "<a href=\"/cases/Florida_State_Duval_County_Fourth_Circuit_Court/2016-CF-004992/LORENZO_CAROL_ALSTON/250/\"><span class='description'>WAIVER OF PRE-SENTENCE INVESTIGATION</span></a> entered 09/26/2017."}, {"date": "9/22/2017", "number": "249", "contents": "<span class='description'>OTHERS PRESENT: PD: J. BEARD</span> entered 09/26/2017.", "entry_date": "9/26/2017"}, {"date": "9/22/2017", "number": "248", "contents": "<span class='description'>ACKNOWLEDGE. OF RIGHTS &amp; VOLUNTARINESS OF ENTRY OF PLEA</span> entered 09/26/2017.", "entry_date": "9/26/2017"}, {"date": "9/22/2017", "number": "247", "contents": "<span class='description'>DEF. PERMITTED TO W/D PLEA OF NOT GUILTY TO GUILTY</span> entered 09/26/2017.", "entry_date": "9/26/2017"}, {"date": "9/22/2017", "number": "246", "contents": "<span class='description'>DEFENDANT PRESENT IN JAIL</span> entered 09/26/2017.", "entry_date": "9/26/2017"}, {"date": "9/22/2017", "number": "245", "contents": "<span class='description'>ASST. PUB. DEF. PERKINS, ALPHONSE BERNARD</span> entered 09/26/2017.", "entry_date": "9/26/2017"}, {"date": "9/22/2017", "number": "244", "contents": "<span class='description'>ASST. STATE ATTY. YOUNG, ASHLEY NICOLE</span> entered 09/26/2017.", "entry_date": "9/26/2017"}, {"date": "9/22/2017", "number": "243", "contents": "<span class='description'>JUDGE HEALEY, RUSSELL L.</span> entered 09/26/2017.", "entry_date": "9/26/2017"}, {"date": "9/22/2017", "number": "242", "contents": "<span class='description'>&gt; CANCEL REASON - DEF'T PLEAD GUILTY</span> entered 09/22/2017.", "entry_date": "9/22/2017"}, {"date": "9/22/2017", "number": "241", "contents": "<span class='description'>CANCELLED JURY SELECTION ON 9/25/2017 9:00:00 AM</span> entered 09/22/2017.", "entry_date": "9/22/2017"}, {"date": "9/21/2017", "number": "240", "contents": "<span class='description'>DEFENDANT'S FOURTH MOTION IN LIMINE TO EXCLUDE TESTIMONY AND EVIDENCE THAT THE WHITE KIA SOLE WAS BURNED</span> entered 09/22/2017.", "entry_date": "9/22/2017"}, {"date": "9/21/2017", "number": "239", "contents": "<span class='description'>DEFENDANT'S THIRD MOTION IN LIMINE TO EXCLUDE ANY AND ALL EVIDENCE RECOVERED FROM 9176 MADISON AVENUE, JACKSONVILLE, FL 32208</span> entered 09/22/2017.", "entry_date": "9/22/2017"}, {"date": "9/21/2017", "number": "238", "contents": "<span class='description'>DEFENDANT'S SECOND MOTION IN LIMINE TO EXCLUDE ANY AND ALL EVIDENCE RECOVERED FROM 1910 THELMA STREET, JACKSONVILLE, FL 32206</span> entered 09/22/2017.", "entry_date": "9/22/2017"}, {"date": "9/21/2017", "number": "237", "contents": "<span class='description'>DEFENDANT'S FIRST MOTION IN LIMINE TO EXCLUDE MENTION OF AND/OR PHOTOGRAPHS OF ANKLE MONITOR</span> entered 09/22/2017.", "entry_date": "9/22/2017"}, {"date": "9/21/2017", "number": "236", "contents": "<span class='description'>PER JA EMAIL</span> entered 09/21/2017.", "entry_date": "9/21/2017"}, {"date": "9/21/2017", "number": "235", "contents": "<span class='description'>FINAL PRETRIAL 09/22/2017 9:00 AM - 305 3RD FLOOR, 501 W ADAMS ST JACKSONVILLE FL 32202</span> entered 09/21/2017.", "entry_date": "9/21/2017"}, {"date": "9/21/2017", "number": "234", "contents": "<span class='description'>STATE'S DISCOVERY EXHIBIT</span> entered 09/21/2017.", "entry_date": "9/21/2017"}, {"date": "9/20/2017", "number": "233", "contents": "<span class='description'>NOTICE OF TAKING DEPOSITION</span> entered 09/20/2017.", "entry_date": "9/20/2017"}, {"date": "9/20/2017", "number": "232", "contents": "<span class='description'>ORDER TO COMPEL</span> entered 09/20/2017.", "entry_date": "9/20/2017"}, {"date": "9/19/2017", "number": "231", "contents": "<span class='description'>MOTION TO COMPEL FINGERPRINT SPECIMENS</span> entered 09/19/2017.", "entry_date": "9/19/2017"}, {"date": "9/18/2017", "number": "230", "contents": "<span class='description'>STATE'S DISCOVERY EXHIBIT</span> entered 09/19/2017.", "entry_date": "9/19/2017"}, {"date": "9/18/2017", "number": "229", "contents": "<span class='description'>STATE'S SECOND MOTION IN LIMINE</span> entered 09/18/2017.", "entry_date": "9/18/2017"}, {"date": "9/18/2017", "number": "228", "contents": "<span class='description'>STATE'S FIRST MOTION IN LIMINE</span> entered 09/18/2017.", "entry_date": "9/18/2017"}, {"date": "9/18/2017", "number": "227", "contents": "<span class='description'>COURT DATE PREVIOUSLY SET 9/25/17 JURY SELECTION (74 JURORS IN 406 OR 407)</span> entered 09/18/2017.", "entry_date": "9/18/2017"}, {"date": "9/18/2017", "number": "226", "contents": "<span class='description'>COURT ORDER DENYING DEFENDANT'S MOTION TO CONTINUE</span> entered 09/18/2017.", "entry_date": "9/18/2017"}, {"date": "9/18/2017", "number": "225", "contents": "<span class='description'>MOTION FOR CONTINUANCE (DEFENSE)</span> entered 09/18/2017.", "entry_date": "9/18/2017"}, {"date": "9/18/2017", "number": "224", "contents": "<span class='description'>OTHERS PRESENT: J. BEARD (PD)</span> entered 09/18/2017.", "entry_date": "9/18/2017"}, {"date": "9/18/2017", "number": "223", "contents": "<span class='description'>DEFENDANT PRESENT IN JAIL</span> entered 09/18/2017.", "entry_date": "9/18/2017"}, {"date": "9/18/2017", "number": "222", "contents": "<span class='description'>ASST. PUB. DEF. PERKINS, ALPHONSE BERNARD</span> entered 09/18/2017.", "entry_date": "9/18/2017"}, {"date": "9/18/2017", "number": "221", "contents": "<span class='description'>ASST. STATE ATTY. YOUNG, ASHLEY NICOLE</span> entered 09/18/2017.", "entry_date": "9/18/2017"}, {"date": "9/18/2017", "number": "220", "contents": "<span class='description'>JUDGE HEALEY, RUSSELL L.</span> entered 09/18/2017.", "entry_date": "9/18/2017"}, {"date": "9/7/2017", "number": "219", "contents": "<span class='description'>MOTION FOR CONTINUANCE</span> entered 09/18/2017.", "entry_date": "9/18/2017"}, {"date": "8/30/2017", "number": "218", "contents": "<span class='description'>NOTICE OF TAKING DEPOSITION</span> entered 08/30/2017.", "entry_date": "8/30/2017"}, {"date": "6/6/2017", "number": "217", "contents": "<span class='description'>MOTION FOR ADDITIONAL PEREMPTORY CHALLENGES DUE TO NUMERICAL DISPARITY REGARDING PEREMPTORY CHALLENGES PROVIDED BY RULE 3.350(A), FLORIDA RULES OF CRIMINAL PROCEDURE AND SECTION 913.08, FLORIDA STATUES, AND DUE TO SENSITIVE VOIR DIRE ISSUES IN THIS CASE</span> entered 06/08/2017.", "entry_date": "6/8/2017"}, {"date": "6/6/2017", "number": "216", "contents": "<span class='description'>MOTION TO DECLARE SECTION 921.141(6)(H), FLORIDA STATUTES, UNCONSTIUTIONAL</span> entered 06/07/2017.", "entry_date": "6/7/2017"}, {"date": "6/5/2017", "number": "215", "contents": "<span class='description'>MOTION FOR VOIR DIRE AFTER GUILTY VERDICT</span> entered 06/06/2017.", "entry_date": "6/6/2017"}, {"date": "5/25/2017", "number": "214", "contents": "<span class='description'>DEFENDANT'S SPECIAL REQUESTED INSTRUCTION ON \"KILLING WITH PREMEDITATION\"</span> entered 05/26/2017.", "entry_date": "5/26/2017"}, {"date": "5/25/2017", "number": "213", "contents": "<span class='description'>MOTION IN LIMINE CONCERNING OTHER CRIMES EVIDENCE</span> entered 05/26/2017.", "entry_date": "5/26/2017"}, {"date": "5/25/2017", "number": "212", "contents": "<span class='description'>REQUEST FOR FAVORABLE EVIDENCE IN PENALTY PHASE</span> entered 05/26/2017.", "entry_date": "5/26/2017"}, {"date": "5/25/2017", "number": "211", "contents": "<span class='description'>MOTION IN LIMINE CONCERNING OTHER CRIMES EVIDENCE</span> entered 05/26/2017.", "entry_date": "5/26/2017"}, {"date": "5/25/2017", "number": "210", "contents": "<span class='description'>DEFENDANT'S SPECIAL REQUESTED INSTRUCTION ON \"KILLING WITH PREMEDITATION\"</span> entered 05/26/2017.", "entry_date": "5/26/2017"}, {"date": "5/25/2017", "number": "209", "contents": "<span class='description'>REQUEST FOR FAVORABLE EVIDENCE IN PENALTY PHASE</span> entered 05/26/2017.", "entry_date": "5/26/2017"}, {"date": "5/17/2017", "number": "208", "contents": "<span class='description'>53 JURORS / COURTROOM 406</span> entered 09/21/2017.", "entry_date": "9/21/2017"}, {"date": "5/17/2017", "number": "207", "contents": "<span class='description'>JURY SELECTION 09/25/2017 9:00 AM - 305 3RD FLOOR, 501 W ADAMS ST JACKSONVILLE FL 32202</span> entered 05/17/2017.", "entry_date": "5/17/2017"}, {"date": "5/17/2017", "number": "206", "contents": "<span class='description'>FINAL PRETRIAL 09/18/2017 9:00 AM - 305 3RD FLOOR, 501 W ADAMS ST JACKSONVILLE FL 32202</span> entered 05/17/2017.", "entry_date": "5/17/2017"}, {"date": "5/17/2017", "number": "205", "contents": "<span class='description'>&gt; CANCEL REASON - PER COURT</span> entered 05/17/2017.", "entry_date": "5/17/2017"}, {"date": "5/17/2017", "number": "204", "contents": "<span class='description'>CANCELLED PRETRIAL ON 5/24/2017 9:00:00 AM</span> entered 05/17/2017.", "entry_date": "5/17/2017"}, {"date": "5/17/2017", "number": "203", "contents": "<span class='description'>OTHERS PRESENT: J. BEARD (PD)</span> entered 05/17/2017.", "entry_date": "5/17/2017"}, {"date": "5/17/2017", "number": "202", "contents": "<span class='description'>DEFENDANT PRESENT IN JAIL</span> entered 05/17/2017.", "entry_date": "5/17/2017"}, {"date": "5/17/2017", "number": "201", "contents": "<span class='description'>ASST. PUB. DEF. PERKINS, ALPHONSE BERNARD</span> entered 05/17/2017.", "entry_date": "5/17/2017"}, {"date": "5/17/2017", "number": "200", "contents": "<span class='description'>ASST. STATE ATTY. YOUNG, ASHLEY NICOLE</span> entered 05/17/2017.", "entry_date": "5/17/2017"}, {"date": "5/17/2017", "number": "199", "contents": "<span class='description'>JUDGE HEALEY, RUSSELL L.</span> entered 05/17/2017.", "entry_date": "5/17/2017"}, {"date": "5/15/2017", "number": "198", "contents": "<span class='description'>COURT ORDER DENYING DEFENDANTS MOTION TO DELCARE SECTION 921.141(6)(H) FLORIDA STATUTES UNCONSTITUTIONAL</span> entered 05/16/2017.", "entry_date": "5/16/2017"}, {"date": "5/15/2017", "number": "197", "contents": "<span class='description'>COURT ORDER DENYING DEFENDANTS MOTION TO DECLARE SECTION 921.141(6)(D) FLORIDA STATUTES UNCONSTITUTIONAL</span> entered 05/16/2017.", "entry_date": "5/16/2017"}, {"date": "5/15/2017", "number": "196", "contents": "<span class='description'>COURT ORDER DENYING DEFENDANTS SPECIAL REQUESTED INSTRUCTIONS ON \"KILLING WITH PREMEDITATION\"</span> entered 05/16/2017.", "entry_date": "5/16/2017"}, {"date": "5/15/2017", "number": "195", "contents": "<span class='description'>COURT ORDER DENYING DEFENDANTS MOTION TO DECLARE DEATH NOT A POSSIBLE PENALTY</span> entered 05/16/2017.", "entry_date": "5/16/2017"}, {"date": "5/15/2017", "number": "194", "contents": "<span class='description'>COURT ORDER DENYING DEFENDANTS MOTION TO EXCLUDE CONFUSING OR MISLEADING EVIDENE</span> entered 05/16/2017.", "entry_date": "5/16/2017"}, {"date": "5/15/2017", "number": "193", "contents": "<span class='description'>COURT ORDER GRANTING DEFENDANTS MOTION FOR STATEMENT OF AGGRAVATING CIRCUMSTANCES</span> entered 05/16/2017.", "entry_date": "5/16/2017"}, {"date": "5/15/2017", "number": "192", "contents": "<span class='description'>COURT ORDER DENYING DEFENDANTS MOTION TO DECLARE SECTIONS 921.141, 922.10 AND 922.105 FLORIDA STATUTES UNCONSTITUTIONAL</span> entered 05/16/2017.", "entry_date": "5/16/2017"}, {"date": "5/15/2017", "number": "191", "contents": "<span class='description'>COURT ORDER GRANTING DEFENDANTS REQUEST FOR FAVORABLE EVIDENCE IN PENALTY PHASE</span> entered 05/16/2017.", "entry_date": "5/16/2017"}, {"date": "5/15/2017", "number": "190", "contents": "<span class='description'>COURT ORDER DENYING DEFENDANTS MOTION TO PRODUCE STATE'S WRITTEN PROTOCOL WHEN SEEKING DEATH PENALTY</span> entered 05/16/2017.", "entry_date": "5/16/2017"}, {"date": "5/15/2017", "number": "189", "contents": "<span class='description'>COURT ORDER DENYING DEFENDANTS DEMAND FOR DISCLOSURE OF FAVORABLE EVIDENCE</span> entered 05/16/2017.", "entry_date": "5/16/2017"}, {"date": "5/15/2017", "number": "188", "contents": "<span class='description'>COURT ORDER DENYING DEFENDANTS MOTION FOR VOIR DIRE AFTER GUILTY VERDICT</span> entered 05/16/2017.", "entry_date": "5/16/2017"}, {"date": "5/15/2017", "number": "187", "contents": "<span class='description'>COURT ORDER DENYING DEFENDANTS MOTION FOR ADDITIONAL PEREMPTORY CHALLENGES</span> entered 05/16/2017.", "entry_date": "5/16/2017"}, {"date": "5/15/2017", "number": "186", "contents": "<span class='description'>COURT ORDER DENYING DEFENDANTS MOTION FOR DISCOVERY OF PROSECUTORIAL INVESTIGATION OF PROSPECTIVE JURORS</span> entered 05/16/2017.", "entry_date": "5/16/2017"}, {"date": "5/15/2017", "number": "185", "contents": "<span class='description'>COURT ORDER GRANTS IN PART DEFENDANTS MOTION IN LIMINIE CONCERNING OTHER CRIMES EVIDENCE</span> entered 05/16/2017.", "entry_date": "5/16/2017"}, {"date": "5/15/2017", "number": "184", "contents": "<span class='description'>(NELSON HEARING) - PER EMAIL MEMO</span> entered 05/15/2017.", "entry_date": "5/15/2017"}, {"date": "5/15/2017", "number": "183", "contents": "<span class='description'>HEARING ON MOTION 05/17/2017 9:00 AM - 305 3RD FLOOR, 501 W ADAMS ST JACKSONVILLE FL 32202</span> entered 05/15/2017.", "entry_date": "5/15/2017"}, {"date": "5/4/2017", "number": "182", "contents": "<span class='description'>PRETRIAL 05/24/2017 9:00 AM - 305 3RD FLOOR, 501 W ADAMS ST JACKSONVILLE FL 32202</span> entered 05/04/2017.", "entry_date": "5/4/2017"}, {"date": "5/4/2017", "number": "181", "contents": "<span class='description'>HEARING ON MOTIONS HELD IN FULL</span> entered 05/04/2017.", "entry_date": "5/4/2017"}, {"date": "5/4/2017", "number": "180", "contents": "<span class='description'>OTHERS PRESENT: J. BEARD (PD)</span> entered 05/04/2017.", "entry_date": "5/4/2017"}, {"date": "5/4/2017", "number": "179", "contents": "<span class='description'>DEFENDANT PRESENT IN JAIL</span> entered 05/04/2017.", "entry_date": "5/4/2017"}, {"date": "5/4/2017", "number": "178", "contents": "<span class='description'>ASST. PUB. DEF. PERKINS, ALPHONSE BERNARD</span> entered 05/04/2017.", "entry_date": "5/4/2017"}, {"date": "5/4/2017", "number": "177", "contents": "<span class='description'>ASST. STATE ATTY. YOUNG, ASHLEY NICOLE</span> entered 05/04/2017.", "entry_date": "5/4/2017"}, {"date": "5/4/2017", "number": "176", "contents": "<span class='description'>JUDGE HEALEY, RUSSELL L.</span> entered 05/04/2017.", "entry_date": "5/4/2017"}, {"date": "5/4/2017", "number": "175", "contents": "<span class='description'>COURT ORDER ON DEFENDANTS MOTION IN LIMINE CONCERNING REBUTTAL WITNESSES</span> entered 05/04/2017.", "entry_date": "5/4/2017"}, {"date": "5/4/2017", "number": "174", "contents": "<span class='description'>COURT ORDER ON DEFENDANTS MOTION FOR STATEMENT OF PARTICULARS POST-INDICTMENT</span> entered 05/04/2017.", "entry_date": "5/4/2017"}, {"date": "5/4/2017", "number": "173", "contents": "<span class='description'>COURT ORDER ON DEFENDANTS MOTION TO PROHIBIT USE OF JURORS' CRIMINAL RECORDS BY THE STATE AND ALTERNATIVE MOTION FOR DISCLOSURE OF CRIMINAL RECORDS OF PROSPECTIVE JURORS</span> entered 05/04/2017.", "entry_date": "5/4/2017"}, {"date": "5/4/2017", "number": "172", "contents": "<span class='description'>COURT ORDER ON DEFENDANTS MOTION FOR COURT ORDER DIRECTING CLERK OF COURT TO LIMIT PROSPECTIVE JUROR ACCESS/EXPOSURE TO PRETRIAL LOCAL MEDIA COVERAGE PRIOR TO JURY SELECTION</span> entered 05/04/2017.", "entry_date": "5/4/2017"}, {"date": "5/4/2017", "number": "171", "contents": "<span class='description'>COURT ORDER ON DEFENDANTS MOTION IN LIMINE TO PROHIBIT THE STATE FROM DISPLAYING THE SEAL OF THE GREAT STATE OF FLORIDA</span> entered 05/04/2017.", "entry_date": "5/4/2017"}, {"date": "5/4/2017", "number": "170", "contents": "<span class='description'>COURT ORDER ON DEFENDANTS MOTION TO EXLCUDE EVIDENCE LACKING PROBATIVE VALUE AND (SIC) THE INTRODUCTION OF SUCH EVIDENCE WILL NECESSITATE AN UNDUE CONSUMPTION OF TIME</span> entered 05/04/2017.", "entry_date": "5/4/2017"}, {"date": "5/4/2017", "number": "169", "contents": "<span class='description'>COURT ORDER ON DEFENDANTS MOTION TO PROHIBIT ARGUMENT AND/OR INSTRUCTIONS CONCERNING FIRST DEGREE FELONY MURDER</span> entered 05/04/2017.", "entry_date": "5/4/2017"}, {"date": "5/4/2017", "number": "168", "contents": "<span class='description'>COURT ORDER ON DEFENDANTS DEMAND FOR NOTICE OF INTENT TO RELY ON HEARSAY</span> entered 05/04/2017.", "entry_date": "5/4/2017"}, {"date": "5/4/2017", "number": "167", "contents": "<span class='description'>COURT ORDER ON DEFENDANTS OBJECTION AND MOTION TO PRECLUDE IMPROPER ARGUMENT</span> entered 05/04/2017.", "entry_date": "5/4/2017"}, {"date": "5/4/2017", "number": "166", "contents": "<span class='description'>COURT ORDER ON DEFENDANTS MOTION FOR TRANSCRIPTS OF GRAND JURY PROCEEDING INCLUDING TESTIMONY OR, IN LIEU THEREOF, REQUEST FOR IN CAMERA INSPECTION</span> entered 05/04/2017.", "entry_date": "5/4/2017"}, {"date": "5/4/2017", "number": "165", "contents": "<span class='description'>COURT ORDER ON DEFENDANTS MOTION IN LIMINE RE: GRAND JURY</span> entered 05/04/2017.", "entry_date": "5/4/2017"}, {"date": "5/4/2017", "number": "164", "contents": "<span class='description'>COURT ORDER ON DEFENDANTS MOTION TO ARGUE ALL OBJECTS AT THE BENCH</span> entered 05/04/2017.", "entry_date": "5/4/2017"}, {"date": "5/4/2017", "number": "163", "contents": "<span class='description'>COURT ORDER ON DEFENDANTS MOTION FOR TRIAL COURT TO REFRAIN FROM COMMENTING ON IDENTIFICATION EVIDENCE</span> entered 05/04/2017.", "entry_date": "5/4/2017"}, {"date": "5/2/2017", "number": "162", "contents": "<span class='description'>MOTION FOR STATEMENT OF AGGRAVATING CIRCUMSTANCES</span> entered 05/03/2017.", "entry_date": "5/3/2017"}, {"date": "5/2/2017", "number": "161", "contents": "<span class='description'>DEMAND FOR DISCLOSURE OF FAVORABLE EVIDENCE</span> entered 05/03/2017.", "entry_date": "5/3/2017"}, {"date": "5/2/2017", "number": "160", "contents": "<span class='description'>DEMAND FOR NOTICE OF INTENT TO RELY ON HEARSAY</span> entered 05/03/2017.", "entry_date": "5/3/2017"}, {"date": "5/2/2017", "number": "159", "contents": "<span class='description'>MOTION TO DECLARE SECTION 921.141(6)(D) F.S. UNCONSTITUTIONAL</span> entered 05/03/2017.", "entry_date": "5/3/2017"}, {"date": "5/2/2017", "number": "158", "contents": "<span class='description'>MOTION DEFT'S FOR TRIAL COURT TO REFRAIN FROM COMMENTING ON IDENTIFICATION EVIDENCE</span> entered 05/03/2017.", "entry_date": "5/3/2017"}, {"date": "5/2/2017", "number": "157", "contents": "<span class='description'>DOCUMENTS - DEFT'S NOTICE CONCERNING TRIAL OBJECTIONS</span> entered 05/03/2017.", "entry_date": "5/3/2017"}, {"date": "5/2/2017", "number": "156", "contents": "<span class='description'>MOTION TO PRODUCE STATE'S WRITTEN PROTOCOL WHEN SEEKING THE DEATH PENALTY</span> entered 05/03/2017.", "entry_date": "5/3/2017"}, {"date": "5/2/2017", "number": "155", "contents": "<span class='description'>STATE'S DISCOVERY EXHIBIT</span> entered 05/03/2017.", "entry_date": "5/3/2017"}, {"date": "4/28/2017", "number": "154", "contents": "<span class='description'>HEARING ON MOTION 05/04/2017 9:00 AM - 305 3RD FLOOR, 501 W ADAMS ST JACKSONVILLE FL 32202</span> entered 04/28/2017.", "entry_date": "4/28/2017"}, {"date": "4/28/2017", "number": "153", "contents": "<span class='description'>DEATH PENALTY MOTION HEARING HELD IN PART - CONTINUED - ORDERS TO BE ENTERED BY STAFF ATTORNEY - FILING DEADLINE EXTENDED TO 10:30AM 4/28/2017</span> entered 04/28/2017.", "entry_date": "4/28/2017"}, {"date": "4/28/2017", "number": "152", "contents": "<span class='description'>DEFENDANT PRESENT IN JAIL</span> entered 04/28/2017.", "entry_date": "4/28/2017"}, {"date": "4/28/2017", "number": "151", "contents": "<span class='description'>ASST. PUB. DEF. PERKINS, ALPHONSE BERNARD</span> entered 04/28/2017.", "entry_date": "4/28/2017"}, {"date": "4/28/2017", "number": "150", "contents": "<span class='description'>ASST. STATE ATTY. YOUNG, ASHLEY NICOLE</span> entered 04/28/2017.", "entry_date": "4/28/2017"}, {"date": "4/28/2017", "number": "149", "contents": "<span class='description'>JUDGE HEALEY, RUSSELL L.</span> entered 04/28/2017.", "entry_date": "4/28/2017"}, {"date": "4/27/2017", "number": "148", "contents": "<span class='description'>MOTION TO DECLARE DEATH NOT A POSSIBLE PENALTY AND/OR TO DECLARE SECTIONS 782.04 AND 821.141, FLORIDA STATUES, UNCONSTITUTIONAL FOR A VARIETY OF REASONS</span> entered 04/28/2017.", "entry_date": "4/28/2017"}, {"date": "4/27/2017", "number": "147", "contents": "<span class='description'>DEFENDANT'S MOTION FOR SPECIAL VERDICT</span> entered 04/28/2017.", "entry_date": "4/28/2017"}, {"date": "4/27/2017", "number": "146", "contents": "<span class='description'>MOTION FOR COURT ORDER DIRECTING CLERK OF COURT TO LIMIT PROSPECTIVE JURORS ACCESS/EXPOSURE TO PRETRIAL LOCAL MEDIA COVERAGE PRIOR TO JURY SELECTION</span> entered 04/28/2017.", "entry_date": "4/28/2017"}, {"date": "4/27/2017", "number": "145", "contents": "<span class='description'>DEFENDANT'S MOTION TO ARGE ALL OBJECTIONS AT THE BENCH</span> entered 04/28/2017.", "entry_date": "4/28/2017"}, {"date": "4/27/2017", "number": "144", "contents": "<span class='description'>OBJECTION AND MOTION TO PRECLUDE IMPROPER ARGUMENT</span> entered 04/28/2017.", "entry_date": "4/28/2017"}, {"date": "4/27/2017", "number": "143", "contents": "<span class='description'>DEFENDANT'S SPECIAL REQUESTED PENALTY INSTRUCTION ON \"ESPECIALLY COLD, CALCULATED AND PREMEDITATED\"</span> entered 04/28/2017.", "entry_date": "4/28/2017"}, {"date": "4/27/2017", "number": "142", "contents": "<span class='description'>MOTION TO PROHIBIT ARGUMENT AND/OR INSTRUCTIONS CONCERNING FIRST DEGREE FELONY MURDER</span> entered 04/28/2017.", "entry_date": "4/28/2017"}, {"date": "4/27/2017", "number": "141", "contents": "<span class='description'>MOTION FOR TRANSCRIPTS OF GRAND JURY PROCEEDINGS INCLUDING TESTIMONY OR, IN LIEU THEREOF, REQUEST FOR IN CAMERA INSPECTION</span> entered 04/28/2017.", "entry_date": "4/28/2017"}, {"date": "4/27/2017", "number": "140", "contents": "<span class='description'>MOTION FOR STATEMENT OF PARTICULARS POST-INDICTMENT</span> entered 04/28/2017.", "entry_date": "4/28/2017"}, {"date": "4/27/2017", "number": "139", "contents": "<span class='description'>MOTION FOR DISCOVERY OF PROSECUTORIAL INVESTIGATIONS OF PROSPECTIVE JURORS</span> entered 04/28/2017.", "entry_date": "4/28/2017"}, {"date": "4/27/2017", "number": "138", "contents": "<span class='description'>DEFENDANT'S MOTION IN LIMINE TO PROHIBIT THE STATE FROM DISPLAYING THE SEAL OF THE GREAT STATE OF FLORIDA</span> entered 04/28/2017.", "entry_date": "4/28/2017"}, {"date": "4/27/2017", "number": "137", "contents": "<span class='description'>MOTION TO DECLARE SECTION 921.141(6)(H), FLORIDA STATUTES, UNCONSTITUTIONAL</span> entered 04/28/2017.", "entry_date": "4/28/2017"}, {"date": "4/27/2017", "number": "136", "contents": "<span class='description'>MOTION DEFENDANT'S MOTION FOR SPECIAL VERDICT</span> entered 04/28/2017.", "entry_date": "4/28/2017"}, {"date": "4/27/2017", "number": "135", "contents": "<span class='description'>MOTION TO DECLARE DEATH NOT A POSSIBLE PENALTY AND/OR TO DECLARE SECTIONS 782.04 AND 921.141, FLORIDA STATUTES, UNCONSTITUTIONAL FOR A VARIETY OF REASONS</span> entered 04/28/2017.", "entry_date": "4/28/2017"}, {"date": "4/27/2017", "number": "134", "contents": "<span class='description'>MOTION DEFENDANT'S SPECIAL REQUESTED PENALTY PHASE INSTRUCTION ON \"ESPECIALLY COLD, CALCULATED AND PREMEDITATED\"</span> entered 04/28/2017.", "entry_date": "4/28/2017"}, {"date": "4/27/2017", "number": "133", "contents": "<span class='description'>MOTION DEFENDANT'S SPECIAL REQUESTED INSTRUCTION ON \"KILLING WITH PREMEDITATION\"</span> entered 04/28/2017.", "entry_date": "4/28/2017"}, {"date": "4/27/2017", "number": "132", "contents": "<span class='description'>MOTION TO DECLARE SECTION 921.141(6)(D), FLORIDA STATUTES, UNCONSTITUTIONAL</span> entered 04/28/2017.", "entry_date": "4/28/2017"}, {"date": "4/26/2017", "number": "131", "contents": "<span class='description'>MOTION TO DECLARE SECTIONS 921.141, 922.10 AND 922.105, FLORIDA STATUTES, UNCONSTITUTIONAL BECAUSE ELECTROCUTION AND LETHAL INJECTION ARE CRUEL AND UNUSUAL PUNISHMENTS</span> entered 04/29/2017.", "entry_date": "4/29/2017"}, {"date": "4/26/2017", "number": "130", "contents": "<span class='description'>MOTION FOR STATEMENT OF AGGRAVATING CIRCUMSTANCES</span> entered 04/29/2017.", "entry_date": "4/29/2017"}, {"date": "4/26/2017", "number": "129", "contents": "<span class='description'>MOTION TO EXCLUDE CONFUSING OR MISLEADING EVIDENCE</span> entered 04/29/2017.", "entry_date": "4/29/2017"}, {"date": "4/26/2017", "number": "128", "contents": "<span class='description'>DEMAND FOR DISCLOSUREOF FAVORABLE EVIDENCE</span> entered 04/29/2017.", "entry_date": "4/29/2017"}, {"date": "4/26/2017", "number": "127", "contents": "<span class='description'>MOTION TO PRODUCE STATE'S WRITTEN PROTOCOL WHEN SEEKING THE DEATH PENALTY</span> entered 04/29/2017.", "entry_date": "4/29/2017"}, {"date": "4/26/2017", "number": "126", "contents": "<span class='description'>REQUEST FOR FAVORABLE EVIDENCE IN PENALTY PHASE</span> entered 04/29/2017.", "entry_date": "4/29/2017"}, {"date": "4/26/2017", "number": "125", "contents": "<span class='description'>MOTION FOR DISCOVERY OF PROSECUTORIAL INVESTIGATION OF PROSPECTIVE JURORS</span> entered 04/29/2017.", "entry_date": "4/29/2017"}, {"date": "4/26/2017", "number": "124", "contents": "<span class='description'>MOTION IN LIMINE CONCERNING OTHER CRIMES EVIDENCE</span> entered 04/29/2017.", "entry_date": "4/29/2017"}, {"date": "4/26/2017", "number": "123", "contents": "<span class='description'>MOTION FOR ADDITIONAL PEREMPTORY CHALLENGES DUE TO NUMERICAL DISPARITY REGARDING PEREMPTORY CHALLENGES PROVIDED BY RULE 3.350(A), FLORIDA RULES OF CRIMINAL PROCEDURE AND SECTION 913.08, FLORIDA STATUTES, AND DUE TO SENSITIVE VOIR DIRE ISSUES IN THIS CASE</span> entered 04/29/2017.", "entry_date": "4/29/2017"}, {"date": "4/26/2017", "number": "122", "contents": "<span class='description'>MOTION FOR VOIR DIRE AFTER GUILTY VERDICT</span> entered 04/29/2017.", "entry_date": "4/29/2017"}, {"date": "4/20/2017", "number": "121", "contents": "<span class='description'>DEMAND FOR NOTICE OF INTENT TO RELY ON HEARSAY</span> entered 04/20/2017.", "entry_date": "4/20/2017"}, {"date": "4/20/2017", "number": "120", "contents": "<span class='description'>NOTICE CONCERNING TRIAL OBJECTIONS</span> entered 04/20/2017.", "entry_date": "4/20/2017"}, {"date": "4/20/2017", "number": "119", "contents": "<span class='description'>MOTION FOR TRIAL COURT TO REFRAIN FROM COMMENTING ON IDENTIFICATION EVIDENCE</span> entered 04/20/2017.", "entry_date": "4/20/2017"}, {"date": "4/20/2017", "number": "118", "contents": "<span class='description'>MOTION FOR COURT ORDER DIRECTING CLERK OF COURT TO LIMIT PROSPECTIVE JURORS ACCESS/EXPOSURE TO PRETRIAL LOCAL MEDIA COVERAGE PRIOR TO JURY SELECTION</span> entered 04/20/2017.", "entry_date": "4/20/2017"}, {"date": "4/20/2017", "number": "117", "contents": "<span class='description'>DEFENDANT'S MOTION TO ARGUE ALL OBJECTIONS AT THE BENCH</span> entered 04/20/2017.", "entry_date": "4/20/2017"}, {"date": "4/20/2017", "number": "116", "contents": "<span class='description'>OBJECTION AND MOTION TO PRECLUDE IMPROPER ARGUMENT</span> entered 04/20/2017.", "entry_date": "4/20/2017"}, {"date": "4/20/2017", "number": "115", "contents": "<span class='description'>MOTION FOR STATEMENT OF PARTICULARS POST-INDICTMENT</span> entered 04/20/2017.", "entry_date": "4/20/2017"}, {"date": "4/20/2017", "number": "114", "contents": "<span class='description'>MOTION TO PROHIBIT ARGUMENT AND/OR INSTRUCTIONS CONCERNING FIRST DEGREE FELONY MURDER</span> entered 04/20/2017.", "entry_date": "4/20/2017"}, {"date": "4/20/2017", "number": "113", "contents": "<span class='description'>MOTION IN LIMINE TO PROHIBIT THE STATE FROM DISPLAYING THE SEAL OF THE GREAT STAE OF FLORIDA</span> entered 04/20/2017.", "entry_date": "4/20/2017"}, {"date": "4/20/2017", "number": "112", "contents": "<span class='description'>MOTION IN LIMINE : GRAND JURY</span> entered 04/20/2017.", "entry_date": "4/20/2017"}, {"date": "4/20/2017", "number": "111", "contents": "<span class='description'>MOTION FOR TRANSCRIPTS OF GRAND JURY PROCEEDINGS INCLUDING TESTIMONY OR, IN LIEU THEREOF, REQUEST FOR IN CAMERA INSPECTION</span> entered 04/20/2017.", "entry_date": "4/20/2017"}, {"date": "4/19/2017", "number": "110", "contents": "<span class='description'>MOTION TO PROHIBIT USE OF JURORS' CRIMINAL RECORDS BY THE STATE AND ALTERNATIVE MOTION FOR DISCLOSURE OF CRIMINAL RECORDS OF PROSPECTIVE JURORS</span> entered 04/20/2017.", "entry_date": "4/20/2017"}, {"date": "4/19/2017", "number": "109", "contents": "<span class='description'>MOTION FOR EXTENSION OF TIME FOR FILING DEATH PENALTY MOTIONS</span> entered 04/20/2017.", "entry_date": "4/20/2017"}, {"date": "4/19/2017", "number": "108", "contents": "<span class='description'>MOTION IN LIMINE CONCERNING REBUTTAL WITNESSES</span> entered 04/20/2017.", "entry_date": "4/20/2017"}, {"date": "4/19/2017", "number": "107", "contents": "<span class='description'>Motion to Exclude Evidence lacking probative value and the introduction of such evidence will necessitate an undue consumption of time</span> entered 04/20/2017.", "entry_date": "4/20/2017"}, {"date": "3/27/2017", "number": "106", "contents": "<span class='description'>PRETRIAL 04/28/2017 9:00 AM - 305 3RD FLOOR, 501 W ADAMS ST JACKSONVILLE FL 32202</span> entered 03/27/2017.", "entry_date": "3/27/2017"}, {"date": "3/27/2017", "number": "105", "contents": "<span class='description'>OTHERS PRESENT: J. BEARD (PD)</span> entered 03/27/2017.", "entry_date": "3/27/2017"}, {"date": "3/27/2017", "number": "104", "contents": "<span class='description'>DEFENDANT PRESENT IN JAIL</span> entered 03/27/2017.", "entry_date": "3/27/2017"}, {"date": "3/27/2017", "number": "103", "contents": "<span class='description'>ASST. PUB. DEF. PERKINS, ALPHONSE BERNARD</span> entered 03/27/2017.", "entry_date": "3/27/2017"}, {"date": "3/27/2017", "number": "102", "contents": "<span class='description'>ASST. STATE ATTY. YOUNG, ASHLEY NICOLE</span> entered 03/27/2017.", "entry_date": "3/27/2017"}, {"date": "3/27/2017", "number": "101", "contents": "<span class='description'>JUDGE HEALEY, RUSSELL L.</span> entered 03/27/2017.", "entry_date": "3/27/2017"}, {"date": "3/6/2017", "number": "100", "contents": "<span class='description'>PRETRIAL 03/27/2017 9:00 AM - 305 3RD FLOOR, 501 W ADAMS ST JACKSONVILLE FL 32202</span> entered 03/06/2017.", "entry_date": "3/6/2017"}, {"date": "3/6/2017", "number": "99", "contents": "<span class='description'>DEFENDANT PRESENT IN JAIL</span> entered 03/06/2017.", "entry_date": "3/6/2017"}, {"date": "3/6/2017", "number": "98", "contents": "<span class='description'>ASST. PUB. DEF. PERKINS, ALPHONSE BERNARD</span> entered 03/06/2017.", "entry_date": "3/6/2017"}, {"date": "3/6/2017", "number": "97", "contents": "<span class='description'>ASST. STATE ATTY. YOUNG, ASHLEY NICOLE</span> entered 03/06/2017.", "entry_date": "3/6/2017"}, {"date": "3/6/2017", "number": "96", "contents": "<span class='description'>JUDGE HEALEY, RUSSELL L.</span> entered 03/06/2017.", "entry_date": "3/6/2017"}, {"date": "1/18/2017", "number": "95", "contents": "<span class='description'>PRETRIAL 03/06/2017 9:00 AM - 305 3RD FLOOR, 501 W ADAMS ST JACKSONVILLE FL 32202</span> entered 01/18/2017.", "entry_date": "1/18/2017"}, {"date": "1/18/2017", "number": "94", "contents": "<span class='description'>DEFENDANT PRESENT IN JAIL</span> entered 01/18/2017.", "entry_date": "1/18/2017"}, {"date": "1/18/2017", "number": "93", "contents": "<span class='description'>ASST. PUB. DEF. PERKINS, ALPHONSE BERNARD</span> entered 01/18/2017.", "entry_date": "1/18/2017"}, {"date": "1/18/2017", "number": "92", "contents": "<span class='description'>ASST. STATE ATTY. YOUNG, ASHLEY NICOLE</span> entered 01/18/2017.", "entry_date": "1/18/2017"}, {"date": "1/18/2017", "number": "91", "contents": "<span class='description'>JUDGE HEALEY, RUSSELL L.</span> entered 01/18/2017.", "entry_date": "1/18/2017"}, {"date": "12/1/2016", "number": "90", "contents": "<span class='description'>PRETRIAL 01/18/2017 9:00 AM - 305 3RD FLOOR, 501 W ADAMS ST JACKSONVILLE FL 32202</span> entered 12/01/2016.", "entry_date": "12/1/2016"}, {"date": "12/1/2016", "number": "89", "contents": "<span class='description'>OTHERS PRESENT: J. BEARD FOR A. PERKINS</span> entered 12/01/2016.", "entry_date": "12/1/2016"}, {"date": "12/1/2016", "number": "88", "contents": "<span class='description'>DEFENDANT PRESENT IN JAIL</span> entered 12/01/2016.", "entry_date": "12/1/2016"}, {"date": "12/1/2016", "number": "87", "contents": "<span class='description'>ASST. PUB. DEF. PERKINS, ALPHONSE BERNARD</span> entered 12/01/2016.", "entry_date": "12/1/2016"}, {"date": "12/1/2016", "number": "86", "contents": "<span class='description'>ASST. STATE ATTY. YOUNG, ASHLEY NICOLE</span> entered 12/01/2016.", "entry_date": "12/1/2016"}, {"date": "12/1/2016", "number": "85", "contents": "<span class='description'>JUDGE HEALEY, RUSSELL L.</span> entered 12/01/2016.", "entry_date": "12/1/2016"}, {"date": "11/17/2016", "number": "84", "contents": "<span class='description'>PRETRIAL 12/01/2016 9:00 AM - 305 3RD FLOOR, 501 W ADAMS ST JACKSONVILLE FL 32202</span> entered 11/17/2016.", "entry_date": "11/17/2016"}, {"date": "11/17/2016", "number": "83", "contents": "<span class='description'>OTHERS PRESENT: D. STRESING FOR J. BEARD</span> entered 11/17/2016.", "entry_date": "11/17/2016"}, {"date": "11/17/2016", "number": "82", "contents": "<span class='description'>DEFENDANT PRESENT IN JAIL</span> entered 11/17/2016.", "entry_date": "11/17/2016"}, {"date": "11/17/2016", "number": "81", "contents": "<span class='description'>ASST. PUB. DEF. PERKINS, ALPHONSE BERNARD</span> entered 11/17/2016.", "entry_date": "11/17/2016"}, {"date": "11/17/2016", "number": "80", "contents": "<span class='description'>ASST. STATE ATTY. YOUNG, ASHLEY NICOLE</span> entered 11/17/2016.", "entry_date": "11/17/2016"}, {"date": "11/17/2016", "number": "79", "contents": "<span class='description'>JUDGE HEALEY, RUSSELL L.</span> entered 11/17/2016.", "entry_date": "11/17/2016"}, {"date": "11/8/2016", "number": "78", "contents": "<span class='description'>SUBPOENA FOR DEPOSITION</span> entered 11/09/2016.", "entry_date": "11/9/2016"}, {"date": "11/8/2016", "number": "77", "contents": "<span class='description'>SUBPOENA FOR DEPOSITION</span> entered 11/09/2016.", "entry_date": "11/9/2016"}, {"date": "11/4/2016", "number": "76", "contents": "<span class='description'>SUBPOENA FOR DEPOSITION</span> entered 11/07/2016.", "entry_date": "11/7/2016"}, {"date": "11/3/2016", "number": "75", "contents": "<span class='description'>SUBPOENA FOR DEPOSITION -DEFENSE</span> entered 11/04/2016.", "entry_date": "11/4/2016"}, {"date": "10/31/2016", "number": "74", "contents": "<span class='description'>NOTICE OF TAKING DEPOSITION</span> entered 11/01/2016.", "entry_date": "11/1/2016"}, {"date": "10/26/2016", "number": "73", "contents": "<span class='description'>STATE'S DISCOVERY EXHIBIT</span> entered 10/26/2016.", "entry_date": "10/26/2016"}, {"date": "10/17/2016", "number": "72", "contents": "<span class='description'>PRETRIAL 11/17/2016 9:00 AM - 305 3RD FLOOR, 501 W ADAMS ST JACKSONVILLE FL 32202</span> entered 10/17/2016.", "entry_date": "10/17/2016"}, {"date": "10/17/2016", "number": "71", "contents": "<span class='description'>DEFENDANT PRESENT IN JAIL</span> entered 10/17/2016.", "entry_date": "10/17/2016"}, {"date": "10/17/2016", "number": "70", "contents": "<span class='description'>ASST. PUB. DEF. PERKINS, ALPHONSE BERNARD</span> entered 10/17/2016.", "entry_date": "10/17/2016"}, {"date": "10/17/2016", "number": "69", "contents": "<span class='description'>ASST. STATE ATTY. YOUNG, ASHLEY NICOLE</span> entered 10/17/2016.", "entry_date": "10/17/2016"}, {"date": "10/17/2016", "number": "68", "contents": "<span class='description'>JUDGE HEALEY, RUSSELL L.</span> entered 10/17/2016.", "entry_date": "10/17/2016"}, {"date": "9/14/2016", "number": "67", "contents": "<span class='description'>SUBPOENA FOR DEPOSITION</span> entered 09/15/2016.", "entry_date": "9/15/2016"}, {"date": "9/8/2016", "number": "66", "contents": "<span class='description'>STATE'S DISCOVERY EXHIBIT</span> entered 09/14/2016.", "entry_date": "9/14/2016"}, {"date": "9/7/2016", "number": "65", "contents": "<span class='description'>SUBPOENA FOR DEPOSITION</span> entered 09/08/2016.", "entry_date": "9/8/2016"}, {"date": "8/25/2016", "number": "64", "contents": "<span class='description'>SUBPOENA FOR DEPOSITION - DEFENSE</span> entered 08/26/2016.", "entry_date": "8/26/2016"}, {"date": "8/23/2016", "number": "63", "contents": "<span class='description'>SUBPOENA FOR DEPOSITION</span> entered 08/24/2016.", "entry_date": "8/24/2016"}, {"date": "8/23/2016", "number": "62", "contents": "<span class='description'>AMENDED NOTICE OF TAKING DEPOSITION</span> entered 08/24/2016.", "entry_date": "8/24/2016"}, {"date": "8/23/2016", "number": "61", "contents": "<span class='description'>NOTICE OF TAKING DEPOSITION</span> entered 08/24/2016.", "entry_date": "8/24/2016"}, {"date": "8/19/2016", "number": "60", "contents": "<span class='description'>SUBPOENA FOR DEPOSITION</span> entered 08/22/2016.", "entry_date": "8/22/2016"}, {"date": "8/16/2016", "number": "59", "contents": "<span class='description'>PRETRIAL 10/17/2016 9:00 AM - 305 3RD FLOOR, 501 W ADAMS ST JACKSONVILLE FL 32202</span> entered 08/16/2016.", "entry_date": "8/16/2016"}, {"link_viewer": "https://www.docketalarm.com/cases/Florida_State_Duval_County_Fourth_Circuit_Court/2016-CF-004992/LORENZO_CAROL_ALSTON/58/", "number": "58", "link": "https://www.docketalarm.com/cases/Florida_State_Duval_County_Fourth_Circuit_Court/2016-CF-004992/LORENZO_CAROL_ALSTON/docs/58.pdf", "entry_date": "8/16/2016", "date": "8/16/2016", "contents": "<a href=\"/cases/Florida_State_Duval_County_Fourth_Circuit_Court/2016-CF-004992/LORENZO_CAROL_ALSTON/58/\"><span class='description'>** WAIVER OF SPEEDY TRIAL **</span></a> entered 08/16/2016."}, {"date": "8/16/2016", "number": "57", "contents": "<span class='description'>DEFENDANT PRESENT IN JAIL</span> entered 08/16/2016.", "entry_date": "8/16/2016"}, {"date": "8/16/2016", "number": "56", "contents": "<span class='description'>ASST. PUB. DEF. PERKINS, ALPHONSE BERNARD</span> entered 08/16/2016.", "entry_date": "8/16/2016"}, {"date": "8/16/2016", "number": "55", "contents": "<span class='description'>ASST. STATE ATTY. YOUNG, ASHLEY NICOLE</span> entered 08/16/2016.", "entry_date": "8/16/2016"}, {"date": "8/16/2016", "number": "54", "contents": "<span class='description'>JUDGE HEALEY, RUSSELL L.</span> entered 08/16/2016.", "entry_date": "8/16/2016"}, {"date": "8/2/2016", "number": "53", "contents": "<span class='description'>PRETRIAL 08/16/2016 9:00 AM - 305 3RD FLOOR, 501 W ADAMS ST JACKSONVILLE FL 32202</span> entered 08/02/2016.", "entry_date": "8/2/2016"}, {"date": "8/2/2016", "number": "52", "contents": "<span class='description'>NOTICE OF INTENT TO SEEK DEATH PENALTY NOTICED IN OPEN COURT</span> entered 08/02/2016.", "entry_date": "8/2/2016"}, {"date": "8/2/2016", "number": "51", "contents": "<span class='description'>OTHERS PRESENT: J. BEARD FOR A. PERKINS</span> entered 08/02/2016.", "entry_date": "8/2/2016"}, {"date": "8/2/2016", "number": "50", "contents": "<span class='description'>DEFENDANT PRESENT IN JAIL</span> entered 08/02/2016.", "entry_date": "8/2/2016"}, {"date": "8/2/2016", "number": "49", "contents": "<span class='description'>ASST. PUB. DEF. PERKINS, ALPHONSE BERNARD</span> entered 08/02/2016.", "entry_date": "8/2/2016"}, {"date": "8/2/2016", "number": "48", "contents": "<span class='description'>ASST. STATE ATTY. YOUNG, ASHLEY NICOLE</span> entered 08/02/2016.", "entry_date": "8/2/2016"}, {"date": "8/2/2016", "number": "47", "contents": "<span class='description'>JUDGE HEALEY, RUSSELL L.</span> entered 08/02/2016.", "entry_date": "8/2/2016"}, {"date": "8/1/2016", "number": "46", "contents": "<span class='description'>CERTIFICATION BY PUBLIC DEFENDER</span> entered 08/01/2016.", "entry_date": "8/1/2016"}, {"date": "7/29/2016", "number": "45", "contents": "<span class='description'>STATE'S DISCOVERY EXHIBIT</span> entered 07/29/2016.", "entry_date": "7/29/2016"}, {"date": "7/27/2016", "number": "44", "contents": "<span class='description'>NOTICE OF INTENT TO SEEK DEATH PENALTY FOR STATEMENT OF PARTICULARS OF MENTAL MITIGATION</span> entered 07/28/2016.", "entry_date": "7/28/2016"}, {"date": "7/26/2016", "number": "43", "contents": "<span class='description'>STATE'S DISCOVERY EXHIBIT</span> entered 07/28/2016.", "entry_date": "7/28/2016"}, {"date": "7/12/2016", "number": "42", "contents": "<span class='description'>PRETRIAL 08/02/2016 9:00 AM - 305 3RD FLOOR, 501 W ADAMS ST JACKSONVILLE FL 32202</span> entered 07/12/2016.", "entry_date": "7/12/2016"}, {"date": "7/12/2016", "number": "41", "contents": "<span class='description'>DEFENDANT PRESENT IN JAIL</span> entered 07/12/2016.", "entry_date": "7/12/2016"}, {"date": "7/12/2016", "number": "40", "contents": "<span class='description'>ASST. PUB. DEF. PERKINS, ALPHONSE BERNARD</span> entered 07/12/2016.", "entry_date": "7/12/2016"}, {"date": "7/12/2016", "number": "39", "contents": "<span class='description'>ASST. STATE ATTY. YOUNG, ASHLEY NICOLE</span> entered 07/12/2016.", "entry_date": "7/12/2016"}, {"date": "7/12/2016", "number": "38", "contents": "<span class='description'>JUDGE HEALEY, RUSSELL L.</span> entered 07/12/2016.", "entry_date": "7/12/2016"}, {"date": "6/28/2016", "number": "36", "contents": "<span class='description'>PLEA OF NOT GUILTY</span> entered 06/28/2016.", "entry_date": "6/28/2016"}, {"date": "6/28/2016", "number": "35", "contents": "<span class='description'>PLEA OF NOT GUILTY</span> entered 06/28/2016.", "entry_date": "6/28/2016"}, {"date": "6/28/2016", "number": "34", "contents": "<span class='description'>PLEA OF NOT GUILTY</span> entered 06/28/2016.", "entry_date": "6/28/2016"}, {"date": "6/28/2016", "number": "33", "contents": "<span class='description'>PRETRIAL 07/12/2016 9:00 AM - 305 3RD FLOOR, 501 W ADAMS ST JACKSONVILLE FL 32202</span> entered 06/28/2016.", "entry_date": "6/28/2016"}, {"date": "6/28/2016", "number": "32", "contents": "<span class='description'>DEF. W/READING OF INFO &amp; PLEAD NOT GUILTY</span> entered 06/28/2016.", "entry_date": "6/28/2016"}, {"date": "6/28/2016", "number": "31", "contents": "<span class='description'>DEFENDANT PRESENT IN JAIL</span> entered 06/28/2016.", "entry_date": "6/28/2016"}, {"date": "6/28/2016", "number": "30", "contents": "<span class='description'>ASST. PUB. DEF. PERKINS, ALPHONSE BERNARD</span> entered 06/28/2016.", "entry_date": "6/28/2016"}, {"date": "6/28/2016", "number": "29", "contents": "<span class='description'>ASST. STATE ATTY. YOUNG, ASHLEY NICOLE</span> entered 06/28/2016.", "entry_date": "6/28/2016"}, {"date": "6/28/2016", "number": "28", "contents": "<span class='description'>JUDGE HEALEY, RUSSELL L.</span> entered 06/28/2016.", "entry_date": "6/28/2016"}, {"date": "6/27/2016", "number": "27", "contents": "<span class='description'>ARRAIGNMENT DATE 06/28/2016 9:00 AM - 305 3RD FLOOR, 501 W ADAMS ST JACKSONVILLE FL 32202</span> entered 06/27/2016.", "entry_date": "6/27/2016"}, {"date": "6/24/2016", "number": "26", "contents": "<span class='description'>STATE'S DISCOVERY EXHIBIT AND DEMAND FOR RECIPROCAL DISCOVERY</span> entered 06/27/2016.", "entry_date": "6/27/2016"}, {"date": "6/23/2016", "number": "25", "contents": "<span class='description'>STATEMENT OF PART &amp; DEM FOR NOT OF INTENT TO CLAIM ALIBI</span> entered 06/27/2016.", "entry_date": "6/27/2016"}, {"date": "6/23/2016", "number": "24", "contents": "<span class='description'>INDICTMENT FILED FOR S790.23(1)(A) POSSESSION OF A FIREARM BY A CONVICTED FELON</span> entered 06/23/2016.", "entry_date": "6/23/2016"}, {"date": "6/23/2016", "number": "23", "contents": "<span class='description'>INDICTMENT FILED FOR ATTEMPTED S782.04(1)(A) MURDER - FIRST DEGREE</span> entered 06/23/2016.", "entry_date": "6/23/2016"}, {"date": "6/23/2016", "number": "22", "contents": "<span class='description'>INDICTMENT FILED FOR S782.04(1)(A) MURDER - FIRST DEGREE</span> entered 06/23/2016.", "entry_date": "6/23/2016"}, {"date": "6/17/2016", "number": "21", "contents": "<span class='description'>ARRAIGNMENT DATE 06/28/2016 9:00 AM - 305 3RD FLOOR, 501 W ADAMS ST JACKSONVILLE FL 32202</span> entered 06/22/2016.", "entry_date": "6/22/2016"}, {"date": "6/17/2016", "number": "20", "contents": "<span class='description'>INFORMATION FILED S790.23(1)(A) POSSESSION OF A FIREARM BY A CONVICTED FELON</span> entered 06/22/2016.", "entry_date": "6/22/2016"}, {"date": "6/17/2016", "number": "19", "contents": "<span class='description'>INFORMATION FILED ATTEMPTED S782.04(2) MURDER - SECOND DEGREE</span> entered 06/22/2016.", "entry_date": "6/22/2016"}, {"date": "6/17/2016", "number": "18", "contents": "<span class='description'>INFORMATION FILED S782.04(2) MURDER - SECOND DEGREE</span> entered 06/22/2016.", "entry_date": "6/22/2016"}, {"date": "6/17/2016", "number": "17", "contents": "<span class='description'>INFORMATION</span> entered 06/22/2016.", "entry_date": "6/22/2016"}, {"date": "6/14/2016", "number": "16", "contents": "<span class='description'>NOTICE OF DISCOVERY &amp; SPECIFIC DEMAND FOR INFORMATION</span> entered 06/16/2016.", "entry_date": "6/16/2016"}, {"date": "6/14/2016", "number": "15", "contents": "<span class='description'>MOTION FOR STATEMENT OF PARTICULARS</span> entered 06/16/2016.", "entry_date": "6/16/2016"}, {"date": "6/13/2016", "number": "14", "contents": "<span class='description'>TRIAL ASSISTANT STATE ATTORNEY CHANGED TO Young, Ashley Nicole PER SAO</span> entered 06/13/2016.", "entry_date": "6/13/2016"}, {"date": "6/6/2016", "number": "12", "contents": "<span class='description'>ARRAIGNMENT COURT DATE: 06/28/2016 SUBJECT TO CHANGE. CALL FOR VERIFICATION</span> entered 06/07/2016.", "entry_date": "6/7/2016"}, {"link_viewer": "https://www.docketalarm.com/cases/Florida_State_Duval_County_Fourth_Circuit_Court/2016-CF-004992/LORENZO_CAROL_ALSTON/11/", "number": "11", "link": "https://www.docketalarm.com/cases/Florida_State_Duval_County_Fourth_Circuit_Court/2016-CF-004992/LORENZO_CAROL_ALSTON/docs/11.pdf", "entry_date": "6/7/2016", "date": "6/6/2016", "contents": "<a href=\"/cases/Florida_State_Duval_County_Fourth_Circuit_Court/2016-CF-004992/LORENZO_CAROL_ALSTON/11/\"><span class='description'>DEFENDANT DECLARED INDIGENT, ORDER APPOINTING PUBLIC DEFENDER - FILED</span></a> entered 06/07/2016."}, {"link_viewer": "https://www.docketalarm.com/cases/Florida_State_Duval_County_Fourth_Circuit_Court/2016-CF-004992/LORENZO_CAROL_ALSTON/10/", "number": "10", "link": "https://www.docketalarm.com/cases/Florida_State_Duval_County_Fourth_Circuit_Court/2016-CF-004992/LORENZO_CAROL_ALSTON/docs/10.pdf", "entry_date": "6/7/2016", "date": "6/6/2016", "contents": "<a href=\"/cases/Florida_State_Duval_County_Fourth_Circuit_Court/2016-CF-004992/LORENZO_CAROL_ALSTON/10/\"><span class='description'>APPLICATION FOR CRIMINAL INDIGENT STATUS - FILED</span></a> entered 06/07/2016."}, {"date": "6/6/2016", "number": "9", "contents": "<span class='description'>FEES DUE: 6/7/2016</span> entered 06/07/2016.", "entry_date": "6/7/2016"}, {"date": "6/6/2016", "number": "8", "contents": "<span class='description'>PD APP FEE 50.00 IMPOSED</span> entered 06/07/2016.", "entry_date": "6/7/2016"}, {"date": "6/6/2016", "number": "7", "contents": "<span class='description'>BOND SET AT NONE</span> entered 06/07/2016.", "entry_date": "6/7/2016"}, {"date": "6/6/2016", "number": "6", "contents": "<span class='description'>BOND SET AT NONE</span> entered 06/07/2016.", "entry_date": "6/7/2016"}, {"date": "6/6/2016", "number": "5", "contents": "<span class='description'>BOND SET AT NONE</span> entered 06/07/2016.", "entry_date": "6/7/2016"}, {"date": "6/6/2016", "number": "4", "contents": "<span class='description'>S790.23(1)(A) POSSESSION OF A FIREARM, WEAPON OR AMMUNITION BY A CONVICTED FELON</span> entered 06/07/2016.", "entry_date": "6/7/2016"}, {"date": "6/6/2016", "number": "3", "contents": "<span class='description'>ATTEMPTED-S782.04(2) MURDER - SECOND DEGREE</span> entered 06/07/2016.", "entry_date": "6/7/2016"}, {"date": "6/6/2016", "number": "2", "contents": "<span class='description'>S782.04(2) MURDER - SECOND DEGREE</span> entered 06/07/2016.", "entry_date": "6/7/2016"}, {"date": "6/6/2016", "number": "1", "contents": "<span class='description'>ARREST &amp; BOOKING REPORT 2016-012514 06/01/2016</span> entered 06/07/2016.", "entry_date": "6/7/2016"}], "analyze": {"last_analyze": "6/22/2020"}, "success": true, "parties": [{"race": "B", "name_normalized": "Lorenzo Carol Alston", "name": "LORENZO CAROL ALSTON", "sex": "Male", "other": [], "type": "Defendant"}]}