{"info": {"status": "DISPOSED", "division": "CR-A", "judges": ["Anderson Jr, Bruce R"], "court": "Florida State, Duval County, Fourth Circuit Court", "title": "DERON MONTRELL BROWN", "date_filed": "2/18/2016", "link": "https://www.docketalarm.com/cases/Florida_State_Duval_County_Fourth_Circuit_Court/2016-CF-001385/DERON_MONTRELL_BROWN/", "judges_normalized": ["Anderson R"], "judge": "Anderson Jr, Bruce R", "type": "Circuit Criminal", "docket": "2016-CF-001385"}, "docket_report": [{"date": "5/7/2020", "number": "500", "contents": "<span class='description'>REQUEST FOR DOCUMENTS</span> entered 05/11/2020.", "entry_date": "5/11/2020"}, {"date": "8/16/2019", "number": "499", "contents": "<span class='description'>MANDATE FROM APPELLATE COURT AFFIRMED, 1D18-2258 BOOK 18903 PAGE 769-771</span> entered 08/16/2019.", "entry_date": "8/16/2019"}, {"date": "3/1/2019", "number": "498", "contents": "<span class='description'>ORDER ON MOTION FOR ATTORNEY'S FEES, COSTS OR RELATED EXPENSES</span> entered 03/01/2019.", "entry_date": "3/1/2019"}, {"date": "2/20/2019", "number": "497", "contents": "<span class='description'>COURT ORDER SETTING HEARING ON MOTION FOR ATTORNEY'S FEES, COSTS OR RELATED EXPENSES</span> entered 02/20/2019.", "entry_date": "2/20/2019"}, {"date": "8/31/2018", "number": "496", "contents": "<span class='description'>DESIGNATION OF A PUBLIC DEFENDER OF THE SECOND JUDICIAL CIRCUIT COR PURPOSES OF APPEAL; STYLED DCA, 1D18-2258 (COURTESY COPY)</span> entered 09/04/2018.", "entry_date": "9/4/2018"}, {"date": "8/10/2018", "number": "495", "contents": "<span class='description'>RECORD ON APPEAL E-FILED TO DCA</span> entered 08/10/2018.", "entry_date": "8/10/2018"}, {"date": "8/9/2018", "number": "494", "contents": "<span class='description'>INDEX &amp; RECORD OF APPEAL VOLUME 2 (1D18-2258)</span> entered 08/10/2018.", "entry_date": "8/10/2018"}, {"date": "8/9/2018", "number": "493", "contents": "<span class='description'>INDEX &amp; RECORD OF APPEAL VOLUME 1 (1D18-2258)</span> entered 08/10/2018.", "entry_date": "8/10/2018"}, {"date": "8/1/2018", "number": "492", "contents": "<span class='description'>TRIAL-TESTIMONY &amp; PROCEEDINGS OF MAY 5, 2017, BEFORE THE HONORABLE JUDGE BRUCE R. ANDERSON, JR.</span> entered 08/02/2018.", "entry_date": "8/2/2018"}, {"date": "7/30/2018", "number": "491", "contents": "<span class='description'>TESTIMONY &amp; PROCEEDINGS OF MAY 17TH, 2018, BEFORE THE HONORABLE JUDGE BRUCE ANDERSON</span> entered 07/31/2018.", "entry_date": "7/31/2018"}, {"date": "7/30/2018", "number": "490", "contents": "<span class='description'>TRIAL-TESTIMONY &amp; PROCEEDINGS OF MAY 4, 2017, BEFORE THE HONORABLE JUDGE BRUCE R. ANDERSON</span> entered 07/31/2018.", "entry_date": "7/31/2018"}, {"date": "7/25/2018", "number": "489", "contents": "<span class='description'>TRIAL-TESTIMONY &amp; PROCEEDINGS MAY 3, 2017, BEFORE THE HONORABLE JUDGE BRUCE R. ANDERSON JR.</span> entered 07/25/2018.", "entry_date": "7/25/2018"}, {"date": "7/23/2018", "number": "488", "contents": "<span class='description'>TRIAL-TESTIMONY &amp; PROCEEDINGS OF MAY 2, 2017, BEFORE THE HONORABLE JUDGE BRUCE R. ANDERSON, JR</span> entered 07/24/2018.", "entry_date": "7/24/2018"}, {"date": "7/19/2018", "number": "487", "contents": "<span class='description'>TRIAL-TESTIMONY &amp; PROCEEDINGS OF MAY 1, 2017, BEFORE THE HONORABLE JUDGE BRUCE R. ANDERSON</span> entered 07/23/2018.", "entry_date": "7/23/2018"}, {"date": "6/28/2018", "number": "486", "contents": "<span class='description'>RECEIPT FOR CIVIL PROCESS, JAIL, WARRANTS</span> entered 06/28/2018.", "entry_date": "6/28/2018"}, {"link_viewer": "https://www.docketalarm.com/cases/Florida_State_Duval_County_Fourth_Circuit_Court/2016-CF-001385/DERON_MONTRELL_BROWN/485/", "number": "485", "link": "https://www.docketalarm.com/cases/Florida_State_Duval_County_Fourth_Circuit_Court/2016-CF-001385/DERON_MONTRELL_BROWN/docs/485.pdf", "entry_date": "6/28/2018", "date": "6/28/2018", "contents": "<a href=\"/cases/Florida_State_Duval_County_Fourth_Circuit_Court/2016-CF-001385/DERON_MONTRELL_BROWN/485/\"><span class='description'>COMMITMENT CHECKLIST SENT</span></a> entered 06/28/2018."}, {"link_viewer": "https://www.docketalarm.com/cases/Florida_State_Duval_County_Fourth_Circuit_Court/2016-CF-001385/DERON_MONTRELL_BROWN/484/", "number": "484", "link": "https://www.docketalarm.com/cases/Florida_State_Duval_County_Fourth_Circuit_Court/2016-CF-001385/DERON_MONTRELL_BROWN/docs/484.pdf", "entry_date": "6/28/2018", "date": "6/28/2018", "contents": "<a href=\"/cases/Florida_State_Duval_County_Fourth_Circuit_Court/2016-CF-001385/DERON_MONTRELL_BROWN/484/\"><span class='description'>UNIFORM COMMITMENT TO CUSTODY OF DEPT. OF CORRECTIONS</span></a> entered 06/28/2018."}, {"date": "6/18/2018", "number": "483", "contents": "<span class='description'>DCA ORDER GRANTING THE COURT REPORTER'S MOTION TO DELIVER TRANSCRIPTS ON OR BEFORE 07/30/2018, 1D18-2258</span> entered 06/18/2018.", "entry_date": "6/18/2018"}, {"date": "6/6/2018", "number": "482", "contents": "<span class='description'>MOTION/REQUEST FOR EXTENSION OF TIME TO FILE TRANSCRIPTS (STYLED DCA, 1D18-2258)</span> entered 06/07/2018.", "entry_date": "6/7/2018"}, {"date": "5/31/2018", "number": "481", "contents": "<span class='description'>DCA ACKNOWLEDGMENT RECEIPT 1D18-2258</span> entered 06/05/2018.", "entry_date": "6/5/2018"}, {"link_viewer": "https://www.docketalarm.com/cases/Florida_State_Duval_County_Fourth_Circuit_Court/2016-CF-001385/DERON_MONTRELL_BROWN/480/", "number": "480", "link": "https://www.docketalarm.com/cases/Florida_State_Duval_County_Fourth_Circuit_Court/2016-CF-001385/DERON_MONTRELL_BROWN/docs/480.pdf", "entry_date": "6/4/2018", "date": "5/31/2018", "contents": "<a href=\"/cases/Florida_State_Duval_County_Fourth_Circuit_Court/2016-CF-001385/DERON_MONTRELL_BROWN/480/\"><span class='description'>NOTICE OF APPEARANCE WEBB, ELIZABETH HOGAN</span></a> entered 06/04/2018."}, {"date": "5/30/2018", "number": "479", "contents": "<span class='description'>TESTIMONY &amp; PROCEEDINGS OF NOVEMBER 21ST, 2017, BEFORE THE HONORABLE JUDGE BRUCE ANDERSON</span> entered 05/31/2018.", "entry_date": "5/31/2018"}, {"date": "5/30/2018", "number": "478", "contents": "<span class='description'>TESTIMONY &amp; PROCEEDINGS OF JANUARY 19TH, 2018, BEFORE THE HONORABLE JUDGE BRUCE ANDERSON</span> entered 05/31/2018.", "entry_date": "5/31/2018"}, {"date": "5/29/2018", "number": "477", "contents": "<span class='description'>REPORTER\u2019S ACKNOWLEDGEMENT</span> entered 05/29/2018.", "entry_date": "5/29/2018"}, {"date": "5/29/2018", "number": "476", "contents": "<span class='description'>STATEMENT OF JUDICIAL ACTS TO BE REVIEWED</span> entered 05/29/2018.", "entry_date": "5/29/2018"}, {"date": "5/29/2018", "number": "475", "contents": "<span class='description'>DESIGNATION TO COURT REPORTER</span> entered 05/29/2018.", "entry_date": "5/29/2018"}, {"date": "5/29/2018", "number": "474", "contents": "<span class='description'>DIRECTIONS TO CLERK</span> entered 05/29/2018.", "entry_date": "5/29/2018"}, {"date": "5/29/2018", "number": "473", "contents": "<span class='description'>NOTICE OF APPEAL BOOK 18402 PAGE 674-674</span> entered 05/29/2018.", "entry_date": "5/29/2018"}, {"date": "5/18/2018", "number": "472", "contents": "<span class='description'>CLERKS EXHIBIT MEMO</span> entered 05/18/2018.", "entry_date": "5/18/2018"}, {"date": "5/17/2018", "number": "471", "contents": "<span class='description'>TESTIMONY &amp; PROCEEDINGS OF JANUARY 19, 2018</span> entered 05/22/2018.", "entry_date": "5/22/2018"}, {"date": "5/17/2018", "number": "470", "contents": "<span class='description'>TESTIMONY &amp; PROCEEDINGS OF NOVEMBER 21, 2017</span> entered 05/22/2018.", "entry_date": "5/22/2018"}, {"link_viewer": "https://www.docketalarm.com/cases/Florida_State_Duval_County_Fourth_Circuit_Court/2016-CF-001385/DERON_MONTRELL_BROWN/468/", "number": "468", "link": "https://www.docketalarm.com/cases/Florida_State_Duval_County_Fourth_Circuit_Court/2016-CF-001385/DERON_MONTRELL_BROWN/docs/468.pdf", "entry_date": "5/18/2018", "date": "5/17/2018", "contents": "<a href=\"/cases/Florida_State_Duval_County_Fourth_Circuit_Court/2016-CF-001385/DERON_MONTRELL_BROWN/468/\"><span class='description'>COURT ORDERED COSTS/FINES/FEES BOOK 18438 PAGE 1030-1031</span></a> entered 05/18/2018."}, {"date": "5/17/2018", "number": "467", "contents": "<span class='description'>COURT EXHIBITS (1) VICTIM IMPACT LETTER</span> entered 05/18/2018.", "entry_date": "5/18/2018"}, {"date": "5/17/2018", "number": "466", "contents": "<span class='description'>ORDER OF INSOL. &amp; APPT. OF COUNSEL FOR PUR.OF APPEAL</span> entered 05/18/2018.", "entry_date": "5/18/2018"}, {"date": "5/17/2018", "number": "465", "contents": "<span class='description'>COURT ORDER OF SENTENCING</span> entered 05/18/2018.", "entry_date": "5/18/2018"}, {"link_viewer": "https://www.docketalarm.com/cases/Florida_State_Duval_County_Fourth_Circuit_Court/2016-CF-001385/DERON_MONTRELL_BROWN/464/", "number": "464", "link": "https://www.docketalarm.com/cases/Florida_State_Duval_County_Fourth_Circuit_Court/2016-CF-001385/DERON_MONTRELL_BROWN/docs/464.pdf", "entry_date": "5/18/2018", "date": "5/17/2018", "contents": "<a href=\"/cases/Florida_State_Duval_County_Fourth_Circuit_Court/2016-CF-001385/DERON_MONTRELL_BROWN/464/\"><span class='description'>PAYMENT AUTHORIZATION SHEET</span></a> entered 05/18/2018."}, {"date": "5/17/2018", "number": "463", "contents": "<span class='description'>PRE-SENT. INVESTIGATION REPORT SEALED ,</span> entered 05/18/2018.", "entry_date": "5/18/2018"}, {"date": "5/17/2018", "number": "462", "contents": "<span class='description'>CREDIT TIME: 819 DAYS</span> entered 05/18/2018.", "entry_date": "5/18/2018"}, {"date": "5/17/2018", "number": "461", "contents": "<span class='description'>JUDGMENT AND SENTENCE TO STATE PRISON FOR 15 YEARS</span> entered 05/18/2018.", "entry_date": "5/18/2018"}, {"date": "5/17/2018", "number": "460", "contents": "<span class='description'>DEF. ADJUDGED GUILTY - FINGERPRINTS TAKEN</span> entered 05/18/2018.", "entry_date": "5/18/2018"}, {"date": "5/17/2018", "number": "459", "contents": "<span class='description'>CREDIT TIME: 819 DAYS</span> entered 05/18/2018.", "entry_date": "5/18/2018"}, {"date": "5/17/2018", "number": "458", "contents": "<span class='description'>JUDGMENT AND SENTENCE TO STATE PRISON FOR 25 YEARS</span> entered 05/18/2018.", "entry_date": "5/18/2018"}, {"date": "5/17/2018", "number": "457", "contents": "<span class='description'>DEF. ADJUDGED GUILTY - FINGERPRINTS TAKEN</span> entered 05/18/2018.", "entry_date": "5/18/2018"}, {"date": "5/17/2018", "number": "456", "contents": "<span class='description'>FEES DUE: 5/17/2117</span> entered 05/18/2018.", "entry_date": "5/18/2018"}, {"date": "5/17/2018", "number": "455", "contents": "<span class='description'>CSTF 20.00 IMPOSED</span> entered 05/18/2018.", "entry_date": "5/18/2018"}, {"date": "5/17/2018", "number": "454", "contents": "<span class='description'>SAIEF 100.00 IMPOSED</span> entered 05/18/2018.", "entry_date": "5/18/2018"}, {"date": "5/17/2018", "number": "453", "contents": "<span class='description'>AACC 65.00 IMPOSED</span> entered 05/18/2018.", "entry_date": "5/18/2018"}, {"date": "5/17/2018", "number": "452", "contents": "<span class='description'>SOCIF 100.00 IMPOSED</span> entered 05/18/2018.", "entry_date": "5/18/2018"}, {"date": "5/17/2018", "number": "451", "contents": "<span class='description'>TNC 3.00 IMPOSED</span> entered 05/18/2018.", "entry_date": "5/18/2018"}, {"date": "5/17/2018", "number": "450", "contents": "<span class='description'>LGTF 225.00 IMPOSED</span> entered 05/18/2018.", "entry_date": "5/18/2018"}, {"date": "5/17/2018", "number": "449", "contents": "<span class='description'>CCT 50.00 IMPOSED</span> entered 05/18/2018.", "entry_date": "5/18/2018"}, {"date": "5/17/2018", "number": "448", "contents": "<span class='description'>COURTATTY(JDGMTCOSTS) 100.00 IMPOSED</span> entered 05/18/2018.", "entry_date": "5/18/2018"}, {"date": "5/17/2018", "number": "447", "contents": "<span class='description'>COST OF COURT 50.00 IMPOSED</span> entered 05/18/2018.", "entry_date": "5/18/2018"}, {"date": "5/17/2018", "number": "446", "contents": "<span class='description'>LEEA 5.00 IMPOSED</span> entered 05/18/2018.", "entry_date": "5/18/2018"}, {"date": "5/17/2018", "number": "445", "contents": "<span class='description'>MINIMUM MANDATORIES ARE CONCURRENT</span> entered 05/18/2018.", "entry_date": "5/18/2018"}, {"date": "5/17/2018", "number": "444", "contents": "<span class='description'>25 YEAR MINIMUM MANDATORY SENTENCE IMPOSED PER F.S. 775.087 AS TO COUNT: 1&amp;2</span> entered 05/18/2018.", "entry_date": "5/18/2018"}, {"date": "5/17/2018", "number": "443", "contents": "<span class='description'>COUNTS1-3 RUN CONCURRENT</span> entered 05/18/2018.", "entry_date": "5/18/2018"}, {"date": "5/17/2018", "number": "442", "contents": "<span class='description'>CREDIT TIME: 819 DAYS</span> entered 05/18/2018.", "entry_date": "5/18/2018"}, {"date": "5/17/2018", "number": "441", "contents": "<span class='description'>JUDGMENT AND SENTENCE TO STATE PRISON FOR LIFE BOOK 18438 PAGE 1020-1028</span> entered 05/18/2018.", "entry_date": "5/18/2018"}, {"date": "5/17/2018", "number": "440", "contents": "<span class='description'>DEF. ADJUDGED GUILTY - FINGERPRINTS TAKEN</span> entered 05/18/2018.", "entry_date": "5/18/2018"}, {"date": "5/17/2018", "number": "439", "contents": "<span class='description'>IMPOSITION OF SENTENCE HEARING HELD IN FULL</span> entered 05/18/2018.", "entry_date": "5/18/2018"}, {"date": "5/17/2018", "number": "438", "contents": "<span class='description'>DEFENDANT PRESENT IN JAIL</span> entered 05/18/2018.", "entry_date": "5/18/2018"}, {"date": "5/17/2018", "number": "437", "contents": "<span class='description'>ATTY. FOR DEF. ADAMS-JONES, SISSY DENISE</span> entered 05/18/2018.", "entry_date": "5/18/2018"}, {"date": "5/17/2018", "number": "436", "contents": "<span class='description'>ASST. STATE ATTY. KITE, LONDON MAHOGANY</span> entered 05/18/2018.", "entry_date": "5/18/2018"}, {"date": "5/17/2018", "number": "435", "contents": "<span class='description'>JUDGE ANDERSON JR, BRUCE R</span> entered 05/18/2018.", "entry_date": "5/18/2018"}, {"date": "5/14/2018", "number": "434", "contents": "<span class='description'>@3PM</span> entered 05/14/2018.", "entry_date": "5/14/2018"}, {"date": "5/14/2018", "number": "433", "contents": "<span class='description'>SENTENCING 05/17/2018 9:00 AM - 508 5TH FLOOR, 501 W ADAMS ST JACKSONVILLE FL 32202</span> entered 05/14/2018.", "entry_date": "5/14/2018"}, {"date": "5/14/2018", "number": "432", "contents": "<span class='description'>OTHERS PRESENT: ASA- J. LESSARD FOR L. KITE</span> entered 05/14/2018.", "entry_date": "5/14/2018"}, {"date": "5/14/2018", "number": "431", "contents": "<span class='description'>DEFENDANT PRESENT IN JAIL</span> entered 05/14/2018.", "entry_date": "5/14/2018"}, {"date": "5/14/2018", "number": "430", "contents": "<span class='description'>ATTY. FOR DEF. ADAMS-JONES, SISSY DENISE</span> entered 05/14/2018.", "entry_date": "5/14/2018"}, {"date": "5/14/2018", "number": "429", "contents": "<span class='description'>ASST. STATE ATTY. KITE, LONDON MAHOGANY</span> entered 05/14/2018.", "entry_date": "5/14/2018"}, {"date": "5/14/2018", "number": "428", "contents": "<span class='description'>JUDGE ANDERSON JR, BRUCE R</span> entered 05/14/2018.", "entry_date": "5/14/2018"}, {"date": "4/27/2018", "number": "427", "contents": "<span class='description'>PER JA E-MAIL</span> entered 04/27/2018.", "entry_date": "4/27/2018"}, {"date": "4/27/2018", "number": "426", "contents": "<span class='description'>SENTENCING - TO BE SET 05/14/2018 9:00 AM - 508 5TH FLOOR, 501 W ADAMS ST JACKSONVILLE FL 32202</span> entered 04/27/2018.", "entry_date": "4/27/2018"}, {"date": "4/27/2018", "number": "425", "contents": "<span class='description'>&gt; CANCEL REASON - PER JA E-MAIL</span> entered 04/27/2018.", "entry_date": "4/27/2018"}, {"date": "4/27/2018", "number": "424", "contents": "<span class='description'>CANCELLED SENTENCING - TO BE SET ON 4/30/2018 9:00:00 AM</span> entered 04/27/2018.", "entry_date": "4/27/2018"}, {"date": "3/8/2018", "number": "423", "contents": "<span class='description'>PER JA E-MAIL</span> entered 03/08/2018.", "entry_date": "3/8/2018"}, {"date": "3/8/2018", "number": "422", "contents": "<span class='description'>SENTENCING - TO BE SET 04/30/2018 9:00 AM - 508 5TH FLOOR, 501 W ADAMS ST JACKSONVILLE FL 32202</span> entered 03/08/2018.", "entry_date": "3/8/2018"}, {"date": "3/8/2018", "number": "421", "contents": "<span class='description'>&gt; CANCEL REASON - PER JA E-MAIL</span> entered 03/08/2018.", "entry_date": "3/8/2018"}, {"date": "3/8/2018", "number": "420", "contents": "<span class='description'>CANCELLED SENTENCING - TO BE SET ON 3/12/2018 9:00:00 AM</span> entered 03/08/2018.", "entry_date": "3/8/2018"}, {"date": "1/19/2018", "number": "419", "contents": "<span class='description'>CLERKS EXHIBIT MEMO</span> entered 01/23/2018.", "entry_date": "1/23/2018"}, {"date": "1/19/2018", "number": "418", "contents": "<span class='description'>CLERKS MEMO OF HEARING SENTENCING</span> entered 01/22/2018.", "entry_date": "1/22/2018"}, {"date": "1/19/2018", "number": "417", "contents": "<span class='description'>SENTENCING - TO BE SET 03/12/2018 9:00 AM - 508 5TH FLOOR, 501 W ADAMS ST JACKSONVILLE FL 32202</span> entered 01/19/2018.", "entry_date": "1/19/2018"}, {"date": "1/19/2018", "number": "416", "contents": "<span class='description'>SENTENCING HEARING HELD IN PART</span> entered 01/19/2018.", "entry_date": "1/19/2018"}, {"date": "1/19/2018", "number": "415", "contents": "<span class='description'>DEFENDANT PRESENT IN JAIL</span> entered 01/19/2018.", "entry_date": "1/19/2018"}, {"date": "1/19/2018", "number": "414", "contents": "<span class='description'>ATTY. FOR DEF. ADAMS-JONES, SISSY DENISE</span> entered 01/19/2018.", "entry_date": "1/19/2018"}, {"date": "1/19/2018", "number": "413", "contents": "<span class='description'>ASST. STATE ATTY. KITE, LONDON MAHOGANY</span> entered 01/19/2018.", "entry_date": "1/19/2018"}, {"date": "1/19/2018", "number": "412", "contents": "<span class='description'>JUDGE ANDERSON JR, BRUCE R</span> entered 01/19/2018.", "entry_date": "1/19/2018"}, {"date": "1/16/2018", "number": "411", "contents": "<span class='description'>@ 2PM</span> entered 01/16/2018.", "entry_date": "1/16/2018"}, {"date": "1/16/2018", "number": "410", "contents": "<span class='description'>SENTENCING 01/19/2018 9:00 AM - 508 5TH FLOOR, 501 W ADAMS ST JACKSONVILLE FL 32202</span> entered 01/16/2018.", "entry_date": "1/16/2018"}, {"date": "1/16/2018", "number": "409", "contents": "<span class='description'>DEFENDANT PRESENT IN JAIL</span> entered 01/16/2018.", "entry_date": "1/16/2018"}, {"date": "1/16/2018", "number": "408", "contents": "<span class='description'>ATTY. FOR DEF. ADAMS-JONES, SISSY DENISE</span> entered 01/16/2018.", "entry_date": "1/16/2018"}, {"date": "1/16/2018", "number": "407", "contents": "<span class='description'>ASST. STATE ATTY. KITE, LONDON MAHOGANY</span> entered 01/16/2018.", "entry_date": "1/16/2018"}, {"date": "1/16/2018", "number": "406", "contents": "<span class='description'>JUDGE ANDERSON JR, BRUCE R</span> entered 01/16/2018.", "entry_date": "1/16/2018"}, {"date": "11/21/2017", "number": "405", "contents": "<span class='description'>COURT ORDER AUTHORIZING THE DEFENSE TO INCUR COSTS FOR EXPERT TESTIMONY AT SENTENCING HEARING</span> entered 11/21/2017.", "entry_date": "11/21/2017"}, {"date": "11/21/2017", "number": "404", "contents": "<span class='description'>(CONTINUATION)</span> entered 11/21/2017.", "entry_date": "11/21/2017"}, {"date": "11/21/2017", "number": "403", "contents": "<span class='description'>SENTENCING - TO BE SET 01/16/2018 9:00 AM - 508 5TH FLOOR, 501 W ADAMS ST JACKSONVILLE FL 32202</span> entered 11/21/2017.", "entry_date": "11/21/2017"}, {"date": "11/21/2017", "number": "402", "contents": "<span class='description'>CLERKS MEMO OF HEARING</span> entered 11/21/2017.", "entry_date": "11/21/2017"}, {"date": "11/21/2017", "number": "401", "contents": "<span class='description'>SENTENCING HEARING HELD IN PART</span> entered 11/21/2017.", "entry_date": "11/21/2017"}, {"date": "11/21/2017", "number": "400", "contents": "<span class='description'>COURT ORDER DENYING DEFENSE MOTION FOR NEW TRIAL - ENTERED</span> entered 11/21/2017.", "entry_date": "11/21/2017"}, {"date": "11/21/2017", "number": "399", "contents": "<span class='description'>DEFT. ORALLY WITHDRAWS REQUEST TO PROCEED PRO-SE FILED IN JUNE OF 217</span> entered 11/21/2017.", "entry_date": "11/21/2017"}, {"date": "11/21/2017", "number": "398", "contents": "<span class='description'>DEFENDANT PRESENT IN JAIL</span> entered 11/21/2017.", "entry_date": "11/21/2017"}, {"date": "11/21/2017", "number": "397", "contents": "<span class='description'>ATTY. FOR DEF. ADAMS-JONES, SISSY DENISE</span> entered 11/21/2017.", "entry_date": "11/21/2017"}, {"date": "11/21/2017", "number": "396", "contents": "<span class='description'>ASST. STATE ATTY. KITE, LONDON MAHOGANY</span> entered 11/21/2017.", "entry_date": "11/21/2017"}, {"date": "11/21/2017", "number": "395", "contents": "<span class='description'>JUDGE ANDERSON JR, BRUCE R</span> entered 11/21/2017.", "entry_date": "11/21/2017"}, {"date": "10/16/2017", "number": "394", "contents": "<span class='description'>@2PM-4PM</span> entered 11/08/2017.", "entry_date": "11/8/2017"}, {"date": "10/16/2017", "number": "393", "contents": "<span class='description'>SENTENCING 11/21/2017 9:00 AM - 508 5TH FLOOR, 501 W ADAMS ST JACKSONVILLE FL 32202</span> entered 10/16/2017.", "entry_date": "10/16/2017"}, {"date": "10/16/2017", "number": "392", "contents": "<span class='description'>COURT ORDER FOR JUVENILE SENTENCING AND COMPETENCY EXAMINATION - ENTERED</span> entered 10/16/2017.", "entry_date": "10/16/2017"}, {"date": "10/16/2017", "number": "391", "contents": "<span class='description'>DEFENDANT APPEARANCE WAIVED</span> entered 10/16/2017.", "entry_date": "10/16/2017"}, {"date": "10/16/2017", "number": "390", "contents": "<span class='description'>ATTY. FOR DEF. ADAMS-JONES, SISSY DENISE</span> entered 10/16/2017.", "entry_date": "10/16/2017"}, {"date": "10/16/2017", "number": "389", "contents": "<span class='description'>ASST. STATE ATTY. KITE, LONDON MAHOGANY</span> entered 10/16/2017.", "entry_date": "10/16/2017"}, {"date": "10/16/2017", "number": "388", "contents": "<span class='description'>JUDGE ANDERSON JR, BRUCE R</span> entered 10/16/2017.", "entry_date": "10/16/2017"}, {"date": "10/10/2017", "number": "387", "contents": "<span class='description'>COURT DATE PREVIOUSLY SET FOR 10/16/17 FOR SENTENCING (TO BE SET)</span> entered 10/10/2017.", "entry_date": "10/10/2017"}, {"date": "10/10/2017", "number": "386", "contents": "<span class='description'>DEFENDANT PRESENT IN JAIL</span> entered 10/10/2017.", "entry_date": "10/10/2017"}, {"date": "10/10/2017", "number": "385", "contents": "<span class='description'>ATTY. FOR DEF. ADAMS-JONES, SISSY DENISE</span> entered 10/10/2017.", "entry_date": "10/10/2017"}, {"date": "10/10/2017", "number": "384", "contents": "<span class='description'>ASST. STATE ATTY. KITE, LONDON MAHOGANY</span> entered 10/10/2017.", "entry_date": "10/10/2017"}, {"date": "10/10/2017", "number": "383", "contents": "<span class='description'>JUDGE ANDERSON JR, BRUCE R</span> entered 10/10/2017.", "entry_date": "10/10/2017"}, {"date": "10/6/2017", "number": "382", "contents": "<span class='description'>PER JA E-MAIL</span> entered 10/06/2017.", "entry_date": "10/6/2017"}, {"date": "10/6/2017", "number": "381", "contents": "<span class='description'>STATUS CONFERENCE 10/10/2017 9:00 AM - 508 5TH FLOOR, 501 W ADAMS ST JACKSONVILLE FL 32202</span> entered 10/06/2017.", "entry_date": "10/6/2017"}, {"date": "10/2/2017", "number": "380", "contents": "<span class='description'>CORRESPONDENCE TO JUDGE</span> entered 10/03/2017.", "entry_date": "10/3/2017"}, {"date": "9/6/2017", "number": "379", "contents": "<span class='description'>PER JA EMAIL</span> entered 09/06/2017.", "entry_date": "9/6/2017"}, {"date": "9/6/2017", "number": "378", "contents": "<span class='description'>SENTENCING - TO BE SET 10/16/2017 9:00 AM - 508 5TH FLOOR, 501 W ADAMS ST JACKSONVILLE FL 32202</span> entered 09/06/2017.", "entry_date": "9/6/2017"}, {"date": "9/6/2017", "number": "377", "contents": "<span class='description'>&gt; CANCEL REASON - PER JA EMAIL</span> entered 09/06/2017.", "entry_date": "9/6/2017"}, {"date": "9/6/2017", "number": "376", "contents": "<span class='description'>CANCELLED SENTENCING - TO BE SET ON 9/11/2017 9:00:00 AM</span> entered 09/06/2017.", "entry_date": "9/6/2017"}, {"date": "8/7/2017", "number": "375", "contents": "<span class='description'>COURT ORDER AUTHORIZING THE DEFENSE TO INCUR COSTS FOR EXPERT WITNESS</span> entered 08/11/2017.", "entry_date": "8/11/2017"}, {"date": "7/10/2017", "number": "374", "contents": "<span class='description'>SENTENCING - TO BE SET 09/11/2017 9:00 AM - 508 5TH FLOOR, 501 W ADAMS ST JACKSONVILLE FL 32202</span> entered 07/10/2017.", "entry_date": "7/10/2017"}, {"date": "7/10/2017", "number": "373", "contents": "<span class='description'>REQUEST PRO-SE TO WITHDRAW MOTION TO DISCHARGE COUNSEL - GRANTED</span> entered 07/10/2017.", "entry_date": "7/10/2017"}, {"date": "7/10/2017", "number": "372", "contents": "<span class='description'>DEFENDANT PRESENT IN JAIL</span> entered 07/10/2017.", "entry_date": "7/10/2017"}, {"date": "7/10/2017", "number": "371", "contents": "<span class='description'>ATTY. FOR DEF. ADAMS-JONES, SISSY DENISE</span> entered 07/10/2017.", "entry_date": "7/10/2017"}, {"date": "7/10/2017", "number": "370", "contents": "<span class='description'>ASST. STATE ATTY. KITE, LONDON MAHOGANY</span> entered 07/10/2017.", "entry_date": "7/10/2017"}, {"date": "7/10/2017", "number": "369", "contents": "<span class='description'>JUDGE ANDERSON JR, BRUCE R</span> entered 07/10/2017.", "entry_date": "7/10/2017"}, {"date": "6/23/2017", "number": "368", "contents": "<span class='description'>COURT ORDER APPOINTING PRIVATE INVESTIGATOR</span> entered 06/23/2017.", "entry_date": "6/23/2017"}, {"date": "6/19/2017", "number": "367", "contents": "<span class='description'>SENTENCING - TO BE SET 07/10/2017 9:00 AM - 508 5TH FLOOR, 501 W ADAMS ST JACKSONVILLE FL 32202</span> entered 06/19/2017.", "entry_date": "6/19/2017"}, {"date": "6/19/2017", "number": "366", "contents": "<span class='description'>DEFENDANT NOT PRESENT</span> entered 06/19/2017.", "entry_date": "6/19/2017"}, {"date": "6/19/2017", "number": "365", "contents": "<span class='description'>ATTY. FOR DEF. ADAMS-JONES, SISSY DENISE</span> entered 06/19/2017.", "entry_date": "6/19/2017"}, {"date": "6/19/2017", "number": "364", "contents": "<span class='description'>ASST. STATE ATTY. KITE, LONDON MAHOGANY</span> entered 06/19/2017.", "entry_date": "6/19/2017"}, {"date": "6/19/2017", "number": "363", "contents": "<span class='description'>JUDGE ANDERSON JR, BRUCE R</span> entered 06/19/2017.", "entry_date": "6/19/2017"}, {"date": "6/5/2017", "number": "362", "contents": "<span class='description'>MOTION TO DISCHARGE COUNSEL AND REQUEST SELF-REPRESENTATION</span> entered 06/06/2017.", "entry_date": "6/6/2017"}, {"date": "5/15/2017", "number": "361", "contents": "<span class='description'>MOTION FOR NEW TRIAL</span> entered 05/16/2017.", "entry_date": "5/16/2017"}, {"date": "5/11/2017", "number": "360", "contents": "<span class='description'>LETTER FROM THE DEFENDNT TO JUDGE ANDERSON</span> entered 05/12/2017.", "entry_date": "5/12/2017"}, {"date": "5/5/2017", "number": "359", "contents": "<span class='description'>STATE EXHIBITS FILED # 138</span> entered 08/09/2018.", "entry_date": "8/9/2018"}, {"date": "5/5/2017", "number": "358", "contents": "<span class='description'>STATE EXHIBITS FILED #139</span> entered 08/09/2018.", "entry_date": "8/9/2018"}, {"date": "5/5/2017", "number": "357", "contents": "<span class='description'>STATE EXHIBITS FILED # 137</span> entered 08/09/2018.", "entry_date": "8/9/2018"}, {"date": "5/5/2017", "number": "356", "contents": "<span class='description'>STATE EXHIBITS FILED # 136</span> entered 08/09/2018.", "entry_date": "8/9/2018"}, {"date": "5/5/2017", "number": "355", "contents": "<span class='description'>STATE EXHIBITS FILED # 135</span> entered 08/09/2018.", "entry_date": "8/9/2018"}, {"date": "5/5/2017", "number": "354", "contents": "<span class='description'>STATE EXHIBITS FILED # 134</span> entered 08/09/2018.", "entry_date": "8/9/2018"}, {"date": "5/5/2017", "number": "353", "contents": "<span class='description'>STATE EXHIBITS FILED # 133</span> entered 08/09/2018.", "entry_date": "8/9/2018"}, {"date": "5/5/2017", "number": "352", "contents": "<span class='description'>STATE EXHIBITS FILED # 132</span> entered 08/09/2018.", "entry_date": "8/9/2018"}, {"date": "5/5/2017", "number": "351", "contents": "<span class='description'>STATE EXHIBITS FILED # 131</span> entered 08/09/2018.", "entry_date": "8/9/2018"}, {"date": "5/5/2017", "number": "350", "contents": "<span class='description'>STATE EXHIBITS FILED # 130</span> entered 08/09/2018.", "entry_date": "8/9/2018"}, {"date": "5/5/2017", "number": "349", "contents": "<span class='description'>STATE EXHIBITS FILED # 129</span> entered 08/09/2018.", "entry_date": "8/9/2018"}, {"date": "5/5/2017", "number": "348", "contents": "<span class='description'>STATE EXHIBITS FILED # 128</span> entered 08/09/2018.", "entry_date": "8/9/2018"}, {"date": "5/5/2017", "number": "347", "contents": "<span class='description'>STATE EXHIBITS FILED # 127</span> entered 08/09/2018.", "entry_date": "8/9/2018"}, {"date": "5/5/2017", "number": "346", "contents": "<span class='description'>STATE EXHIBITS FILED # 126</span> entered 08/09/2018.", "entry_date": "8/9/2018"}, {"date": "5/5/2017", "number": "345", "contents": "<span class='description'>STATE EXHIBITS FILED # 125</span> entered 08/09/2018.", "entry_date": "8/9/2018"}, {"date": "5/5/2017", "number": "344", "contents": "<span class='description'>STATE EXHIBITS FILED # 124</span> entered 08/09/2018.", "entry_date": "8/9/2018"}, {"date": "5/5/2017", "number": "343", "contents": "<span class='description'>STATE EXHIBITS FILED # 123</span> entered 08/09/2018.", "entry_date": "8/9/2018"}, {"date": "5/5/2017", "number": "342", "contents": "<span class='description'>STATE EXHIBITS FILED # 122</span> entered 08/09/2018.", "entry_date": "8/9/2018"}, {"date": "5/5/2017", "number": "341", "contents": "<span class='description'>STATE EXHIBITS FILED #121</span> entered 08/09/2018.", "entry_date": "8/9/2018"}, {"date": "5/5/2017", "number": "340", "contents": "<span class='description'>STATE EXHIBITS FILED #120</span> entered 08/09/2018.", "entry_date": "8/9/2018"}, {"date": "5/5/2017", "number": "339", "contents": "<span class='description'>STATE EXHIBITS FILED #119</span> entered 08/09/2018.", "entry_date": "8/9/2018"}, {"date": "5/5/2017", "number": "338", "contents": "<span class='description'>STATE EXHIBITS FILED #118</span> entered 08/09/2018.", "entry_date": "8/9/2018"}, {"date": "5/5/2017", "number": "337", "contents": "<span class='description'>SENTENCING - TO BE SET 06/19/2017 9:00 AM - 508 5TH FLOOR, 501 W ADAMS ST JACKSONVILLE FL 32202</span> entered 05/05/2017.", "entry_date": "5/5/2017"}, {"date": "5/5/2017", "number": "336", "contents": "<span class='description'>BOND SET AT NONE</span> entered 05/05/2017.", "entry_date": "5/5/2017"}, {"date": "5/5/2017", "number": "335", "contents": "<span class='description'>BOND SET AT NONE</span> entered 05/05/2017.", "entry_date": "5/5/2017"}, {"date": "5/5/2017", "number": "334", "contents": "<span class='description'>BOND SET AT NONE</span> entered 05/05/2017.", "entry_date": "5/5/2017"}, {"date": "5/5/2017", "number": "333", "contents": "<span class='description'>JURY INSTRUCTIONS \u2013 FILED</span> entered 05/05/2017.", "entry_date": "5/5/2017"}, {"date": "5/5/2017", "number": "332", "contents": "<span class='description'>CLERKS EXHIBIT MEMO</span> entered 05/05/2017.", "entry_date": "5/5/2017"}, {"date": "5/5/2017", "number": "331", "contents": "<span class='description'>CLERKS MEMO OF TRIAL</span> entered 05/05/2017.", "entry_date": "5/5/2017"}, {"date": "5/5/2017", "number": "330", "contents": "<span class='description'>PSI ORDERED</span> entered 05/05/2017.", "entry_date": "5/5/2017"}, {"date": "5/5/2017", "number": "329", "contents": "<span class='description'>DEF. REMANDED TO JAIL</span> entered 05/05/2017.", "entry_date": "5/5/2017"}, {"date": "5/5/2017", "number": "328", "contents": "<span class='description'>BOND REVOKED</span> entered 05/05/2017.", "entry_date": "5/5/2017"}, {"date": "5/5/2017", "number": "327", "contents": "<span class='description'>JURY DISCHARGED</span> entered 05/05/2017.", "entry_date": "5/5/2017"}, {"date": "5/5/2017", "number": "326", "contents": "<span class='description'>JURY POLLED BY DEFENSE</span> entered 05/05/2017.", "entry_date": "5/5/2017"}, {"date": "5/5/2017", "number": "325", "contents": "<span class='description'>VERDICT- GUILTY AS CHARGED IN THE INDICTMENT</span> entered 05/05/2017.", "entry_date": "5/5/2017"}, {"date": "5/5/2017", "number": "324", "contents": "<span class='description'>VERDICT- GUILTY AS CHARGED IN THE INDICTMENT</span> entered 05/05/2017.", "entry_date": "5/5/2017"}, {"date": "5/5/2017", "number": "323", "contents": "<span class='description'>VERDICT- GUILTY AS CHARGED IN THE INDICTMENT</span> entered 05/05/2017.", "entry_date": "5/5/2017"}, {"date": "5/5/2017", "number": "322", "contents": "<span class='description'>JURY IN AT 5:15PM - JURY OUT AT 6:15PM</span> entered 05/05/2017.", "entry_date": "5/5/2017"}, {"date": "5/5/2017", "number": "321", "contents": "<span class='description'>ALTERNATE JUROR DISCHARGED</span> entered 05/05/2017.", "entry_date": "5/5/2017"}, {"date": "5/5/2017", "number": "320", "contents": "<span class='description'>INSTRUCTIONS TO JURY IN FULL</span> entered 05/05/2017.", "entry_date": "5/5/2017"}, {"date": "5/5/2017", "number": "319", "contents": "<span class='description'>CLOSING ARGUMENTS IN: FULL (STATE) FULL (DEFENSE)</span> entered 05/05/2017.", "entry_date": "5/5/2017"}, {"date": "5/5/2017", "number": "318", "contents": "<span class='description'>CHARGE CONFERENCE HELD IN FULL</span> entered 05/05/2017.", "entry_date": "5/5/2017"}, {"date": "5/5/2017", "number": "317", "contents": "<span class='description'>DEFENSE RENEWS ORAL MOTION FOR JUDGMENT OF ACQUITTAL - DENIED</span> entered 05/05/2017.", "entry_date": "5/5/2017"}, {"date": "5/5/2017", "number": "316", "contents": "<span class='description'>DEFENSE RESTS</span> entered 05/05/2017.", "entry_date": "5/5/2017"}, {"date": "5/5/2017", "number": "315", "contents": "<span class='description'>EVIDENCE TO JURY IN FULL (DEFENSE)</span> entered 05/05/2017.", "entry_date": "5/5/2017"}, {"date": "5/5/2017", "number": "314", "contents": "<span class='description'>DEFENSE ORAL MOTION FOR JUDGMENT OF ACQUITTAL - DENIED</span> entered 05/05/2017.", "entry_date": "5/5/2017"}, {"date": "5/5/2017", "number": "313", "contents": "<span class='description'>STATE RESTS</span> entered 05/05/2017.", "entry_date": "5/5/2017"}, {"date": "5/5/2017", "number": "312", "contents": "<span class='description'>EVIDENCE TO JURY IN FULL (STATE'S)</span> entered 05/05/2017.", "entry_date": "5/5/2017"}, {"date": "5/5/2017", "number": "311", "contents": "<span class='description'>JURY TRIAL HELD IN FULL</span> entered 05/05/2017.", "entry_date": "5/5/2017"}, {"date": "5/5/2017", "number": "310", "contents": "<span class='description'>OTHERS PRESENT: T. MANGAN (ASA)</span> entered 05/05/2017.", "entry_date": "5/5/2017"}, {"date": "5/5/2017", "number": "309", "contents": "<span class='description'>DEFENDANT PRESENT IN JAIL</span> entered 05/05/2017.", "entry_date": "5/5/2017"}, {"date": "5/5/2017", "number": "308", "contents": "<span class='description'>ATTY. FOR DEF. ADAMS-JONES, SISSY DENISE</span> entered 05/05/2017.", "entry_date": "5/5/2017"}, {"date": "5/5/2017", "number": "307", "contents": "<span class='description'>ASST. STATE ATTY. KITE, LONDON MAHOGANY</span> entered 05/05/2017.", "entry_date": "5/5/2017"}, {"date": "5/5/2017", "number": "306", "contents": "<span class='description'>JUDGE ANDERSON JR, BRUCE R</span> entered 05/05/2017.", "entry_date": "5/5/2017"}, {"date": "5/4/2017", "number": "305", "contents": "<span class='description'>STATE EXHIBITS FILED #117</span> entered 08/09/2018.", "entry_date": "8/9/2018"}, {"date": "5/4/2017", "number": "304", "contents": "<span class='description'>STATE EXHIBITS FILED # 110</span> entered 08/09/2018.", "entry_date": "8/9/2018"}, {"date": "5/4/2017", "number": "303", "contents": "<span class='description'>STATE EXHIBITS FILED # 111</span> entered 08/09/2018.", "entry_date": "8/9/2018"}, {"date": "5/4/2017", "number": "302", "contents": "<span class='description'>STATE EXHIBITS FILED # 112</span> entered 08/09/2018.", "entry_date": "8/9/2018"}, {"date": "5/4/2017", "number": "301", "contents": "<span class='description'>STATE EXHIBITS FILED # 113</span> entered 08/09/2018.", "entry_date": "8/9/2018"}, {"date": "5/4/2017", "number": "300", "contents": "<span class='description'>TRANSCRIPT OF TAVIONNE WILLIAMS</span> entered 05/05/2017.", "entry_date": "5/5/2017"}, {"date": "5/4/2017", "number": "299", "contents": "<span class='description'>JURY TRIAL 05/05/2017 9:00 AM - 508 5TH FLOOR, 501 W ADAMS ST JACKSONVILLE FL 32202</span> entered 05/04/2017.", "entry_date": "5/4/2017"}, {"date": "5/4/2017", "number": "298", "contents": "<span class='description'>JURY TRIAL HELD IN PART</span> entered 05/04/2017.", "entry_date": "5/4/2017"}, {"date": "5/4/2017", "number": "297", "contents": "<span class='description'>OTHERS PRESENT: T. MANGAN (ASA)</span> entered 05/04/2017.", "entry_date": "5/4/2017"}, {"date": "5/4/2017", "number": "296", "contents": "<span class='description'>DEFENDANT PRESENT IN JAIL</span> entered 05/04/2017.", "entry_date": "5/4/2017"}, {"date": "5/4/2017", "number": "295", "contents": "<span class='description'>ATTY. FOR DEF. ADAMS-JONES, SISSY DENISE</span> entered 05/04/2017.", "entry_date": "5/4/2017"}, {"date": "5/4/2017", "number": "294", "contents": "<span class='description'>ASST. STATE ATTY. KITE, LONDON MAHOGANY</span> entered 05/04/2017.", "entry_date": "5/4/2017"}, {"date": "5/4/2017", "number": "293", "contents": "<span class='description'>JUDGE ANDERSON JR, BRUCE R</span> entered 05/04/2017.", "entry_date": "5/4/2017"}, {"date": "5/4/2017", "number": "292", "contents": "<span class='description'>NELSON HEARING : HELD IN FULL ATTORNEY FOUND TO HAVE PROVIDED EFFECTIVE ASSISTANCE IN COUNSELING</span> entered 05/04/2017.", "entry_date": "5/4/2017"}, {"date": "5/3/2017", "number": "291", "contents": "<span class='description'>STATE EXHIBITS FILED # 99</span> entered 08/09/2018.", "entry_date": "8/9/2018"}, {"date": "5/3/2017", "number": "290", "contents": "<span class='description'>STATE EXHIBITS FILED # 98</span> entered 08/09/2018.", "entry_date": "8/9/2018"}, {"date": "5/3/2017", "number": "289", "contents": "<span class='description'>STATE EXHIBITS FILED # 97</span> entered 08/09/2018.", "entry_date": "8/9/2018"}, {"date": "5/3/2017", "number": "288", "contents": "<span class='description'>STATE EXHIBITS FILED # 96</span> entered 08/09/2018.", "entry_date": "8/9/2018"}, {"date": "5/3/2017", "number": "287", "contents": "<span class='description'>STATE EXHIBITS FILED # 95</span> entered 08/09/2018.", "entry_date": "8/9/2018"}, {"date": "5/3/2017", "number": "286", "contents": "<span class='description'>STATE EXHIBITS FILED # 94</span> entered 08/09/2018.", "entry_date": "8/9/2018"}, {"date": "5/3/2017", "number": "285", "contents": "<span class='description'>STATE EXHIBITS FILED # 90</span> entered 08/09/2018.", "entry_date": "8/9/2018"}, {"date": "5/3/2017", "number": "284", "contents": "<span class='description'>STATE EXHIBITS FILED #89</span> entered 08/09/2018.", "entry_date": "8/9/2018"}, {"date": "5/3/2017", "number": "283", "contents": "<span class='description'>DEPOSITION OF TIONNE WILLIAMS</span> entered 05/08/2017.", "entry_date": "5/8/2017"}, {"date": "5/3/2017", "number": "282", "contents": "<span class='description'>TRANSCRIPT OF TIONNE WILLIAMS</span> entered 05/05/2017.", "entry_date": "5/5/2017"}, {"date": "5/3/2017", "number": "281", "contents": "<span class='description'>STIPULATION THAT BODY EXAMINED BY DR RAO ON 2/1/16 IS THAT OF MELVIN WRIGHT</span> entered 05/03/2017.", "entry_date": "5/3/2017"}, {"date": "5/3/2017", "number": "280", "contents": "<span class='description'>NELSON HEARING : HELD IN PART ATTORNEY FOUND EFFECTIVE</span> entered 05/03/2017.", "entry_date": "5/3/2017"}, {"date": "5/3/2017", "number": "279", "contents": "<span class='description'>JURY TRIAL 05/04/2017 9:00 AM - 508 5TH FLOOR, 501 W ADAMS ST JACKSONVILLE FL 32202</span> entered 05/03/2017.", "entry_date": "5/3/2017"}, {"date": "5/3/2017", "number": "278", "contents": "<span class='description'>EVIDENCE TO JURY IN PART (STATE)</span> entered 05/03/2017.", "entry_date": "5/3/2017"}, {"date": "5/3/2017", "number": "277", "contents": "<span class='description'>JURY TRIAL HELD IN PART</span> entered 05/03/2017.", "entry_date": "5/3/2017"}, {"date": "5/3/2017", "number": "276", "contents": "<span class='description'>OTHERS PRESENT: T. MANGAN (ASA)</span> entered 05/03/2017.", "entry_date": "5/3/2017"}, {"date": "5/3/2017", "number": "275", "contents": "<span class='description'>DEFENDANT PRESENT IN JAIL</span> entered 05/03/2017.", "entry_date": "5/3/2017"}, {"date": "5/3/2017", "number": "274", "contents": "<span class='description'>ATTY. FOR DEF. ADAMS-JONES, SISSY DENISE</span> entered 05/03/2017.", "entry_date": "5/3/2017"}, {"date": "5/3/2017", "number": "273", "contents": "<span class='description'>ASST. STATE ATTY. KITE, LONDON MAHOGANY</span> entered 05/03/2017.", "entry_date": "5/3/2017"}, {"date": "5/3/2017", "number": "272", "contents": "<span class='description'>JUDGE ANDERSON JR, BRUCE R</span> entered 05/03/2017.", "entry_date": "5/3/2017"}, {"date": "5/2/2017", "number": "271", "contents": "<span class='description'>STATE EXHIBITS FILED #54</span> entered 08/09/2018.", "entry_date": "8/9/2018"}, {"date": "5/2/2017", "number": "270", "contents": "<span class='description'>STATE EXHIBITS FILED #53</span> entered 08/09/2018.", "entry_date": "8/9/2018"}, {"date": "5/2/2017", "number": "269", "contents": "<span class='description'>STATE EXHIBITS FILED #52</span> entered 08/09/2018.", "entry_date": "8/9/2018"}, {"date": "5/2/2017", "number": "268", "contents": "<span class='description'>STATE EXHIBITS FILED #51</span> entered 08/09/2018.", "entry_date": "8/9/2018"}, {"date": "5/2/2017", "number": "267", "contents": "<span class='description'>STATE EXHIBITS FILED #50</span> entered 08/09/2018.", "entry_date": "8/9/2018"}, {"date": "5/2/2017", "number": "266", "contents": "<span class='description'>STATE EXHIBITS FILED #49</span> entered 08/09/2018.", "entry_date": "8/9/2018"}, {"date": "5/2/2017", "number": "265", "contents": "<span class='description'>STATE EXHIBITS FILED #55</span> entered 08/09/2018.", "entry_date": "8/9/2018"}, {"date": "5/2/2017", "number": "264", "contents": "<span class='description'>STATE EXHIBITS FILED #56</span> entered 08/09/2018.", "entry_date": "8/9/2018"}, {"date": "5/2/2017", "number": "263", "contents": "<span class='description'>STATE EXHIBITS FILED #57</span> entered 08/09/2018.", "entry_date": "8/9/2018"}, {"date": "5/2/2017", "number": "262", "contents": "<span class='description'>STATE EXHIBITS FILED #58</span> entered 08/09/2018.", "entry_date": "8/9/2018"}, {"date": "5/2/2017", "number": "261", "contents": "<span class='description'>STATE EXHIBITS FILED #88</span> entered 08/09/2018.", "entry_date": "8/9/2018"}, {"date": "5/2/2017", "number": "260", "contents": "<span class='description'>STATE EXHIBITS FILED #87</span> entered 08/09/2018.", "entry_date": "8/9/2018"}, {"date": "5/2/2017", "number": "259", "contents": "<span class='description'>STATE EXHIBITS FILED #86</span> entered 08/09/2018.", "entry_date": "8/9/2018"}, {"date": "5/2/2017", "number": "258", "contents": "<span class='description'>STATE EXHIBITS FILED #85</span> entered 08/09/2018.", "entry_date": "8/9/2018"}, {"date": "5/2/2017", "number": "257", "contents": "<span class='description'>STATE EXHIBITS FILED #84</span> entered 08/09/2018.", "entry_date": "8/9/2018"}, {"date": "5/2/2017", "number": "256", "contents": "<span class='description'>STATE EXHIBITS FILED #83</span> entered 08/09/2018.", "entry_date": "8/9/2018"}, {"date": "5/2/2017", "number": "255", "contents": "<span class='description'>STATE EXHIBITS FILED #82</span> entered 08/09/2018.", "entry_date": "8/9/2018"}, {"date": "5/2/2017", "number": "254", "contents": "<span class='description'>STATE EXHIBITS FILED #81</span> entered 08/09/2018.", "entry_date": "8/9/2018"}, {"date": "5/2/2017", "number": "253", "contents": "<span class='description'>STATE EXHIBITS FILED #80</span> entered 08/09/2018.", "entry_date": "8/9/2018"}, {"date": "5/2/2017", "number": "252", "contents": "<span class='description'>STATE EXHIBITS FILED #79</span> entered 08/09/2018.", "entry_date": "8/9/2018"}, {"date": "5/2/2017", "number": "251", "contents": "<span class='description'>STATE EXHIBITS FILED #78</span> entered 08/09/2018.", "entry_date": "8/9/2018"}, {"date": "5/2/2017", "number": "250", "contents": "<span class='description'>STATE EXHIBITS FILED #77</span> entered 08/09/2018.", "entry_date": "8/9/2018"}, {"date": "5/2/2017", "number": "249", "contents": "<span class='description'>STATE EXHIBITS FILED #76</span> entered 08/09/2018.", "entry_date": "8/9/2018"}, {"date": "5/2/2017", "number": "248", "contents": "<span class='description'>STATE EXHIBITS FILED #75</span> entered 08/09/2018.", "entry_date": "8/9/2018"}, {"date": "5/2/2017", "number": "247", "contents": "<span class='description'>STATE EXHIBITS FILED #74</span> entered 08/09/2018.", "entry_date": "8/9/2018"}, {"date": "5/2/2017", "number": "246", "contents": "<span class='description'>STATE EXHIBITS FILED #73</span> entered 08/09/2018.", "entry_date": "8/9/2018"}, {"date": "5/2/2017", "number": "245", "contents": "<span class='description'>STATE EXHIBITS FILED # 72</span> entered 08/09/2018.", "entry_date": "8/9/2018"}, {"date": "5/2/2017", "number": "244", "contents": "<span class='description'>STATE EXHIBITS FILED # 71</span> entered 08/09/2018.", "entry_date": "8/9/2018"}, {"date": "5/2/2017", "number": "243", "contents": "<span class='description'>STATE EXHIBITS FILED # 70</span> entered 08/09/2018.", "entry_date": "8/9/2018"}, {"date": "5/2/2017", "number": "242", "contents": "<span class='description'>STATE EXHIBITS FILED # 69</span> entered 08/09/2018.", "entry_date": "8/9/2018"}, {"date": "5/2/2017", "number": "241", "contents": "<span class='description'>STATE EXHIBITS FILED # 68</span> entered 08/09/2018.", "entry_date": "8/9/2018"}, {"date": "5/2/2017", "number": "240", "contents": "<span class='description'>STATE EXHIBITS FILED # 67</span> entered 08/09/2018.", "entry_date": "8/9/2018"}, {"date": "5/2/2017", "number": "239", "contents": "<span class='description'>STATE EXHIBITS FILED # 66</span> entered 08/09/2018.", "entry_date": "8/9/2018"}, {"date": "5/2/2017", "number": "238", "contents": "<span class='description'>STATE EXHIBITS FILED # 65</span> entered 08/09/2018.", "entry_date": "8/9/2018"}, {"date": "5/2/2017", "number": "237", "contents": "<span class='description'>STATE EXHIBITS FILED # 64</span> entered 08/09/2018.", "entry_date": "8/9/2018"}, {"date": "5/2/2017", "number": "236", "contents": "<span class='description'>STATE EXHIBITS FILED # 63</span> entered 08/09/2018.", "entry_date": "8/9/2018"}, {"date": "5/2/2017", "number": "235", "contents": "<span class='description'>STATE EXHIBITS FILED #58</span> entered 08/09/2018.", "entry_date": "8/9/2018"}, {"date": "5/2/2017", "number": "234", "contents": "<span class='description'>STATE EXHIBITS FILED #57</span> entered 08/09/2018.", "entry_date": "8/9/2018"}, {"date": "5/2/2017", "number": "233", "contents": "<span class='description'>STATE EXHIBITS FILED #56</span> entered 08/09/2018.", "entry_date": "8/9/2018"}, {"date": "5/2/2017", "number": "232", "contents": "<span class='description'>STATE EXHIBITS FILED #55</span> entered 08/09/2018.", "entry_date": "8/9/2018"}, {"date": "5/2/2017", "number": "231", "contents": "<span class='description'>STATE EXHIBITS FILED #54</span> entered 08/09/2018.", "entry_date": "8/9/2018"}, {"date": "5/2/2017", "number": "230", "contents": "<span class='description'>STATE EXHIBITS FILED #53</span> entered 08/09/2018.", "entry_date": "8/9/2018"}, {"date": "5/2/2017", "number": "229", "contents": "<span class='description'>STATE EXHIBITS FILED #52</span> entered 08/09/2018.", "entry_date": "8/9/2018"}, {"date": "5/2/2017", "number": "228", "contents": "<span class='description'>STATE EXHIBITS FILED #51</span> entered 08/09/2018.", "entry_date": "8/9/2018"}, {"date": "5/2/2017", "number": "227", "contents": "<span class='description'>STATE EXHIBITS FILED #50</span> entered 08/09/2018.", "entry_date": "8/9/2018"}, {"date": "5/2/2017", "number": "226", "contents": "<span class='description'>STATE EXHIBITS FILED #49</span> entered 08/09/2018.", "entry_date": "8/9/2018"}, {"date": "5/2/2017", "number": "225", "contents": "<span class='description'>STATE EXHIBITS FILED # 48</span> entered 08/09/2018.", "entry_date": "8/9/2018"}, {"date": "5/2/2017", "number": "224", "contents": "<span class='description'>STATE EXHIBITS FILED # 47</span> entered 08/09/2018.", "entry_date": "8/9/2018"}, {"date": "5/2/2017", "number": "223", "contents": "<span class='description'>STATE EXHIBITS FILED # 46</span> entered 08/09/2018.", "entry_date": "8/9/2018"}, {"date": "5/2/2017", "number": "222", "contents": "<span class='description'>STATE EXHIBITS FILED # 45</span> entered 08/09/2018.", "entry_date": "8/9/2018"}, {"date": "5/2/2017", "number": "221", "contents": "<span class='description'>STATE EXHIBITS FILED #41</span> entered 08/09/2018.", "entry_date": "8/9/2018"}, {"date": "5/2/2017", "number": "220", "contents": "<span class='description'>STATE EXHIBITS FILED #40</span> entered 08/09/2018.", "entry_date": "8/9/2018"}, {"date": "5/2/2017", "number": "219", "contents": "<span class='description'>STATE EXHIBITS FILED #39</span> entered 08/09/2018.", "entry_date": "8/9/2018"}, {"date": "5/2/2017", "number": "218", "contents": "<span class='description'>STATE EXHIBITS FILED #38</span> entered 08/09/2018.", "entry_date": "8/9/2018"}, {"date": "5/2/2017", "number": "217", "contents": "<span class='description'>STATE EXHIBITS FILED #37</span> entered 08/09/2018.", "entry_date": "8/9/2018"}, {"date": "5/2/2017", "number": "216", "contents": "<span class='description'>STATE EXHIBITS FILED #36</span> entered 08/09/2018.", "entry_date": "8/9/2018"}, {"date": "5/2/2017", "number": "215", "contents": "<span class='description'>STATE EXHIBITS FILED #35</span> entered 08/09/2018.", "entry_date": "8/9/2018"}, {"date": "5/2/2017", "number": "214", "contents": "<span class='description'>STATE EXHIBITS FILED #34</span> entered 08/09/2018.", "entry_date": "8/9/2018"}, {"date": "5/2/2017", "number": "213", "contents": "<span class='description'>STATE EXHIBITS FILED #33</span> entered 08/09/2018.", "entry_date": "8/9/2018"}, {"date": "5/2/2017", "number": "212", "contents": "<span class='description'>STATE EXHIBITS FILED #32</span> entered 08/09/2018.", "entry_date": "8/9/2018"}, {"date": "5/2/2017", "number": "211", "contents": "<span class='description'>STATE EXHIBITS FILED #31</span> entered 08/09/2018.", "entry_date": "8/9/2018"}, {"date": "5/2/2017", "number": "210", "contents": "<span class='description'>STATE EXHIBITS FILED #30</span> entered 08/09/2018.", "entry_date": "8/9/2018"}, {"date": "5/2/2017", "number": "209", "contents": "<span class='description'>STATE EXHIBITS FILED #29</span> entered 08/09/2018.", "entry_date": "8/9/2018"}, {"date": "5/2/2017", "number": "208", "contents": "<span class='description'>STATE EXHIBITS FILED #28</span> entered 08/09/2018.", "entry_date": "8/9/2018"}, {"date": "5/2/2017", "number": "207", "contents": "<span class='description'>STATE EXHIBITS FILED #27</span> entered 08/09/2018.", "entry_date": "8/9/2018"}, {"date": "5/2/2017", "number": "206", "contents": "<span class='description'>STATE EXHIBITS FILED #26</span> entered 08/09/2018.", "entry_date": "8/9/2018"}, {"date": "5/2/2017", "number": "205", "contents": "<span class='description'>STATE EXHIBITS FILED #25</span> entered 08/09/2018.", "entry_date": "8/9/2018"}, {"date": "5/2/2017", "number": "204", "contents": "<span class='description'>STATE EXHIBITS FILED #24</span> entered 08/09/2018.", "entry_date": "8/9/2018"}, {"date": "5/2/2017", "number": "203", "contents": "<span class='description'>STATE EXHIBITS FILED #23</span> entered 08/09/2018.", "entry_date": "8/9/2018"}, {"date": "5/2/2017", "number": "202", "contents": "<span class='description'>STATE EXHIBITS FILED #22</span> entered 08/09/2018.", "entry_date": "8/9/2018"}, {"date": "5/2/2017", "number": "201", "contents": "<span class='description'>STATE EXHIBITS FILED #21</span> entered 08/09/2018.", "entry_date": "8/9/2018"}, {"date": "5/2/2017", "number": "200", "contents": "<span class='description'>STATE EXHIBITS FILED #20</span> entered 08/09/2018.", "entry_date": "8/9/2018"}, {"date": "5/2/2017", "number": "199", "contents": "<span class='description'>STATE EXHIBITS FILED #19</span> entered 08/09/2018.", "entry_date": "8/9/2018"}, {"date": "5/2/2017", "number": "198", "contents": "<span class='description'>STATE EXHIBITS FILED #18</span> entered 08/09/2018.", "entry_date": "8/9/2018"}, {"date": "5/2/2017", "number": "197", "contents": "<span class='description'>STATE EXHIBITS FILED #17</span> entered 08/09/2018.", "entry_date": "8/9/2018"}, {"date": "5/2/2017", "number": "196", "contents": "<span class='description'>STATE EXHIBITS FILED #16</span> entered 08/09/2018.", "entry_date": "8/9/2018"}, {"date": "5/2/2017", "number": "195", "contents": "<span class='description'>STATE EXHIBITS FILED #15</span> entered 08/09/2018.", "entry_date": "8/9/2018"}, {"date": "5/2/2017", "number": "194", "contents": "<span class='description'>STATE EXHIBITS FILED #14</span> entered 08/09/2018.", "entry_date": "8/9/2018"}, {"date": "5/2/2017", "number": "193", "contents": "<span class='description'>STATE EXHIBITS FILED #13</span> entered 08/09/2018.", "entry_date": "8/9/2018"}, {"date": "5/2/2017", "number": "192", "contents": "<span class='description'>STATE EXHIBITS FILED #12</span> entered 08/09/2018.", "entry_date": "8/9/2018"}, {"date": "5/2/2017", "number": "191", "contents": "<span class='description'>STATE EXHIBITS FILED #11</span> entered 08/09/2018.", "entry_date": "8/9/2018"}, {"date": "5/2/2017", "number": "190", "contents": "<span class='description'>STATE EXHIBITS FILED #10</span> entered 08/09/2018.", "entry_date": "8/9/2018"}, {"date": "5/2/2017", "number": "189", "contents": "<span class='description'>STATE EXHIBITS FILED #9</span> entered 08/09/2018.", "entry_date": "8/9/2018"}, {"date": "5/2/2017", "number": "188", "contents": "<span class='description'>STATE EXHIBITS FILED #8</span> entered 08/09/2018.", "entry_date": "8/9/2018"}, {"date": "5/2/2017", "number": "187", "contents": "<span class='description'>STATE EXHIBITS FILED #7</span> entered 08/09/2018.", "entry_date": "8/9/2018"}, {"date": "5/2/2017", "number": "186", "contents": "<span class='description'>STATE EXHIBITS FILED #6</span> entered 08/09/2018.", "entry_date": "8/9/2018"}, {"date": "5/2/2017", "number": "185", "contents": "<span class='description'>STATE EXHIBITS FILED #5</span> entered 08/09/2018.", "entry_date": "8/9/2018"}, {"date": "5/2/2017", "number": "184", "contents": "<span class='description'>STATE EXHIBITS FILED # 4</span> entered 08/09/2018.", "entry_date": "8/9/2018"}, {"date": "5/2/2017", "number": "183", "contents": "<span class='description'>STATE EXHIBITS FILED #3</span> entered 08/09/2018.", "entry_date": "8/9/2018"}, {"date": "5/2/2017", "number": "182", "contents": "<span class='description'>STATE EXHIBITS FILED #2</span> entered 08/09/2018.", "entry_date": "8/9/2018"}, {"date": "5/2/2017", "number": "181", "contents": "<span class='description'>STATE EXHIBITS FILED #1</span> entered 08/09/2018.", "entry_date": "8/9/2018"}, {"date": "5/2/2017", "number": "180", "contents": "<span class='description'>TRANSCRIPT OF JAMIR GREEN</span> entered 05/05/2017.", "entry_date": "5/5/2017"}, {"date": "5/2/2017", "number": "179", "contents": "<span class='description'>MOTION FOR JOINDER</span> entered 05/02/2017.", "entry_date": "5/2/2017"}, {"date": "5/2/2017", "number": "178", "contents": "<span class='description'>@ 10:30AM</span> entered 05/02/2017.", "entry_date": "5/2/2017"}, {"date": "5/2/2017", "number": "177", "contents": "<span class='description'>JURY TRIAL 05/03/2017 9:00 AM - 508 5TH FLOOR, 501 W ADAMS ST JACKSONVILLE FL 32202</span> entered 05/02/2017.", "entry_date": "5/2/2017"}, {"date": "5/2/2017", "number": "176", "contents": "<span class='description'>EVIDENCE TO JURY IN PART (STATE)</span> entered 05/02/2017.", "entry_date": "5/2/2017"}, {"date": "5/2/2017", "number": "175", "contents": "<span class='description'>OPENING STATEMENTS TO JURY IN FULL (STATE) &amp; (DEFENSE)</span> entered 05/02/2017.", "entry_date": "5/2/2017"}, {"date": "5/2/2017", "number": "174", "contents": "<span class='description'>JURY EMPANELLED &amp; SWORN</span> entered 05/02/2017.", "entry_date": "5/2/2017"}, {"date": "5/2/2017", "number": "173", "contents": "<span class='description'>RULE INVOKED BY COURT</span> entered 05/02/2017.", "entry_date": "5/2/2017"}, {"date": "5/2/2017", "number": "172", "contents": "<span class='description'>JURY TRIAL HELD IN PART</span> entered 05/02/2017.", "entry_date": "5/2/2017"}, {"date": "5/2/2017", "number": "171", "contents": "<span class='description'>OTHERS PRESENT: T. MANGAN (ASA)</span> entered 05/02/2017.", "entry_date": "5/2/2017"}, {"date": "5/2/2017", "number": "170", "contents": "<span class='description'>DEFENDANT PRESENT IN JAIL</span> entered 05/02/2017.", "entry_date": "5/2/2017"}, {"date": "5/2/2017", "number": "169", "contents": "<span class='description'>ATTY. FOR DEF. ADAMS-JONES, SISSY DENISE</span> entered 05/02/2017.", "entry_date": "5/2/2017"}, {"date": "5/2/2017", "number": "168", "contents": "<span class='description'>ASST. STATE ATTY. KITE, LONDON MAHOGANY</span> entered 05/02/2017.", "entry_date": "5/2/2017"}, {"date": "5/2/2017", "number": "167", "contents": "<span class='description'>JUDGE ANDERSON JR, BRUCE R</span> entered 05/02/2017.", "entry_date": "5/2/2017"}, {"date": "5/1/2017", "number": "166", "contents": "<span class='description'>COURT ORDER ON STATE'S MOTION TO EMPANEL A SIX (6) PERSON JURY - NUNC PRO TUNE TO 04/24/2017</span> entered 05/02/2017.", "entry_date": "5/2/2017"}, {"date": "5/1/2017", "number": "165", "contents": "<span class='description'>COURT ORDER RE: CLOSING ARGUMENT (CRIMINAL)</span> entered 05/02/2017.", "entry_date": "5/2/2017"}, {"date": "5/1/2017", "number": "164", "contents": "<span class='description'>TO BE HELD IN COURTROOM 407</span> entered 05/01/2017.", "entry_date": "5/1/2017"}, {"date": "5/1/2017", "number": "163", "contents": "<span class='description'>JURY TRIAL 05/02/2017 9:00 AM - 508 5TH FLOOR, 501 W ADAMS ST JACKSONVILLE FL 32202</span> entered 05/01/2017.", "entry_date": "5/1/2017"}, {"date": "5/1/2017", "number": "162", "contents": "<span class='description'>JURY SELECTED</span> entered 05/01/2017.", "entry_date": "5/1/2017"}, {"date": "5/1/2017", "number": "161", "contents": "<span class='description'>JURY SELECTION HELD IN FULL</span> entered 05/01/2017.", "entry_date": "5/1/2017"}, {"date": "5/1/2017", "number": "160", "contents": "<span class='description'>DEFENDANT PRESENT IN JAIL</span> entered 05/01/2017.", "entry_date": "5/1/2017"}, {"date": "5/1/2017", "number": "159", "contents": "<span class='description'>ATTY. FOR DEF. ADAMS-JONES, SISSY DENISE</span> entered 05/01/2017.", "entry_date": "5/1/2017"}, {"date": "5/1/2017", "number": "158", "contents": "<span class='description'>ASST. STATE ATTY. KITE, LONDON MAHOGANY</span> entered 05/01/2017.", "entry_date": "5/1/2017"}, {"date": "5/1/2017", "number": "157", "contents": "<span class='description'>JUDGE ANDERSON JR, BRUCE R</span> entered 05/01/2017.", "entry_date": "5/1/2017"}, {"date": "4/27/2017", "number": "156", "contents": "<span class='description'>COURT ORDER AUTHORIZING THE DEFENSE TO INCUR COSTS FOR DEPOSITION TRANSCRIPTS</span> entered 04/28/2017.", "entry_date": "4/28/2017"}, {"date": "4/25/2017", "number": "155", "contents": "<span class='description'>NOTICE OF INTENT TO RELY ON CERTIFICATION OF BUSINESS RECORD</span> entered 04/27/2017.", "entry_date": "4/27/2017"}, {"date": "4/25/2017", "number": "154", "contents": "<span class='description'>STATE'S MOTION TO EMPANEL A SIX (6) PERSON JURY</span> entered 04/25/2017.", "entry_date": "4/25/2017"}, {"date": "4/25/2017", "number": "153", "contents": "<span class='description'>RESPONSE TO DEMAND FOR DISCOVERY</span> entered 04/25/2017.", "entry_date": "4/25/2017"}, {"date": "4/24/2017", "number": "152", "contents": "<span class='description'>TO BE HEARD IN COURTROOM 407</span> entered 04/24/2017.", "entry_date": "4/24/2017"}, {"date": "4/24/2017", "number": "151", "contents": "<span class='description'>JURY SELECTION 05/01/2017 9:00 AM - 508 5TH FLOOR, 501 W ADAMS ST JACKSONVILLE FL 32202</span> entered 04/24/2017.", "entry_date": "4/24/2017"}, {"date": "4/24/2017", "number": "150", "contents": "<span class='description'>ORAL MOTION FOR 6 JURORS (STATE'S) - GRANTED W/O OBJECTION BY THE DEFENSE</span> entered 04/24/2017.", "entry_date": "4/24/2017"}, {"date": "4/24/2017", "number": "149", "contents": "<span class='description'>COURT ORDER GRANTING MOTION FOR JOINDER</span> entered 04/24/2017.", "entry_date": "4/24/2017"}, {"date": "4/24/2017", "number": "148", "contents": "<span class='description'>MOTION FOR JOINDER</span> entered 04/24/2017.", "entry_date": "4/24/2017"}, {"date": "4/24/2017", "number": "147", "contents": "<span class='description'>DEFENDANT PRESENT IN JAIL</span> entered 04/24/2017.", "entry_date": "4/24/2017"}, {"date": "4/24/2017", "number": "146", "contents": "<span class='description'>ATTY. FOR DEF. ADAMS-JONES, SISSY DENISE</span> entered 04/24/2017.", "entry_date": "4/24/2017"}, {"date": "4/24/2017", "number": "145", "contents": "<span class='description'>ASST. STATE ATTY. KITE, LONDON MAHOGANY</span> entered 04/24/2017.", "entry_date": "4/24/2017"}, {"date": "4/24/2017", "number": "144", "contents": "<span class='description'>JUDGE ANDERSON JR, BRUCE R</span> entered 04/24/2017.", "entry_date": "4/24/2017"}, {"date": "4/19/2017", "number": "143", "contents": "<span class='description'>STATES# FIRST SUPPLEMENTAL DISCOVERY EXHIBIT AND DEMAND FOR RECIPROCAL DISCOVERY</span> entered 04/19/2017.", "entry_date": "4/19/2017"}, {"date": "3/6/2017", "number": "142", "contents": "<span class='description'>5/1/2017 JS</span> entered 03/06/2017.", "entry_date": "3/6/2017"}, {"date": "3/6/2017", "number": "141", "contents": "<span class='description'>FINAL PRETRIAL 04/24/2017 9:00 AM - 508 5TH FLOOR, 501 W ADAMS ST JACKSONVILLE FL 32202</span> entered 03/06/2017.", "entry_date": "3/6/2017"}, {"date": "3/6/2017", "number": "140", "contents": "<span class='description'>OTHERS PRESENT: ASA: D. WILLIAMS FOR L. KITE</span> entered 03/06/2017.", "entry_date": "3/6/2017"}, {"date": "3/6/2017", "number": "139", "contents": "<span class='description'>DEFENDANT PRESENT IN JAIL</span> entered 03/06/2017.", "entry_date": "3/6/2017"}, {"date": "3/6/2017", "number": "138", "contents": "<span class='description'>ATTY. FOR DEF. ADAMS-JONES, SISSY DENISE</span> entered 03/06/2017.", "entry_date": "3/6/2017"}, {"date": "3/6/2017", "number": "137", "contents": "<span class='description'>ASST. STATE ATTY. KITE, LONDON MAHOGANY</span> entered 03/06/2017.", "entry_date": "3/6/2017"}, {"date": "3/6/2017", "number": "136", "contents": "<span class='description'>JUDGE ANDERSON JR, BRUCE R</span> entered 03/06/2017.", "entry_date": "3/6/2017"}, {"date": "2/8/2017", "number": "135", "contents": "<span class='description'>ORDER PERT. TO PAYMENT OF COSTS FOR DEPOSITION TRANSCRIPTS</span> entered 02/09/2017.", "entry_date": "2/9/2017"}, {"date": "2/8/2017", "number": "134", "contents": "<span class='description'>4/24/17 FPT AND 5/1/17 JS</span> entered 02/08/2017.", "entry_date": "2/8/2017"}, {"date": "2/8/2017", "number": "133", "contents": "<span class='description'>PRETRIAL 03/06/2017 9:00 AM - 508 5TH FLOOR, 501 W ADAMS ST JACKSONVILLE FL 32202</span> entered 02/08/2017.", "entry_date": "2/8/2017"}, {"date": "2/8/2017", "number": "132", "contents": "<span class='description'>&gt; CANCEL REASON - PER COURT</span> entered 02/08/2017.", "entry_date": "2/8/2017"}, {"date": "2/8/2017", "number": "131", "contents": "<span class='description'>CANCELLED PRETRIAL ON 2/21/2017 9:00:00 AM</span> entered 02/08/2017.", "entry_date": "2/8/2017"}, {"date": "2/8/2017", "number": "130", "contents": "<span class='description'>**TRIAL DATES MOVED PER COURT CONFLICT**</span> entered 02/08/2017.", "entry_date": "2/8/2017"}, {"date": "2/8/2017", "number": "129", "contents": "<span class='description'>DEFENDANT PRESENT IN JAIL</span> entered 02/08/2017.", "entry_date": "2/8/2017"}, {"date": "2/8/2017", "number": "128", "contents": "<span class='description'>ATTY. FOR DEF. ADAMS-JONES, SISSY DENISE</span> entered 02/08/2017.", "entry_date": "2/8/2017"}, {"date": "2/8/2017", "number": "127", "contents": "<span class='description'>ASST. STATE ATTY. KITE, LONDON MAHOGANY</span> entered 02/08/2017.", "entry_date": "2/8/2017"}, {"date": "2/8/2017", "number": "126", "contents": "<span class='description'>JUDGE ANDERSON JR, BRUCE R</span> entered 02/08/2017.", "entry_date": "2/8/2017"}, {"date": "2/3/2017", "number": "125", "contents": "<span class='description'>PER JA EMAIL</span> entered 02/03/2017.", "entry_date": "2/3/2017"}, {"date": "2/3/2017", "number": "124", "contents": "<span class='description'>PRETRIAL 02/08/2017 9:00 AM - 508 5TH FLOOR, 501 W ADAMS ST JACKSONVILLE FL 32202</span> entered 02/03/2017.", "entry_date": "2/3/2017"}, {"date": "1/30/2017", "number": "123", "contents": "<span class='description'>3/20/2017 FPT AND 3/27/2017 JS</span> entered 01/30/2017.", "entry_date": "1/30/2017"}, {"date": "1/30/2017", "number": "122", "contents": "<span class='description'>PRETRIAL 02/21/2017 9:00 AM - 508 5TH FLOOR, 501 W ADAMS ST JACKSONVILLE FL 32202</span> entered 01/30/2017.", "entry_date": "1/30/2017"}, {"date": "1/30/2017", "number": "121", "contents": "<span class='description'>DEFENDANT PRESENT IN JAIL</span> entered 01/30/2017.", "entry_date": "1/30/2017"}, {"date": "1/30/2017", "number": "120", "contents": "<span class='description'>ATTY. FOR DEF. ADAMS-JONES, SISSY DENISE</span> entered 01/30/2017.", "entry_date": "1/30/2017"}, {"date": "1/30/2017", "number": "119", "contents": "<span class='description'>ASST. STATE ATTY. KITE, LONDON MAHOGANY</span> entered 01/30/2017.", "entry_date": "1/30/2017"}, {"date": "1/30/2017", "number": "118", "contents": "<span class='description'>JUDGE ANDERSON JR, BRUCE R</span> entered 01/30/2017.", "entry_date": "1/30/2017"}, {"date": "1/9/2017", "number": "117", "contents": "<span class='description'>PRETRIAL 01/30/2017 9:00 AM - 508 5TH FLOOR, 501 W ADAMS ST JACKSONVILLE FL 32202</span> entered 01/09/2017.", "entry_date": "1/9/2017"}, {"date": "1/9/2017", "number": "116", "contents": "<span class='description'>&gt; ATTORNEY NOT PRESENT</span> entered 01/09/2017.", "entry_date": "1/9/2017"}, {"date": "1/9/2017", "number": "115", "contents": "<span class='description'>DEFENDANT PRESENT IN JAIL</span> entered 01/09/2017.", "entry_date": "1/9/2017"}, {"date": "1/9/2017", "number": "114", "contents": "<span class='description'>ATTY. FOR DEF. ADAMS-JONES, SISSY DENISE</span> entered 01/09/2017.", "entry_date": "1/9/2017"}, {"date": "1/9/2017", "number": "113", "contents": "<span class='description'>ASST. STATE ATTY. KITE, LONDON MAHOGANY</span> entered 01/09/2017.", "entry_date": "1/9/2017"}, {"date": "1/9/2017", "number": "112", "contents": "<span class='description'>SITTING JUDGE - MCCALLUM, LINDA F.</span> entered 01/09/2017.", "entry_date": "1/9/2017"}, {"date": "1/9/2017", "number": "111", "contents": "<span class='description'>JUDGE ANDERSON JR, BRUCE R</span> entered 01/09/2017.", "entry_date": "1/9/2017"}, {"date": "11/29/2016", "number": "110", "contents": "<span class='description'>STATUS HEARING 01/09/2017 9:00 AM - 508 5TH FLOOR, 501 W ADAMS ST JACKSONVILLE FL 32202</span> entered 11/29/2016.", "entry_date": "11/29/2016"}, {"date": "11/29/2016", "number": "109", "contents": "<span class='description'>DEFENDANT PRESENT</span> entered 11/29/2016.", "entry_date": "11/29/2016"}, {"date": "11/29/2016", "number": "108", "contents": "<span class='description'>ATTY. FOR DEF. ADAMS-JONES, SISSY DENISE</span> entered 11/29/2016.", "entry_date": "11/29/2016"}, {"date": "11/29/2016", "number": "107", "contents": "<span class='description'>ASST. STATE ATTY. KITE, LONDON MAHOGANY</span> entered 11/29/2016.", "entry_date": "11/29/2016"}, {"date": "11/29/2016", "number": "106", "contents": "<span class='description'>SITTING JUDGE - ARIAS, ROBERTO A.</span> entered 11/29/2016.", "entry_date": "11/29/2016"}, {"date": "11/29/2016", "number": "105", "contents": "<span class='description'>JUDGE VACANT,</span> entered 11/29/2016.", "entry_date": "11/29/2016"}, {"date": "10/25/2016", "number": "104", "contents": "<span class='description'>STATUS HEARING 11/29/2016 9:00 AM - 508 5TH FLOOR, 501 W ADAMS ST JACKSONVILLE FL 32202</span> entered 10/25/2016.", "entry_date": "10/25/2016"}, {"date": "10/25/2016", "number": "103", "contents": "<span class='description'>ORDER AUTHORIZING THE DEFENSE TO INCUR COSTS FOR DEPOSITION TRANSCRIPTS</span> entered 10/25/2016.", "entry_date": "10/25/2016"}, {"date": "10/25/2016", "number": "102", "contents": "<span class='description'>ORDER AUTHORIZING THE DEFENSE TO INCUR COSTS FOR DEPOSITION TRANSCRIPTS</span> entered 10/25/2016.", "entry_date": "10/25/2016"}, {"date": "10/25/2016", "number": "101", "contents": "<span class='description'>DEFENDANT PRESENT</span> entered 10/25/2016.", "entry_date": "10/25/2016"}, {"date": "10/25/2016", "number": "100", "contents": "<span class='description'>ATTY. FOR DEF. ADAMS-JONES, SISSY DENISE</span> entered 10/25/2016.", "entry_date": "10/25/2016"}, {"date": "10/25/2016", "number": "99", "contents": "<span class='description'>ASST. STATE ATTY. KITE, LONDON MAHOGANY</span> entered 10/25/2016.", "entry_date": "10/25/2016"}, {"date": "10/25/2016", "number": "98", "contents": "<span class='description'>SITTING JUDGE - ARIAS, ROBERTO A.</span> entered 10/25/2016.", "entry_date": "10/25/2016"}, {"date": "10/25/2016", "number": "97", "contents": "<span class='description'>JUDGE VACANT,</span> entered 10/25/2016.", "entry_date": "10/25/2016"}, {"date": "10/24/2016", "number": "96", "contents": "<span class='description'>LETTER FROM DEFENDANT</span> entered 10/25/2016.", "entry_date": "10/25/2016"}, {"date": "9/29/2016", "number": "95", "contents": "<span class='description'>ORDER TO TRANSPORT INMATE FOR DEPOSITION</span> entered 09/29/2016.", "entry_date": "9/29/2016"}, {"date": "9/29/2016", "number": "94", "contents": "<span class='description'>ORDER TO TRANSPORT INMATE FOR DEPOSITION</span> entered 09/29/2016.", "entry_date": "9/29/2016"}, {"date": "9/29/2016", "number": "93", "contents": "<span class='description'>STATUS HEARING 10/25/2016 9:00 AM - 508 5TH FLOOR, 501 W ADAMS ST JACKSONVILLE FL 32202</span> entered 09/29/2016.", "entry_date": "9/29/2016"}, {"date": "9/29/2016", "number": "92", "contents": "<span class='description'>DEFENDANT PRESENT</span> entered 09/29/2016.", "entry_date": "9/29/2016"}, {"date": "9/29/2016", "number": "91", "contents": "<span class='description'>ATTY. FOR DEF. ADAMS-JONES, SISSY DENISE</span> entered 09/29/2016.", "entry_date": "9/29/2016"}, {"date": "9/29/2016", "number": "90", "contents": "<span class='description'>ASST. STATE ATTY. KITE, LONDON MAHOGANY</span> entered 09/29/2016.", "entry_date": "9/29/2016"}, {"date": "9/29/2016", "number": "89", "contents": "<span class='description'>SITTING JUDGE - ARIAS, ROBERTO A.</span> entered 09/29/2016.", "entry_date": "9/29/2016"}, {"date": "9/29/2016", "number": "88", "contents": "<span class='description'>JUDGE VACANT,</span> entered 09/29/2016.", "entry_date": "9/29/2016"}, {"date": "9/22/2016", "number": "87", "contents": "<span class='description'>STATUS HEARING 09/29/2016 9:00 AM - 508 5TH FLOOR, 501 W ADAMS ST JACKSONVILLE FL 32202</span> entered 09/22/2016.", "entry_date": "9/22/2016"}, {"date": "9/22/2016", "number": "86", "contents": "<span class='description'>DEFENDANT PRESENT</span> entered 09/22/2016.", "entry_date": "9/22/2016"}, {"date": "9/22/2016", "number": "85", "contents": "<span class='description'>ATTY. FOR DEF. ADAMS-JONES, SISSY DENISE</span> entered 09/22/2016.", "entry_date": "9/22/2016"}, {"date": "9/22/2016", "number": "84", "contents": "<span class='description'>ASST. STATE ATTY. KITE, LONDON MAHOGANY</span> entered 09/22/2016.", "entry_date": "9/22/2016"}, {"date": "9/22/2016", "number": "83", "contents": "<span class='description'>SITTING JUDGE - ARIAS, ROBERTO A.</span> entered 09/22/2016.", "entry_date": "9/22/2016"}, {"date": "9/22/2016", "number": "82", "contents": "<span class='description'>JUDGE VACANT,</span> entered 09/22/2016.", "entry_date": "9/22/2016"}, {"date": "8/18/2016", "number": "81", "contents": "<span class='description'>STATUS HEARING 09/22/2016 9:00 AM - 508 5TH FLOOR, 501 W ADAMS ST JACKSONVILLE FL 32202</span> entered 08/18/2016.", "entry_date": "8/18/2016"}, {"date": "8/18/2016", "number": "80", "contents": "<span class='description'>DEFENDANT PRESENT</span> entered 08/18/2016.", "entry_date": "8/18/2016"}, {"date": "8/18/2016", "number": "79", "contents": "<span class='description'>ATTY. FOR DEF. ADAMS-JONES, SISSY DENISE</span> entered 08/18/2016.", "entry_date": "8/18/2016"}, {"date": "8/18/2016", "number": "78", "contents": "<span class='description'>ASST. STATE ATTY. KITE, LONDON MAHOGANY</span> entered 08/18/2016.", "entry_date": "8/18/2016"}, {"date": "8/18/2016", "number": "77", "contents": "<span class='description'>SITTING JUDGE - ARIAS, ROBERTO A.</span> entered 08/18/2016.", "entry_date": "8/18/2016"}, {"date": "8/18/2016", "number": "76", "contents": "<span class='description'>JUDGE HULSEY, MARK</span> entered 08/18/2016.", "entry_date": "8/18/2016"}, {"date": "8/16/2016", "number": "75", "contents": "<span class='description'>AFFIDAVIT/RETURN OF SERVICE</span> entered 08/16/2016.", "entry_date": "8/16/2016"}, {"date": "8/16/2016", "number": "74", "contents": "<span class='description'>SUBPOENA FOR DEPOSITION</span> entered 08/16/2016.", "entry_date": "8/16/2016"}, {"date": "8/4/2016", "number": "73", "contents": "<span class='description'>AFFIDAVIT/RETURN OF SERVICE</span> entered 08/05/2016.", "entry_date": "8/5/2016"}, {"date": "7/19/2016", "number": "72", "contents": "<span class='description'>NOTICE OF TAKING DEPOSITION</span> entered 07/25/2016.", "entry_date": "7/25/2016"}, {"date": "7/19/2016", "number": "71", "contents": "<span class='description'>NOTICE OF TAKING DEPOSITION</span> entered 07/25/2016.", "entry_date": "7/25/2016"}, {"date": "7/19/2016", "number": "70", "contents": "<span class='description'>STATUS HEARING 08/18/2016 9:00 AM - 508 5TH FLOOR, 501 W ADAMS ST JACKSONVILLE FL 32202</span> entered 07/19/2016.", "entry_date": "7/19/2016"}, {"date": "7/19/2016", "number": "69", "contents": "<span class='description'>DEFENDANT PRESENT</span> entered 07/19/2016.", "entry_date": "7/19/2016"}, {"date": "7/19/2016", "number": "68", "contents": "<span class='description'>ATTY. FOR DEF. ADAMS-JONES, SISSY DENISE</span> entered 07/19/2016.", "entry_date": "7/19/2016"}, {"date": "7/19/2016", "number": "67", "contents": "<span class='description'>ASST. STATE ATTY. KITE, LONDON MAHOGANY</span> entered 07/19/2016.", "entry_date": "7/19/2016"}, {"date": "7/19/2016", "number": "66", "contents": "<span class='description'>JUDGE HULSEY, MARK</span> entered 07/19/2016.", "entry_date": "7/19/2016"}, {"date": "6/14/2016", "number": "65", "contents": "<span class='description'>STATUS HEARING 07/19/2016 9:00 AM - 508 5TH FLOOR, 501 W ADAMS ST JACKSONVILLE FL 32202</span> entered 06/14/2016.", "entry_date": "6/14/2016"}, {"link_viewer": "https://www.docketalarm.com/cases/Florida_State_Duval_County_Fourth_Circuit_Court/2016-CF-001385/DERON_MONTRELL_BROWN/64/", "number": "64", "link": "https://www.docketalarm.com/cases/Florida_State_Duval_County_Fourth_Circuit_Court/2016-CF-001385/DERON_MONTRELL_BROWN/docs/64.pdf", "entry_date": "6/14/2016", "date": "6/14/2016", "contents": "<a href=\"/cases/Florida_State_Duval_County_Fourth_Circuit_Court/2016-CF-001385/DERON_MONTRELL_BROWN/64/\"><span class='description'>** WAIVER OF SPEEDY TRIAL **</span></a> entered 06/14/2016."}, {"date": "6/14/2016", "number": "63", "contents": "<span class='description'>DEFENDANT PRESENT</span> entered 06/14/2016.", "entry_date": "6/14/2016"}, {"date": "6/14/2016", "number": "62", "contents": "<span class='description'>ATTY. FOR DEF. ADAMS-JONES, SISSY DENISE</span> entered 06/14/2016.", "entry_date": "6/14/2016"}, {"date": "6/14/2016", "number": "61", "contents": "<span class='description'>ASST. STATE ATTY. KITE, LONDON MAHOGANY</span> entered 06/14/2016.", "entry_date": "6/14/2016"}, {"date": "6/14/2016", "number": "60", "contents": "<span class='description'>JUDGE HULSEY, MARK</span> entered 06/14/2016.", "entry_date": "6/14/2016"}, {"date": "5/26/2016", "number": "59", "contents": "<span class='description'>NOTICE OF TAKING DEPOSITION</span> entered 05/26/2016.", "entry_date": "5/26/2016"}, {"date": "5/19/2016", "number": "58", "contents": "<span class='description'>STATUS HEARING 06/14/2016 9:00 AM - 508 5TH FLOOR, 501 W ADAMS ST JACKSONVILLE FL 32202</span> entered 05/19/2016.", "entry_date": "5/19/2016"}, {"date": "5/19/2016", "number": "57", "contents": "<span class='description'>DEFENDANT PRESENT</span> entered 05/19/2016.", "entry_date": "5/19/2016"}, {"date": "5/19/2016", "number": "56", "contents": "<span class='description'>ATTY. FOR DEF. ADAMS-JONES, SISSY DENISE</span> entered 05/19/2016.", "entry_date": "5/19/2016"}, {"date": "5/19/2016", "number": "55", "contents": "<span class='description'>ASST. STATE ATTY. KITE, LONDON MAHOGANY</span> entered 05/19/2016.", "entry_date": "5/19/2016"}, {"date": "5/19/2016", "number": "54", "contents": "<span class='description'>JUDGE HULSEY, MARK</span> entered 05/19/2016.", "entry_date": "5/19/2016"}, {"date": "4/7/2016", "number": "52", "contents": "<span class='description'>STATUS HEARING 05/19/2016 9:00 AM - 508 5TH FLOOR, 501 W ADAMS ST JACKSONVILLE FL 32202</span> entered 04/07/2016.", "entry_date": "4/7/2016"}, {"date": "4/7/2016", "number": "51", "contents": "<span class='description'>DEFENDANT PRESENT</span> entered 04/07/2016.", "entry_date": "4/7/2016"}, {"date": "4/7/2016", "number": "50", "contents": "<span class='description'>ATTY. FOR DEF. ADAMS-JONES, SISSY DENISE</span> entered 04/07/2016.", "entry_date": "4/7/2016"}, {"date": "4/7/2016", "number": "49", "contents": "<span class='description'>ASST. STATE ATTY. KITE, LONDON MAHOGANY</span> entered 04/07/2016.", "entry_date": "4/7/2016"}, {"date": "4/7/2016", "number": "48", "contents": "<span class='description'>JUDGE HULSEY, MARK</span> entered 04/07/2016.", "entry_date": "4/7/2016"}, {"date": "4/1/2016", "number": "47", "contents": "<span class='description'>STATE'S DISCOVERY EXHIBIT AND DEMAND FOR RECIPROCAL DISCOVERY</span> entered 04/05/2016.", "entry_date": "4/5/2016"}, {"date": "3/10/2016", "number": "46", "contents": "<span class='description'>PLEA OF NOT GUILTY</span> entered 01/09/2017.", "entry_date": "1/9/2017"}, {"date": "3/10/2016", "number": "45", "contents": "<span class='description'>PLEA OF NOT GUILTY</span> entered 01/09/2017.", "entry_date": "1/9/2017"}, {"date": "3/10/2016", "number": "44", "contents": "<span class='description'>PLEA OF NOT GUILTY</span> entered 01/09/2017.", "entry_date": "1/9/2017"}, {"date": "3/10/2016", "number": "43", "contents": "<span class='description'>COURT ORDER APPOINTING ATTORNEY</span> entered 03/14/2016.", "entry_date": "3/14/2016"}, {"date": "3/10/2016", "number": "42", "contents": "<span class='description'>STATUS HEARING 04/07/2016 9:00 AM - 508 5TH FLOOR, 501 W ADAMS ST JACKSONVILLE FL 32202</span> entered 03/10/2016.", "entry_date": "3/10/2016"}, {"date": "3/10/2016", "number": "41", "contents": "<span class='description'>DEF. W/READING OF INFO &amp; PLEAD NOT GUILTY</span> entered 03/10/2016.", "entry_date": "3/10/2016"}, {"date": "3/10/2016", "number": "40", "contents": "<span class='description'>DEFENDANT PRESENT</span> entered 03/10/2016.", "entry_date": "3/10/2016"}, {"date": "3/10/2016", "number": "39", "contents": "<span class='description'>ATTY. FOR DEF. ADAMS-JONES, SISSY DENISE</span> entered 03/10/2016.", "entry_date": "3/10/2016"}, {"date": "3/10/2016", "number": "38", "contents": "<span class='description'>ASST. STATE ATTY. KITE, LONDON MAHOGANY</span> entered 03/10/2016.", "entry_date": "3/10/2016"}, {"date": "3/10/2016", "number": "37", "contents": "<span class='description'>JUDGE HULSEY, MARK</span> entered 03/10/2016.", "entry_date": "3/10/2016"}, {"date": "3/5/2016", "number": "36", "contents": "<span class='description'>BOND SET AT $275,003.00</span> entered 03/07/2016.", "entry_date": "3/7/2016"}, {"date": "3/5/2016", "number": "35", "contents": "<span class='description'>BOND SET AT $406,003.00</span> entered 03/07/2016.", "entry_date": "3/7/2016"}, {"date": "3/5/2016", "number": "34", "contents": "<span class='description'>BOND SET AT NONE</span> entered 03/07/2016.", "entry_date": "3/7/2016"}, {"date": "3/5/2016", "number": "33", "contents": "<span class='description'>FEES DUE: 3/7/2016</span> entered 03/07/2016.", "entry_date": "3/7/2016"}, {"date": "3/5/2016", "number": "32", "contents": "<span class='description'>PD APP FEE 50.00 IMPOSED</span> entered 03/07/2016.", "entry_date": "3/7/2016"}, {"link_viewer": "https://www.docketalarm.com/cases/Florida_State_Duval_County_Fourth_Circuit_Court/2016-CF-001385/DERON_MONTRELL_BROWN/31/", "number": "31", "link": "https://www.docketalarm.com/cases/Florida_State_Duval_County_Fourth_Circuit_Court/2016-CF-001385/DERON_MONTRELL_BROWN/docs/31.pdf", "entry_date": "3/7/2016", "date": "3/5/2016", "contents": "<a href=\"/cases/Florida_State_Duval_County_Fourth_Circuit_Court/2016-CF-001385/DERON_MONTRELL_BROWN/31/\"><span class='description'>FINDING OF PROBABLE CAUSE ,</span></a> entered 03/07/2016."}, {"link_viewer": "https://www.docketalarm.com/cases/Florida_State_Duval_County_Fourth_Circuit_Court/2016-CF-001385/DERON_MONTRELL_BROWN/30/", "number": "30", "link": "https://www.docketalarm.com/cases/Florida_State_Duval_County_Fourth_Circuit_Court/2016-CF-001385/DERON_MONTRELL_BROWN/docs/30.pdf", "entry_date": "3/7/2016", "date": "3/5/2016", "contents": "<a href=\"/cases/Florida_State_Duval_County_Fourth_Circuit_Court/2016-CF-001385/DERON_MONTRELL_BROWN/30/\"><span class='description'>DEFENDANT DECLARED INDIGENT, ORDER APPOINTING PUBLIC DEFENDER - FILED</span></a> entered 03/07/2016."}, {"link_viewer": "https://www.docketalarm.com/cases/Florida_State_Duval_County_Fourth_Circuit_Court/2016-CF-001385/DERON_MONTRELL_BROWN/29/", "number": "29", "link": "https://www.docketalarm.com/cases/Florida_State_Duval_County_Fourth_Circuit_Court/2016-CF-001385/DERON_MONTRELL_BROWN/docs/29.pdf", "entry_date": "3/7/2016", "date": "3/5/2016", "contents": "<a href=\"/cases/Florida_State_Duval_County_Fourth_Circuit_Court/2016-CF-001385/DERON_MONTRELL_BROWN/29/\"><span class='description'>APPLICATION FOR CRIMINAL INDIGENT STATUS - FILED</span></a> entered 03/07/2016."}, {"date": "3/5/2016", "number": "28", "contents": "<span class='description'>ARREST &amp; BOOKING REPORT 2016-004382 02/08/2016</span> entered 03/07/2016.", "entry_date": "3/7/2016"}, {"link_viewer": "https://www.docketalarm.com/cases/Florida_State_Duval_County_Fourth_Circuit_Court/2016-CF-001385/DERON_MONTRELL_BROWN/27/", "number": "27", "link": "https://www.docketalarm.com/cases/Florida_State_Duval_County_Fourth_Circuit_Court/2016-CF-001385/DERON_MONTRELL_BROWN/docs/27.pdf", "entry_date": "3/16/2016", "date": "3/4/2016", "contents": "<a href=\"/cases/Florida_State_Duval_County_Fourth_Circuit_Court/2016-CF-001385/DERON_MONTRELL_BROWN/27/\"><span class='description'>REGIONAL CONFLICT COUNSEL RESPONSE - DECLINE</span></a> entered 03/16/2016."}, {"link_viewer": "https://www.docketalarm.com/cases/Florida_State_Duval_County_Fourth_Circuit_Court/2016-CF-001385/DERON_MONTRELL_BROWN/26/", "number": "26", "link": "https://www.docketalarm.com/cases/Florida_State_Duval_County_Fourth_Circuit_Court/2016-CF-001385/DERON_MONTRELL_BROWN/docs/26.pdf", "entry_date": "3/4/2016", "date": "3/4/2016", "contents": "<a href=\"/cases/Florida_State_Duval_County_Fourth_Circuit_Court/2016-CF-001385/DERON_MONTRELL_BROWN/26/\"><span class='description'>NOTIFICATION OF ATTORNEY CONFLICT</span></a> entered 03/04/2016."}, {"date": "3/3/2016", "number": "25", "contents": "<span class='description'>INDICTMENT FILED FOR S812.13(2)(A) ATTEMPTED ARMED ROBBERY</span> entered 05/19/2017.", "entry_date": "5/19/2017"}, {"date": "3/3/2016", "number": "24", "contents": "<span class='description'>INDICTMENT FILED FOR CONSPIRACY S812.13(2)(A) ARMED ROBBERY</span> entered 03/03/2016.", "entry_date": "3/3/2016"}, {"date": "3/3/2016", "number": "23", "contents": "<span class='description'>INDICTMENT FILED FOR ATTEMPTED S812.13(2)(A) ARMED ROBBERY</span> entered 03/03/2016.", "entry_date": "3/3/2016"}, {"date": "3/3/2016", "number": "22", "contents": "<span class='description'>INDICTMENT FILED FOR S782.04(1)(A) MURDER - FIRST DEGREE</span> entered 03/03/2016.", "entry_date": "3/3/2016"}, {"date": "3/1/2016", "number": "21", "contents": "<span class='description'>CERTIFICATE OF CONFLICT &amp; MOTION TO WITHDRAW</span> entered 03/04/2016.", "entry_date": "3/4/2016"}, {"date": "3/1/2016", "number": "20", "contents": "<span class='description'>PER JUDGE</span> entered 03/01/2016.", "entry_date": "3/1/2016"}, {"date": "3/1/2016", "number": "19", "contents": "<span class='description'>ARRAIGNMENT DATE 03/10/2016 9:00 AM - 508 5TH FLOOR, 501 W ADAMS ST JACKSONVILLE FL 32202</span> entered 03/01/2016.", "entry_date": "3/1/2016"}, {"date": "3/1/2016", "number": "18", "contents": "<span class='description'>&gt; CANCEL REASON - PER JUDGE</span> entered 03/01/2016.", "entry_date": "3/1/2016"}, {"date": "3/1/2016", "number": "17", "contents": "<span class='description'>CANCELLED ARRAIGNMENT DATE ON 3/2/2016 9:00:00 AM</span> entered 03/01/2016.", "entry_date": "3/1/2016"}, {"date": "2/19/2016", "number": "15", "contents": "<span class='description'>&gt; OFFENDER # ARREST DATE 2/18/2016</span> entered 02/22/2016.", "entry_date": "2/22/2016"}, {"date": "2/19/2016", "number": "14", "contents": "<span class='description'>CAPIAS RETURNED - SERVED</span> entered 02/22/2016.", "entry_date": "2/22/2016"}, {"date": "2/19/2016", "number": "13", "contents": "<span class='description'>ARRAIGNMENT DATE 03/02/2016 9:00 AM - 508 5TH FLOOR, 501 W ADAMS ST JACKSONVILLE FL 32202</span> entered 02/22/2016.", "entry_date": "2/22/2016"}, {"date": "2/19/2016", "number": "12", "contents": "<span class='description'>MOTION ON BOND</span> entered 02/22/2016.", "entry_date": "2/22/2016"}, {"link_viewer": "https://www.docketalarm.com/cases/Florida_State_Duval_County_Fourth_Circuit_Court/2016-CF-001385/DERON_MONTRELL_BROWN/11/", "number": "11", "link": "https://www.docketalarm.com/cases/Florida_State_Duval_County_Fourth_Circuit_Court/2016-CF-001385/DERON_MONTRELL_BROWN/docs/11.pdf", "entry_date": "2/22/2016", "date": "2/19/2016", "contents": "<a href=\"/cases/Florida_State_Duval_County_Fourth_Circuit_Court/2016-CF-001385/DERON_MONTRELL_BROWN/11/\"><span class='description'>DEFENDANT DECLARED INDIGENT, ORDER APPOINTING PUBLIC DEFENDER - FILED</span></a> entered 02/22/2016."}, {"link_viewer": "https://www.docketalarm.com/cases/Florida_State_Duval_County_Fourth_Circuit_Court/2016-CF-001385/DERON_MONTRELL_BROWN/10/", "number": "10", "link": "https://www.docketalarm.com/cases/Florida_State_Duval_County_Fourth_Circuit_Court/2016-CF-001385/DERON_MONTRELL_BROWN/docs/10.pdf", "entry_date": "2/22/2016", "date": "2/19/2016", "contents": "<a href=\"/cases/Florida_State_Duval_County_Fourth_Circuit_Court/2016-CF-001385/DERON_MONTRELL_BROWN/10/\"><span class='description'>APPLICATION FOR CRIMINAL INDIGENT STATUS - FILED</span></a> entered 02/22/2016."}, {"date": "2/19/2016", "number": "9", "contents": "<span class='description'>ARREST &amp; BOOKING REPORT 2016-004382 02/18/2016</span> entered 02/22/2016.", "entry_date": "2/22/2016"}, {"date": "2/18/2016", "number": "8", "contents": "<span class='description'>TRIAL ASSISTANT STATE ATTORNEY CHANGED TO Kite, London Mahogany PER SAO</span> entered 02/18/2016.", "entry_date": "2/18/2016"}, {"date": "2/18/2016", "number": "7", "contents": "<span class='description'>CONTROL NUMBER 1482182 eWarrant</span> entered 02/18/2016.", "entry_date": "2/18/2016"}, {"date": "2/18/2016", "number": "6", "contents": "<span class='description'>RECEIPT FOR WARRANT</span> entered 02/18/2016.", "entry_date": "2/18/2016"}, {"date": "2/18/2016", "number": "5", "contents": "<span class='description'>CERTIFICATION OF FILING DIRECT INFO ON JUVENILE</span> entered 02/18/2016.", "entry_date": "2/18/2016"}, {"date": "2/18/2016", "number": "4", "contents": "<span class='description'>CAPIAS ORDERED &amp; ISSUED</span> entered 02/18/2016.", "entry_date": "2/18/2016"}, {"date": "2/18/2016", "number": "3", "contents": "<span class='description'>INFORMATION FILED CONSPIRACY S812.13(2)(A) ARMED ROBBERY</span> entered 02/18/2016.", "entry_date": "2/18/2016"}, {"date": "2/18/2016", "number": "2", "contents": "<span class='description'>INFORMATION FILED ATTEMPTED S812.13(2)(A) ARMED ROBBERY</span> entered 02/18/2016.", "entry_date": "2/18/2016"}, {"date": "2/18/2016", "number": "1", "contents": "<span class='description'>INFORMATION FILED S782.04(2) MURDER - SECOND DEGREE</span> entered 02/18/2016.", "entry_date": "2/18/2016"}], "analyze": {"last_analyze": "6/22/2020"}, "success": true, "parties": [{"race": "W", "name_normalized": "Deron Montrell Brown", "name": "DERON MONTRELL BROWN", "sex": "Male", "other": [], "type": "Defendant"}]}