{"info": {"status": "CLOSED", "division": "CR-E", "judges": ["SALVADOR, TATIANA"], "court": "Florida State, Duval County, Fourth Circuit Court", "title": "ANTONIO MARCUS SMITH", "date_filed": "2/11/2014", "link": "https://www.docketalarm.com/cases/Florida_State_Duval_County_Fourth_Circuit_Court/2014-CF-001257/ANTONIO_MARCUS_SMITH/", "judges_normalized": ["Salvador Tatiana"], "judge": "SALVADOR, TATIANA", "type": "Circuit Criminal", "docket": "2014-CF-001257"}, "docket_report": [{"link_viewer": "https://www.docketalarm.com/cases/Florida_State_Duval_County_Fourth_Circuit_Court/2014-CF-001257/ANTONIO_MARCUS_SMITH/29/", "number": "29", "link": "https://www.docketalarm.com/cases/Florida_State_Duval_County_Fourth_Circuit_Court/2014-CF-001257/ANTONIO_MARCUS_SMITH/docs/29.pdf", "entry_date": "5/15/2015", "date": "5/14/2015", "contents": "<a href=\"/cases/Florida_State_Duval_County_Fourth_Circuit_Court/2014-CF-001257/ANTONIO_MARCUS_SMITH/29/\"><span class='description'>DISPOSITION NOTICE</span></a> entered 05/15/2015."}, {"date": "5/14/2015", "number": "28", "contents": "<span class='description'>PD APP FEE 50.00 WAIVED</span> entered 05/15/2015.", "entry_date": "5/15/2015"}, {"date": "5/14/2015", "number": "27", "contents": "<span class='description'>DEFERRED PROSECUTION PROGRAM COMPLETED S893.13(6)(A) POSSESS COCAINE</span> entered 05/15/2015.", "entry_date": "5/15/2015"}, {"date": "5/2/2014", "number": "26", "contents": "<span class='description'>PRETRIAL DIVERSION ACCEPTED S893.13(6)(A) POSSESS COCAINE</span> entered 05/06/2014.", "entry_date": "5/6/2014"}, {"date": "5/2/2014", "number": "25", "contents": "<span class='description'>STATE ATTORNEY MEMORANDUM:</span> entered 05/02/2014.", "entry_date": "5/2/2014"}, {"date": "4/22/2014", "number": "24", "contents": "<span class='description'>ARRAIGNMENT COURT DATE: 05/07/2014 SUBJECT TO CHANGE. CALL FOR VERIFICATION</span> entered 04/22/2014.", "entry_date": "4/22/2014"}, {"link_viewer": "https://www.docketalarm.com/cases/Florida_State_Duval_County_Fourth_Circuit_Court/2014-CF-001257/ANTONIO_MARCUS_SMITH/23/", "number": "23", "link": "https://www.docketalarm.com/cases/Florida_State_Duval_County_Fourth_Circuit_Court/2014-CF-001257/ANTONIO_MARCUS_SMITH/docs/23.pdf", "entry_date": "4/14/2014", "date": "4/14/2014", "contents": "<a href=\"/cases/Florida_State_Duval_County_Fourth_Circuit_Court/2014-CF-001257/ANTONIO_MARCUS_SMITH/23/\"><span class='description'>REFERRAL NOTICE - DRUG FELONY PTI DIVERSION</span></a> entered 04/14/2014."}, {"date": "4/8/2014", "number": "22", "contents": "<span class='description'>ARRAIGNMENT COURT DATE: 04/23/2014 SUBJECT TO CHANGE. CALL FOR VERIFICATION</span> entered 04/08/2014.", "entry_date": "4/8/2014"}, {"date": "4/7/2014", "number": "21", "contents": "<span class='description'>NOTICE OF NEXT COURT DATE</span> entered 04/07/2014.", "entry_date": "4/7/2014"}, {"link_viewer": "https://www.docketalarm.com/cases/Florida_State_Duval_County_Fourth_Circuit_Court/2014-CF-001257/ANTONIO_MARCUS_SMITH/20/", "number": "20", "link": "https://www.docketalarm.com/cases/Florida_State_Duval_County_Fourth_Circuit_Court/2014-CF-001257/ANTONIO_MARCUS_SMITH/docs/20.pdf", "entry_date": "4/1/2014", "date": "4/1/2014", "contents": "<a href=\"/cases/Florida_State_Duval_County_Fourth_Circuit_Court/2014-CF-001257/ANTONIO_MARCUS_SMITH/20/\"><span class='description'>FELONY PRE-TRIAL INTERVENTION PROGRAM \u2013 REFERRAL NOTICE</span></a> entered 04/01/2014."}, {"date": "4/1/2014", "number": "19", "contents": "<span class='description'>ARRAIGNMENT COURT DATE: 04/09/2014 SUBJECT TO CHANGE. CALL FOR VERIFICATION</span> entered 04/01/2014.", "entry_date": "4/1/2014"}, {"date": "3/25/2014", "number": "18", "contents": "<span class='description'>ARRAIGNMENT COURT DATE: 04/02/2014 SUBJECT TO CHANGE. CALL FOR VERIFICATION</span> entered 03/25/2014.", "entry_date": "3/25/2014"}, {"date": "3/18/2014", "number": "17", "contents": "<span class='description'>ARRAIGNMENT COURT DATE: 03/26/2014 SUBJECT TO CHANGE. CALL FOR VERIFICATION</span> entered 03/18/2014.", "entry_date": "3/18/2014"}, {"date": "3/11/2014", "number": "16", "contents": "<span class='description'>ARRAIGNMENT COURT DATE: 03/19/2014 SUBJECT TO CHANGE. CALL FOR VERIFICATION</span> entered 03/11/2014.", "entry_date": "3/11/2014"}, {"date": "3/4/2014", "number": "15", "contents": "<span class='description'>WAIVER OF APPEARANCE AT PRETRIAL</span> entered 03/04/2014.", "entry_date": "3/4/2014"}, {"date": "3/4/2014", "number": "14", "contents": "<span class='description'>DEMAND FOR DISCOVERY</span> entered 03/04/2014.", "entry_date": "3/4/2014"}, {"date": "3/4/2014", "number": "13", "contents": "<span class='description'>NOTICE OF APPEARANCE WAIVER OF ARRAIGNMENT AND WRITTEN PLEA OF NOT GUILTY</span> entered 03/04/2014.", "entry_date": "3/4/2014"}, {"date": "2/28/2014", "number": "12", "contents": "<span class='description'>ARRAIGNMENT COURT DATE: 03/12/2014 SUBJECT TO CHANGE. CALL FOR VERIFICATION</span> entered 03/04/2014.", "entry_date": "3/4/2014"}, {"link_viewer": "https://www.docketalarm.com/cases/Florida_State_Duval_County_Fourth_Circuit_Court/2014-CF-001257/ANTONIO_MARCUS_SMITH/11/", "number": "11", "link": "https://www.docketalarm.com/cases/Florida_State_Duval_County_Fourth_Circuit_Court/2014-CF-001257/ANTONIO_MARCUS_SMITH/docs/11.pdf", "entry_date": "2/28/2014", "date": "2/11/2014", "contents": "<a href=\"/cases/Florida_State_Duval_County_Fourth_Circuit_Court/2014-CF-001257/ANTONIO_MARCUS_SMITH/11/\"><span class='description'>BOND - AMOUNT $25,003.00, COMPANY BANKERS INSURANCE CO.</span></a> entered 02/28/2014."}, {"date": "2/11/2014", "number": "10", "contents": "<span class='description'>ARRAIGNMENT COURT DATE: 03/05/2014 SUBJECT TO CHANGE. CALL FOR VERIFICATION</span> entered 02/12/2014.", "entry_date": "2/12/2014"}, {"date": "2/11/2014", "number": "9", "contents": "<span class='description'>FEES DUE: 2/12/2014</span> entered 02/12/2014.", "entry_date": "2/12/2014"}, {"date": "2/11/2014", "number": "8", "contents": "<span class='description'>PD APP FEE 50.00 IMPOSED</span> entered 02/12/2014.", "entry_date": "2/12/2014"}, {"link_viewer": "https://www.docketalarm.com/cases/Florida_State_Duval_County_Fourth_Circuit_Court/2014-CF-001257/ANTONIO_MARCUS_SMITH/7/", "number": "7", "link": "https://www.docketalarm.com/cases/Florida_State_Duval_County_Fourth_Circuit_Court/2014-CF-001257/ANTONIO_MARCUS_SMITH/docs/7.pdf", "entry_date": "2/12/2014", "date": "2/11/2014", "contents": "<a href=\"/cases/Florida_State_Duval_County_Fourth_Circuit_Court/2014-CF-001257/ANTONIO_MARCUS_SMITH/7/\"><span class='description'>FINDING OF PROBABLE CAUSE ,</span></a> entered 02/12/2014."}, {"link_viewer": "https://www.docketalarm.com/cases/Florida_State_Duval_County_Fourth_Circuit_Court/2014-CF-001257/ANTONIO_MARCUS_SMITH/6/", "number": "6", "link": "https://www.docketalarm.com/cases/Florida_State_Duval_County_Fourth_Circuit_Court/2014-CF-001257/ANTONIO_MARCUS_SMITH/docs/6.pdf", "entry_date": "2/12/2014", "date": "2/11/2014", "contents": "<a href=\"/cases/Florida_State_Duval_County_Fourth_Circuit_Court/2014-CF-001257/ANTONIO_MARCUS_SMITH/6/\"><span class='description'>DEFENDANT DECLARED INDIGENT, ORDER APPOINTING PUBLIC DEFENDER - FILED</span></a> entered 02/12/2014."}, {"link_viewer": "https://www.docketalarm.com/cases/Florida_State_Duval_County_Fourth_Circuit_Court/2014-CF-001257/ANTONIO_MARCUS_SMITH/5/", "number": "5", "link": "https://www.docketalarm.com/cases/Florida_State_Duval_County_Fourth_Circuit_Court/2014-CF-001257/ANTONIO_MARCUS_SMITH/docs/5.pdf", "entry_date": "2/12/2014", "date": "2/11/2014", "contents": "<a href=\"/cases/Florida_State_Duval_County_Fourth_Circuit_Court/2014-CF-001257/ANTONIO_MARCUS_SMITH/5/\"><span class='description'>APPLICATION FOR CRIMINAL INDIGENT STATUS FILED - NO DETERMINATION MADE AT THIS HEARING</span></a> entered 02/12/2014."}, {"date": "2/11/2014", "number": "4", "contents": "<span class='description'>NO GUNS, WEAPONS, AMMO, DRUGS, OR ALCOHOL; LIVE CRIME FREE</span> entered 02/12/2014.", "entry_date": "2/12/2014"}, {"date": "2/11/2014", "number": "3", "contents": "<span class='description'>BOND SET AT $25,003.00</span> entered 02/12/2014.", "entry_date": "2/12/2014"}, {"date": "2/11/2014", "number": "2", "contents": "<span class='description'>S893.13(6)(A) POSSESS COCAINE</span> entered 02/12/2014.", "entry_date": "2/12/2014"}, {"date": "2/11/2014", "number": "1", "contents": "<span class='description'>ARREST &amp; BOOKING REPORT 2014-003495 2/10/2014</span> entered 02/12/2014.", "entry_date": "2/12/2014"}], "analyze": {"last_analyze": "6/22/2020"}, "success": true, "parties": [{"race": "B", "name_normalized": "Antonio Marcus Smith", "name": "ANTONIO MARCUS SMITH", "sex": "Male", "other": [], "type": "Defendant"}]}