{"info": {"status": "DISPOSED", "division": "CR-A", "judges": ["Anderson Jr, Bruce R"], "court": "Florida State, Duval County, Fourth Circuit Court", "title": "MICHAEL VINCENT FORTE", "date_filed": "10/16/2015", "link": "https://www.docketalarm.com/cases/Florida_State_Duval_County_Fourth_Circuit_Court/2015-CF-009151/MICHAEL_VINCENT_FORTE/", "judges_normalized": ["Anderson R"], "judge": "Anderson Jr, Bruce R", "type": "Circuit Criminal", "docket": "2015-CF-009151"}, "docket_report": [{"date": "7/11/2017", "number": "253", "contents": "<span class='description'>ORDER FOR REDUCTION OF SENTENCE \u2013 REDUCE OR MODIFY \u2013 3.800(C) DENIED</span> entered 07/12/2017.", "entry_date": "7/12/2017"}, {"date": "6/30/2017", "number": "252", "contents": "<span class='description'>MOTION FOR REDUCT OF SENT - REDUCE &amp; MODIFY 3.800(C)</span> entered 07/03/2017.", "entry_date": "7/3/2017"}, {"date": "6/6/2017", "number": "251", "contents": "<span class='description'>AFFIDAVIT/RETURN OF SERVICE</span> entered 06/08/2017.", "entry_date": "6/8/2017"}, {"date": "6/2/2017", "number": "250", "contents": "<span class='description'>RECEIPT FOR CIVIL PROCESS, JAIL, WARRANTS</span> entered 06/08/2017.", "entry_date": "6/8/2017"}, {"link_viewer": "https://www.docketalarm.com/cases/Florida_State_Duval_County_Fourth_Circuit_Court/2015-CF-009151/MICHAEL_VINCENT_FORTE/249/", "number": "249", "link": "https://www.docketalarm.com/cases/Florida_State_Duval_County_Fourth_Circuit_Court/2015-CF-009151/MICHAEL_VINCENT_FORTE/docs/249.pdf", "entry_date": "6/2/2017", "date": "6/2/2017", "contents": "<a href=\"/cases/Florida_State_Duval_County_Fourth_Circuit_Court/2015-CF-009151/MICHAEL_VINCENT_FORTE/249/\"><span class='description'>UNIFORM COMMITMENT TO CUSTODY OF DEPT. OF CORRECTIONS</span></a> entered 06/02/2017."}, {"link_viewer": "https://www.docketalarm.com/cases/Florida_State_Duval_County_Fourth_Circuit_Court/2015-CF-009151/MICHAEL_VINCENT_FORTE/248/", "number": "248", "link": "https://www.docketalarm.com/cases/Florida_State_Duval_County_Fourth_Circuit_Court/2015-CF-009151/MICHAEL_VINCENT_FORTE/docs/248.pdf", "entry_date": "6/2/2017", "date": "6/2/2017", "contents": "<a href=\"/cases/Florida_State_Duval_County_Fourth_Circuit_Court/2015-CF-009151/MICHAEL_VINCENT_FORTE/248/\"><span class='description'>COMMITMENT CHECKLIST SENT</span></a> entered 06/02/2017."}, {"date": "6/2/2017", "number": "247", "contents": "<span class='description'>CERTIFICATE OF SERVICE FOR JUDGMENT AND SENTENCE</span> entered 06/02/2017.", "entry_date": "6/2/2017"}, {"link_viewer": "https://www.docketalarm.com/cases/Florida_State_Duval_County_Fourth_Circuit_Court/2015-CF-009151/MICHAEL_VINCENT_FORTE/244/", "number": "244", "link": "https://www.docketalarm.com/cases/Florida_State_Duval_County_Fourth_Circuit_Court/2015-CF-009151/MICHAEL_VINCENT_FORTE/docs/244.pdf", "entry_date": "6/2/2017", "date": "6/1/2017", "contents": "<a href=\"/cases/Florida_State_Duval_County_Fourth_Circuit_Court/2015-CF-009151/MICHAEL_VINCENT_FORTE/244/\"><span class='description'>COURT ORDERED COSTS/FINES/FEES BOOK 18003 PAGE 1985-1986</span></a> entered 06/02/2017."}, {"link_viewer": "https://www.docketalarm.com/cases/Florida_State_Duval_County_Fourth_Circuit_Court/2015-CF-009151/MICHAEL_VINCENT_FORTE/243/", "number": "243", "link": "https://www.docketalarm.com/cases/Florida_State_Duval_County_Fourth_Circuit_Court/2015-CF-009151/MICHAEL_VINCENT_FORTE/docs/243.pdf", "entry_date": "6/2/2017", "date": "6/1/2017", "contents": "<a href=\"/cases/Florida_State_Duval_County_Fourth_Circuit_Court/2015-CF-009151/MICHAEL_VINCENT_FORTE/243/\"><span class='description'>PAYMENT AUTHORIZATION SHEET</span></a> entered 06/02/2017."}, {"date": "6/1/2017", "number": "242", "contents": "<span class='description'>SENTENCING GUIDELINES</span> entered 06/02/2017.", "entry_date": "6/2/2017"}, {"date": "6/1/2017", "number": "241", "contents": "<span class='description'>SEE COUNT 1</span> entered 06/02/2017.", "entry_date": "6/2/2017"}, {"date": "6/1/2017", "number": "240", "contents": "<span class='description'>CREDIT TIME: 595 DAYS</span> entered 06/02/2017.", "entry_date": "6/2/2017"}, {"date": "6/1/2017", "number": "239", "contents": "<span class='description'>JUDGMENT AND SENTENCE TO STATE PRISON FOR 15 YEARS</span> entered 06/02/2017.", "entry_date": "6/2/2017"}, {"date": "6/1/2017", "number": "238", "contents": "<span class='description'>DEF. ADJUDGED GUILTY - FINGERPRINTS TAKEN</span> entered 06/02/2017.", "entry_date": "6/2/2017"}, {"date": "6/1/2017", "number": "237", "contents": "<span class='description'>DEFENDANT PLEAD GUILTY</span> entered 06/02/2017.", "entry_date": "6/2/2017"}, {"date": "6/1/2017", "number": "236", "contents": "<span class='description'>SEE COUNT 1</span> entered 06/02/2017.", "entry_date": "6/2/2017"}, {"date": "6/1/2017", "number": "235", "contents": "<span class='description'>CREDIT TIME: 595 DAYS</span> entered 06/02/2017.", "entry_date": "6/2/2017"}, {"date": "6/1/2017", "number": "234", "contents": "<span class='description'>JUDGMENT AND SENTENCE TO STATE PRISON FOR 35 YEARS</span> entered 06/02/2017.", "entry_date": "6/2/2017"}, {"date": "6/1/2017", "number": "233", "contents": "<span class='description'>DEF. ADJUDGED GUILTY - FINGERPRINTS TAKEN</span> entered 06/02/2017.", "entry_date": "6/2/2017"}, {"date": "6/1/2017", "number": "232", "contents": "<span class='description'>DEFENDANT PLEAD GUILTY</span> entered 06/02/2017.", "entry_date": "6/2/2017"}, {"date": "6/1/2017", "number": "231", "contents": "<span class='description'>FEES DUE: 8/30/2052</span> entered 06/02/2017.", "entry_date": "6/2/2017"}, {"date": "6/1/2017", "number": "230", "contents": "<span class='description'>CSTF 20.00 IMPOSED</span> entered 06/02/2017.", "entry_date": "6/2/2017"}, {"date": "6/1/2017", "number": "229", "contents": "<span class='description'>SAIEF 100.00 IMPOSED</span> entered 06/02/2017.", "entry_date": "6/2/2017"}, {"date": "6/1/2017", "number": "228", "contents": "<span class='description'>AACC 65.00 IMPOSED</span> entered 06/02/2017.", "entry_date": "6/2/2017"}, {"date": "6/1/2017", "number": "227", "contents": "<span class='description'>TNC 3.00 IMPOSED</span> entered 06/02/2017.", "entry_date": "6/2/2017"}, {"date": "6/1/2017", "number": "226", "contents": "<span class='description'>LGTF 225.00 IMPOSED</span> entered 06/02/2017.", "entry_date": "6/2/2017"}, {"date": "6/1/2017", "number": "225", "contents": "<span class='description'>CCT 50.00 IMPOSED</span> entered 06/02/2017.", "entry_date": "6/2/2017"}, {"date": "6/1/2017", "number": "224", "contents": "<span class='description'>COURTATTY(JDGMTCOSTS) 100.00 IMPOSED</span> entered 06/02/2017.", "entry_date": "6/2/2017"}, {"date": "6/1/2017", "number": "223", "contents": "<span class='description'>COST OF COURT 50.00 IMPOSED</span> entered 06/02/2017.", "entry_date": "6/2/2017"}, {"date": "6/1/2017", "number": "222", "contents": "<span class='description'>LEEA 5.00 IMPOSED</span> entered 06/02/2017.", "entry_date": "6/2/2017"}, {"date": "6/1/2017", "number": "221", "contents": "<span class='description'>3 YEAR MINIMUM MANDATORY SENTENCE IMPOSED PER F.S. 775.087 AS TO COUNT 3</span> entered 06/02/2017.", "entry_date": "6/2/2017"}, {"date": "6/1/2017", "number": "220", "contents": "<span class='description'>25 YEAR MINIMUM MANDATORY SENTENCE IMPOSED PER F.S. 775.087 AS TO COUNT 1 AND COUNT 2</span> entered 06/02/2017.", "entry_date": "6/2/2017"}, {"date": "6/1/2017", "number": "219", "contents": "<span class='description'>CONCURRENT WITH CASE NUMBER/S 16-2015-CF-9180-AXXX</span> entered 06/02/2017.", "entry_date": "6/2/2017"}, {"date": "6/1/2017", "number": "218", "contents": "<span class='description'>CONCURRENT WITH COUNT/S 1-3</span> entered 06/02/2017.", "entry_date": "6/2/2017"}, {"date": "6/1/2017", "number": "217", "contents": "<span class='description'>CREDIT TIME: 595 DAYS</span> entered 06/02/2017.", "entry_date": "6/2/2017"}, {"link_viewer": "https://www.docketalarm.com/cases/Florida_State_Duval_County_Fourth_Circuit_Court/2015-CF-009151/MICHAEL_VINCENT_FORTE/216/", "number": "216", "link": "https://www.docketalarm.com/cases/Florida_State_Duval_County_Fourth_Circuit_Court/2015-CF-009151/MICHAEL_VINCENT_FORTE/docs/216.pdf", "entry_date": "6/2/2017", "date": "6/1/2017", "contents": "<a href=\"/cases/Florida_State_Duval_County_Fourth_Circuit_Court/2015-CF-009151/MICHAEL_VINCENT_FORTE/216/\"><span class='description'>JUDGMENT AND SENTENCE TO STATE PRISON FOR 35 YEARS BOOK 18003 PAGE 1935-1945</span></a> entered 06/02/2017."}, {"date": "6/1/2017", "number": "215", "contents": "<span class='description'>DEF. ADJUDGED GUILTY - FINGERPRINTS TAKEN</span> entered 06/02/2017.", "entry_date": "6/2/2017"}, {"date": "6/1/2017", "number": "214", "contents": "<span class='description'>DEFENDANT PLEAD GUILTY</span> entered 06/02/2017.", "entry_date": "6/2/2017"}, {"date": "6/1/2017", "number": "213", "contents": "<span class='description'>REDUCED S782.04(2) MURDER IN THE SECOND DEGREE WITH A WEAPON</span> entered 06/02/2017.", "entry_date": "6/2/2017"}, {"date": "6/1/2017", "number": "212", "contents": "<span class='description'>INDICTMENT FILED FOR S782.04(1)(A) MURDER - FIRST DEGREE</span> entered 06/02/2017.", "entry_date": "6/2/2017"}, {"date": "6/1/2017", "number": "211", "contents": "<span class='description'>ACKNOWLEDGE. OF RIGHTS &amp; VOLUNTARINESS OF ENTRY OF PLEA</span> entered 06/02/2017.", "entry_date": "6/2/2017"}, {"date": "6/1/2017", "number": "210", "contents": "<span class='description'>DEF. PERMITTED TO W/D PLEA OF NOT GUILTY/GUILTY</span> entered 06/02/2017.", "entry_date": "6/2/2017"}, {"date": "6/1/2017", "number": "209", "contents": "<span class='description'>DEFENDANT PRESENT IN JAIL</span> entered 06/02/2017.", "entry_date": "6/2/2017"}, {"date": "6/1/2017", "number": "208", "contents": "<span class='description'>ATTY. FOR DEF. FINNELL, ANN ELIZABETH</span> entered 06/02/2017.", "entry_date": "6/2/2017"}, {"date": "6/1/2017", "number": "207", "contents": "<span class='description'>ASST. STATE ATTY. FRENCH, CAMERON STACIE</span> entered 06/02/2017.", "entry_date": "6/2/2017"}, {"date": "6/1/2017", "number": "206", "contents": "<span class='description'>JUDGE ANDERSON JR, BRUCE R</span> entered 06/02/2017.", "entry_date": "6/2/2017"}, {"date": "5/18/2017", "number": "205", "contents": "<span class='description'>6/12/17 FPT AND 6/19/17 JS</span> entered 05/18/2017.", "entry_date": "5/18/2017"}, {"date": "5/18/2017", "number": "204", "contents": "<span class='description'>PRETRIAL 06/01/2017 9:00 AM - 508 5TH FLOOR, 501 W ADAMS ST JACKSONVILLE FL 32202</span> entered 05/18/2017.", "entry_date": "5/18/2017"}, {"date": "5/18/2017", "number": "203", "contents": "<span class='description'>OTHERS PRESENT: ASA: A. YOUNG FOR C. FRENCH</span> entered 05/18/2017.", "entry_date": "5/18/2017"}, {"date": "5/18/2017", "number": "202", "contents": "<span class='description'>DEFENDANT PRESENT IN JAIL</span> entered 05/18/2017.", "entry_date": "5/18/2017"}, {"date": "5/18/2017", "number": "201", "contents": "<span class='description'>ATTY. FOR DEF. FINNELL, ANN ELIZABETH</span> entered 05/18/2017.", "entry_date": "5/18/2017"}, {"date": "5/18/2017", "number": "200", "contents": "<span class='description'>ASST. STATE ATTY. FRENCH, CAMERON STACIE</span> entered 05/18/2017.", "entry_date": "5/18/2017"}, {"date": "5/18/2017", "number": "199", "contents": "<span class='description'>JUDGE ANDERSON JR, BRUCE R</span> entered 05/18/2017.", "entry_date": "5/18/2017"}, {"date": "5/10/2017", "number": "198", "contents": "<span class='description'>PRAE, FOR WITNESS SUBPOENA- STATE</span> entered 05/23/2017.", "entry_date": "5/23/2017"}, {"date": "5/9/2017", "number": "197", "contents": "<span class='description'>COURT ORDER FOR PAYMENT OF COSTS OF A MENTAL HEALTH EXPERT TO CONDUCT CONFIDENTIAL EXAMINATION OF DEFENDANT</span> entered 05/09/2017.", "entry_date": "5/9/2017"}, {"date": "5/4/2017", "number": "196", "contents": "<span class='description'>MOTION TO INCUR COSTS OF AND APPOINT MENTAL HEALTH EXPERT TO CONDUCT CONFIDENTIAL EXAMINATION OF DEFENDANT</span> entered 05/08/2017.", "entry_date": "5/8/2017"}, {"date": "4/25/2017", "number": "195", "contents": "<span class='description'>06/12/17 FPT; 06/19/17 JS</span> entered 04/25/2017.", "entry_date": "4/25/2017"}, {"date": "4/25/2017", "number": "194", "contents": "<span class='description'>PRETRIAL 05/18/2017 9:00 AM - 508 5TH FLOOR, 501 W ADAMS ST JACKSONVILLE FL 32202</span> entered 04/25/2017.", "entry_date": "4/25/2017"}, {"date": "4/25/2017", "number": "193", "contents": "<span class='description'>OTHERS PRESENT: Y. JONES FOR C. FRENCH</span> entered 04/25/2017.", "entry_date": "4/25/2017"}, {"date": "4/25/2017", "number": "192", "contents": "<span class='description'>DEFENDANT PRESENT IN JAIL</span> entered 04/25/2017.", "entry_date": "4/25/2017"}, {"date": "4/25/2017", "number": "191", "contents": "<span class='description'>ATTY. FOR DEF. FINNELL, ANN ELIZABETH</span> entered 04/25/2017.", "entry_date": "4/25/2017"}, {"date": "4/25/2017", "number": "190", "contents": "<span class='description'>ASST. STATE ATTY. FRENCH, CAMERON STACIE</span> entered 04/25/2017.", "entry_date": "4/25/2017"}, {"date": "4/25/2017", "number": "189", "contents": "<span class='description'>JUDGE ANDERSON JR, BRUCE R</span> entered 04/25/2017.", "entry_date": "4/25/2017"}, {"date": "4/21/2017", "number": "188", "contents": "<span class='description'>NOTICE OF TAKING DEPOSITIONS</span> entered 04/24/2017.", "entry_date": "4/24/2017"}, {"date": "4/21/2017", "number": "187", "contents": "<span class='description'>NOTICE OF TAKING DEPOSITIONS</span> entered 04/24/2017.", "entry_date": "4/24/2017"}, {"date": "4/11/2017", "number": "186", "contents": "<span class='description'>AFFIDAVIT/RETURN OF SERVICE</span> entered 04/18/2017.", "entry_date": "4/18/2017"}, {"date": "3/23/2017", "number": "185", "contents": "<span class='description'>NOTICE OF TAKING DEPOSITIONS</span> entered 03/24/2017.", "entry_date": "3/24/2017"}, {"date": "3/16/2017", "number": "184", "contents": "<span class='description'>NOTICE OF TAKING DEPOSITION (AMENDED)</span> entered 03/17/2017.", "entry_date": "3/17/2017"}, {"date": "3/8/2017", "number": "183", "contents": "<span class='description'>NOTICE OF TAKING DEPOSITION</span> entered 03/09/2017.", "entry_date": "3/9/2017"}, {"date": "2/23/2017", "number": "182", "contents": "<span class='description'>STATE'S ELEVENTH SUPPLEMENTAL DISCOVERY EXHIBIT</span> entered 02/24/2017.", "entry_date": "2/24/2017"}, {"date": "2/22/2017", "number": "181", "contents": "<span class='description'>STATE'S TENTH SUPPLEMENTAL DISCOVERY EXHIBIT</span> entered 02/23/2017.", "entry_date": "2/23/2017"}, {"date": "2/21/2017", "number": "180", "contents": "<span class='description'>6/12/17 FPT AND 6/19/17 JS</span> entered 02/21/2017.", "entry_date": "2/21/2017"}, {"date": "2/21/2017", "number": "179", "contents": "<span class='description'>PRETRIAL 04/25/2017 9:00 AM - 508 5TH FLOOR, 501 W ADAMS ST JACKSONVILLE FL 32202</span> entered 02/21/2017.", "entry_date": "2/21/2017"}, {"date": "2/21/2017", "number": "178", "contents": "<span class='description'>OTHERS PRESENT: ASA: M. POLIMENI FOR C. FRENCH</span> entered 02/21/2017.", "entry_date": "2/21/2017"}, {"date": "2/21/2017", "number": "177", "contents": "<span class='description'>DEFENDANT PRESENT IN JAIL</span> entered 02/21/2017.", "entry_date": "2/21/2017"}, {"date": "2/21/2017", "number": "176", "contents": "<span class='description'>ATTY. FOR DEF. FINNELL, ANN ELIZABETH</span> entered 02/21/2017.", "entry_date": "2/21/2017"}, {"date": "2/21/2017", "number": "175", "contents": "<span class='description'>ASST. STATE ATTY. FRENCH, CAMERON STACIE</span> entered 02/21/2017.", "entry_date": "2/21/2017"}, {"date": "2/21/2017", "number": "174", "contents": "<span class='description'>JUDGE ANDERSON JR, BRUCE R</span> entered 02/21/2017.", "entry_date": "2/21/2017"}, {"date": "2/8/2017", "number": "173", "contents": "<span class='description'>PRAE, FOR WITNESS SUBPOENA- STATE</span> entered 02/08/2017.", "entry_date": "2/8/2017"}, {"date": "1/6/2017", "number": "172", "contents": "<span class='description'>ORDER PERT. TO PAYMENT OF COSTS FOR COURT APPOINTED DEFENDANT</span> entered 01/06/2017.", "entry_date": "1/6/2017"}, {"date": "12/16/2016", "number": "171", "contents": "<span class='description'>NOTICE OF TAKING DEPOSITION</span> entered 12/16/2016.", "entry_date": "12/16/2016"}, {"date": "12/14/2016", "number": "170", "contents": "<span class='description'>6/12/17 FPT AND 6/19/17 JS</span> entered 02/10/2017.", "entry_date": "2/10/2017"}, {"date": "12/14/2016", "number": "169", "contents": "<span class='description'>5/15/2017 FPT AND 5/22/17 JS</span> entered 02/10/2017.", "entry_date": "2/10/2017"}, {"date": "12/14/2016", "number": "168", "contents": "<span class='description'>PRETRIAL 02/21/2017 9:00 AM - 508 5TH FLOOR, 501 W ADAMS ST JACKSONVILLE FL 32202</span> entered 12/14/2016.", "entry_date": "12/14/2016"}, {"date": "12/14/2016", "number": "167", "contents": "<span class='description'>DEFENDANT PRESENT</span> entered 12/14/2016.", "entry_date": "12/14/2016"}, {"date": "12/14/2016", "number": "166", "contents": "<span class='description'>ATTY. FOR DEF. FINNELL, ANN ELIZABETH</span> entered 12/14/2016.", "entry_date": "12/14/2016"}, {"date": "12/14/2016", "number": "165", "contents": "<span class='description'>ASST. STATE ATTY. FRENCH, CAMERON STACIE</span> entered 12/14/2016.", "entry_date": "12/14/2016"}, {"date": "12/14/2016", "number": "164", "contents": "<span class='description'>SITTING JUDGE - ARIAS, ROBERTO A.</span> entered 12/14/2016.", "entry_date": "12/14/2016"}, {"date": "12/14/2016", "number": "163", "contents": "<span class='description'>JUDGE VACANT,</span> entered 12/14/2016.", "entry_date": "12/14/2016"}, {"date": "12/12/2016", "number": "162", "contents": "<span class='description'>STATUS HEARING 12/14/2016 9:00 AM - 508 5TH FLOOR, 501 W ADAMS ST JACKSONVILLE FL 32202</span> entered 12/12/2016.", "entry_date": "12/12/2016"}, {"date": "12/12/2016", "number": "161", "contents": "<span class='description'>DEFENDANT PRESENT</span> entered 12/12/2016.", "entry_date": "12/12/2016"}, {"date": "12/12/2016", "number": "160", "contents": "<span class='description'>ATTY. FOR DEF. FINNELL, ANN ELIZABETH</span> entered 12/12/2016.", "entry_date": "12/12/2016"}, {"date": "12/12/2016", "number": "159", "contents": "<span class='description'>ASST. STATE ATTY. FRENCH, CAMERON STACIE</span> entered 12/12/2016.", "entry_date": "12/12/2016"}, {"date": "12/12/2016", "number": "158", "contents": "<span class='description'>SITTING JUDGE - ARIAS, ROBERTO A.</span> entered 12/12/2016.", "entry_date": "12/12/2016"}, {"date": "12/12/2016", "number": "157", "contents": "<span class='description'>JUDGE VACANT,</span> entered 12/12/2016.", "entry_date": "12/12/2016"}, {"date": "11/22/2016", "number": "156", "contents": "<span class='description'>MOTION TO INCUR COSTS FOR DEPOSITION TRANSCRIPTS FOR COURT APPOINTED DEFENDANT</span> entered 11/27/2016.", "entry_date": "11/27/2016"}, {"date": "11/21/2016", "number": "155", "contents": "<span class='description'>STATUS HEARING 12/12/2016 9:00 AM - 508 5TH FLOOR, 501 W ADAMS ST JACKSONVILLE FL 32202</span> entered 11/21/2016.", "entry_date": "11/21/2016"}, {"date": "11/21/2016", "number": "154", "contents": "<span class='description'>DEFENDANT PRESENT</span> entered 11/21/2016.", "entry_date": "11/21/2016"}, {"date": "11/21/2016", "number": "153", "contents": "<span class='description'>ATTY. FOR DEF. FINNELL, ANN ELIZABETH</span> entered 11/21/2016.", "entry_date": "11/21/2016"}, {"date": "11/21/2016", "number": "152", "contents": "<span class='description'>ASST. STATE ATTY. FRENCH, CAMERON STACIE</span> entered 11/21/2016.", "entry_date": "11/21/2016"}, {"date": "11/21/2016", "number": "151", "contents": "<span class='description'>SITTING JUDGE - ARIAS, ROBERTO A.</span> entered 11/21/2016.", "entry_date": "11/21/2016"}, {"date": "11/21/2016", "number": "150", "contents": "<span class='description'>JUDGE VACANT,</span> entered 11/21/2016.", "entry_date": "11/21/2016"}, {"date": "11/16/2016", "number": "149", "contents": "<span class='description'>AFFIDAVIT/RETURN OF SERVICE</span> entered 11/22/2016.", "entry_date": "11/22/2016"}, {"date": "10/31/2016", "number": "148", "contents": "<span class='description'>NOTICE OF TAKING DEPOSITION (AMENDED)</span> entered 11/01/2016.", "entry_date": "11/1/2016"}, {"date": "10/24/2016", "number": "147", "contents": "<span class='description'>NOTICE OF TAKING DEPOSITION</span> entered 10/24/2016.", "entry_date": "10/24/2016"}, {"date": "10/24/2016", "number": "146", "contents": "<span class='description'>NOTICE OF TAKING DEPOSITION</span> entered 10/24/2016.", "entry_date": "10/24/2016"}, {"date": "10/11/2016", "number": "145", "contents": "<span class='description'>STATUS HEARING 11/21/2016 9:00 AM - 508 5TH FLOOR, 501 W ADAMS ST JACKSONVILLE FL 32202</span> entered 10/11/2016.", "entry_date": "10/11/2016"}, {"date": "10/11/2016", "number": "144", "contents": "<span class='description'>DEFENDANT PRESENT</span> entered 10/11/2016.", "entry_date": "10/11/2016"}, {"date": "10/11/2016", "number": "143", "contents": "<span class='description'>ATTY. FOR DEF. FINNELL, ANN ELIZABETH</span> entered 10/11/2016.", "entry_date": "10/11/2016"}, {"date": "10/11/2016", "number": "142", "contents": "<span class='description'>ASST. STATE ATTY. FRENCH, CAMERON STACIE</span> entered 10/11/2016.", "entry_date": "10/11/2016"}, {"date": "10/11/2016", "number": "141", "contents": "<span class='description'>SITTING JUDGE - ARIAS, ROBERTO A.</span> entered 10/11/2016.", "entry_date": "10/11/2016"}, {"date": "10/11/2016", "number": "140", "contents": "<span class='description'>JUDGE VACANT,</span> entered 10/11/2016.", "entry_date": "10/11/2016"}, {"date": "8/18/2016", "number": "139", "contents": "<span class='description'>STATUS HEARING 10/11/2016 9:00 AM - 508 5TH FLOOR, 501 W ADAMS ST JACKSONVILLE FL 32202</span> entered 08/18/2016.", "entry_date": "8/18/2016"}, {"date": "8/18/2016", "number": "138", "contents": "<span class='description'>DEFENDANT PRESENT</span> entered 08/18/2016.", "entry_date": "8/18/2016"}, {"date": "8/18/2016", "number": "137", "contents": "<span class='description'>ATTY. FOR DEF. FINNELL, ANN ELIZABETH</span> entered 08/18/2016.", "entry_date": "8/18/2016"}, {"date": "8/18/2016", "number": "136", "contents": "<span class='description'>ASST. STATE ATTY. FRENCH, CAMERON STACIE</span> entered 08/18/2016.", "entry_date": "8/18/2016"}, {"date": "8/18/2016", "number": "135", "contents": "<span class='description'>SITTING JUDGE - ARIAS, ROBERTO A.</span> entered 08/18/2016.", "entry_date": "8/18/2016"}, {"date": "8/18/2016", "number": "134", "contents": "<span class='description'>JUDGE HULSEY, MARK</span> entered 08/18/2016.", "entry_date": "8/18/2016"}, {"date": "8/3/2016", "number": "133", "contents": "<span class='description'>MOTION TO INCUR COSTS OF A PHARMACOLOGIST</span> entered 08/04/2016.", "entry_date": "8/4/2016"}, {"date": "7/19/2016", "number": "132", "contents": "<span class='description'>ORDER ON MOTION FOR PAYMENT OF CERTAIN SPECIFIED COSTS FOR COURT APPOINTED DEFT.</span> entered 07/19/2016.", "entry_date": "7/19/2016"}, {"date": "7/14/2016", "number": "131", "contents": "<span class='description'>MOTION FOR PAYMENT OF COSTS</span> entered 07/21/2016.", "entry_date": "7/21/2016"}, {"date": "7/14/2016", "number": "130", "contents": "<span class='description'>STATUS HEARING 08/18/2016 9:00 AM - 508 5TH FLOOR, 501 W ADAMS ST JACKSONVILLE FL 32202</span> entered 07/14/2016.", "entry_date": "7/14/2016"}, {"date": "7/14/2016", "number": "129", "contents": "<span class='description'>DEFENDANT APPEARANCE WAIVED</span> entered 07/14/2016.", "entry_date": "7/14/2016"}, {"date": "7/14/2016", "number": "128", "contents": "<span class='description'>ATTY. FOR DEF. FINNELL, ANN ELIZABETH</span> entered 07/14/2016.", "entry_date": "7/14/2016"}, {"date": "7/14/2016", "number": "127", "contents": "<span class='description'>ASST. STATE ATTY. FRENCH, CAMERON STACIE</span> entered 07/14/2016.", "entry_date": "7/14/2016"}, {"date": "7/14/2016", "number": "126", "contents": "<span class='description'>JUDGE HULSEY, MARK</span> entered 07/14/2016.", "entry_date": "7/14/2016"}, {"date": "6/28/2016", "number": "125", "contents": "<span class='description'>STATES# 9 SUPPLEMENTAL DISCOVERY EXHIBIT</span> entered 06/28/2016.", "entry_date": "6/28/2016"}, {"date": "6/21/2016", "number": "124", "contents": "<span class='description'>NOTICE OF TAKING DEPOSITION</span> entered 06/22/2016.", "entry_date": "6/22/2016"}, {"date": "6/14/2016", "number": "123", "contents": "<span class='description'>STATUS HEARING 07/14/2016 9:00 AM - 508 5TH FLOOR, 501 W ADAMS ST JACKSONVILLE FL 32202</span> entered 06/14/2016.", "entry_date": "6/14/2016"}, {"date": "6/14/2016", "number": "122", "contents": "<span class='description'>DEFENDANT PRESENT</span> entered 06/14/2016.", "entry_date": "6/14/2016"}, {"date": "6/14/2016", "number": "121", "contents": "<span class='description'>ATTY. FOR DEF. FINNELL, ANN ELIZABETH</span> entered 06/14/2016.", "entry_date": "6/14/2016"}, {"date": "6/14/2016", "number": "120", "contents": "<span class='description'>ASST. STATE ATTY. FRENCH, CAMERON STACIE</span> entered 06/14/2016.", "entry_date": "6/14/2016"}, {"date": "6/14/2016", "number": "119", "contents": "<span class='description'>JUDGE HULSEY, MARK</span> entered 06/14/2016.", "entry_date": "6/14/2016"}, {"date": "6/6/2016", "number": "118", "contents": "<span class='description'>COURT ORDER ON MOTION FOR PAYMENT OF CERTAIN SPECIFIED COSTS FOR COURT APPOINTED DEFENDANT - GRANTED</span> entered 06/07/2016.", "entry_date": "6/7/2016"}, {"date": "6/3/2016", "number": "117", "contents": "<span class='description'>MOTION TO INCUR COSTS FOR DEPOSITION TRANSCRIPTS FOR COURT APPOINTED DEFENDANT</span> entered 06/07/2016.", "entry_date": "6/7/2016"}, {"date": "5/17/2016", "number": "116", "contents": "<span class='description'>STATUS HEARING 06/14/2016 9:00 AM - 508 5TH FLOOR, 501 W ADAMS ST JACKSONVILLE FL 32202</span> entered 05/17/2016.", "entry_date": "5/17/2016"}, {"date": "5/17/2016", "number": "115", "contents": "<span class='description'>DEFENDANT PRESENT</span> entered 05/17/2016.", "entry_date": "5/17/2016"}, {"date": "5/17/2016", "number": "114", "contents": "<span class='description'>ATTY. FOR DEF. FINNELL, ANN ELIZABETH</span> entered 05/17/2016.", "entry_date": "5/17/2016"}, {"date": "5/17/2016", "number": "113", "contents": "<span class='description'>ASST. STATE ATTY. FRENCH, CAMERON STACIE</span> entered 05/17/2016.", "entry_date": "5/17/2016"}, {"date": "5/17/2016", "number": "112", "contents": "<span class='description'>JUDGE HULSEY, MARK</span> entered 05/17/2016.", "entry_date": "5/17/2016"}, {"date": "5/10/2016", "number": "111", "contents": "<span class='description'>NOTICE OF TAKING DEPOSITION</span> entered 05/12/2016.", "entry_date": "5/12/2016"}, {"date": "5/3/2016", "number": "110", "contents": "<span class='description'>STATES# 8TH SUPPLEMENTAL DISCOVERY EXHIBIT</span> entered 05/03/2016.", "entry_date": "5/3/2016"}, {"date": "4/19/2016", "number": "109", "contents": "<span class='description'>STATES# SEVENTH SUPPLEMENTAL DISCOVERY EXHIBIT</span> entered 04/20/2016.", "entry_date": "4/20/2016"}, {"date": "4/12/2016", "number": "108", "contents": "<span class='description'>STATUS HEARING 05/17/2016 9:00 AM - 508 5TH FLOOR, 501 W ADAMS ST JACKSONVILLE FL 32202</span> entered 04/12/2016.", "entry_date": "4/12/2016"}, {"date": "4/12/2016", "number": "107", "contents": "<span class='description'>DEFENDANT PRESENT</span> entered 04/12/2016.", "entry_date": "4/12/2016"}, {"date": "4/12/2016", "number": "106", "contents": "<span class='description'>ATTY. FOR DEF. FINNELL, ANN ELIZABETH</span> entered 04/12/2016.", "entry_date": "4/12/2016"}, {"date": "4/12/2016", "number": "105", "contents": "<span class='description'>ASST. STATE ATTY. FRENCH, CAMERON STACIE</span> entered 04/12/2016.", "entry_date": "4/12/2016"}, {"date": "4/12/2016", "number": "104", "contents": "<span class='description'>JUDGE HULSEY, MARK</span> entered 04/12/2016.", "entry_date": "4/12/2016"}, {"date": "4/4/2016", "number": "103", "contents": "<span class='description'>DEMAND FOR DISCOVERY (SUPPLEMENTAL)</span> entered 04/05/2016.", "entry_date": "4/5/2016"}, {"date": "3/15/2016", "number": "102", "contents": "<span class='description'>STATUS HEARING 04/12/2016 9:00 AM - 508 5TH FLOOR, 501 W ADAMS ST JACKSONVILLE FL 32202</span> entered 03/15/2016.", "entry_date": "3/15/2016"}, {"date": "3/15/2016", "number": "101", "contents": "<span class='description'>DEFENDANT PRESENT</span> entered 03/15/2016.", "entry_date": "3/15/2016"}, {"date": "3/15/2016", "number": "100", "contents": "<span class='description'>ATTY. FOR DEF. FINNELL, ANN ELIZABETH</span> entered 03/15/2016.", "entry_date": "3/15/2016"}, {"date": "3/15/2016", "number": "99", "contents": "<span class='description'>ASST. STATE ATTY. FRENCH, CAMERON STACIE</span> entered 03/15/2016.", "entry_date": "3/15/2016"}, {"date": "3/15/2016", "number": "98", "contents": "<span class='description'>JUDGE HULSEY, MARK</span> entered 03/15/2016.", "entry_date": "3/15/2016"}, {"date": "3/7/2016", "number": "97", "contents": "<span class='description'>STATUS HEARING 03/15/2016 9:00 AM - 508 5TH FLOOR, 501 W ADAMS ST JACKSONVILLE FL 32202</span> entered 03/07/2016.", "entry_date": "3/7/2016"}, {"date": "3/7/2016", "number": "96", "contents": "<span class='description'>&gt; CANCEL REASON - PER JA EMAIL</span> entered 03/07/2016.", "entry_date": "3/7/2016"}, {"date": "3/7/2016", "number": "95", "contents": "<span class='description'>CANCELLED STATUS HEARING ON 3/8/2016 9:00:00 AM</span> entered 03/07/2016.", "entry_date": "3/7/2016"}, {"date": "3/2/2016", "number": "94", "contents": "<span class='description'>MOTION FOR PAYMENT OF COSTS</span> entered 03/08/2016.", "entry_date": "3/8/2016"}, {"date": "3/1/2016", "number": "93", "contents": "<span class='description'>STATE'S FIFTH SUPPLEMENTAL DISCOVERY EXHIBIT</span> entered 03/02/2016.", "entry_date": "3/2/2016"}, {"date": "2/29/2016", "number": "92", "contents": "<span class='description'>AFFIDAVIT/RETURN OF SERVICE</span> entered 03/10/2016.", "entry_date": "3/10/2016"}, {"date": "2/29/2016", "number": "91", "contents": "<span class='description'>STATE'S FOURTH DISCOVERY EXHIBIT</span> entered 02/29/2016.", "entry_date": "2/29/2016"}, {"date": "2/9/2016", "number": "90", "contents": "<span class='description'>STATUS HEARING 03/08/2016 9:00 AM - 508 5TH FLOOR, 501 W ADAMS ST JACKSONVILLE FL 32202</span> entered 02/09/2016.", "entry_date": "2/9/2016"}, {"date": "2/9/2016", "number": "89", "contents": "<span class='description'>DEFENDANT PRESENT</span> entered 02/09/2016.", "entry_date": "2/9/2016"}, {"date": "2/9/2016", "number": "88", "contents": "<span class='description'>ATTY. FOR DEF. FINNELL, ANN ELIZABETH</span> entered 02/09/2016.", "entry_date": "2/9/2016"}, {"date": "2/9/2016", "number": "87", "contents": "<span class='description'>ASST. STATE ATTY. FRENCH, CAMERON STACIE</span> entered 02/09/2016.", "entry_date": "2/9/2016"}, {"date": "2/9/2016", "number": "86", "contents": "<span class='description'>JUDGE HULSEY, MARK</span> entered 02/09/2016.", "entry_date": "2/9/2016"}, {"date": "2/5/2016", "number": "85", "contents": "<span class='description'>PER ORDER</span> entered 02/05/2016.", "entry_date": "2/5/2016"}, {"date": "2/5/2016", "number": "84", "contents": "<span class='description'>PRETRIAL 02/09/2016 9:00 AM - 508 5TH FLOOR, 501 W ADAMS ST JACKSONVILLE FL 32202</span> entered 02/05/2016.", "entry_date": "2/5/2016"}, {"date": "2/5/2016", "number": "83", "contents": "<span class='description'>&gt; CANCEL REASON -</span> entered 02/05/2016.", "entry_date": "2/5/2016"}, {"date": "2/5/2016", "number": "82", "contents": "<span class='description'>CANCELLED PRETRIAL ON 2/9/2016 9:00:00 AM</span> entered 02/05/2016.", "entry_date": "2/5/2016"}, {"date": "2/5/2016", "number": "81", "contents": "<span class='description'>TRANSFER TO DIV. CR-A (CIRCUIT)</span> entered 02/05/2016.", "entry_date": "2/5/2016"}, {"date": "2/4/2016", "number": "80", "contents": "<span class='description'>COURT ORDER OF REASSIGNMENT</span> entered 02/05/2016.", "entry_date": "2/5/2016"}, {"date": "2/3/2016", "number": "79", "contents": "<span class='description'>COURT ORDER OF RECUSAL</span> entered 02/04/2016.", "entry_date": "2/4/2016"}, {"date": "2/3/2016", "number": "78", "contents": "<span class='description'>PRETRIAL 02/09/2016 9:00 AM - 308 3RD FLOOR, 501 W ADAMS ST JACKSONVILLE FL 32202</span> entered 02/03/2016.", "entry_date": "2/3/2016"}, {"date": "2/3/2016", "number": "77", "contents": "<span class='description'>DEFENDANT APPEARANCE WAIVED</span> entered 02/03/2016.", "entry_date": "2/3/2016"}, {"date": "2/3/2016", "number": "76", "contents": "<span class='description'>ATTY. FOR DEF. FINNELL, ANN ELIZABETH</span> entered 02/03/2016.", "entry_date": "2/3/2016"}, {"date": "2/3/2016", "number": "75", "contents": "<span class='description'>ASST. STATE ATTY. FRENCH, CAMERON STACIE</span> entered 02/03/2016.", "entry_date": "2/3/2016"}, {"date": "2/3/2016", "number": "74", "contents": "<span class='description'>JUDGE WHITTINGTON, STEVEN B</span> entered 02/03/2016.", "entry_date": "2/3/2016"}, {"date": "1/26/2016", "number": "73", "contents": "<span class='description'>WAIVER OF SPEEDY TRIAL</span> entered 01/26/2016.", "entry_date": "1/26/2016"}, {"date": "1/13/2016", "number": "72", "contents": "<span class='description'>PRETRIAL 02/03/2016 9:00 AM - 306 3RD FLOOR, 501 W ADAMS ST JACKSONVILLE FL 32202</span> entered 01/13/2016.", "entry_date": "1/13/2016"}, {"date": "1/13/2016", "number": "71", "contents": "<span class='description'>DEFENDANT PRESENT IN JAIL</span> entered 01/13/2016.", "entry_date": "1/13/2016"}, {"date": "1/13/2016", "number": "70", "contents": "<span class='description'>ATTY. FOR DEF. FINNELL, ANN ELIZABETH</span> entered 01/13/2016.", "entry_date": "1/13/2016"}, {"date": "1/13/2016", "number": "69", "contents": "<span class='description'>ASST. STATE ATTY. FRENCH, CAMERON STACIE</span> entered 01/13/2016.", "entry_date": "1/13/2016"}, {"date": "1/13/2016", "number": "68", "contents": "<span class='description'>JUDGE SALVADOR, TATIANA</span> entered 01/13/2016.", "entry_date": "1/13/2016"}, {"date": "12/18/2015", "number": "67", "contents": "<span class='description'>COURT ORDER AUTHORIZING CERTAIN SPECIFIED COSTS FOR COURT APPOINTED DEFENDANT</span> entered 12/21/2015.", "entry_date": "12/21/2015"}, {"date": "12/17/2015", "number": "66", "contents": "<span class='description'>MOTION TO INCUR CERTAIN SPECIFIED COSTS FOR COURT APPOINTED DEFENDANT</span> entered 12/18/2015.", "entry_date": "12/18/2015"}, {"date": "12/16/2015", "number": "65", "contents": "<span class='description'>DEMAND FOR DISCOVERY (SUPPLEMENTAL)</span> entered 12/17/2015.", "entry_date": "12/17/2015"}, {"date": "12/8/2015", "number": "64", "contents": "<span class='description'>COURT ORDER FOR PAYMENT OF COSTS FOR TRANSCRIPTS OF AUDIO AND VIDEO RECORDINGS FOR COURT APPOINTED DEFENDANT</span> entered 12/10/2015.", "entry_date": "12/10/2015"}, {"date": "12/7/2015", "number": "63", "contents": "<span class='description'>MOTION TO INCUR COSTS FOR CD TRANSCRIPTS FOR COURT APPOINTED DEFENDANT</span> entered 12/10/2015.", "entry_date": "12/10/2015"}, {"date": "12/3/2015", "number": "62", "contents": "<span class='description'>STATES 2nd SUPPLEMENTAL DISCOVERY EXHIBIT</span> entered 12/04/2015.", "entry_date": "12/4/2015"}, {"date": "12/1/2015", "number": "61", "contents": "<span class='description'>STATES SUPPLEMENTAL DISCOVERY EXHIBIT</span> entered 12/03/2015.", "entry_date": "12/3/2015"}, {"date": "12/1/2015", "number": "60", "contents": "<span class='description'>PRETRIAL 01/13/2016 9:00 AM - 306 3RD FLOOR, 501 W ADAMS ST JACKSONVILLE FL 32202</span> entered 12/01/2015.", "entry_date": "12/1/2015"}, {"date": "12/1/2015", "number": "59", "contents": "<span class='description'>DEFENDANT WAIVED READING OF INDICTMENT AND PLEAD NG</span> entered 12/01/2015.", "entry_date": "12/1/2015"}, {"date": "12/1/2015", "number": "58", "contents": "<span class='description'>DEFENDANT PRESENT IN JAIL</span> entered 12/01/2015.", "entry_date": "12/1/2015"}, {"date": "12/1/2015", "number": "57", "contents": "<span class='description'>ATTY. FOR DEF. FINNELL, ANN ELIZABETH</span> entered 12/01/2015.", "entry_date": "12/1/2015"}, {"date": "12/1/2015", "number": "56", "contents": "<span class='description'>ASST. STATE ATTY. FRENCH, CAMERON STACIE</span> entered 12/01/2015.", "entry_date": "12/1/2015"}, {"date": "12/1/2015", "number": "55", "contents": "<span class='description'>JUDGE SALVADOR, TATIANA</span> entered 12/01/2015.", "entry_date": "12/1/2015"}, {"date": "12/1/2015", "number": "54", "contents": "<span class='description'>PRETRIAL 12/01/2015 9:00 AM - 306 3RD FLOOR, 501 W ADAMS ST JACKSONVILLE FL 32202</span> entered 12/01/2015.", "entry_date": "12/1/2015"}, {"date": "12/1/2015", "number": "53", "contents": "<span class='description'>&gt; CANCEL REASON - ADD-ON 12/1</span> entered 12/01/2015.", "entry_date": "12/1/2015"}, {"date": "12/1/2015", "number": "52", "contents": "<span class='description'>CANCELLED PRETRIAL ON 12/2/2015 9:00:00 AM</span> entered 12/01/2015.", "entry_date": "12/1/2015"}, {"date": "11/25/2015", "number": "51", "contents": "<span class='description'>NOTICE OF DISCOVERY</span> entered 11/30/2015.", "entry_date": "11/30/2015"}, {"date": "11/25/2015", "number": "50", "contents": "<span class='description'>MOTION FOR STATEMENT OF PARTICULARS</span> entered 11/30/2015.", "entry_date": "11/30/2015"}, {"link_viewer": "https://www.docketalarm.com/cases/Florida_State_Duval_County_Fourth_Circuit_Court/2015-CF-009151/MICHAEL_VINCENT_FORTE/49/", "number": "49", "link": "https://www.docketalarm.com/cases/Florida_State_Duval_County_Fourth_Circuit_Court/2015-CF-009151/MICHAEL_VINCENT_FORTE/docs/49.pdf", "entry_date": "11/20/2015", "date": "11/19/2015", "contents": "<a href=\"/cases/Florida_State_Duval_County_Fourth_Circuit_Court/2015-CF-009151/MICHAEL_VINCENT_FORTE/49/\"><span class='description'>ORDER APPOINTING ATTORNEY</span></a> entered 11/20/2015."}, {"date": "11/19/2015", "number": "48", "contents": "<span class='description'>INDICTMENT FILED FOR S790.23(1)(A) POSSESSION OF A FIREARM, WEAPON OR AMMUNITION BY A CONVICTED FELON</span> entered 01/12/2016.", "entry_date": "1/12/2016"}, {"date": "11/19/2015", "number": "47", "contents": "<span class='description'>INDICTMENT FILED FOR S812.13(2)(A) ARMED ROBBERY</span> entered 11/19/2015.", "entry_date": "11/19/2015"}, {"date": "11/19/2015", "number": "46", "contents": "<span class='description'>INDICTMENT FILED FOR S782.04(1)(A) MURDER - FIRST DEGREE</span> entered 11/19/2015.", "entry_date": "11/19/2015"}, {"date": "11/18/2015", "number": "45", "contents": "<span class='description'>DEFENDANT NOT PRESENT</span> entered 11/18/2015.", "entry_date": "11/18/2015"}, {"date": "11/18/2015", "number": "44", "contents": "<span class='description'>ATTY. FOR DEF. CARLISLE, KEVIN D</span> entered 11/18/2015.", "entry_date": "11/18/2015"}, {"date": "11/18/2015", "number": "43", "contents": "<span class='description'>ASST. STATE ATTY. FRENCH, CAMERON STACIE</span> entered 11/18/2015.", "entry_date": "11/18/2015"}, {"date": "11/18/2015", "number": "42", "contents": "<span class='description'>JUDGE SALVADOR, TATIANA</span> entered 11/18/2015.", "entry_date": "11/18/2015"}, {"date": "11/17/2015", "number": "41", "contents": "<span class='description'>PER EMAIL</span> entered 11/17/2015.", "entry_date": "11/17/2015"}, {"link_viewer": "https://www.docketalarm.com/cases/Florida_State_Duval_County_Fourth_Circuit_Court/2015-CF-009151/MICHAEL_VINCENT_FORTE/40/", "number": "40", "link": "https://www.docketalarm.com/cases/Florida_State_Duval_County_Fourth_Circuit_Court/2015-CF-009151/MICHAEL_VINCENT_FORTE/docs/40.pdf", "entry_date": "11/17/2015", "date": "11/17/2015", "contents": "<a href=\"/cases/Florida_State_Duval_County_Fourth_Circuit_Court/2015-CF-009151/MICHAEL_VINCENT_FORTE/40/\"><span class='description'>STATUS HEARING 11/18/2015 9:00 AM - 306 3RD FLOOR, 501 W ADAMS ST JACKSONVILLE FL 32202</span></a> entered 11/17/2015."}, {"date": "11/10/2015", "number": "39", "contents": "<span class='description'>STATE'S DISCOVERY EXHIBIT AND DEMAND FOR RECIPROCAL DISCOVERY</span> entered 11/12/2015.", "entry_date": "11/12/2015"}, {"date": "11/10/2015", "number": "38", "contents": "<span class='description'>ORDER TO COMPEL</span> entered 11/10/2015.", "entry_date": "11/10/2015"}, {"date": "11/10/2015", "number": "37", "contents": "<span class='description'>PLEA OF NOT GUILTY</span> entered 11/10/2015.", "entry_date": "11/10/2015"}, {"date": "11/10/2015", "number": "36", "contents": "<span class='description'>PLEA OF NOT GUILTY</span> entered 11/10/2015.", "entry_date": "11/10/2015"}, {"date": "11/10/2015", "number": "35", "contents": "<span class='description'>PLEA OF NOT GUILTY</span> entered 11/10/2015.", "entry_date": "11/10/2015"}, {"date": "11/10/2015", "number": "34", "contents": "<span class='description'>PRETRIAL 12/02/2015 9:00 AM - 306 3RD FLOOR, 501 W ADAMS ST JACKSONVILLE FL 32202</span> entered 11/10/2015.", "entry_date": "11/10/2015"}, {"date": "11/10/2015", "number": "33", "contents": "<span class='description'>DEF. W/READING OF INFO &amp; PLEAD NG</span> entered 11/10/2015.", "entry_date": "11/10/2015"}, {"date": "11/10/2015", "number": "32", "contents": "<span class='description'>DEFENDANT PRESENT IN JAIL</span> entered 11/10/2015.", "entry_date": "11/10/2015"}, {"date": "11/10/2015", "number": "31", "contents": "<span class='description'>ATTY. FOR DEF. CARLISLE, KEVIN D</span> entered 11/10/2015.", "entry_date": "11/10/2015"}, {"date": "11/10/2015", "number": "30", "contents": "<span class='description'>PUBLIC DEFENDER PERMITTED TO WITHDRAW AS COUNSEL FOR DEF. CONFLICT</span> entered 11/10/2015.", "entry_date": "11/10/2015"}, {"date": "11/10/2015", "number": "29", "contents": "<span class='description'>ASST. PUB. DEF. PUBLIC DEFENDER ASSIGNED</span> entered 11/10/2015.", "entry_date": "11/10/2015"}, {"date": "11/10/2015", "number": "28", "contents": "<span class='description'>ASST. STATE ATTY. FRENCH, CAMERON STACIE</span> entered 11/10/2015.", "entry_date": "11/10/2015"}, {"date": "11/10/2015", "number": "27", "contents": "<span class='description'>JUDGE SALVADOR, TATIANA</span> entered 11/10/2015.", "entry_date": "11/10/2015"}, {"date": "11/9/2015", "number": "26", "contents": "<span class='description'>MOTION TO COMPEL FINGERPRINT SPECIMENS</span> entered 11/12/2015.", "entry_date": "11/12/2015"}, {"date": "10/29/2015", "number": "25", "contents": "<span class='description'>ARRAIGNMENT DATE 11/10/2015 9:00 AM - 306 3RD FLOOR, 501 W ADAMS ST JACKSONVILLE FL 32202</span> entered 10/30/2015.", "entry_date": "10/30/2015"}, {"date": "10/29/2015", "number": "24", "contents": "<span class='description'>INFORMATION FILED S790.23(1)(A) POSSESSION OF A FIREARM, WEAPON OR AMMUNITION BY A CONVICTED FELON</span> entered 11/05/2015.", "entry_date": "11/5/2015"}, {"date": "10/29/2015", "number": "23", "contents": "<span class='description'>INFORMATION FILED S812.13(2)(A) ARMED ROBBERY</span> entered 10/30/2015.", "entry_date": "10/30/2015"}, {"date": "10/29/2015", "number": "22", "contents": "<span class='description'>INFORMATION FILED S782.04(2) MURDER IN THE SECOND DEGREE WITH A WEAPON</span> entered 10/30/2015.", "entry_date": "10/30/2015"}, {"date": "10/29/2015", "number": "21", "contents": "<span class='description'>INFORMATION</span> entered 10/30/2015.", "entry_date": "10/30/2015"}, {"date": "10/29/2015", "number": "20", "contents": "<span class='description'>TRIAL ASSISTANT STATE ATTORNEY CHANGED TO French, Cameron Stacie PER SAO</span> entered 10/29/2015.", "entry_date": "10/29/2015"}, {"link_viewer": "https://www.docketalarm.com/cases/Florida_State_Duval_County_Fourth_Circuit_Court/2015-CF-009151/MICHAEL_VINCENT_FORTE/19/", "number": "19", "link": "https://www.docketalarm.com/cases/Florida_State_Duval_County_Fourth_Circuit_Court/2015-CF-009151/MICHAEL_VINCENT_FORTE/docs/19.pdf", "entry_date": "10/21/2015", "date": "10/21/2015", "contents": "<a href=\"/cases/Florida_State_Duval_County_Fourth_Circuit_Court/2015-CF-009151/MICHAEL_VINCENT_FORTE/19/\"><span class='description'>ORDER ALLOWING PUBLIC DEFENDER TO WITHDRAW AND APPOINTING ATTORNEY</span></a> entered 10/21/2015."}, {"link_viewer": "https://www.docketalarm.com/cases/Florida_State_Duval_County_Fourth_Circuit_Court/2015-CF-009151/MICHAEL_VINCENT_FORTE/18/", "number": "18", "link": "https://www.docketalarm.com/cases/Florida_State_Duval_County_Fourth_Circuit_Court/2015-CF-009151/MICHAEL_VINCENT_FORTE/docs/18.pdf", "entry_date": "10/20/2015", "date": "10/20/2015", "contents": "<a href=\"/cases/Florida_State_Duval_County_Fourth_Circuit_Court/2015-CF-009151/MICHAEL_VINCENT_FORTE/18/\"><span class='description'>REGIONAL CONFLICT COUNSEL RESPONSE - ACCEPT</span></a> entered 10/20/2015."}, {"link_viewer": "https://www.docketalarm.com/cases/Florida_State_Duval_County_Fourth_Circuit_Court/2015-CF-009151/MICHAEL_VINCENT_FORTE/17/", "number": "17", "link": "https://www.docketalarm.com/cases/Florida_State_Duval_County_Fourth_Circuit_Court/2015-CF-009151/MICHAEL_VINCENT_FORTE/docs/17.pdf", "entry_date": "10/20/2015", "date": "10/20/2015", "contents": "<a href=\"/cases/Florida_State_Duval_County_Fourth_Circuit_Court/2015-CF-009151/MICHAEL_VINCENT_FORTE/17/\"><span class='description'>NOTIFICATION OF ATTORNEY CONFLICT</span></a> entered 10/20/2015."}, {"date": "10/20/2015", "number": "16", "contents": "<span class='description'>MOTION TO WITHDRAW</span> entered 10/20/2015.", "entry_date": "10/20/2015"}, {"date": "10/16/2015", "number": "14", "contents": "<span class='description'>ARRAIGNMENT COURT DATE: 11/05/2015 SUBJECT TO CHANGE. CALL FOR VERIFICATION</span> entered 10/19/2015.", "entry_date": "10/19/2015"}, {"date": "10/16/2015", "number": "13", "contents": "<span class='description'>MOTION TO SET BOND</span> entered 10/19/2015.", "entry_date": "10/19/2015"}, {"link_viewer": "https://www.docketalarm.com/cases/Florida_State_Duval_County_Fourth_Circuit_Court/2015-CF-009151/MICHAEL_VINCENT_FORTE/12/", "number": "12", "link": "https://www.docketalarm.com/cases/Florida_State_Duval_County_Fourth_Circuit_Court/2015-CF-009151/MICHAEL_VINCENT_FORTE/docs/12.pdf", "entry_date": "10/19/2015", "date": "10/16/2015", "contents": "<a href=\"/cases/Florida_State_Duval_County_Fourth_Circuit_Court/2015-CF-009151/MICHAEL_VINCENT_FORTE/12/\"><span class='description'>FINDING OF PROBABLE CAUSE ,</span></a> entered 10/19/2015."}, {"link_viewer": "https://www.docketalarm.com/cases/Florida_State_Duval_County_Fourth_Circuit_Court/2015-CF-009151/MICHAEL_VINCENT_FORTE/11/", "number": "11", "link": "https://www.docketalarm.com/cases/Florida_State_Duval_County_Fourth_Circuit_Court/2015-CF-009151/MICHAEL_VINCENT_FORTE/docs/11.pdf", "entry_date": "10/19/2015", "date": "10/16/2015", "contents": "<a href=\"/cases/Florida_State_Duval_County_Fourth_Circuit_Court/2015-CF-009151/MICHAEL_VINCENT_FORTE/11/\"><span class='description'>DEFENDANT DECLARED INDIGENT, ORDER APPOINTING PUBLIC DEFENDER - FILED</span></a> entered 10/19/2015."}, {"link_viewer": "https://www.docketalarm.com/cases/Florida_State_Duval_County_Fourth_Circuit_Court/2015-CF-009151/MICHAEL_VINCENT_FORTE/10/", "number": "10", "link": "https://www.docketalarm.com/cases/Florida_State_Duval_County_Fourth_Circuit_Court/2015-CF-009151/MICHAEL_VINCENT_FORTE/docs/10.pdf", "entry_date": "10/19/2015", "date": "10/16/2015", "contents": "<a href=\"/cases/Florida_State_Duval_County_Fourth_Circuit_Court/2015-CF-009151/MICHAEL_VINCENT_FORTE/10/\"><span class='description'>APPLICATION FOR CRIMINAL INDIGENT STATUS - FILED</span></a> entered 10/19/2015."}, {"date": "10/16/2015", "number": "9", "contents": "<span class='description'>FEES DUE: 10/19/2015</span> entered 10/19/2015.", "entry_date": "10/19/2015"}, {"date": "10/16/2015", "number": "8", "contents": "<span class='description'>PD APP FEE 50.00 IMPOSED</span> entered 10/19/2015.", "entry_date": "10/19/2015"}, {"date": "10/16/2015", "number": "7", "contents": "<span class='description'>BOND SET AT $100,003.00</span> entered 10/19/2015.", "entry_date": "10/19/2015"}, {"date": "10/16/2015", "number": "6", "contents": "<span class='description'>BOND SET AT NONE</span> entered 10/19/2015.", "entry_date": "10/19/2015"}, {"date": "10/16/2015", "number": "5", "contents": "<span class='description'>BOND SET AT NONE</span> entered 10/19/2015.", "entry_date": "10/19/2015"}, {"date": "10/16/2015", "number": "4", "contents": "<span class='description'>S790.23(1)(A) POSSESSION OF A FIREARM, WEAPON OR AMMUNITION BY A CONVICTED FELON</span> entered 10/19/2015.", "entry_date": "10/19/2015"}, {"date": "10/16/2015", "number": "3", "contents": "<span class='description'>S812.13(2)(A) ROBBERY - ARMED WITH FIREARM OR DEADLYWEAPON</span> entered 10/19/2015.", "entry_date": "10/19/2015"}, {"date": "10/16/2015", "number": "2", "contents": "<span class='description'>S782.04(3) FELONY MURDER - 2</span> entered 10/19/2015.", "entry_date": "10/19/2015"}, {"date": "10/16/2015", "number": "1", "contents": "<span class='description'>ARREST &amp; BOOKING REPORT 2015-027776 10/15/2015</span> entered 10/19/2015.", "entry_date": "10/19/2015"}], "analyze": {"last_analyze": "6/22/2020"}, "success": true, "parties": [{"race": "W", "name_normalized": "Michael Vincent Forte", "name": "MICHAEL VINCENT FORTE", "sex": "Male", "other": [], "type": "Defendant"}]}