{"info": {"status": "DISPOSED", "division": "CR-D", "judges": ["BORELLO, MARK"], "court": "Florida State, Duval County, Fourth Circuit Court", "title": "JALLIL DEQUAN GRAVES", "date_filed": "8/1/2013", "link": "https://www.docketalarm.com/cases/Florida_State_Duval_County_Fourth_Circuit_Court/2013-CF-007157/JALLIL_DEQUAN_GRAVES/", "judges_normalized": ["Borello Mark"], "judge": "BORELLO, MARK", "type": "Circuit Criminal", "docket": "2013-CF-007157"}, "docket_report": [{"link_viewer": "https://www.docketalarm.com/cases/Florida_State_Duval_County_Fourth_Circuit_Court/2013-CF-007157/JALLIL_DEQUAN_GRAVES/427/", "number": "427", "link": "https://www.docketalarm.com/cases/Florida_State_Duval_County_Fourth_Circuit_Court/2013-CF-007157/JALLIL_DEQUAN_GRAVES/docs/427.pdf", "entry_date": "10/25/2017", "date": "10/25/2017", "contents": "<a href=\"/cases/Florida_State_Duval_County_Fourth_Circuit_Court/2013-CF-007157/JALLIL_DEQUAN_GRAVES/427/\"><span class='description'>UNIFORM COMMITMENT TO CUSTODY OF DEPT. OF CORRECTIONS</span></a> entered 10/25/2017."}, {"link_viewer": "https://www.docketalarm.com/cases/Florida_State_Duval_County_Fourth_Circuit_Court/2013-CF-007157/JALLIL_DEQUAN_GRAVES/426/", "number": "426", "link": "https://www.docketalarm.com/cases/Florida_State_Duval_County_Fourth_Circuit_Court/2013-CF-007157/JALLIL_DEQUAN_GRAVES/docs/426.pdf", "entry_date": "10/25/2017", "date": "10/25/2017", "contents": "<a href=\"/cases/Florida_State_Duval_County_Fourth_Circuit_Court/2013-CF-007157/JALLIL_DEQUAN_GRAVES/426/\"><span class='description'>UNIFORM COMMITMENT TO CUSTODY OF DEPT. OF CORRECTIONS</span></a> entered 10/25/2017."}, {"date": "10/6/2017", "number": "425", "contents": "<span class='description'>RECEIPT FOR CIVIL PROCESS, JAIL, WARRANTS</span> entered 10/09/2017.", "entry_date": "10/9/2017"}, {"link_viewer": "https://www.docketalarm.com/cases/Florida_State_Duval_County_Fourth_Circuit_Court/2013-CF-007157/JALLIL_DEQUAN_GRAVES/424/", "number": "424", "link": "https://www.docketalarm.com/cases/Florida_State_Duval_County_Fourth_Circuit_Court/2013-CF-007157/JALLIL_DEQUAN_GRAVES/docs/424.pdf", "entry_date": "10/5/2017", "date": "10/5/2017", "contents": "<a href=\"/cases/Florida_State_Duval_County_Fourth_Circuit_Court/2013-CF-007157/JALLIL_DEQUAN_GRAVES/424/\"><span class='description'>UNIFORM COMMITMENT TO CUSTODY OF DEPT. OF CORRECTIONS</span></a> entered 10/05/2017."}, {"link_viewer": "https://www.docketalarm.com/cases/Florida_State_Duval_County_Fourth_Circuit_Court/2013-CF-007157/JALLIL_DEQUAN_GRAVES/423/", "number": "423", "link": "https://www.docketalarm.com/cases/Florida_State_Duval_County_Fourth_Circuit_Court/2013-CF-007157/JALLIL_DEQUAN_GRAVES/docs/423.pdf", "entry_date": "10/5/2017", "date": "10/5/2017", "contents": "<a href=\"/cases/Florida_State_Duval_County_Fourth_Circuit_Court/2013-CF-007157/JALLIL_DEQUAN_GRAVES/423/\"><span class='description'>COMMITMENT CHECKLIST SENT</span></a> entered 10/05/2017."}, {"date": "10/5/2017", "number": "422", "contents": "<span class='description'>CERTIFICATE OF SERVICE FOR JUDGMENT AND SENTENCE</span> entered 10/05/2017.", "entry_date": "10/5/2017"}, {"link_viewer": "https://www.docketalarm.com/cases/Florida_State_Duval_County_Fourth_Circuit_Court/2013-CF-007157/JALLIL_DEQUAN_GRAVES/419/", "number": "419", "link": "https://www.docketalarm.com/cases/Florida_State_Duval_County_Fourth_Circuit_Court/2013-CF-007157/JALLIL_DEQUAN_GRAVES/docs/419.pdf", "entry_date": "10/5/2017", "date": "10/4/2017", "contents": "<a href=\"/cases/Florida_State_Duval_County_Fourth_Circuit_Court/2013-CF-007157/JALLIL_DEQUAN_GRAVES/419/\"><span class='description'>ORDER DENYING RESTITUTION</span></a> entered 10/05/2017."}, {"date": "10/4/2017", "number": "418", "contents": "<span class='description'>SENTENCING GUIDELINES</span> entered 10/05/2017.", "entry_date": "10/5/2017"}, {"link_viewer": "https://www.docketalarm.com/cases/Florida_State_Duval_County_Fourth_Circuit_Court/2013-CF-007157/JALLIL_DEQUAN_GRAVES/417/", "number": "417", "link": "https://www.docketalarm.com/cases/Florida_State_Duval_County_Fourth_Circuit_Court/2013-CF-007157/JALLIL_DEQUAN_GRAVES/docs/417.pdf", "entry_date": "10/5/2017", "date": "10/4/2017", "contents": "<a href=\"/cases/Florida_State_Duval_County_Fourth_Circuit_Court/2013-CF-007157/JALLIL_DEQUAN_GRAVES/417/\"><span class='description'>PAYMENT AUTHORIZATION SHEET</span></a> entered 10/05/2017."}, {"link_viewer": "https://www.docketalarm.com/cases/Florida_State_Duval_County_Fourth_Circuit_Court/2013-CF-007157/JALLIL_DEQUAN_GRAVES/416/", "number": "416", "link": "https://www.docketalarm.com/cases/Florida_State_Duval_County_Fourth_Circuit_Court/2013-CF-007157/JALLIL_DEQUAN_GRAVES/docs/416.pdf", "entry_date": "10/5/2017", "date": "10/4/2017", "contents": "<a href=\"/cases/Florida_State_Duval_County_Fourth_Circuit_Court/2013-CF-007157/JALLIL_DEQUAN_GRAVES/416/\"><span class='description'>COURT ORDERED COSTS/FINES/FEES BOOK 18141 PAGE 1364-1365</span></a> entered 10/05/2017."}, {"date": "10/4/2017", "number": "415", "contents": "<span class='description'>SEE COUNT 1</span> entered 10/05/2017.", "entry_date": "10/5/2017"}, {"date": "10/4/2017", "number": "414", "contents": "<span class='description'>JUDGMENT AND SENTENCE TO STATE PRISON FOR LIFE</span> entered 10/05/2017.", "entry_date": "10/5/2017"}, {"date": "10/4/2017", "number": "413", "contents": "<span class='description'>DEF. ADJUDGED GUILTY - FINGERPRINTS TAKEN</span> entered 10/05/2017.", "entry_date": "10/5/2017"}, {"date": "10/4/2017", "number": "412", "contents": "<span class='description'>DEFENDANT PLEAD GUILTY</span> entered 10/05/2017.", "entry_date": "10/5/2017"}, {"date": "10/4/2017", "number": "411", "contents": "<span class='description'>SEE COUNT 1</span> entered 10/05/2017.", "entry_date": "10/5/2017"}, {"date": "10/4/2017", "number": "410", "contents": "<span class='description'>JUDGMENT AND SENTENCE TO STATE PRISON FOR LIFE</span> entered 10/05/2017.", "entry_date": "10/5/2017"}, {"date": "10/4/2017", "number": "409", "contents": "<span class='description'>DEF. ADJUDGED GUILTY - FINGERPRINTS TAKEN</span> entered 10/05/2017.", "entry_date": "10/5/2017"}, {"date": "10/4/2017", "number": "408", "contents": "<span class='description'>DEFENDANT PLEAD GUILTY</span> entered 10/05/2017.", "entry_date": "10/5/2017"}, {"date": "10/4/2017", "number": "407", "contents": "<span class='description'>FEES DUE: 9/9/9999</span> entered 10/05/2017.", "entry_date": "10/5/2017"}, {"date": "10/4/2017", "number": "406", "contents": "<span class='description'>CSTF 20.00 IMPOSED</span> entered 10/05/2017.", "entry_date": "10/5/2017"}, {"date": "10/4/2017", "number": "405", "contents": "<span class='description'>SAIEF 100.00 IMPOSED</span> entered 10/05/2017.", "entry_date": "10/5/2017"}, {"date": "10/4/2017", "number": "404", "contents": "<span class='description'>AACC 65.00 IMPOSED</span> entered 10/05/2017.", "entry_date": "10/5/2017"}, {"date": "10/4/2017", "number": "403", "contents": "<span class='description'>TNC 3.00 IMPOSED</span> entered 10/05/2017.", "entry_date": "10/5/2017"}, {"date": "10/4/2017", "number": "402", "contents": "<span class='description'>LGTF 225.00 IMPOSED</span> entered 10/05/2017.", "entry_date": "10/5/2017"}, {"date": "10/4/2017", "number": "401", "contents": "<span class='description'>CCT 50.00 IMPOSED</span> entered 10/05/2017.", "entry_date": "10/5/2017"}, {"date": "10/4/2017", "number": "400", "contents": "<span class='description'>COURTATTY(JDGMTCOSTS) 100.00 IMPOSED</span> entered 10/05/2017.", "entry_date": "10/5/2017"}, {"date": "10/4/2017", "number": "399", "contents": "<span class='description'>COST OF COURT 50.00 IMPOSED</span> entered 10/05/2017.", "entry_date": "10/5/2017"}, {"date": "10/4/2017", "number": "398", "contents": "<span class='description'>LEEA 5.00 IMPOSED</span> entered 10/05/2017.", "entry_date": "10/5/2017"}, {"date": "10/4/2017", "number": "397", "contents": "<span class='description'>STATE WITHDRAWS NOTICE OF INTENT TO SEEK DEATH PENALTY</span> entered 10/05/2017.", "entry_date": "10/5/2017"}, {"date": "10/4/2017", "number": "396", "contents": "<span class='description'>COUNT 3 CONSECUTIVE TO COUNT/S 2</span> entered 10/05/2017.", "entry_date": "10/5/2017"}, {"date": "10/4/2017", "number": "395", "contents": "<span class='description'>COUNT 2 CONSECUTIVE TO COUNT/S 1</span> entered 10/05/2017.", "entry_date": "10/5/2017"}, {"date": "10/4/2017", "number": "394", "contents": "<span class='description'>CONSECUTIVE TO CASE NUMBER/S 2013-CF-1424-B ( CLAY CTY. CASE)</span> entered 10/05/2017.", "entry_date": "10/5/2017"}, {"date": "10/4/2017", "number": "393", "contents": "<span class='description'>25 YEAR MINIMUM MANDATORY SENTENCE IMPOSED PER F.S. 775.087(2)(A)3 AS TO COUNT: 3 ; CONSECUTIVE TO MINIMUM MANDATORY SENTENCE IN COUNTS 1 &amp; 2</span> entered 10/05/2017.", "entry_date": "10/5/2017"}, {"date": "10/4/2017", "number": "392", "contents": "<span class='description'>LIFE MINIMUM MANDATORY PER FS:775.087(2)(A)3 - AS TO COUNT 2;CONSECUTIVE TO MINIMUM MANDATORY SENTENCE IN COUNT 1</span> entered 10/05/2017.", "entry_date": "10/5/2017"}, {"date": "10/4/2017", "number": "391", "contents": "<span class='description'>LIFE MINIMUM MANDATORY PER FS: 775.087(2)(A)3- AS TO COUNT 1</span> entered 10/05/2017.", "entry_date": "10/5/2017"}, {"date": "10/4/2017", "number": "390", "contents": "<span class='description'>COUNT 2- LIFE WITHOUT PAROLE</span> entered 10/05/2017.", "entry_date": "10/5/2017"}, {"date": "10/4/2017", "number": "389", "contents": "<span class='description'>COUNT 1- LIFE WITHOUT PAROLE</span> entered 10/05/2017.", "entry_date": "10/5/2017"}, {"date": "10/4/2017", "number": "388", "contents": "<span class='description'>CREDIT TIME: 4 YEARS 1 MONTH 27 DAYS</span> entered 10/25/2017.", "entry_date": "10/25/2017"}, {"date": "10/4/2017", "number": "387", "contents": "<span class='description'>JUDGMENT AND SENTENCE TO STATE PRISON FOR LIFE BOOK 18141 PAGE 1315-1325</span> entered 10/05/2017.", "entry_date": "10/5/2017"}, {"date": "10/4/2017", "number": "386", "contents": "<span class='description'>DEF. ADJUDGED GUILTY - FINGERPRINTS TAKEN</span> entered 10/05/2017.", "entry_date": "10/5/2017"}, {"date": "10/4/2017", "number": "385", "contents": "<span class='description'>DEFENDANT PLEAD GUILTY</span> entered 10/05/2017.", "entry_date": "10/5/2017"}, {"date": "10/4/2017", "number": "384", "contents": "<span class='description'>OTHERS PRESENT: G. ANDUX</span> entered 10/05/2017.", "entry_date": "10/5/2017"}, {"date": "10/4/2017", "number": "383", "contents": "<span class='description'>ACKNOWLEDGE. OF RIGHTS &amp; VOLUNTARINESS OF ENTRY OF PLEA</span> entered 10/05/2017.", "entry_date": "10/5/2017"}, {"date": "10/4/2017", "number": "382", "contents": "<span class='description'>DEF. PERMITTED TO W/D PLEA OF NOT GUILTY PLEAD GUILTY</span> entered 10/05/2017.", "entry_date": "10/5/2017"}, {"date": "10/4/2017", "number": "381", "contents": "<span class='description'>DEFENDANT PRESENT IN JAIL</span> entered 10/05/2017.", "entry_date": "10/5/2017"}, {"date": "10/4/2017", "number": "380", "contents": "<span class='description'>ATTY. FOR DEF. FINNELL, ANN ELIZABETH</span> entered 10/05/2017.", "entry_date": "10/5/2017"}, {"date": "10/4/2017", "number": "379", "contents": "<span class='description'>ASST. STATE ATTY. MIZRAHI, ALAN SETH</span> entered 10/05/2017.", "entry_date": "10/5/2017"}, {"date": "10/4/2017", "number": "378", "contents": "<span class='description'>JUDGE BORELLO, MARK</span> entered 10/05/2017.", "entry_date": "10/5/2017"}, {"date": "9/18/2017", "number": "377", "contents": "<span class='description'>DISPOSITION 10/04/2017 9:00 AM - 306 3RD FLOOR, 501 W ADAMS ST JACKSONVILLE FL 32202</span> entered 09/18/2017.", "entry_date": "9/18/2017"}, {"date": "9/18/2017", "number": "376", "contents": "<span class='description'>OTHERS PRESENT: B. SHELTON FOR A. FINNELL</span> entered 09/18/2017.", "entry_date": "9/18/2017"}, {"date": "9/18/2017", "number": "375", "contents": "<span class='description'>DEFENDANT PRESENT IN JAIL</span> entered 09/18/2017.", "entry_date": "9/18/2017"}, {"date": "9/18/2017", "number": "374", "contents": "<span class='description'>ATTY. FOR DEF. FINNELL, ANN ELIZABETH</span> entered 09/18/2017.", "entry_date": "9/18/2017"}, {"date": "9/18/2017", "number": "373", "contents": "<span class='description'>ASST. STATE ATTY. MIZRAHI, ALAN SETH</span> entered 09/18/2017.", "entry_date": "9/18/2017"}, {"date": "9/18/2017", "number": "372", "contents": "<span class='description'>JUDGE BORELLO, MARK</span> entered 09/18/2017.", "entry_date": "9/18/2017"}, {"date": "9/15/2017", "number": "371", "contents": "<span class='description'>DISPOSITION 09/18/2017 9:00 AM - 306 3RD FLOOR, 501 W ADAMS ST JACKSONVILLE FL 32202</span> entered 09/15/2017.", "entry_date": "9/15/2017"}, {"date": "9/13/2017", "number": "370", "contents": "<span class='description'>DISPOSITION 09/14/2017 9:00 AM - 306 3RD FLOOR, 501 W ADAMS ST JACKSONVILLE FL 32202</span> entered 09/13/2017.", "entry_date": "9/13/2017"}, {"date": "9/13/2017", "number": "369", "contents": "<span class='description'>&gt; CANCEL REASON - HURRICANE IRMA</span> entered 09/13/2017.", "entry_date": "9/13/2017"}, {"date": "9/13/2017", "number": "368", "contents": "<span class='description'>CANCELLED DISPOSITION ON 9/12/2017 9:00:00 AM</span> entered 09/13/2017.", "entry_date": "9/13/2017"}, {"date": "9/6/2017", "number": "367", "contents": "<span class='description'>DISPOSITION 09/12/2017 9:00 AM - 306 3RD FLOOR, 501 W ADAMS ST JACKSONVILLE FL 32202</span> entered 09/06/2017.", "entry_date": "9/6/2017"}, {"date": "9/6/2017", "number": "366", "contents": "<span class='description'>&gt; CANCEL REASON - DUE TO COURT HOUSE CLOSURE</span> entered 09/06/2017.", "entry_date": "9/6/2017"}, {"date": "9/6/2017", "number": "365", "contents": "<span class='description'>CANCELLED DISPOSITION ON 9/11/2017 9:00:00 AM</span> entered 09/06/2017.", "entry_date": "9/6/2017"}, {"date": "8/21/2017", "number": "364", "contents": "<span class='description'>DISPOSITION 09/11/2017 9:00 AM - 306 3RD FLOOR, 501 W ADAMS ST JACKSONVILLE FL 32202</span> entered 08/21/2017.", "entry_date": "8/21/2017"}, {"date": "8/21/2017", "number": "363", "contents": "<span class='description'>DEFENDANT APPEARANCE WAIVED</span> entered 08/21/2017.", "entry_date": "8/21/2017"}, {"date": "8/21/2017", "number": "362", "contents": "<span class='description'>ATTY. FOR DEF. FINNELL, ANN ELIZABETH</span> entered 08/21/2017.", "entry_date": "8/21/2017"}, {"date": "8/21/2017", "number": "361", "contents": "<span class='description'>ASST. STATE ATTY. MIZRAHI, ALAN SETH</span> entered 08/21/2017.", "entry_date": "8/21/2017"}, {"date": "8/21/2017", "number": "360", "contents": "<span class='description'>JUDGE BORELLO, MARK</span> entered 08/21/2017.", "entry_date": "8/21/2017"}, {"date": "7/28/2017", "number": "359", "contents": "<span class='description'>DISPOSITION 08/21/2017 9:00 AM - 306 3RD FLOOR, 501 W ADAMS ST JACKSONVILLE FL 32202</span> entered 07/28/2017.", "entry_date": "7/28/2017"}, {"date": "7/28/2017", "number": "358", "contents": "<span class='description'>DEFENDANT APPEARANCE WAIVED</span> entered 07/28/2017.", "entry_date": "7/28/2017"}, {"date": "7/28/2017", "number": "357", "contents": "<span class='description'>DEFENDANT PRESENT IN JAIL</span> entered 07/28/2017.", "entry_date": "7/28/2017"}, {"date": "7/28/2017", "number": "356", "contents": "<span class='description'>ATTY. FOR DEF. FINNELL, ANN ELIZABETH</span> entered 07/28/2017.", "entry_date": "7/28/2017"}, {"date": "7/28/2017", "number": "355", "contents": "<span class='description'>ASST. STATE ATTY. MIZRAHI, ALAN SETH</span> entered 07/28/2017.", "entry_date": "7/28/2017"}, {"date": "7/28/2017", "number": "354", "contents": "<span class='description'>JUDGE BORELLO, MARK</span> entered 07/28/2017.", "entry_date": "7/28/2017"}, {"date": "7/17/2017", "number": "353", "contents": "<span class='description'>COURT ORDER GRANTING DEFENDANT'S MOTION FOR AUTHORITY TO APPOINT AND INCUR COSTS OF A FORENSIC PSYCHOLOGIS EXPERT</span> entered 07/17/2017.", "entry_date": "7/17/2017"}, {"date": "7/11/2017", "number": "352", "contents": "<span class='description'>MOTION FOR APPOINTMENT OF A FORENSIC PSYCHOLOGIST AND AUTHORITY TO INCUR EXPERT FEES AND EXPENSES</span> entered 07/11/2017.", "entry_date": "7/11/2017"}, {"date": "7/5/2017", "number": "351", "contents": "<span class='description'>PRETRIAL 07/28/2017 9:00 AM - 306 3RD FLOOR, 501 W ADAMS ST JACKSONVILLE FL 32202</span> entered 07/05/2017.", "entry_date": "7/5/2017"}, {"date": "7/5/2017", "number": "350", "contents": "<span class='description'>OTHERS PRESENT: G. ANDUX - DEFENSE</span> entered 07/05/2017.", "entry_date": "7/5/2017"}, {"date": "7/5/2017", "number": "349", "contents": "<span class='description'>DEFENDANT PRESENT IN JAIL</span> entered 07/05/2017.", "entry_date": "7/5/2017"}, {"date": "7/5/2017", "number": "348", "contents": "<span class='description'>ATTY. FOR DEF. FINNELL, ANN ELIZABETH</span> entered 07/05/2017.", "entry_date": "7/5/2017"}, {"date": "7/5/2017", "number": "347", "contents": "<span class='description'>ASST. STATE ATTY. MIZRAHI, ALAN SETH</span> entered 07/05/2017.", "entry_date": "7/5/2017"}, {"date": "7/5/2017", "number": "346", "contents": "<span class='description'>JUDGE BORELLO, MARK</span> entered 07/05/2017.", "entry_date": "7/5/2017"}, {"date": "6/6/2017", "number": "345", "contents": "<span class='description'>PRETRIAL 07/05/2017 9:00 AM - 306 3RD FLOOR, 501 W ADAMS ST JACKSONVILLE FL 32202</span> entered 06/06/2017.", "entry_date": "6/6/2017"}, {"date": "6/6/2017", "number": "344", "contents": "<span class='description'>DEFENDANT PRESENT IN JAIL</span> entered 06/06/2017.", "entry_date": "6/6/2017"}, {"date": "6/6/2017", "number": "343", "contents": "<span class='description'>ATTY. FOR DEF. FINNELL, ANN ELIZABETH</span> entered 06/06/2017.", "entry_date": "6/6/2017"}, {"date": "6/6/2017", "number": "342", "contents": "<span class='description'>ASST. STATE ATTY. MIZRAHI, ALAN SETH</span> entered 06/06/2017.", "entry_date": "6/6/2017"}, {"date": "6/6/2017", "number": "341", "contents": "<span class='description'>JUDGE BORELLO, MARK</span> entered 06/06/2017.", "entry_date": "6/6/2017"}, {"date": "5/15/2017", "number": "340", "contents": "<span class='description'>PRETRIAL 06/06/2017 9:00 AM - 306 3RD FLOOR, 501 W ADAMS ST JACKSONVILLE FL 32202</span> entered 05/15/2017.", "entry_date": "5/15/2017"}, {"date": "5/15/2017", "number": "339", "contents": "<span class='description'>OTHERS PRESENT: ATTY ( DEF) G. ANDUX</span> entered 05/15/2017.", "entry_date": "5/15/2017"}, {"date": "5/15/2017", "number": "338", "contents": "<span class='description'>DEFENDANT PRESENT IN JAIL</span> entered 05/15/2017.", "entry_date": "5/15/2017"}, {"date": "5/15/2017", "number": "337", "contents": "<span class='description'>ATTY. FOR DEF. FINNELL, ANN ELIZABETH</span> entered 05/15/2017.", "entry_date": "5/15/2017"}, {"date": "5/15/2017", "number": "336", "contents": "<span class='description'>ASST. STATE ATTY. MIZRAHI, ALAN SETH</span> entered 05/15/2017.", "entry_date": "5/15/2017"}, {"date": "5/15/2017", "number": "335", "contents": "<span class='description'>JUDGE BORELLO, MARK</span> entered 05/15/2017.", "entry_date": "5/15/2017"}, {"date": "4/26/2017", "number": "334", "contents": "<span class='description'>PRETRIAL 05/15/2017 9:00 AM - 306 3RD FLOOR, 501 W ADAMS ST JACKSONVILLE FL 32202</span> entered 04/26/2017.", "entry_date": "4/26/2017"}, {"date": "4/26/2017", "number": "333", "contents": "<span class='description'>OTHERS PRESENT: PVT ATTY: G. ANDUX FOR A. FINNELL</span> entered 04/26/2017.", "entry_date": "4/26/2017"}, {"date": "4/26/2017", "number": "332", "contents": "<span class='description'>DEFENDANT APPEARANCE WAIVED</span> entered 04/26/2017.", "entry_date": "4/26/2017"}, {"date": "4/26/2017", "number": "331", "contents": "<span class='description'>ATTY. FOR DEF. FINNELL, ANN ELIZABETH</span> entered 04/26/2017.", "entry_date": "4/26/2017"}, {"date": "4/26/2017", "number": "330", "contents": "<span class='description'>ASST. STATE ATTY. MIZRAHI, ALAN SETH</span> entered 04/26/2017.", "entry_date": "4/26/2017"}, {"date": "4/26/2017", "number": "329", "contents": "<span class='description'>JUDGE BORELLO, MARK</span> entered 04/26/2017.", "entry_date": "4/26/2017"}, {"date": "3/29/2017", "number": "328", "contents": "<span class='description'>PRETRIAL 04/26/2017 9:00 AM - 306 3RD FLOOR, 501 W ADAMS ST JACKSONVILLE FL 32202</span> entered 03/29/2017.", "entry_date": "3/29/2017"}, {"date": "3/29/2017", "number": "327", "contents": "<span class='description'>DEFENDANT APPEARANCE WAIVED</span> entered 03/29/2017.", "entry_date": "3/29/2017"}, {"date": "3/29/2017", "number": "326", "contents": "<span class='description'>DEFENDANT PRESENT IN JAIL</span> entered 03/29/2017.", "entry_date": "3/29/2017"}, {"date": "3/29/2017", "number": "325", "contents": "<span class='description'>ATTY. FOR DEF. FINNELL, ANN ELIZABETH</span> entered 03/29/2017.", "entry_date": "3/29/2017"}, {"date": "3/29/2017", "number": "324", "contents": "<span class='description'>ASST. STATE ATTY. MIZRAHI, ALAN SETH</span> entered 03/29/2017.", "entry_date": "3/29/2017"}, {"date": "3/29/2017", "number": "323", "contents": "<span class='description'>JUDGE BORELLO, MARK</span> entered 03/29/2017.", "entry_date": "3/29/2017"}, {"date": "3/14/2017", "number": "322", "contents": "<span class='description'>COURT ORDER DISMISSING DEFENDANT'S MOTION TO STAY PROCEEDINGS OR,IN THE ATLERNATIVE COUNTUE TRIAL PENDING THE U.S. SUPREME COURT'S DECISION IN HURST V. FLORIDA</span> entered 03/17/2017.", "entry_date": "3/17/2017"}, {"date": "2/1/2017", "number": "321", "contents": "<span class='description'>PRETRIAL 03/29/2017 9:00 AM - 306 3RD FLOOR, 501 W ADAMS ST JACKSONVILLE FL 32202</span> entered 02/01/2017.", "entry_date": "2/1/2017"}, {"date": "2/1/2017", "number": "320", "contents": "<span class='description'>MOTION -- DEFENSE MOTION FOR APPOINTMENT OF CULTURAL DIVERSITY EXPERT AND AUTHORIZATION TO INCUR EXPERT FEES AND EXPENSES - GRANTED.L</span> entered 02/01/2017.", "entry_date": "2/1/2017"}, {"date": "2/1/2017", "number": "319", "contents": "<span class='description'>DEFENDANT PRESENT IN JAIL</span> entered 02/01/2017.", "entry_date": "2/1/2017"}, {"date": "2/1/2017", "number": "318", "contents": "<span class='description'>ATTY. FOR DEF. FINNELL, ANN ELIZABETH</span> entered 02/01/2017.", "entry_date": "2/1/2017"}, {"date": "2/1/2017", "number": "317", "contents": "<span class='description'>ASST. STATE ATTY. MIZRAHI, ALAN SETH</span> entered 02/01/2017.", "entry_date": "2/1/2017"}, {"date": "2/1/2017", "number": "316", "contents": "<span class='description'>JUDGE BORELLO, MARK</span> entered 02/01/2017.", "entry_date": "2/1/2017"}, {"date": "1/13/2017", "number": "315", "contents": "<span class='description'>MOTION FOR APPOINTMENT OF A CULTURAL DIVERSITY EXPERT AND AUTHORITY TO INCUR EXPERT FEES AND EXPENSES</span> entered 01/17/2017.", "entry_date": "1/17/2017"}, {"date": "1/11/2017", "number": "314", "contents": "<span class='description'>COURT ORDER (AMENDED) FOR PAYMENT OF COSTS OF A NEUROPSYCHOLOGIST</span> entered 01/12/2017.", "entry_date": "1/12/2017"}, {"date": "1/11/2017", "number": "313", "contents": "<span class='description'>PRETRIAL 02/01/2017 9:00 AM - 306 3RD FLOOR, 501 W ADAMS ST JACKSONVILLE FL 32202</span> entered 01/11/2017.", "entry_date": "1/11/2017"}, {"date": "1/11/2017", "number": "312", "contents": "<span class='description'>OTHER DEFENDANT'S AMENDED ORDER FOR PAYMENT OF COSTS OF A NEUROPSYCHOLOGIST ENTERED.</span> entered 01/11/2017.", "entry_date": "1/11/2017"}, {"date": "1/11/2017", "number": "311", "contents": "<span class='description'>OTHERS PRESENT: T. MANGAN FOR A. MIZRAHI</span> entered 01/11/2017.", "entry_date": "1/11/2017"}, {"date": "1/11/2017", "number": "310", "contents": "<span class='description'>DEFENDANT APPEARANCE WAIVED</span> entered 01/11/2017.", "entry_date": "1/11/2017"}, {"date": "1/11/2017", "number": "309", "contents": "<span class='description'>DEFENDANT PRESENT IN JAIL</span> entered 01/11/2017.", "entry_date": "1/11/2017"}, {"date": "1/11/2017", "number": "308", "contents": "<span class='description'>ATTY. FOR DEF. FINNELL, ANN ELIZABETH</span> entered 01/11/2017.", "entry_date": "1/11/2017"}, {"date": "1/11/2017", "number": "307", "contents": "<span class='description'>ASST. STATE ATTY. MIZRAHI, ALAN SETH</span> entered 01/11/2017.", "entry_date": "1/11/2017"}, {"date": "1/11/2017", "number": "306", "contents": "<span class='description'>JUDGE BORELLO, MARK</span> entered 01/11/2017.", "entry_date": "1/11/2017"}, {"date": "12/21/2016", "number": "305", "contents": "<span class='description'>AMENDED MOTION FOR APPOINTMENT OF A NEUROPSYCHOLOGIST AND AUTHORITY TO INCUR EXPERT FEES AND EXPENSES (PENALTY PHASE)</span> entered 12/21/2016.", "entry_date": "12/21/2016"}, {"date": "12/12/2016", "number": "304", "contents": "<span class='description'>PRETRIAL 01/11/2017 9:00 AM - 306 3RD FLOOR, 501 W ADAMS ST JACKSONVILLE FL 32202</span> entered 12/12/2016.", "entry_date": "12/12/2016"}, {"date": "12/12/2016", "number": "303", "contents": "<span class='description'>&gt; ATTORNEY NOT PRESENT</span> entered 12/12/2016.", "entry_date": "12/12/2016"}, {"date": "12/12/2016", "number": "302", "contents": "<span class='description'>DEFENDANT APPEARANCE WAIVED</span> entered 12/12/2016.", "entry_date": "12/12/2016"}, {"date": "12/12/2016", "number": "301", "contents": "<span class='description'>DEFENDANT PRESENT IN JAIL</span> entered 12/12/2016.", "entry_date": "12/12/2016"}, {"date": "12/12/2016", "number": "300", "contents": "<span class='description'>ATTY. FOR DEF. FINNELL, ANN ELIZABETH</span> entered 12/12/2016.", "entry_date": "12/12/2016"}, {"date": "12/12/2016", "number": "299", "contents": "<span class='description'>ASST. STATE ATTY. MIZRAHI, ALAN SETH</span> entered 12/12/2016.", "entry_date": "12/12/2016"}, {"date": "12/12/2016", "number": "298", "contents": "<span class='description'>JUDGE BORELLO, MARK</span> entered 12/12/2016.", "entry_date": "12/12/2016"}, {"date": "10/11/2016", "number": "297", "contents": "<span class='description'>HEARING ON MOTION (TO BE SET) 12/12/2016 9:00 AM - 306 3RD FLOOR, 501 W ADAMS ST JACKSONVILLE FL 32202</span> entered 10/11/2016.", "entry_date": "10/11/2016"}, {"date": "10/11/2016", "number": "296", "contents": "<span class='description'>MOTION -- DEFENSE ORAL MOTION FOR CONTINUANCE OF HEARING - GRANTED.</span> entered 10/11/2016.", "entry_date": "10/11/2016"}, {"date": "10/11/2016", "number": "295", "contents": "<span class='description'>DEFENDANT PRESENT IN JAIL</span> entered 10/11/2016.", "entry_date": "10/11/2016"}, {"date": "10/11/2016", "number": "294", "contents": "<span class='description'>ATTY. FOR DEF. FINNELL, ANN ELIZABETH</span> entered 10/11/2016.", "entry_date": "10/11/2016"}, {"date": "10/11/2016", "number": "293", "contents": "<span class='description'>ASST. STATE ATTY. MIZRAHI, ALAN SETH</span> entered 10/11/2016.", "entry_date": "10/11/2016"}, {"date": "10/11/2016", "number": "292", "contents": "<span class='description'>JUDGE BORELLO, MARK</span> entered 10/11/2016.", "entry_date": "10/11/2016"}, {"date": "10/10/2016", "number": "291", "contents": "<span class='description'>HEARING ON MOTION (TO BE SET) 10/11/2016 9:00 AM - 306 3RD FLOOR, 501 W ADAMS ST JACKSONVILLE FL 32202</span> entered 10/10/2016.", "entry_date": "10/10/2016"}, {"date": "10/10/2016", "number": "290", "contents": "<span class='description'>&gt; CANCEL REASON - DUE TO WEATHER</span> entered 10/10/2016.", "entry_date": "10/10/2016"}, {"date": "10/10/2016", "number": "289", "contents": "<span class='description'>CANCELLED HEARING ON MOTION (TO BE SET) ON 10/10/2016 9:00:00 AM</span> entered 10/10/2016.", "entry_date": "10/10/2016"}, {"date": "9/15/2016", "number": "288", "contents": "<span class='description'>MOTION FOR PAYMENT OF COSTS</span> entered 09/15/2016.", "entry_date": "9/15/2016"}, {"date": "8/22/2016", "number": "287", "contents": "<span class='description'>(DEATH MOTIONS)</span> entered 08/22/2016.", "entry_date": "8/22/2016"}, {"date": "8/22/2016", "number": "286", "contents": "<span class='description'>HEARING ON MOTION (TO BE SET) 10/10/2016 9:00 AM - 306 3RD FLOOR, 501 W ADAMS ST JACKSONVILLE FL 32202</span> entered 08/22/2016.", "entry_date": "8/22/2016"}, {"date": "8/22/2016", "number": "285", "contents": "<span class='description'>DEFENDANT PRESENT IN JAIL</span> entered 08/22/2016.", "entry_date": "8/22/2016"}, {"date": "8/22/2016", "number": "284", "contents": "<span class='description'>ATTY. FOR DEF. FINNELL, ANN ELIZABETH</span> entered 08/22/2016.", "entry_date": "8/22/2016"}, {"date": "8/22/2016", "number": "283", "contents": "<span class='description'>ASST. STATE ATTY. MIZRAHI, ALAN SETH</span> entered 08/22/2016.", "entry_date": "8/22/2016"}, {"date": "8/22/2016", "number": "282", "contents": "<span class='description'>JUDGE BORELLO, MARK</span> entered 08/22/2016.", "entry_date": "8/22/2016"}, {"date": "7/18/2016", "number": "281", "contents": "<span class='description'>HEARING ON MOTION 08/22/2016 9:00 AM - 306 3RD FLOOR, 501 W ADAMS ST JACKSONVILLE FL 32202</span> entered 07/18/2016.", "entry_date": "7/18/2016"}, {"date": "7/18/2016", "number": "280", "contents": "<span class='description'>STRIKE: FROM TRIAL CALENDAR - PER REQUEST OF DEFENSE</span> entered 07/18/2016.", "entry_date": "7/18/2016"}, {"date": "7/18/2016", "number": "279", "contents": "<span class='description'>DEFENDANT APPEARANCE WAIVED</span> entered 07/18/2016.", "entry_date": "7/18/2016"}, {"date": "7/18/2016", "number": "278", "contents": "<span class='description'>ATTY. FOR DEF. FINNELL, ANN ELIZABETH</span> entered 07/18/2016.", "entry_date": "7/18/2016"}, {"date": "7/18/2016", "number": "277", "contents": "<span class='description'>ASST. STATE ATTY. MIZRAHI, ALAN SETH</span> entered 07/18/2016.", "entry_date": "7/18/2016"}, {"date": "7/18/2016", "number": "276", "contents": "<span class='description'>JUDGE BORELLO, MARK</span> entered 07/18/2016.", "entry_date": "7/18/2016"}, {"date": "6/13/2016", "number": "275", "contents": "<span class='description'>HEARING ON MOTION 07/18/2016 9:00 AM - 306 3RD FLOOR, 501 W ADAMS ST JACKSONVILLE FL 32202</span> entered 06/13/2016.", "entry_date": "6/13/2016"}, {"date": "6/13/2016", "number": "274", "contents": "<span class='description'>DEFENDANT PRESENT IN JAIL</span> entered 06/13/2016.", "entry_date": "6/13/2016"}, {"date": "6/13/2016", "number": "273", "contents": "<span class='description'>ATTY. FOR DEF. FINNELL, ANN ELIZABETH</span> entered 06/13/2016.", "entry_date": "6/13/2016"}, {"date": "6/13/2016", "number": "272", "contents": "<span class='description'>ASST. STATE ATTY. MIZRAHI, ALAN SETH</span> entered 06/13/2016.", "entry_date": "6/13/2016"}, {"date": "6/13/2016", "number": "271", "contents": "<span class='description'>JUDGE BORELLO, MARK</span> entered 06/13/2016.", "entry_date": "6/13/2016"}, {"date": "6/3/2016", "number": "270", "contents": "<span class='description'>MOTION TO STAY PROCEEDINGS OR, IN THE ALTERNATIVE CONTINUE TRIAL PENDING THE U.S. SUPREME COURT'S DECISION IN HURST V. FLORIDA</span> entered 06/06/2016.", "entry_date": "6/6/2016"}, {"date": "5/31/2016", "number": "269", "contents": "<span class='description'>8/18/16 FPT, 8/22/16 JS</span> entered 05/31/2016.", "entry_date": "5/31/2016"}, {"date": "5/31/2016", "number": "268", "contents": "<span class='description'>HEARING ON MOTION (TO BE SET) 06/13/2016 9:00 AM - 306 3RD FLOOR, 501 W ADAMS ST JACKSONVILLE FL 32202</span> entered 05/31/2016.", "entry_date": "5/31/2016"}, {"date": "5/31/2016", "number": "267", "contents": "<span class='description'>DEFENDANT PRESENT IN JAIL</span> entered 05/31/2016.", "entry_date": "5/31/2016"}, {"date": "5/31/2016", "number": "266", "contents": "<span class='description'>ATTY. FOR DEF. FINNELL, ANN ELIZABETH</span> entered 05/31/2016.", "entry_date": "5/31/2016"}, {"date": "5/31/2016", "number": "265", "contents": "<span class='description'>ASST. STATE ATTY. MIZRAHI, ALAN SETH</span> entered 05/31/2016.", "entry_date": "5/31/2016"}, {"date": "5/31/2016", "number": "264", "contents": "<span class='description'>JUDGE BORELLO, MARK</span> entered 05/31/2016.", "entry_date": "5/31/2016"}, {"date": "5/27/2016", "number": "263", "contents": "<span class='description'>MOTION TO DECLARE FDLE RULES/FL STAT UNCONSTITUTIONAL</span> entered 05/31/2016.", "entry_date": "5/31/2016"}, {"date": "5/27/2016", "number": "262", "contents": "<span class='description'>MOTION TO PROHIBIT DEATH PENALTY DUE TO STATE'S FAILURE TO COMPLY WITH FLORIDA STATUTE 782.04(1)(b)</span> entered 05/31/2016.", "entry_date": "5/31/2016"}, {"date": "5/27/2016", "number": "261", "contents": "<span class='description'>MEMORANDUM OF LAW IN SUPPORT OF DEFENDANT'S MOTION TO PROHIBIT DEATH QUALIFICATION BECAUSE THE NEW LEGISLATION CREATING A NEW DEATH PENALTY SCHEME IS NOT RETROACTIVE</span> entered 05/31/2016.", "entry_date": "5/31/2016"}, {"date": "5/27/2016", "number": "260", "contents": "<span class='description'>MOTION TO PROHIBIT DEATH QUALIFICATION BECAUSE THE NEW LEGISLATION CREATING NEW DEATH PENALTY SCHEME IS NOT RETROACTIVE</span> entered 05/31/2016.", "entry_date": "5/31/2016"}, {"date": "5/23/2016", "number": "259", "contents": "<span class='description'>HEARING ON MOTION (TO BE SET) 05/31/2016 9:00 AM - 306 3RD FLOOR, 501 W ADAMS ST JACKSONVILLE FL 32202</span> entered 05/23/2016.", "entry_date": "5/23/2016"}, {"date": "5/23/2016", "number": "258", "contents": "<span class='description'>OTHERS PRESENT: DEFENSE: GONZALO ANDUX</span> entered 05/23/2016.", "entry_date": "5/23/2016"}, {"date": "5/23/2016", "number": "257", "contents": "<span class='description'>DEFENDANT PRESENT IN JAIL</span> entered 05/23/2016.", "entry_date": "5/23/2016"}, {"date": "5/23/2016", "number": "256", "contents": "<span class='description'>ATTY. FOR DEF. FINNELL, ANN ELIZABETH</span> entered 05/23/2016.", "entry_date": "5/23/2016"}, {"date": "5/23/2016", "number": "255", "contents": "<span class='description'>ASST. STATE ATTY. MIZRAHI, ALAN SETH</span> entered 05/23/2016.", "entry_date": "5/23/2016"}, {"date": "5/23/2016", "number": "254", "contents": "<span class='description'>JUDGE BORELLO, MARK</span> entered 05/23/2016.", "entry_date": "5/23/2016"}, {"date": "5/20/2016", "number": "253", "contents": "<span class='description'>MEMORANDUM IN SUPPORT OF DEFT'S MOTION TO SUPPRESS STATEMENTS, ADMISSIONS, AND CONFESSIONS</span> entered 05/24/2016.", "entry_date": "5/24/2016"}, {"date": "5/20/2016", "number": "252", "contents": "<span class='description'>MOTION DEFT'S GROUNDS FOR OBJECTIONS TO INTRODUCTION OF HIS AUDIO AND VIDEOTAPED STATEMENTS</span> entered 05/24/2016.", "entry_date": "5/24/2016"}, {"date": "5/20/2016", "number": "251", "contents": "<span class='description'>MOTION DEFT'S GROUNDS FOR OBJECTIONS TO INTRODUCTION OF HIS AUDIO AND VIDEOTAPED STATEMENTS</span> entered 05/24/2016.", "entry_date": "5/24/2016"}, {"date": "3/4/2016", "number": "250", "contents": "<span class='description'>8/18/2016 FPT AND 8/22/2016 JS</span> entered 03/04/2016.", "entry_date": "3/4/2016"}, {"date": "3/4/2016", "number": "249", "contents": "<span class='description'>HEARING ON MOTION (TO BE SET) 05/23/2016 9:00 AM - 306 3RD FLOOR, 501 W ADAMS ST JACKSONVILLE FL 32202</span> entered 03/04/2016.", "entry_date": "3/4/2016"}, {"date": "3/4/2016", "number": "248", "contents": "<span class='description'>DEFENSE/STATE'S ORAL MOTION FOR CONTINUANCE (JOINT) OF TRIAL DATES: GRANTED **STRIKE 5/19/16 FPT AND 5/23/16 JS**</span> entered 03/04/2016.", "entry_date": "3/4/2016"}, {"date": "3/4/2016", "number": "247", "contents": "<span class='description'>DEFENDANT PRESENT IN JAIL</span> entered 03/04/2016.", "entry_date": "3/4/2016"}, {"date": "3/4/2016", "number": "246", "contents": "<span class='description'>ATTY. FOR DEF. FINNELL, ANN ELIZABETH</span> entered 03/04/2016.", "entry_date": "3/4/2016"}, {"date": "3/4/2016", "number": "245", "contents": "<span class='description'>ASST. STATE ATTY. MIZRAHI, ALAN SETH</span> entered 03/04/2016.", "entry_date": "3/4/2016"}, {"date": "3/4/2016", "number": "244", "contents": "<span class='description'>JUDGE BORELLO, MARK</span> entered 03/04/2016.", "entry_date": "3/4/2016"}, {"date": "1/19/2016", "number": "243", "contents": "<span class='description'>COURT ORDER FOR PAYMENT OF COSTS AND APPOINTING MENTAL HEALTH EXPERT TO CONDUCT CONFIDENTIAL EXAMINATION OF DEFENDANT (PENALTY PHASE)</span> entered 01/21/2016.", "entry_date": "1/21/2016"}, {"date": "1/19/2016", "number": "242", "contents": "<span class='description'>COURT ORDER FOR PAYMENT OF COSTS AND APPOINTING MENTAL HEALTH EXPERT TO CONDUCT CONFIDENTIAL EXAMINATION OF DEFENDANT (GUILT PHASE)</span> entered 01/21/2016.", "entry_date": "1/21/2016"}, {"date": "1/12/2016", "number": "241", "contents": "<span class='description'>MOTION FOR PAYMENT OF COSTS</span> entered 01/15/2016.", "entry_date": "1/15/2016"}, {"date": "1/12/2016", "number": "240", "contents": "<span class='description'>MOTION TO INCUR COSTS AND APPOINT MENTAL HEALTH EXPERT TO CONDUCT CONFIDENTIAL EXAMINATION OF DEFENDANT (PENALTY PHASE)</span> entered 01/15/2016.", "entry_date": "1/15/2016"}, {"date": "1/5/2016", "number": "239", "contents": "<span class='description'>TRIAL ASSISTANT STATE ATTORNEY CHANGED TO Mizrahi, Alan Seth PER SAO</span> entered 01/05/2016.", "entry_date": "1/5/2016"}, {"date": "12/11/2015", "number": "238", "contents": "<span class='description'>05/19/16 FPT; 05/23/16 JS; PER EMAIL</span> entered 12/11/2015.", "entry_date": "12/11/2015"}, {"link_viewer": "https://www.docketalarm.com/cases/Florida_State_Duval_County_Fourth_Circuit_Court/2013-CF-007157/JALLIL_DEQUAN_GRAVES/237/", "number": "237", "link": "https://www.docketalarm.com/cases/Florida_State_Duval_County_Fourth_Circuit_Court/2013-CF-007157/JALLIL_DEQUAN_GRAVES/docs/237.pdf", "entry_date": "12/11/2015", "date": "12/11/2015", "contents": "<a href=\"/cases/Florida_State_Duval_County_Fourth_Circuit_Court/2013-CF-007157/JALLIL_DEQUAN_GRAVES/237/\"><span class='description'>PRETRIAL 03/04/2016 9:00 AM - 605 6TH FLOOR, 501 W ADAMS ST JACKSONVILLE FL 32202</span></a> entered 12/11/2015."}, {"date": "12/11/2015", "number": "236", "contents": "<span class='description'>&gt; CANCEL REASON -</span> entered 12/11/2015.", "entry_date": "12/11/2015"}, {"date": "12/11/2015", "number": "235", "contents": "<span class='description'>CANCELLED PRETRIAL ON 3/4/2016 9:00:00 AM</span> entered 12/11/2015.", "entry_date": "12/11/2015"}, {"date": "12/11/2015", "number": "234", "contents": "<span class='description'>TRANSFER TO DIV. CR-D (CIRCUIT)</span> entered 12/11/2015.", "entry_date": "12/11/2015"}, {"date": "12/8/2015", "number": "233", "contents": "<span class='description'>5/19/16 FPT; 5/23/16 JS</span> entered 12/08/2015.", "entry_date": "12/8/2015"}, {"date": "12/8/2015", "number": "232", "contents": "<span class='description'>PRETRIAL 03/04/2016 9:00 AM - 308 3RD FLOOR, 501 W ADAMS ST JACKSONVILLE FL 32202</span> entered 12/08/2015.", "entry_date": "12/8/2015"}, {"date": "12/8/2015", "number": "231", "contents": "<span class='description'>DEFENDANT PRESENT IN JAIL</span> entered 12/08/2015.", "entry_date": "12/8/2015"}, {"date": "12/8/2015", "number": "230", "contents": "<span class='description'>&gt; G. ANDUX - CO-COUNSEL</span> entered 12/08/2015.", "entry_date": "12/8/2015"}, {"date": "12/8/2015", "number": "229", "contents": "<span class='description'>ATTY. FOR DEF. FINNELL, ANN ELIZABETH</span> entered 12/08/2015.", "entry_date": "12/8/2015"}, {"date": "12/8/2015", "number": "228", "contents": "<span class='description'>ASST. STATE ATTY. GUY, JOHN INGLE</span> entered 12/08/2015.", "entry_date": "12/8/2015"}, {"date": "12/8/2015", "number": "227", "contents": "<span class='description'>JUDGE BORELLO, MARK</span> entered 12/08/2015.", "entry_date": "12/8/2015"}, {"date": "12/3/2015", "number": "226", "contents": "<span class='description'>MEMORANDUM FROM STATE ATTORNEY</span> entered 12/11/2015.", "entry_date": "12/11/2015"}, {"date": "11/25/2015", "number": "225", "contents": "<span class='description'>COURT ORDER FOR PAYMENT OF COSTS FOR A NEUROPSYCHOLOGIST (AMENDED)</span> entered 11/30/2015.", "entry_date": "11/30/2015"}, {"date": "10/1/2015", "number": "224", "contents": "<span class='description'>05/19/16 FPT; 05/23/16 JS</span> entered 10/01/2015.", "entry_date": "10/1/2015"}, {"date": "10/1/2015", "number": "223", "contents": "<span class='description'>PRETRIAL 12/08/2015 9:00 AM - 308 3RD FLOOR, 501 W ADAMS ST JACKSONVILLE FL 32202</span> entered 10/01/2015.", "entry_date": "10/1/2015"}, {"date": "10/1/2015", "number": "222", "contents": "<span class='description'>DEFENSE/STATE'S ORAL MOTION FOR CONTINUANCE (DEFENSE) - GRANTED W/OUT OBJECTION - STRIKE 11/16/15 JS</span> entered 10/01/2015.", "entry_date": "10/1/2015"}, {"date": "10/1/2015", "number": "221", "contents": "<span class='description'>DEFENDANT APPEARANCE WAIVED</span> entered 10/01/2015.", "entry_date": "10/1/2015"}, {"date": "10/1/2015", "number": "220", "contents": "<span class='description'>ATTY. FOR DEF. FINNELL, ANN ELIZABETH</span> entered 10/01/2015.", "entry_date": "10/1/2015"}, {"date": "10/1/2015", "number": "219", "contents": "<span class='description'>ASST. STATE ATTY. GUY, JOHN INGLE</span> entered 10/01/2015.", "entry_date": "10/1/2015"}, {"date": "10/1/2015", "number": "218", "contents": "<span class='description'>JUDGE BORELLO, MARK</span> entered 10/01/2015.", "entry_date": "10/1/2015"}, {"date": "9/30/2015", "number": "217", "contents": "<span class='description'>MOTION FOR CONTINUANCE OF TRIAL</span> entered 10/10/2015.", "entry_date": "10/10/2015"}, {"date": "9/16/2015", "number": "216", "contents": "<span class='description'>COURT ORDER FOR PAYMENT OF COSTS OF A NEUROPSYCHOLOGIST</span> entered 09/16/2015.", "entry_date": "9/16/2015"}, {"date": "9/16/2015", "number": "215", "contents": "<span class='description'>COURT ORDER FOR PAYMENT OF COSTS OF A PHARMACOLOGIST (THIRD)</span> entered 09/16/2015.", "entry_date": "9/16/2015"}, {"date": "9/15/2015", "number": "214", "contents": "<span class='description'>MOTION TO SUPPRESS STATEMENTS, ADMISSIONS AND CONFESSIONS</span> entered 09/16/2015.", "entry_date": "9/16/2015"}, {"date": "9/15/2015", "number": "213", "contents": "<span class='description'>MOTION TO REDACT STATEMENTS, ADMISSIONS AND CONFESSIONS</span> entered 09/16/2015.", "entry_date": "9/16/2015"}, {"date": "9/15/2015", "number": "212", "contents": "<span class='description'>MOTION (THIRD) TO INCUR COSTS OF A PHARMACOLOGIST FOR GUILT PHASE OF TRIAL</span> entered 09/15/2015.", "entry_date": "9/15/2015"}, {"date": "9/14/2015", "number": "211", "contents": "<span class='description'>MOTION FOR APPOINTMENT OF A NEUROPSYCHOLOGIST AND AUTHORITY TO INCUR EXPERT FEES AND EXPENSES</span> entered 09/15/2015.", "entry_date": "9/15/2015"}, {"date": "9/14/2015", "number": "210", "contents": "<span class='description'>MOTION FOR APPOINTMENT OF A NEUROPSYCHOLOGIST AND AUTHORITY TO INCUR EXPERT FEES AND EXPENSES</span> entered 09/14/2015.", "entry_date": "9/14/2015"}, {"date": "9/8/2015", "number": "209", "contents": "<span class='description'>STATES SIXTH SUPPLEMENTAL RESPONSE TO DEMAND FOR DISCOVERY</span> entered 09/08/2015.", "entry_date": "9/8/2015"}, {"date": "9/3/2015", "number": "208", "contents": "<span class='description'>PER JA E-MAIL 11/12/15 FPT 11/16/15 JS</span> entered 09/03/2015.", "entry_date": "9/3/2015"}, {"date": "9/3/2015", "number": "207", "contents": "<span class='description'>PRETRIAL 10/01/2015 9:00 AM - 308 3RD FLOOR, 501 W ADAMS ST JACKSONVILLE FL 32202</span> entered 09/03/2015.", "entry_date": "9/3/2015"}, {"date": "9/3/2015", "number": "206", "contents": "<span class='description'>&gt; CANCEL REASON - PER JA E-MAIL</span> entered 09/03/2015.", "entry_date": "9/3/2015"}, {"date": "9/3/2015", "number": "205", "contents": "<span class='description'>CANCELLED PRETRIAL ON 9/4/2015 9:00:00 AM</span> entered 09/03/2015.", "entry_date": "9/3/2015"}, {"date": "8/21/2015", "number": "204", "contents": "<span class='description'>COURT ORDER (SECOND) FOR PAYMENT OF COSTS OF A PHARMACOLOGIST (PENALTY PHASE)</span> entered 08/24/2015.", "entry_date": "8/24/2015"}, {"date": "8/21/2015", "number": "203", "contents": "<span class='description'>MOTION TO STAY</span> entered 08/21/2015.", "entry_date": "8/21/2015"}, {"date": "8/21/2015", "number": "202", "contents": "<span class='description'>HEARING ON MOTION TO INCUR COSTS OF PHARMACOLOGIST HELD IN FULL</span> entered 08/21/2015.", "entry_date": "8/21/2015"}, {"date": "8/21/2015", "number": "201", "contents": "<span class='description'>11/12/15 FPT; 11/16/15 JS</span> entered 08/21/2015.", "entry_date": "8/21/2015"}, {"date": "8/21/2015", "number": "200", "contents": "<span class='description'>PRETRIAL 09/04/2015 9:00 AM - 308 3RD FLOOR, 501 W ADAMS ST JACKSONVILLE FL 32202</span> entered 08/21/2015.", "entry_date": "8/21/2015"}, {"date": "8/21/2015", "number": "199", "contents": "<span class='description'>MOTION (SECOND) TO INCUR COSTS OF A PHARMACOLOGIST - GRANTED - ORDER TO BE ENTERED</span> entered 08/21/2015.", "entry_date": "8/21/2015"}, {"date": "8/21/2015", "number": "198", "contents": "<span class='description'>OTHERS PRESENT: G ANDUX FOR A FINNELL</span> entered 08/21/2015.", "entry_date": "8/21/2015"}, {"date": "8/21/2015", "number": "197", "contents": "<span class='description'>DEFENDANT APPEARANCE WAIVED</span> entered 08/21/2015.", "entry_date": "8/21/2015"}, {"date": "8/21/2015", "number": "196", "contents": "<span class='description'>ATTY. FOR DEF. FINNELL, ANN ELIZABETH</span> entered 08/21/2015.", "entry_date": "8/21/2015"}, {"date": "8/21/2015", "number": "195", "contents": "<span class='description'>ASST. STATE ATTY. GUY, JOHN INGLE</span> entered 08/21/2015.", "entry_date": "8/21/2015"}, {"date": "8/21/2015", "number": "194", "contents": "<span class='description'>JUDGE BORELLO, MARK</span> entered 08/21/2015.", "entry_date": "8/21/2015"}, {"date": "8/19/2015", "number": "193", "contents": "<span class='description'>COURT DATE PREVIOUSLY SET 08/21/2015</span> entered 08/19/2015.", "entry_date": "8/19/2015"}, {"date": "8/19/2015", "number": "192", "contents": "<span class='description'>DEFENDANT APPEARANCE WAIVED</span> entered 08/19/2015.", "entry_date": "8/19/2015"}, {"date": "8/19/2015", "number": "191", "contents": "<span class='description'>OTHERS PRESENT: G ANDUX FOR A FINNELL</span> entered 08/19/2015.", "entry_date": "8/19/2015"}, {"date": "8/19/2015", "number": "190", "contents": "<span class='description'>ATTY. FOR DEF. FINNELL, ANN ELIZABETH</span> entered 08/19/2015.", "entry_date": "8/19/2015"}, {"date": "8/19/2015", "number": "189", "contents": "<span class='description'>OTHERS PRESENT: B BRADY FOR J GUY</span> entered 08/19/2015.", "entry_date": "8/19/2015"}, {"date": "8/19/2015", "number": "188", "contents": "<span class='description'>ASST. STATE ATTY. GUY, JOHN INGLE</span> entered 08/19/2015.", "entry_date": "8/19/2015"}, {"date": "8/19/2015", "number": "187", "contents": "<span class='description'>JUDGE BORELLO, MARK</span> entered 08/19/2015.", "entry_date": "8/19/2015"}, {"date": "8/14/2015", "number": "186", "contents": "<span class='description'>PER EMAIL MEMO</span> entered 08/14/2015.", "entry_date": "8/14/2015"}, {"date": "8/14/2015", "number": "185", "contents": "<span class='description'>HEARING ON MOTION 08/21/2015 9:00 AM - 308 3RD FLOOR, 501 W ADAMS ST JACKSONVILLE FL 32202</span> entered 08/14/2015.", "entry_date": "8/14/2015"}, {"date": "8/10/2015", "number": "184", "contents": "<span class='description'>MOTION TO INCUR COSTS OF A PHARMACOLOGIST (SECOND)</span> entered 08/13/2015.", "entry_date": "8/13/2015"}, {"date": "7/27/2015", "number": "183", "contents": "<span class='description'>NOTICE OF FILING</span> entered 07/27/2015.", "entry_date": "7/27/2015"}, {"date": "7/13/2015", "number": "182", "contents": "<span class='description'>REQUEST FOR A SPECIAL VERDICT REQUIRING THE JURY TO MORE FINDINGS REGARDING AGGRAVATING CIRCUMSTANCES</span> entered 07/20/2015.", "entry_date": "7/20/2015"}, {"date": "6/23/2015", "number": "181", "contents": "<span class='description'>11/12/15 FPT; 11/16/15 JS</span> entered 06/23/2015.", "entry_date": "6/23/2015"}, {"date": "6/23/2015", "number": "180", "contents": "<span class='description'>PRETRIAL 08/19/2015 9:00 AM - 308 3RD FLOOR, 501 W ADAMS ST JACKSONVILLE FL 32202</span> entered 06/23/2015.", "entry_date": "6/23/2015"}, {"date": "6/23/2015", "number": "179", "contents": "<span class='description'>DEFENDANT PRESENT IN JAIL</span> entered 06/23/2015.", "entry_date": "6/23/2015"}, {"date": "6/23/2015", "number": "178", "contents": "<span class='description'>ATTY. FOR DEF. FINNELL, ANN ELIZABETH</span> entered 06/23/2015.", "entry_date": "6/23/2015"}, {"date": "6/23/2015", "number": "177", "contents": "<span class='description'>ASST. STATE ATTY. GUY, JOHN INGLE</span> entered 06/23/2015.", "entry_date": "6/23/2015"}, {"date": "6/23/2015", "number": "176", "contents": "<span class='description'>JUDGE BORELLO, MARK</span> entered 06/23/2015.", "entry_date": "6/23/2015"}, {"date": "5/20/2015", "number": "175", "contents": "<span class='description'>11/12/15 FPT; 11/16/15 JS</span> entered 05/20/2015.", "entry_date": "5/20/2015"}, {"date": "5/20/2015", "number": "174", "contents": "<span class='description'>PRETRIAL 06/23/2015 9:00 AM - 308 3RD FLOOR, 501 W ADAMS ST JACKSONVILLE FL 32202</span> entered 05/20/2015.", "entry_date": "5/20/2015"}, {"date": "5/20/2015", "number": "173", "contents": "<span class='description'>DEFENDANT PRESENT IN JAIL</span> entered 05/20/2015.", "entry_date": "5/20/2015"}, {"date": "5/20/2015", "number": "172", "contents": "<span class='description'>ATTY. FOR DEF. FINNELL, ANN ELIZABETH</span> entered 05/20/2015.", "entry_date": "5/20/2015"}, {"date": "5/20/2015", "number": "171", "contents": "<span class='description'>ASST. STATE ATTY. GUY, JOHN INGLE</span> entered 05/20/2015.", "entry_date": "5/20/2015"}, {"date": "5/20/2015", "number": "170", "contents": "<span class='description'>JUDGE BORELLO, MARK</span> entered 05/20/2015.", "entry_date": "5/20/2015"}, {"date": "4/15/2015", "number": "169", "contents": "<span class='description'>NOTICE OF TAKING DEPOSITION</span> entered 04/15/2015.", "entry_date": "4/15/2015"}, {"date": "4/15/2015", "number": "168", "contents": "<span class='description'>NOTICE OF TAKING DEPOSITION</span> entered 04/15/2015.", "entry_date": "4/15/2015"}, {"date": "4/13/2015", "number": "167", "contents": "<span class='description'>RESPONSE TO DEMAND FOR DISCOVERY</span> entered 04/13/2015.", "entry_date": "4/13/2015"}, {"date": "4/8/2015", "number": "166", "contents": "<span class='description'>11/12/15 FPT; 11/16/15 JS</span> entered 04/08/2015.", "entry_date": "4/8/2015"}, {"date": "4/8/2015", "number": "165", "contents": "<span class='description'>PRETRIAL 05/20/2015 9:00 AM - 308 3RD FLOOR, 501 W ADAMS ST JACKSONVILLE FL 32202</span> entered 04/08/2015.", "entry_date": "4/8/2015"}, {"date": "4/8/2015", "number": "164", "contents": "<span class='description'>DEFENDANT PRESENT IN JAIL</span> entered 04/08/2015.", "entry_date": "4/8/2015"}, {"date": "4/8/2015", "number": "163", "contents": "<span class='description'>ATTY. FOR DEF. FINNELL, ANN ELIZABETH</span> entered 04/08/2015.", "entry_date": "4/8/2015"}, {"date": "4/8/2015", "number": "162", "contents": "<span class='description'>ASST. STATE ATTY. GUY, JOHN INGLE</span> entered 04/08/2015.", "entry_date": "4/8/2015"}, {"date": "4/8/2015", "number": "161", "contents": "<span class='description'>JUDGE BORELLO, MARK</span> entered 04/08/2015.", "entry_date": "4/8/2015"}, {"date": "2/27/2015", "number": "160", "contents": "<span class='description'>COURT ORDER FOR PAYMENT OF COSTS FOR DEPOSITION TRANSCRIPTS FOR COURT APPOINTED DEFENDANT</span> entered 03/02/2015.", "entry_date": "3/2/2015"}, {"date": "2/4/2015", "number": "159", "contents": "<span class='description'>11/12/15 FPT; 11/16/15 JS</span> entered 02/04/2015.", "entry_date": "2/4/2015"}, {"date": "2/4/2015", "number": "158", "contents": "<span class='description'>PRETRIAL 04/08/2015 9:00 AM - 308 3RD FLOOR, 501 W ADAMS ST JACKSONVILLE FL 32202</span> entered 02/04/2015.", "entry_date": "2/4/2015"}, {"date": "2/4/2015", "number": "157", "contents": "<span class='description'>DEFENDANT PRESENT IN JAIL</span> entered 02/04/2015.", "entry_date": "2/4/2015"}, {"date": "2/4/2015", "number": "156", "contents": "<span class='description'>ATTY. FOR DEF. FINNELL, ANN ELIZABETH</span> entered 02/04/2015.", "entry_date": "2/4/2015"}, {"date": "2/4/2015", "number": "155", "contents": "<span class='description'>ASST. STATE ATTY. GUY, JOHN INGLE</span> entered 02/04/2015.", "entry_date": "2/4/2015"}, {"date": "2/4/2015", "number": "154", "contents": "<span class='description'>JUDGE BORELLO, MARK</span> entered 02/04/2015.", "entry_date": "2/4/2015"}, {"date": "2/2/2015", "number": "153", "contents": "<span class='description'>STATES# FOURTH SUPPLEMENTAL DISCOVERY EXHIBIT DEMAND</span> entered 02/03/2015.", "entry_date": "2/3/2015"}, {"date": "1/27/2015", "number": "152", "contents": "<span class='description'>PRETRIAL 02/04/2015 9:00 AM - 308 3RD FLOOR, 501 W ADAMS ST JACKSONVILLE FL 32202</span> entered 01/27/2015.", "entry_date": "1/27/2015"}, {"date": "1/27/2015", "number": "151", "contents": "<span class='description'>DEFENDANT PRESENT IN JAIL</span> entered 01/27/2015.", "entry_date": "1/27/2015"}, {"date": "1/27/2015", "number": "150", "contents": "<span class='description'>ATTY. FOR DEF. FINNELL, ANN ELIZABETH</span> entered 01/27/2015.", "entry_date": "1/27/2015"}, {"date": "1/27/2015", "number": "149", "contents": "<span class='description'>ASST. STATE ATTY. GUY, JOHN INGLE</span> entered 01/27/2015.", "entry_date": "1/27/2015"}, {"date": "1/27/2015", "number": "148", "contents": "<span class='description'>JUDGE BORELLO, MARK</span> entered 01/27/2015.", "entry_date": "1/27/2015"}, {"date": "1/23/2015", "number": "147", "contents": "<span class='description'>MOTION TO INCUR COSTS FOR DEPOSITION TRANSCRIPT FOR COURT APPOINTED DEFT.</span> entered 01/26/2015.", "entry_date": "1/26/2015"}, {"date": "12/23/2014", "number": "146", "contents": "<span class='description'>JUSTICE ADMINISTRATIVE COMMISSION'S RESPONSE TO MOTION TO INCUR COSTS FOR A PHARMACOLOGIST AND REQUEST TO APPEAR TELEPHONICALLY</span> entered 12/23/2014.", "entry_date": "12/23/2014"}, {"date": "12/23/2014", "number": "145", "contents": "<span class='description'>MOTION FOR PAYMENT OF COSTS</span> entered 12/23/2014.", "entry_date": "12/23/2014"}, {"date": "12/19/2014", "number": "144", "contents": "<span class='description'>COURT ORDER ON DEFENDANT'S MOTIONS (SECOND)</span> entered 12/23/2014.", "entry_date": "12/23/2014"}, {"date": "12/19/2014", "number": "143", "contents": "<span class='description'>COURT ORDER ON DEFENDANT'S MOTIONS (FIRST)</span> entered 12/23/2014.", "entry_date": "12/23/2014"}, {"date": "12/9/2014", "number": "142", "contents": "<span class='description'>RULING ON MOTION 01/27/2015 9:00 AM - 306 3RD FLOOR, 501 W ADAMS ST JACKSONVILLE FL 32202</span> entered 12/09/2014.", "entry_date": "12/9/2014"}, {"date": "12/9/2014", "number": "141", "contents": "<span class='description'>HEARING ON DEATH PENALTY MOTIONS HELD IN FULL</span> entered 12/09/2014.", "entry_date": "12/9/2014"}, {"date": "12/9/2014", "number": "140", "contents": "<span class='description'>DEFENDANT PRESENT</span> entered 12/09/2014.", "entry_date": "12/9/2014"}, {"date": "12/9/2014", "number": "139", "contents": "<span class='description'>ATTY. FOR DEF. FINNELL, ANN ELIZABETH</span> entered 12/09/2014.", "entry_date": "12/9/2014"}, {"date": "12/9/2014", "number": "138", "contents": "<span class='description'>ASST. STATE ATTY. GUY, JOHN INGLE</span> entered 12/09/2014.", "entry_date": "12/9/2014"}, {"date": "12/9/2014", "number": "137", "contents": "<span class='description'>JUDGE BLAZS, KEVIN</span> entered 12/09/2014.", "entry_date": "12/9/2014"}, {"date": "11/25/2014", "number": "136", "contents": "<span class='description'>@2:00PM</span> entered 11/25/2014.", "entry_date": "11/25/2014"}, {"date": "11/25/2014", "number": "135", "contents": "<span class='description'>HEARING ON MOTION 12/09/2014 9:00 AM - 306 3RD FLOOR, 501 W ADAMS ST JACKSONVILLE FL 32202</span> entered 11/25/2014.", "entry_date": "11/25/2014"}, {"date": "11/25/2014", "number": "134", "contents": "<span class='description'>HEARING NOT HELD - DEFENDANT IN CLAY COUNTY JAIL</span> entered 11/25/2014.", "entry_date": "11/25/2014"}, {"date": "11/25/2014", "number": "133", "contents": "<span class='description'>DEFENDANT APPEARANCE WAIVED</span> entered 11/25/2014.", "entry_date": "11/25/2014"}, {"date": "11/25/2014", "number": "132", "contents": "<span class='description'>ATTY. FOR DEF. FINNELL, ANN ELIZABETH</span> entered 11/25/2014.", "entry_date": "11/25/2014"}, {"date": "11/25/2014", "number": "131", "contents": "<span class='description'>ASST. STATE ATTY. GUY, JOHN INGLE</span> entered 11/25/2014.", "entry_date": "11/25/2014"}, {"date": "11/25/2014", "number": "130", "contents": "<span class='description'>JUDGE BLAZS, KEVIN</span> entered 11/25/2014.", "entry_date": "11/25/2014"}, {"date": "10/20/2014", "number": "129", "contents": "<span class='description'>@2:00</span> entered 10/20/2014.", "entry_date": "10/20/2014"}, {"date": "10/20/2014", "number": "128", "contents": "<span class='description'>HEARING ON MOTION 11/25/2014 9:00 AM - 306 3RD FLOOR, 501 W ADAMS ST JACKSONVILLE FL 32202</span> entered 10/20/2014.", "entry_date": "10/20/2014"}, {"date": "10/20/2014", "number": "127", "contents": "<span class='description'>DEFENDANT PRESENT</span> entered 10/20/2014.", "entry_date": "10/20/2014"}, {"date": "10/20/2014", "number": "126", "contents": "<span class='description'>ATTY. FOR DEF. FINNELL, ANN ELIZABETH</span> entered 10/20/2014.", "entry_date": "10/20/2014"}, {"date": "10/20/2014", "number": "125", "contents": "<span class='description'>ASST. STATE ATTY. GUY, JOHN INGLE</span> entered 10/20/2014.", "entry_date": "10/20/2014"}, {"date": "10/20/2014", "number": "124", "contents": "<span class='description'>JUDGE BLAZS, KEVIN</span> entered 10/20/2014.", "entry_date": "10/20/2014"}, {"date": "10/6/2014", "number": "123", "contents": "<span class='description'>ORDER FOR PAYMENT OF COSTS A PHARMACOLOGIST (PENALTY PHASE)</span> entered 10/06/2014.", "entry_date": "10/6/2014"}, {"date": "9/17/2014", "number": "122", "contents": "<span class='description'>NOTICE OF TAKING DEPOSITION</span> entered 09/18/2014.", "entry_date": "9/18/2014"}, {"date": "9/17/2014", "number": "121", "contents": "<span class='description'>NOTICE OF TAKING DEPOSITION</span> entered 09/18/2014.", "entry_date": "9/18/2014"}, {"date": "9/17/2014", "number": "120", "contents": "<span class='description'>NOTICE OF TAKING DEPOSITION</span> entered 09/18/2014.", "entry_date": "9/18/2014"}, {"date": "9/15/2014", "number": "119", "contents": "<span class='description'>HEARING ON MOTION (TO BE SET) 10/20/2014 9:00 AM - 306 3RD FLOOR, 501 W ADAMS ST JACKSONVILLE FL 32202</span> entered 09/15/2014.", "entry_date": "9/15/2014"}, {"date": "9/15/2014", "number": "118", "contents": "<span class='description'>MOTION FOR CONTINUANCE (DEFENSE) - GRANTED WITHOUT OBJECTION</span> entered 09/15/2014.", "entry_date": "9/15/2014"}, {"date": "9/15/2014", "number": "117", "contents": "<span class='description'>DEFENDANT NOT PRESENT (CLAY COUNTY JAIL)</span> entered 09/15/2014.", "entry_date": "9/15/2014"}, {"date": "9/15/2014", "number": "116", "contents": "<span class='description'>ATTY. FOR DEF. FINNELL, ANN ELIZABETH</span> entered 09/15/2014.", "entry_date": "9/15/2014"}, {"date": "9/15/2014", "number": "115", "contents": "<span class='description'>ASST. STATE ATTY. GUY, JOHN INGLE</span> entered 09/15/2014.", "entry_date": "9/15/2014"}, {"date": "9/15/2014", "number": "114", "contents": "<span class='description'>JUDGE BLAZS, KEVIN</span> entered 09/15/2014.", "entry_date": "9/15/2014"}, {"date": "8/18/2014", "number": "113", "contents": "<span class='description'>COURT DATE PREVIOUSLY SET FOR 9/15/14 JURY SELECTION</span> entered 08/18/2014.", "entry_date": "8/18/2014"}, {"date": "8/18/2014", "number": "112", "contents": "<span class='description'>&gt; CLAY COUNTY JAIL</span> entered 08/18/2014.", "entry_date": "8/18/2014"}, {"date": "8/18/2014", "number": "111", "contents": "<span class='description'>DEFENDANT NOT PRESENT</span> entered 08/18/2014.", "entry_date": "8/18/2014"}, {"date": "8/18/2014", "number": "110", "contents": "<span class='description'>ATTY. FOR DEF. FINNELL, ANN ELIZABETH</span> entered 08/18/2014.", "entry_date": "8/18/2014"}, {"date": "8/18/2014", "number": "109", "contents": "<span class='description'>ASST. STATE ATTY. GUY, JOHN INGLE</span> entered 08/18/2014.", "entry_date": "8/18/2014"}, {"date": "8/18/2014", "number": "108", "contents": "<span class='description'>JUDGE BLAZS, KEVIN</span> entered 08/18/2014.", "entry_date": "8/18/2014"}, {"date": "8/1/2014", "number": "107", "contents": "<span class='description'>MOTION/REQUEST FOR CONTINUANCE OR TRIAL</span> entered 08/04/2014.", "entry_date": "8/4/2014"}, {"date": "7/9/2014", "number": "106", "contents": "<span class='description'>MOTION FOR PAYMENT OF COSTS</span> entered 07/10/2014.", "entry_date": "7/10/2014"}, {"date": "5/13/2014", "number": "105", "contents": "<span class='description'>REQUEST - DEFENDANT'S SPECIAL REQUEST INSTRUCTION ON \"KILLING WITH PREMEDITATION\"</span> entered 05/14/2014.", "entry_date": "5/14/2014"}, {"date": "5/13/2014", "number": "104", "contents": "<span class='description'>MOT. TO DISMISS AND/OR DECLARE DEATH NOT A POSSIBLE PENALTY AND/OR TO DECLARE SECTIONS 782.04 AND 921.141, FLORIDA STATUTES, UNCONSTITUTIONAL FOR A VARIETY OF REASONS</span> entered 05/14/2014.", "entry_date": "5/14/2014"}, {"date": "5/13/2014", "number": "103", "contents": "<span class='description'>MOTION TO PROHIBIT THE PROSECUTOR FROM USING PEREMPTORY CHALLENGES TO STRIKE JURORS WHO ARE DEATH SCRUPLED BUT ARE NOT EXCLUDABLE FOR CAUSE AND MOTION FOR APPROPRIATE RELIEF</span> entered 05/14/2014.", "entry_date": "5/14/2014"}, {"date": "5/13/2014", "number": "102", "contents": "<span class='description'>MOTION FOR SPECIAL VERDICT (DEFENDANT'S)</span> entered 05/14/2014.", "entry_date": "5/14/2014"}, {"date": "5/13/2014", "number": "101", "contents": "<span class='description'>MOTION FOR PRODUCTION OF FAVORABLE EVIDENCE</span> entered 05/14/2014.", "entry_date": "5/14/2014"}, {"date": "5/13/2014", "number": "100", "contents": "<span class='description'>MOTION TO DECLARE SECTIONS 921.141, 922.10 AND 922.105, FLORIDA STATUTES UNCONSTITUTIONAL BECAUSE ELECTROCUTION AND LETHAL INJECTION ARE CRUEL AND UNUSUAL PUNISHMENT</span> entered 05/14/2014.", "entry_date": "5/14/2014"}, {"date": "5/13/2014", "number": "99", "contents": "<span class='description'>MOTION TO DECLARE SECTION 921.141(5)(D), FLORIDA STATUTES, UNCONSTITUTIONAL</span> entered 05/14/2014.", "entry_date": "5/14/2014"}, {"date": "5/13/2014", "number": "98", "contents": "<span class='description'>MOTION TO DECLARE SECTION 921.141(5)(H), FLORIDA STATUTES, UNCONSTITUTIONAL</span> entered 05/14/2014.", "entry_date": "5/14/2014"}, {"date": "5/13/2014", "number": "97", "contents": "<span class='description'>MOTION TO PERCLUDE THE DEATH PENALTY AND/OR TO DECLARE FLORIDA'S CAPITAL SENTENCING STATUTE UNCONSTITUTIONAL BASED ON VIOLATIONS OF THE FLORIDA AND FEDERAL CONSTITUTIONS</span> entered 05/14/2014.", "entry_date": "5/14/2014"}, {"date": "5/13/2014", "number": "96", "contents": "<span class='description'>JURY SELECTION 09/15/2014 9:00 AM - 306 3RD FLOOR, 501 W ADAMS ST JACKSONVILLE FL 32202</span> entered 05/13/2014.", "entry_date": "5/13/2014"}, {"date": "5/13/2014", "number": "95", "contents": "<span class='description'>HEARING ON MOTION (TO BE SET) 08/18/2014 9:00 AM - 306 3RD FLOOR, 501 W ADAMS ST JACKSONVILLE FL 32202</span> entered 05/13/2014.", "entry_date": "5/13/2014"}, {"date": "5/13/2014", "number": "94", "contents": "<span class='description'>&gt; CLAY COUNTY JAIL</span> entered 05/13/2014.", "entry_date": "5/13/2014"}, {"date": "5/13/2014", "number": "93", "contents": "<span class='description'>DEFENDANT NOT PRESENT</span> entered 05/13/2014.", "entry_date": "5/13/2014"}, {"date": "5/13/2014", "number": "92", "contents": "<span class='description'>ATTY. FOR DEF. FINNELL, ANN ELIZABETH</span> entered 05/13/2014.", "entry_date": "5/13/2014"}, {"date": "5/13/2014", "number": "91", "contents": "<span class='description'>ASST. STATE ATTY. GUY, JOHN INGLE</span> entered 05/13/2014.", "entry_date": "5/13/2014"}, {"date": "5/13/2014", "number": "90", "contents": "<span class='description'>JUDGE BLAZS, KEVIN</span> entered 05/13/2014.", "entry_date": "5/13/2014"}, {"date": "4/17/2014", "number": "89", "contents": "<span class='description'>MOTION FOR AUTHORITY TO INCUR EXPENSES FOR DEPOSITION TRANSCRIPTS FOR COURT APPOINTED DEFT.</span> entered 04/18/2014.", "entry_date": "4/18/2014"}, {"date": "4/16/2014", "number": "88", "contents": "<span class='description'>WAIVER OF APPEARANCE</span> entered 04/17/2014.", "entry_date": "4/17/2014"}, {"date": "4/10/2014", "number": "87", "contents": "<span class='description'>RESPONSE TO DEMAND FOR DISCOVERY [STATE'S THIRD SUPPLEMENTAL]</span> entered 04/11/2014.", "entry_date": "4/11/2014"}, {"date": "3/17/2014", "number": "86", "contents": "<span class='description'>NOTICE OF TAKING DEPOSITION</span> entered 03/17/2014.", "entry_date": "3/17/2014"}, {"date": "3/17/2014", "number": "85", "contents": "<span class='description'>NOTICE OF TAKING DEPOSITION</span> entered 03/17/2014.", "entry_date": "3/17/2014"}, {"date": "3/17/2014", "number": "84", "contents": "<span class='description'>NOTICE OF TAKING DEPOSITION</span> entered 03/17/2014.", "entry_date": "3/17/2014"}, {"date": "3/4/2014", "number": "83", "contents": "<span class='description'>PRETRIAL 05/13/2014 9:00 AM - 306 3RD FLOOR, 501 W ADAMS ST JACKSONVILLE FL 32202</span> entered 03/04/2014.", "entry_date": "3/4/2014"}, {"date": "3/4/2014", "number": "82", "contents": "<span class='description'>DEFENDANT PRESENT IN JAIL</span> entered 03/04/2014.", "entry_date": "3/4/2014"}, {"date": "3/4/2014", "number": "81", "contents": "<span class='description'>ATTY. FOR DEF. FINNELL, ANN ELIZABETH</span> entered 03/04/2014.", "entry_date": "3/4/2014"}, {"date": "3/4/2014", "number": "80", "contents": "<span class='description'>ASST. STATE ATTY. GUY, JOHN INGLE</span> entered 03/04/2014.", "entry_date": "3/4/2014"}, {"date": "3/4/2014", "number": "79", "contents": "<span class='description'>JUDGE BLAZS, KEVIN</span> entered 03/04/2014.", "entry_date": "3/4/2014"}, {"date": "1/30/2014", "number": "78", "contents": "<span class='description'>MOTION FOR AUTHORITY TO INCUR EXPENSES SECOND FOR TRANSCRIPTS OF AUDIO AND VIDEO RECORDINGS FOR COURT APPOINTED DEFT.</span> entered 01/31/2014.", "entry_date": "1/31/2014"}, {"date": "1/13/2014", "number": "77", "contents": "<span class='description'>NOTICE OF TAKING DEPOSITION</span> entered 01/13/2014.", "entry_date": "1/13/2014"}, {"date": "1/13/2014", "number": "76", "contents": "<span class='description'>NOTICE OF TAKING DEPOSITION</span> entered 01/13/2014.", "entry_date": "1/13/2014"}, {"date": "1/13/2014", "number": "75", "contents": "<span class='description'>NOTICE OF TAKING DEPOSITION</span> entered 01/13/2014.", "entry_date": "1/13/2014"}, {"date": "1/7/2014", "number": "74", "contents": "<span class='description'>PRETRIAL 03/04/2014 9:00 AM - 306 3RD FLOOR, 501 W ADAMS ST JACKSONVILLE FL 32202</span> entered 01/07/2014.", "entry_date": "1/7/2014"}, {"date": "1/7/2014", "number": "73", "contents": "<span class='description'>&gt; ATTY G. ANDUX FOR ATTY A. FINNELL</span> entered 01/07/2014.", "entry_date": "1/7/2014"}, {"date": "1/7/2014", "number": "72", "contents": "<span class='description'>DEFENDANT PRESENT IN JAIL</span> entered 01/07/2014.", "entry_date": "1/7/2014"}, {"date": "1/7/2014", "number": "71", "contents": "<span class='description'>ATTY. FOR DEF. FINNELL, ANN</span> entered 01/07/2014.", "entry_date": "1/7/2014"}, {"date": "1/7/2014", "number": "70", "contents": "<span class='description'>ASST. STATE ATTY. GUY, JOHN INGLE</span> entered 01/07/2014.", "entry_date": "1/7/2014"}, {"date": "1/7/2014", "number": "69", "contents": "<span class='description'>JUDGE BLAZS, KEVIN</span> entered 01/07/2014.", "entry_date": "1/7/2014"}, {"date": "11/15/2013", "number": "68", "contents": "<span class='description'>RECEIPT FOR CIVIL PROCESS, JAIL, WARRANTS</span> entered 11/18/2013.", "entry_date": "11/18/2013"}, {"date": "11/14/2013", "number": "67", "contents": "<span class='description'>ORDER TO TRANSPORT INMATE FOR DEPOSTITION</span> entered 11/14/2013.", "entry_date": "11/14/2013"}, {"date": "11/14/2013", "number": "66", "contents": "<span class='description'>NOTICE OF TAKING DEPOSITION</span> entered 11/14/2013.", "entry_date": "11/14/2013"}, {"link_viewer": "https://www.docketalarm.com/cases/Florida_State_Duval_County_Fourth_Circuit_Court/2013-CF-007157/JALLIL_DEQUAN_GRAVES/65/", "number": "65", "link": "https://www.docketalarm.com/cases/Florida_State_Duval_County_Fourth_Circuit_Court/2013-CF-007157/JALLIL_DEQUAN_GRAVES/docs/65.pdf", "entry_date": "11/5/2013", "date": "11/1/2013", "contents": "<a href=\"/cases/Florida_State_Duval_County_Fourth_Circuit_Court/2013-CF-007157/JALLIL_DEQUAN_GRAVES/65/\"><span class='description'>** WAIVER OF SPEEDY TRIAL **</span></a> entered 11/05/2013."}, {"date": "10/29/2013", "number": "64", "contents": "<span class='description'>ORDER ON DEFENDANT'S MOTION TO INCUR COSTS OF A MITIGATION SPECIALIST (PENALTY PHASE)</span> entered 10/30/2013.", "entry_date": "10/30/2013"}, {"date": "10/29/2013", "number": "63", "contents": "<span class='description'>PRETRIAL 01/07/2014 9:00 AM - 306 3RD FLOOR, 501 W ADAMS ST JACKSONVILLE FL 32202</span> entered 10/29/2013.", "entry_date": "10/29/2013"}, {"date": "10/29/2013", "number": "62", "contents": "<span class='description'>DEFENDANT PRESENT IN JAIL</span> entered 10/29/2013.", "entry_date": "10/29/2013"}, {"date": "10/29/2013", "number": "61", "contents": "<span class='description'>ATTY. FOR DEF. FINNELL, ANN</span> entered 10/29/2013.", "entry_date": "10/29/2013"}, {"date": "10/29/2013", "number": "60", "contents": "<span class='description'>ASST. STATE ATTY. GUY, JOHN INGLE</span> entered 10/29/2013.", "entry_date": "10/29/2013"}, {"date": "10/29/2013", "number": "59", "contents": "<span class='description'>JUDGE BLAZS, KEVIN</span> entered 10/29/2013.", "entry_date": "10/29/2013"}, {"date": "10/24/2013", "number": "58", "contents": "<span class='description'>MOTION FOR PAYMENT OF COSTS</span> entered 10/28/2013.", "entry_date": "10/28/2013"}, {"date": "10/16/2013", "number": "57", "contents": "<span class='description'>ORDER AUTHORIZING CERTAIN SPECIFIED COSTS FOR COURT APPOINTED DEFENDANT (PENALTY PHASE)</span> entered 10/16/2013.", "entry_date": "10/16/2013"}, {"date": "10/9/2013", "number": "56", "contents": "<span class='description'>RESPONSE STATE'S SECOND SUPPLEMENTAL TO DEMAND FOR DISCOVERY</span> entered 10/09/2013.", "entry_date": "10/9/2013"}, {"date": "10/8/2013", "number": "55", "contents": "<span class='description'>OTHER</span> entered 10/09/2013.", "entry_date": "10/9/2013"}, {"date": "10/8/2013", "number": "54", "contents": "<span class='description'>ORDER FOR PAYMENT OF COSTS FOR TRANSCRIPTS OF AUDIO AND VIDEO RECORDINGS FOR COURT APPOINTED DEFENDAANT</span> entered 10/09/2013.", "entry_date": "10/9/2013"}, {"date": "10/8/2013", "number": "53", "contents": "<span class='description'>MOTION TO INCUR CERTAIN SPECIFIED COSTS FOR COURT APPOINTED DEFENDANT ( PENALTY PHASE )</span> entered 10/09/2013.", "entry_date": "10/9/2013"}, {"date": "10/2/2013", "number": "52", "contents": "<span class='description'>NOTICE OF TAKING DEPOSITION</span> entered 10/02/2013.", "entry_date": "10/2/2013"}, {"date": "10/1/2013", "number": "51", "contents": "<span class='description'>MOTION TO INCUR COSTS FOR TRANSCRIPTS OF AUDIO AND VIDEO RECORDING FOR COURT APPOINTED DEFENDANT</span> entered 10/01/2013.", "entry_date": "10/1/2013"}, {"date": "9/24/2013", "number": "50", "contents": "<span class='description'>PRETRIAL 10/29/2013 9:00 AM - 306 3RD FLOOR, 501 W ADAMS ST JACKSONVILLE FL 32202</span> entered 09/24/2013.", "entry_date": "9/24/2013"}, {"date": "9/24/2013", "number": "49", "contents": "<span class='description'>DEFENDANT PRESENT IN JAIL</span> entered 09/24/2013.", "entry_date": "9/24/2013"}, {"date": "9/24/2013", "number": "48", "contents": "<span class='description'>ATTY. FOR DEF. FINNELL, ANN</span> entered 09/24/2013.", "entry_date": "9/24/2013"}, {"date": "9/24/2013", "number": "47", "contents": "<span class='description'>ASST. STATE ATTY. GUY, JOHN INGLE</span> entered 09/24/2013.", "entry_date": "9/24/2013"}, {"date": "9/24/2013", "number": "46", "contents": "<span class='description'>JUDGE BLAZS, KEVIN</span> entered 09/24/2013.", "entry_date": "9/24/2013"}, {"link_viewer": "https://www.docketalarm.com/cases/Florida_State_Duval_County_Fourth_Circuit_Court/2013-CF-007157/JALLIL_DEQUAN_GRAVES/45/", "number": "45", "link": "https://www.docketalarm.com/cases/Florida_State_Duval_County_Fourth_Circuit_Court/2013-CF-007157/JALLIL_DEQUAN_GRAVES/docs/45.pdf", "entry_date": "9/23/2013", "date": "9/23/2013", "contents": "<a href=\"/cases/Florida_State_Duval_County_Fourth_Circuit_Court/2013-CF-007157/JALLIL_DEQUAN_GRAVES/45/\"><span class='description'>ORDER APPOINTING ATTORNEY (PENALTY PHASE)</span></a> entered 09/23/2013."}, {"date": "9/10/2013", "number": "44", "contents": "<span class='description'>ORDER FOR PAYMENT OF COSTS AND APPOINTING MENTAL HEALTH EXPERT TO CONDUCT CONFIDENTIAL EXAMINATION OF DEFENDANT - AMENDED</span> entered 09/10/2013.", "entry_date": "9/10/2013"}, {"date": "9/5/2013", "number": "43", "contents": "<span class='description'>ORDER AUTHORIZING CERTAIN SPECIFIED COSTS FOR COURT APPOINTED DEFENDANT</span> entered 09/09/2013.", "entry_date": "9/9/2013"}, {"date": "9/5/2013", "number": "42", "contents": "<span class='description'>ORDER FOR PAYMENT OF COSTS AND APPOINTING MENTAL HEALTH EXPERT TO CONUCT CONFIDENTIAL EXAMINATION OF DEFENDANT</span> entered 09/09/2013.", "entry_date": "9/9/2013"}, {"date": "9/5/2013", "number": "41", "contents": "<span class='description'>NOTICE OF DISCOVERY</span> entered 09/05/2013.", "entry_date": "9/5/2013"}, {"date": "9/5/2013", "number": "40", "contents": "<span class='description'>FIRST SUPPLEMENTAL RESPONSE TO DEMAND FOR DISCOVERY</span> entered 09/05/2013.", "entry_date": "9/5/2013"}, {"date": "8/30/2013", "number": "39", "contents": "<span class='description'>MOTION TO INCUR COSTS OF AND APPOINT MENTAL HEALTH EXPERT TO CONDUCT CONFINDENTIAL EXAMINATION OF DEFENDANT (AMENDED)</span> entered 09/03/2013.", "entry_date": "9/3/2013"}, {"date": "8/29/2013", "number": "38", "contents": "<span class='description'>MOT. FOR STATEMENT OF PARTICULARS</span> entered 09/03/2013.", "entry_date": "9/3/2013"}, {"date": "8/29/2013", "number": "37", "contents": "<span class='description'>MOTION TO INCUR CERTAIN SPECIFIED COSTS FOR COURT APPOINTED DEFENDANT</span> entered 09/03/2013.", "entry_date": "9/3/2013"}, {"date": "8/29/2013", "number": "36", "contents": "<span class='description'>MOTION TO INCUR COSTS OF AND APPOINT MENTAL HEALTH EXPERT TO CONDUCT CONFINDENTIAL EXAMINATION OF DEFENDANT</span> entered 09/03/2013.", "entry_date": "9/3/2013"}, {"date": "8/28/2013", "number": "35", "contents": "<span class='description'>PLEA OF NOT GUILTY</span> entered 03/04/2014.", "entry_date": "3/4/2014"}, {"date": "8/28/2013", "number": "34", "contents": "<span class='description'>PLEA OF NOT GUILTY</span> entered 03/04/2014.", "entry_date": "3/4/2014"}, {"date": "8/28/2013", "number": "33", "contents": "<span class='description'>PLEA OF NOT GUILTY</span> entered 03/04/2014.", "entry_date": "3/4/2014"}, {"date": "8/28/2013", "number": "32", "contents": "<span class='description'>PRETRIAL 09/24/2013 9:00 AM - 306 3RD FLOOR, 501 W ADAMS ST JACKSONVILLE FL 32202</span> entered 08/12/2013.", "entry_date": "8/12/2013"}, {"date": "8/28/2013", "number": "31", "contents": "<span class='description'>NOTICE OF INTENT TO SEEK DEATH PENALTY FOR STATEMENT OF PARTICULARS OF MENTAL MITIGATION</span> entered 08/28/2013.", "entry_date": "8/28/2013"}, {"date": "8/28/2013", "number": "30", "contents": "<span class='description'>RESPONSE TO DEMAND &amp; DEMAND FOR RECIPROCAL DISCOVERY</span> entered 08/28/2013.", "entry_date": "8/28/2013"}, {"date": "8/28/2013", "number": "29", "contents": "<span class='description'>DEF. W/READING OF INFO &amp; PLEAD (INDICTMENT) NOT GUILTY</span> entered 08/28/2013.", "entry_date": "8/28/2013"}, {"date": "8/28/2013", "number": "28", "contents": "<span class='description'>DEFENDANT PRESENT IN JAIL</span> entered 08/28/2013.", "entry_date": "8/28/2013"}, {"date": "8/28/2013", "number": "27", "contents": "<span class='description'>ATTY. FOR DEF. FINNELL, ANN</span> entered 08/28/2013.", "entry_date": "8/28/2013"}, {"date": "8/28/2013", "number": "26", "contents": "<span class='description'>ASST. STATE ATTY. GUY, JOHN INGLE</span> entered 08/28/2013.", "entry_date": "8/28/2013"}, {"date": "8/28/2013", "number": "25", "contents": "<span class='description'>JUDGE BLAZS, KEVIN</span> entered 08/28/2013.", "entry_date": "8/28/2013"}, {"date": "8/26/2013", "number": "24", "contents": "<span class='description'>ORDER ALLOWING COUNSEL TO WITHDRAW AND APPOINTING ATTORNEY</span> entered 08/27/2013.", "entry_date": "8/27/2013"}, {"date": "8/26/2013", "number": "23", "contents": "<span class='description'>RECEIPT FOR CIVIL PROCESS, JAIL, WARRANTS - ORDER TO TRANSPORT</span> entered 08/26/2013.", "entry_date": "8/26/2013"}, {"date": "8/26/2013", "number": "22", "contents": "<span class='description'>ORDER TO TRANSPORT</span> entered 08/26/2013.", "entry_date": "8/26/2013"}, {"date": "8/26/2013", "number": "21", "contents": "<span class='description'>MOTION TO RETURN PRISONER TO DUVAL COUNTY FLORIDA</span> entered 08/26/2013.", "entry_date": "8/26/2013"}, {"date": "8/21/2013", "number": "20", "contents": "<span class='description'>TRIAL ASSISTANT STATE ATTORNEY CHANGED TO Guy, John Ingle PER SAO</span> entered 08/21/2013.", "entry_date": "8/21/2013"}, {"link_viewer": "https://www.docketalarm.com/cases/Florida_State_Duval_County_Fourth_Circuit_Court/2013-CF-007157/JALLIL_DEQUAN_GRAVES/19/", "number": "19", "link": "https://www.docketalarm.com/cases/Florida_State_Duval_County_Fourth_Circuit_Court/2013-CF-007157/JALLIL_DEQUAN_GRAVES/docs/19.pdf", "entry_date": "8/15/2013", "date": "8/15/2013", "contents": "<a href=\"/cases/Florida_State_Duval_County_Fourth_Circuit_Court/2013-CF-007157/JALLIL_DEQUAN_GRAVES/19/\"><span class='description'>REGIONAL CONFLICT COUNSEL RESPONSE - DECLINE</span></a> entered 08/15/2013."}, {"link_viewer": "https://www.docketalarm.com/cases/Florida_State_Duval_County_Fourth_Circuit_Court/2013-CF-007157/JALLIL_DEQUAN_GRAVES/18/", "number": "18", "link": "https://www.docketalarm.com/cases/Florida_State_Duval_County_Fourth_Circuit_Court/2013-CF-007157/JALLIL_DEQUAN_GRAVES/docs/18.pdf", "entry_date": "8/15/2013", "date": "8/15/2013", "contents": "<a href=\"/cases/Florida_State_Duval_County_Fourth_Circuit_Court/2013-CF-007157/JALLIL_DEQUAN_GRAVES/18/\"><span class='description'>NOTIFICATION OF ATTORNEY CONFLICT</span></a> entered 08/15/2013."}, {"date": "8/14/2013", "number": "17", "contents": "<span class='description'>CERTIFICATE OF CONFLICT &amp; MOTION TO WITHDRAW</span> entered 08/15/2013.", "entry_date": "8/15/2013"}, {"date": "8/8/2013", "number": "16", "contents": "<span class='description'>FEES DUE: 8/12/2013</span> entered 08/12/2013.", "entry_date": "8/12/2013"}, {"date": "8/8/2013", "number": "15", "contents": "<span class='description'>PD APP FEE 50.00 IMPOSED</span> entered 08/12/2013.", "entry_date": "8/12/2013"}, {"link_viewer": "https://www.docketalarm.com/cases/Florida_State_Duval_County_Fourth_Circuit_Court/2013-CF-007157/JALLIL_DEQUAN_GRAVES/14/", "number": "14", "link": "https://www.docketalarm.com/cases/Florida_State_Duval_County_Fourth_Circuit_Court/2013-CF-007157/JALLIL_DEQUAN_GRAVES/docs/14.pdf", "entry_date": "8/12/2013", "date": "8/8/2013", "contents": "<a href=\"/cases/Florida_State_Duval_County_Fourth_Circuit_Court/2013-CF-007157/JALLIL_DEQUAN_GRAVES/14/\"><span class='description'>DEFENDANT DECLARED INDIGENT, ORDER APPOINTING PUBLIC DEFENDER - FILED</span></a> entered 08/12/2013."}, {"link_viewer": "https://www.docketalarm.com/cases/Florida_State_Duval_County_Fourth_Circuit_Court/2013-CF-007157/JALLIL_DEQUAN_GRAVES/13/", "number": "13", "link": "https://www.docketalarm.com/cases/Florida_State_Duval_County_Fourth_Circuit_Court/2013-CF-007157/JALLIL_DEQUAN_GRAVES/docs/13.pdf", "entry_date": "8/12/2013", "date": "8/8/2013", "contents": "<a href=\"/cases/Florida_State_Duval_County_Fourth_Circuit_Court/2013-CF-007157/JALLIL_DEQUAN_GRAVES/13/\"><span class='description'>APPLICATION FOR CRIMINAL INDIGENT STATUS - FILED</span></a> entered 08/12/2013."}, {"date": "8/8/2013", "number": "12", "contents": "<span class='description'>ARREST &amp; BOOKING REPORT 2013-020984 08/07/2013</span> entered 08/12/2013.", "entry_date": "8/12/2013"}, {"date": "8/8/2013", "number": "11", "contents": "<span class='description'>&gt; OFFENDER # 2013-020984 ARREST DATE 8/7/2013</span> entered 08/12/2013.", "entry_date": "8/12/2013"}, {"date": "8/8/2013", "number": "10", "contents": "<span class='description'>CAPIAS RETURNED - SERVED CONTROL 1412108</span> entered 08/12/2013.", "entry_date": "8/12/2013"}, {"date": "8/1/2013", "number": "9", "contents": "<span class='description'>CONTROL NUMBER 1412108 eWarrant</span> entered 08/01/2013.", "entry_date": "8/1/2013"}, {"date": "8/1/2013", "number": "8", "contents": "<span class='description'>RECEIPT FOR CAPIAS</span> entered 08/01/2013.", "entry_date": "8/1/2013"}, {"date": "8/1/2013", "number": "7", "contents": "<span class='description'>BOND SET AT NONE</span> entered 08/01/2013.", "entry_date": "8/1/2013"}, {"date": "8/1/2013", "number": "6", "contents": "<span class='description'>BOND SET AT NONE</span> entered 08/01/2013.", "entry_date": "8/1/2013"}, {"date": "8/1/2013", "number": "5", "contents": "<span class='description'>BOND SET AT NONE</span> entered 08/01/2013.", "entry_date": "8/1/2013"}, {"date": "8/1/2013", "number": "4", "contents": "<span class='description'>CAPIAS ORDERED &amp; ISSUED</span> entered 08/01/2013.", "entry_date": "8/1/2013"}, {"date": "8/1/2013", "number": "3", "contents": "<span class='description'>INDICTMENT FILED FOR S812.13(2)(A) ARMED ROBBERY</span> entered 08/01/2013.", "entry_date": "8/1/2013"}, {"date": "8/1/2013", "number": "2", "contents": "<span class='description'>INDICTMENT FILED FOR S782.04(1)(A) MURDER - FIRST DEGREE</span> entered 08/01/2013.", "entry_date": "8/1/2013"}, {"date": "8/1/2013", "number": "1", "contents": "<span class='description'>INDICTMENT FILED FOR S782.04(1)(A) MURDER - FIRST DEGREE</span> entered 08/01/2013.", "entry_date": "8/1/2013"}], "analyze": {"last_analyze": "6/22/2020"}, "success": true, "parties": [{"race": "B", "name_normalized": "Jallil Dequan Graves", "name": "JALLIL DEQUAN GRAVES", "sex": "Male", "other": [], "type": "Defendant"}]}