{"info": {"status": "DISPOSED", "division": "CR-B", "judges": ["MCCALLUM, LINDA F."], "court": "Florida State, Duval County, Fourth Circuit Court", "title": "RICHARD GREENE", "date_filed": "6/23/2015", "link": "https://www.docketalarm.com/cases/Florida_State_Duval_County_Fourth_Circuit_Court/2015-CF-005743/RICHARD_GREENE/", "judges_normalized": ["McCallum Linda F."], "judge": "MCCALLUM, LINDA F.", "type": "Circuit Criminal", "docket": "2015-CF-005743"}, "docket_report": [{"date": "6/5/2017", "number": "215", "contents": "<span class='description'>RECEIPT FOR CIVIL PROCESS, JAIL, WARRANTS</span> entered 06/08/2017.", "entry_date": "6/8/2017"}, {"link_viewer": "https://www.docketalarm.com/cases/Florida_State_Duval_County_Fourth_Circuit_Court/2015-CF-005743/RICHARD_GREENE/214/", "number": "214", "link": "https://www.docketalarm.com/cases/Florida_State_Duval_County_Fourth_Circuit_Court/2015-CF-005743/RICHARD_GREENE/docs/214.pdf", "entry_date": "6/5/2017", "date": "6/5/2017", "contents": "<a href=\"/cases/Florida_State_Duval_County_Fourth_Circuit_Court/2015-CF-005743/RICHARD_GREENE/214/\"><span class='description'>COMMITMENT CHECKLIST SENT</span></a> entered 06/05/2017."}, {"link_viewer": "https://www.docketalarm.com/cases/Florida_State_Duval_County_Fourth_Circuit_Court/2015-CF-005743/RICHARD_GREENE/213/", "number": "213", "link": "https://www.docketalarm.com/cases/Florida_State_Duval_County_Fourth_Circuit_Court/2015-CF-005743/RICHARD_GREENE/docs/213.pdf", "entry_date": "6/5/2017", "date": "6/5/2017", "contents": "<a href=\"/cases/Florida_State_Duval_County_Fourth_Circuit_Court/2015-CF-005743/RICHARD_GREENE/213/\"><span class='description'>UNIFORM COMMITMENT TO CUSTODY OF DEPT. OF CORRECTIONS</span></a> entered 06/05/2017."}, {"date": "6/1/2017", "number": "211", "contents": "<span class='description'>SENTENCING GUIDELINES</span> entered 06/05/2017.", "entry_date": "6/5/2017"}, {"date": "6/1/2017", "number": "210", "contents": "<span class='description'>STATE EXHIBITS FILED #1 VICTIM IMPACT</span> entered 06/05/2017.", "entry_date": "6/5/2017"}, {"date": "6/1/2017", "number": "209", "contents": "<span class='description'>CLERKS EXHIBIT MEMO</span> entered 06/05/2017.", "entry_date": "6/5/2017"}, {"link_viewer": "https://www.docketalarm.com/cases/Florida_State_Duval_County_Fourth_Circuit_Court/2015-CF-005743/RICHARD_GREENE/208/", "number": "208", "link": "https://www.docketalarm.com/cases/Florida_State_Duval_County_Fourth_Circuit_Court/2015-CF-005743/RICHARD_GREENE/docs/208.pdf", "entry_date": "6/5/2017", "date": "6/1/2017", "contents": "<a href=\"/cases/Florida_State_Duval_County_Fourth_Circuit_Court/2015-CF-005743/RICHARD_GREENE/208/\"><span class='description'>PAYMENT AUTHORIZATION SHEET</span></a> entered 06/05/2017."}, {"link_viewer": "https://www.docketalarm.com/cases/Florida_State_Duval_County_Fourth_Circuit_Court/2015-CF-005743/RICHARD_GREENE/207/", "number": "207", "link": "https://www.docketalarm.com/cases/Florida_State_Duval_County_Fourth_Circuit_Court/2015-CF-005743/RICHARD_GREENE/docs/207.pdf", "entry_date": "6/5/2017", "date": "6/1/2017", "contents": "<a href=\"/cases/Florida_State_Duval_County_Fourth_Circuit_Court/2015-CF-005743/RICHARD_GREENE/207/\"><span class='description'>COURT ORDERED COSTS/FINES/FEES BOOK 18005 PAGE 1420-1421</span></a> entered 06/05/2017."}, {"date": "6/1/2017", "number": "206", "contents": "<span class='description'>FEES DUE: 9/2/2047</span> entered 06/02/2017.", "entry_date": "6/2/2017"}, {"date": "6/1/2017", "number": "205", "contents": "<span class='description'>CSTF 20.00 IMPOSED</span> entered 06/02/2017.", "entry_date": "6/2/2017"}, {"date": "6/1/2017", "number": "204", "contents": "<span class='description'>SAIEF 100.00 IMPOSED</span> entered 06/02/2017.", "entry_date": "6/2/2017"}, {"date": "6/1/2017", "number": "203", "contents": "<span class='description'>AACC 65.00 IMPOSED</span> entered 06/02/2017.", "entry_date": "6/2/2017"}, {"date": "6/1/2017", "number": "202", "contents": "<span class='description'>TNC 3.00 IMPOSED</span> entered 06/02/2017.", "entry_date": "6/2/2017"}, {"date": "6/1/2017", "number": "201", "contents": "<span class='description'>PD FEE 100.00 IMPOSED</span> entered 06/02/2017.", "entry_date": "6/2/2017"}, {"date": "6/1/2017", "number": "200", "contents": "<span class='description'>LGTF 225.00 IMPOSED</span> entered 06/02/2017.", "entry_date": "6/2/2017"}, {"date": "6/1/2017", "number": "199", "contents": "<span class='description'>CCT 50.00 IMPOSED</span> entered 06/02/2017.", "entry_date": "6/2/2017"}, {"date": "6/1/2017", "number": "198", "contents": "<span class='description'>COST OF COURT 50.00 IMPOSED</span> entered 06/02/2017.", "entry_date": "6/2/2017"}, {"date": "6/1/2017", "number": "197", "contents": "<span class='description'>LEEA 5.00 IMPOSED</span> entered 06/02/2017.", "entry_date": "6/2/2017"}, {"date": "6/1/2017", "number": "196", "contents": "<span class='description'>JURISDICTION RESERVED TO DETERMINE RESTITUTION FOR: 60 DAYS</span> entered 06/02/2017.", "entry_date": "6/2/2017"}, {"date": "6/1/2017", "number": "195", "contents": "<span class='description'>*STATE WITHDRAWS THE PRISON RELEASE REOFFENDER*</span> entered 06/02/2017.", "entry_date": "6/2/2017"}, {"date": "6/1/2017", "number": "194", "contents": "<span class='description'>SENTENCED AS A HABITUAL VIOLENT FELONY OFFENDER PER F.S. 775.084(4)(B) 15 YEAR MINIMUM MANDATORY</span> entered 06/02/2017.", "entry_date": "6/2/2017"}, {"date": "6/1/2017", "number": "193", "contents": "<span class='description'>CONCURRENT WITH CASE NUMBER/S 16-2015-CF-1074-AXXX-MA</span> entered 06/02/2017.", "entry_date": "6/2/2017"}, {"date": "6/1/2017", "number": "192", "contents": "<span class='description'>CREDIT TIME: 710 DAYS</span> entered 06/02/2017.", "entry_date": "6/2/2017"}, {"link_viewer": "https://www.docketalarm.com/cases/Florida_State_Duval_County_Fourth_Circuit_Court/2015-CF-005743/RICHARD_GREENE/191/", "number": "191", "link": "https://www.docketalarm.com/cases/Florida_State_Duval_County_Fourth_Circuit_Court/2015-CF-005743/RICHARD_GREENE/docs/191.pdf", "entry_date": "6/2/2017", "date": "6/1/2017", "contents": "<a href=\"/cases/Florida_State_Duval_County_Fourth_Circuit_Court/2015-CF-005743/RICHARD_GREENE/191/\"><span class='description'>JUDGMENT AND SENTENCE TO STATE PRISON FOR 30 YEARS BOOK 18005 PAGE 1413-1419</span></a> entered 06/02/2017."}, {"date": "6/1/2017", "number": "190", "contents": "<span class='description'>DEF. ADJUDGED GUILTY - FINGERPRINTS TAKEN</span> entered 06/02/2017.", "entry_date": "6/2/2017"}, {"date": "6/1/2017", "number": "189", "contents": "<span class='description'>IMPOSITION OF SENTENCE HEARING HELD IN FULL</span> entered 06/02/2017.", "entry_date": "6/2/2017"}, {"date": "6/1/2017", "number": "188", "contents": "<span class='description'>DEFENDANT PRESENT IN JAIL</span> entered 06/02/2017.", "entry_date": "6/2/2017"}, {"date": "6/1/2017", "number": "187", "contents": "<span class='description'>ASST. PUB. DEF. BATEH, MICHAEL ISSA</span> entered 06/02/2017.", "entry_date": "6/2/2017"}, {"date": "6/1/2017", "number": "186", "contents": "<span class='description'>ASST. STATE ATTY. KALINOWSKI, JOHN GARDINER</span> entered 06/02/2017.", "entry_date": "6/2/2017"}, {"date": "6/1/2017", "number": "185", "contents": "<span class='description'>JUDGE MCCALLUM, LINDA F.</span> entered 06/02/2017.", "entry_date": "6/2/2017"}, {"date": "4/25/2017", "number": "184", "contents": "<span class='description'>(HVFO)</span> entered 04/25/2017.", "entry_date": "4/25/2017"}, {"date": "4/25/2017", "number": "183", "contents": "<span class='description'>IMPOSITION OF SENTENCE 06/01/2017 9:00 AM - 605 6TH FLOOR, 501 W ADAMS ST JACKSONVILLE FL 32202</span> entered 04/25/2017.", "entry_date": "4/25/2017"}, {"date": "4/25/2017", "number": "182", "contents": "<span class='description'>STRIKE: 5/17/17 FPT; 5/22/17 JS</span> entered 04/25/2017.", "entry_date": "4/25/2017"}, {"date": "4/25/2017", "number": "181", "contents": "<span class='description'>DEFENDANT PLEAD GUILTY</span> entered 04/25/2017.", "entry_date": "4/25/2017"}, {"date": "4/25/2017", "number": "180", "contents": "<span class='description'>ACKNOWLEDGE. OF RIGHTS &amp; VOLUNTARINESS OF ENTRY OF PLEA</span> entered 04/25/2017.", "entry_date": "4/25/2017"}, {"date": "4/25/2017", "number": "179", "contents": "<span class='description'>DEF. PERMITTED TO W/D PLEA OF NOT GUILTY/GUILTY</span> entered 04/25/2017.", "entry_date": "4/25/2017"}, {"date": "4/25/2017", "number": "178", "contents": "<span class='description'>DEFENDANT PRESENT IN JAIL</span> entered 04/25/2017.", "entry_date": "4/25/2017"}, {"date": "4/25/2017", "number": "177", "contents": "<span class='description'>ASST. PUB. DEF. BATEH, MICHAEL ISSA</span> entered 04/25/2017.", "entry_date": "4/25/2017"}, {"date": "4/25/2017", "number": "176", "contents": "<span class='description'>ASST. STATE ATTY. KALINOWSKI, JOHN GARDINER</span> entered 04/25/2017.", "entry_date": "4/25/2017"}, {"date": "4/25/2017", "number": "175", "contents": "<span class='description'>JUDGE MCCALLUM, LINDA F.</span> entered 04/25/2017.", "entry_date": "4/25/2017"}, {"date": "4/12/2017", "number": "174", "contents": "<span class='description'>*POSSIBLE DISPOSITION* 5/17/17 FPT, 5/22/17 JS</span> entered 04/12/2017.", "entry_date": "4/12/2017"}, {"date": "4/12/2017", "number": "173", "contents": "<span class='description'>PRETRIAL 04/25/2017 9:00 AM - 605 6TH FLOOR, 501 W ADAMS ST JACKSONVILLE FL 32202</span> entered 04/12/2017.", "entry_date": "4/12/2017"}, {"date": "4/12/2017", "number": "172", "contents": "<span class='description'>OTHERS PRESENT: ASA: M. TRAN FOR J. KALINOWSKI</span> entered 04/12/2017.", "entry_date": "4/12/2017"}, {"date": "4/12/2017", "number": "171", "contents": "<span class='description'>DEFENDANT PRESENT IN JAIL</span> entered 04/12/2017.", "entry_date": "4/12/2017"}, {"date": "4/12/2017", "number": "170", "contents": "<span class='description'>ASST. PUB. DEF. BATEH, MICHAEL ISSA</span> entered 04/12/2017.", "entry_date": "4/12/2017"}, {"date": "4/12/2017", "number": "169", "contents": "<span class='description'>ASST. STATE ATTY. KALINOWSKI, JOHN GARDINER</span> entered 04/12/2017.", "entry_date": "4/12/2017"}, {"date": "4/12/2017", "number": "168", "contents": "<span class='description'>JUDGE WEATHERBY, MICHAEL R.</span> entered 04/12/2017.", "entry_date": "4/12/2017"}, {"date": "3/28/2017", "number": "167", "contents": "<span class='description'>PER JUDGE</span> entered 03/28/2017.", "entry_date": "3/28/2017"}, {"date": "3/28/2017", "number": "166", "contents": "<span class='description'>PRETRIAL 04/12/2017 9:00 AM - 605 6TH FLOOR, 501 W ADAMS ST JACKSONVILLE FL 32202</span> entered 03/28/2017.", "entry_date": "3/28/2017"}, {"date": "3/28/2017", "number": "165", "contents": "<span class='description'>DEFENDANT APPEARANCE WAIVED</span> entered 03/28/2017.", "entry_date": "3/28/2017"}, {"date": "3/28/2017", "number": "164", "contents": "<span class='description'>ASST. PUB. DEF. BATEH, MICHAEL ISSA</span> entered 03/28/2017.", "entry_date": "3/28/2017"}, {"date": "3/28/2017", "number": "163", "contents": "<span class='description'>ASST. STATE ATTY. KALINOWSKI, JOHN GARDINER</span> entered 03/28/2017.", "entry_date": "3/28/2017"}, {"date": "3/28/2017", "number": "162", "contents": "<span class='description'>JUDGE MCCALLUM, LINDA F.</span> entered 03/28/2017.", "entry_date": "3/28/2017"}, {"date": "3/15/2017", "number": "161", "contents": "<span class='description'>AMENDED STANDING ORDER GOVERNING PRE-TRIAL/TRIAL PROCEDURES</span> entered 03/15/2017.", "entry_date": "3/15/2017"}, {"date": "2/27/2017", "number": "160", "contents": "<span class='description'>5/17/17 FPT, 5/22/17 JS</span> entered 02/27/2017.", "entry_date": "2/27/2017"}, {"date": "2/27/2017", "number": "159", "contents": "<span class='description'>PRETRIAL 03/28/2017 9:00 AM - 605 6TH FLOOR, 501 W ADAMS ST JACKSONVILLE FL 32202</span> entered 02/27/2017.", "entry_date": "2/27/2017"}, {"date": "2/27/2017", "number": "158", "contents": "<span class='description'>OTHERS PRESENT: W. WASHINGTON FOR J. KALINOWSKI</span> entered 02/27/2017.", "entry_date": "2/27/2017"}, {"date": "2/27/2017", "number": "157", "contents": "<span class='description'>DEFENDANT PRESENT IN JAIL</span> entered 02/27/2017.", "entry_date": "2/27/2017"}, {"date": "2/27/2017", "number": "156", "contents": "<span class='description'>ASST. PUB. DEF. BATEH, MICHAEL ISSA</span> entered 02/27/2017.", "entry_date": "2/27/2017"}, {"date": "2/27/2017", "number": "155", "contents": "<span class='description'>ASST. STATE ATTY. KALINOWSKI, JOHN GARDINER</span> entered 02/27/2017.", "entry_date": "2/27/2017"}, {"date": "2/27/2017", "number": "154", "contents": "<span class='description'>JUDGE MCCALLUM, LINDA F</span> entered 02/27/2017.", "entry_date": "2/27/2017"}, {"date": "1/18/2017", "number": "153", "contents": "<span class='description'>HOM(TBS). 5/17/17 FPT;5/22/17 JS (HVFO/PRR)</span> entered 01/19/2017.", "entry_date": "1/19/2017"}, {"date": "1/18/2017", "number": "152", "contents": "<span class='description'>PRETRIAL 02/27/2017 9:00 AM - 605 6TH FLOOR, 501 W ADAMS ST JACKSONVILLE FL 32202</span> entered 01/18/2017.", "entry_date": "1/18/2017"}, {"date": "1/18/2017", "number": "151", "contents": "<span class='description'>NOTICE OF INTENT TO CLASSIFY DEFT AS A PRISON RELEASE RE-OFFENDER -SERVED</span> entered 01/18/2017.", "entry_date": "1/18/2017"}, {"date": "1/18/2017", "number": "150", "contents": "<span class='description'>NOTICE OF INTENT TO CLASSIFY DEF. AS HAB. VIOL. FEL. OFF -SERVED</span> entered 01/18/2017.", "entry_date": "1/18/2017"}, {"date": "1/18/2017", "number": "149", "contents": "<span class='description'>COURT ORDER GRANTING DEFENSE MOTION FOR CONTINUANCE- ENTERED **STRIKE 1/23/17 JS**</span> entered 01/18/2017.", "entry_date": "1/18/2017"}, {"date": "1/18/2017", "number": "148", "contents": "<span class='description'>DEFENDANT PRESENT IN JAIL</span> entered 01/18/2017.", "entry_date": "1/18/2017"}, {"date": "1/18/2017", "number": "147", "contents": "<span class='description'>ASST. PUB. DEF. BATEH, MICHAEL ISSA</span> entered 01/18/2017.", "entry_date": "1/18/2017"}, {"date": "1/18/2017", "number": "146", "contents": "<span class='description'>ASST. STATE ATTY. KALINOWSKI, JOHN GARDINER</span> entered 01/18/2017.", "entry_date": "1/18/2017"}, {"date": "1/18/2017", "number": "145", "contents": "<span class='description'>JUDGE MCCALLUM, LINDA F</span> entered 01/18/2017.", "entry_date": "1/18/2017"}, {"date": "1/10/2017", "number": "144", "contents": "<span class='description'>MOTION FOR CONTINUANCE</span> entered 01/10/2017.", "entry_date": "1/10/2017"}, {"date": "1/10/2017", "number": "143", "contents": "<span class='description'>STATES# FOURTH ADDITIONAL DISCOVERY EXHIBIT</span> entered 01/10/2017.", "entry_date": "1/10/2017"}, {"date": "1/9/2017", "number": "142", "contents": "<span class='description'>NOTICE OF INTENT TO CLASSIFY DEFENDANT AS A PRISON RELEASE RE-OFFENDER</span> entered 01/10/2017.", "entry_date": "1/10/2017"}, {"date": "1/9/2017", "number": "141", "contents": "<span class='description'>NOTICE OF INTENT TO CLASSIFY DEFENDANT AS A HABITUAL VIOLENT FELONY OFFENDER</span> entered 01/10/2017.", "entry_date": "1/10/2017"}, {"date": "1/9/2017", "number": "140", "contents": "<span class='description'>1/23/17 JS</span> entered 01/09/2017.", "entry_date": "1/9/2017"}, {"date": "1/9/2017", "number": "139", "contents": "<span class='description'>FINAL PRETRIAL 01/18/2017 9:00 AM - 605 6TH FLOOR, 501 W ADAMS ST JACKSONVILLE FL 32202</span> entered 01/09/2017.", "entry_date": "1/9/2017"}, {"date": "1/9/2017", "number": "138", "contents": "<span class='description'>DEFENDANT PRESENT IN JAIL</span> entered 01/09/2017.", "entry_date": "1/9/2017"}, {"date": "1/9/2017", "number": "137", "contents": "<span class='description'>ASST. PUB. DEF. BATEH, MICHAEL ISSA</span> entered 01/09/2017.", "entry_date": "1/9/2017"}, {"date": "1/9/2017", "number": "136", "contents": "<span class='description'>ASST. STATE ATTY. KALINOWSKI, JOHN GARDINER</span> entered 01/09/2017.", "entry_date": "1/9/2017"}, {"date": "1/9/2017", "number": "135", "contents": "<span class='description'>JUDGE MCCALLUM, LINDA F.</span> entered 01/09/2017.", "entry_date": "1/9/2017"}, {"date": "11/21/2016", "number": "134", "contents": "<span class='description'>1/18/17 FPT; 1/23/17 JS</span> entered 11/21/2016.", "entry_date": "11/21/2016"}, {"date": "11/21/2016", "number": "133", "contents": "<span class='description'>HEARING ON MOTION (TO BE SET) 01/09/2017 9:00 AM - 605 6TH FLOOR, 501 W ADAMS ST JACKSONVILLE FL 32202</span> entered 11/21/2016.", "entry_date": "11/21/2016"}, {"date": "11/21/2016", "number": "132", "contents": "<span class='description'>OTHERS PRESENT: ASA: E. WHITE FOR J. KALINOWSKI</span> entered 11/21/2016.", "entry_date": "11/21/2016"}, {"date": "11/21/2016", "number": "131", "contents": "<span class='description'>DEFENDANT APPEARANCE WAIVED</span> entered 11/21/2016.", "entry_date": "11/21/2016"}, {"date": "11/21/2016", "number": "130", "contents": "<span class='description'>ASST. PUB. DEF. BATEH, MICHAEL ISSA</span> entered 11/21/2016.", "entry_date": "11/21/2016"}, {"date": "11/21/2016", "number": "129", "contents": "<span class='description'>ASST. STATE ATTY. KALINOWSKI, JOHN GARDINER</span> entered 11/21/2016.", "entry_date": "11/21/2016"}, {"date": "11/21/2016", "number": "128", "contents": "<span class='description'>JUDGE MCCALLUM, LINDA F.</span> entered 11/21/2016.", "entry_date": "11/21/2016"}, {"date": "10/26/2016", "number": "127", "contents": "<span class='description'>1/18/17 FPT; 1/23/17 JS</span> entered 10/26/2016.", "entry_date": "10/26/2016"}, {"date": "10/26/2016", "number": "126", "contents": "<span class='description'>PRETRIAL 11/21/2016 9:00 AM - 605 6TH FLOOR, 501 W ADAMS ST JACKSONVILLE FL 32202</span> entered 10/26/2016.", "entry_date": "10/26/2016"}, {"date": "10/26/2016", "number": "125", "contents": "<span class='description'>ORAL MOTION (DEFENSE) FOR CONTINUANCE- GRANTED WITHOUT OBJECTION **STRIKE 11/02/16; 11/14/16 JS***</span> entered 10/26/2016.", "entry_date": "10/26/2016"}, {"date": "10/26/2016", "number": "124", "contents": "<span class='description'>DEFENDANT PRESENT IN JAIL</span> entered 10/26/2016.", "entry_date": "10/26/2016"}, {"date": "10/26/2016", "number": "123", "contents": "<span class='description'>ASST. PUB. DEF. BATEH, MICHAEL ISSA</span> entered 10/26/2016.", "entry_date": "10/26/2016"}, {"date": "10/26/2016", "number": "122", "contents": "<span class='description'>ASST. STATE ATTY. KALINOWSKI, JOHN GARDINER</span> entered 10/26/2016.", "entry_date": "10/26/2016"}, {"date": "10/26/2016", "number": "121", "contents": "<span class='description'>JUDGE MCCALLUM, LINDA F.</span> entered 10/26/2016.", "entry_date": "10/26/2016"}, {"date": "9/27/2016", "number": "120", "contents": "<span class='description'>STRIKE: 11/07/16 COURT DATE</span> entered 09/27/2016.", "entry_date": "9/27/2016"}, {"date": "9/27/2016", "number": "119", "contents": "<span class='description'>11/02/16 FPT; 11/14/16 JS</span> entered 09/27/2016.", "entry_date": "9/27/2016"}, {"date": "9/27/2016", "number": "118", "contents": "<span class='description'>PRETRIAL 10/26/2016 9:00 AM - 605 6TH FLOOR, 501 W ADAMS ST JACKSONVILLE FL 32202</span> entered 09/27/2016.", "entry_date": "9/27/2016"}, {"date": "9/27/2016", "number": "117", "contents": "<span class='description'>DEFENDANT APPEARANCE WAIVED</span> entered 09/27/2016.", "entry_date": "9/27/2016"}, {"date": "9/27/2016", "number": "116", "contents": "<span class='description'>ASST. PUB. DEF. BATEH, MICHAEL ISSA</span> entered 09/27/2016.", "entry_date": "9/27/2016"}, {"date": "9/27/2016", "number": "115", "contents": "<span class='description'>ASST. STATE ATTY. KALINOWSKI, JOHN GARDINER</span> entered 09/27/2016.", "entry_date": "9/27/2016"}, {"date": "9/27/2016", "number": "114", "contents": "<span class='description'>JUDGE MCCALLUM, LINDA F.</span> entered 09/27/2016.", "entry_date": "9/27/2016"}, {"date": "8/30/2016", "number": "113", "contents": "<span class='description'>11/02/16 FPT; 11/07/16 JS</span> entered 08/30/2016.", "entry_date": "8/30/2016"}, {"date": "8/30/2016", "number": "112", "contents": "<span class='description'>PRETRIAL 09/27/2016 9:00 AM - 605 6TH FLOOR, 501 W ADAMS ST JACKSONVILLE FL 32202</span> entered 08/30/2016.", "entry_date": "8/30/2016"}, {"date": "8/30/2016", "number": "111", "contents": "<span class='description'>DEFENDANT APPEARANCE WAIVED</span> entered 08/30/2016.", "entry_date": "8/30/2016"}, {"date": "8/30/2016", "number": "110", "contents": "<span class='description'>ASST. PUB. DEF. BATEH, MICHAEL ISSA</span> entered 08/30/2016.", "entry_date": "8/30/2016"}, {"date": "8/30/2016", "number": "109", "contents": "<span class='description'>ASST. STATE ATTY. KALINOWSKI, JOHN GARDINER</span> entered 08/30/2016.", "entry_date": "8/30/2016"}, {"date": "8/30/2016", "number": "108", "contents": "<span class='description'>JUDGE MCCALLUM, LINDA F.</span> entered 08/30/2016.", "entry_date": "8/30/2016"}, {"date": "7/28/2016", "number": "107", "contents": "<span class='description'>PRETRIAL 08/30/2016 9:00 AM - 605 6TH FLOOR, 501 W ADAMS ST JACKSONVILLE FL 32202</span> entered 07/28/2016.", "entry_date": "7/28/2016"}, {"date": "7/28/2016", "number": "106", "contents": "<span class='description'>DEFENDANT APPEARANCE WAIVED</span> entered 07/28/2016.", "entry_date": "7/28/2016"}, {"date": "7/28/2016", "number": "105", "contents": "<span class='description'>ASST. PUB. DEF. BATEH, MICHAEL ISSA</span> entered 07/28/2016.", "entry_date": "7/28/2016"}, {"date": "7/28/2016", "number": "104", "contents": "<span class='description'>ASST. STATE ATTY. KALINOWSKI, JOHN GARDINER</span> entered 07/28/2016.", "entry_date": "7/28/2016"}, {"date": "7/28/2016", "number": "103", "contents": "<span class='description'>JUDGE MCCALLUM, LINDA F.</span> entered 07/28/2016.", "entry_date": "7/28/2016"}, {"date": "7/6/2016", "number": "102", "contents": "<span class='description'>SUBPOENA FOR DEPOSITION</span> entered 07/07/2016.", "entry_date": "7/7/2016"}, {"date": "6/29/2016", "number": "101", "contents": "<span class='description'>SUBPOENA FOR DEPOSITION</span> entered 07/01/2016.", "entry_date": "7/1/2016"}, {"date": "6/27/2016", "number": "100", "contents": "<span class='description'>SUBPOENA FOR DEPOSITION</span> entered 06/29/2016.", "entry_date": "6/29/2016"}, {"date": "6/27/2016", "number": "99", "contents": "<span class='description'>SUBPOENA FOR DEPOSITION</span> entered 06/29/2016.", "entry_date": "6/29/2016"}, {"date": "6/21/2016", "number": "98", "contents": "<span class='description'>11/02/16 FPT; 11/07/16 JS</span> entered 06/21/2016.", "entry_date": "6/21/2016"}, {"date": "6/21/2016", "number": "97", "contents": "<span class='description'>PRETRIAL 07/28/2016 9:00 AM - 605 6TH FLOOR, 501 W ADAMS ST JACKSONVILLE FL 32202</span> entered 06/21/2016.", "entry_date": "6/21/2016"}, {"date": "6/21/2016", "number": "96", "contents": "<span class='description'>DEFENDANT APPEARANCE WAIVED</span> entered 06/21/2016.", "entry_date": "6/21/2016"}, {"date": "6/21/2016", "number": "95", "contents": "<span class='description'>ASST. PUB. DEF. BATEH, MICHAEL ISSA</span> entered 06/21/2016.", "entry_date": "6/21/2016"}, {"date": "6/21/2016", "number": "94", "contents": "<span class='description'>ASST. STATE ATTY. KALINOWSKI, JOHN GARDINER</span> entered 06/21/2016.", "entry_date": "6/21/2016"}, {"date": "6/21/2016", "number": "93", "contents": "<span class='description'>JUDGE MCCALLUM, LINDA F.</span> entered 06/21/2016.", "entry_date": "6/21/2016"}, {"date": "5/23/2016", "number": "92", "contents": "<span class='description'>STANDING ORDER GOVERNING PRE-TRIAL PROCEDURES AND THE TRIAL OF ALL CRIMINAL ACTIONS IN THE DIVISION OF THE CIRCUIT COURT OF THE FOURTH JUDICIAL CIRCUIT</span> entered 05/24/2016.", "entry_date": "5/24/2016"}, {"date": "5/17/2016", "number": "91", "contents": "<span class='description'>11/02/16 FPT; 11/07/16 JS</span> entered 05/17/2016.", "entry_date": "5/17/2016"}, {"date": "5/17/2016", "number": "90", "contents": "<span class='description'>PRETRIAL 06/21/2016 9:00 AM - 605 6TH FLOOR, 501 W ADAMS ST JACKSONVILLE FL 32202</span> entered 05/17/2016.", "entry_date": "5/17/2016"}, {"date": "5/17/2016", "number": "89", "contents": "<span class='description'>DEFENDANT APPEARANCE WAIVED</span> entered 05/17/2016.", "entry_date": "5/17/2016"}, {"date": "5/17/2016", "number": "88", "contents": "<span class='description'>ASST. PUB. DEF. BATEH, MICHAEL ISSA</span> entered 05/17/2016.", "entry_date": "5/17/2016"}, {"date": "5/17/2016", "number": "87", "contents": "<span class='description'>ASST. STATE ATTY. KALINOWSKI, JOHN GARDINER</span> entered 05/17/2016.", "entry_date": "5/17/2016"}, {"date": "5/17/2016", "number": "86", "contents": "<span class='description'>SITTING JUDGE - BORELLO, MARK</span> entered 05/17/2016.", "entry_date": "5/17/2016"}, {"date": "5/17/2016", "number": "85", "contents": "<span class='description'>JUDGE MCCALLUM, LINDA F.</span> entered 05/17/2016.", "entry_date": "5/17/2016"}, {"date": "5/11/2016", "number": "84", "contents": "<span class='description'>PRETRIAL 05/17/2016 9:00 AM - 605 6TH FLOOR, 501 W ADAMS ST JACKSONVILLE FL 32202</span> entered 05/11/2016.", "entry_date": "5/11/2016"}, {"date": "5/11/2016", "number": "83", "contents": "<span class='description'>OTHERS PRESENT: A PERKINS FOR M BATEH</span> entered 05/11/2016.", "entry_date": "5/11/2016"}, {"date": "5/11/2016", "number": "82", "contents": "<span class='description'>DEFENDANT PRESENT IN JAIL</span> entered 05/11/2016.", "entry_date": "5/11/2016"}, {"date": "5/11/2016", "number": "81", "contents": "<span class='description'>ASST. PUB. DEF. BATEH, MICHAEL ISSA</span> entered 05/11/2016.", "entry_date": "5/11/2016"}, {"date": "5/11/2016", "number": "80", "contents": "<span class='description'>ASST. STATE ATTY. KALINOWSKI, JOHN GARDINER</span> entered 05/11/2016.", "entry_date": "5/11/2016"}, {"date": "5/11/2016", "number": "79", "contents": "<span class='description'>JUDGE MCCALLUM, LINDA F.</span> entered 05/11/2016.", "entry_date": "5/11/2016"}, {"date": "3/23/2016", "number": "78", "contents": "<span class='description'>PRETRIAL 05/11/2016 9:00 AM - 605 6TH FLOOR, 501 W ADAMS ST JACKSONVILLE FL 32202</span> entered 03/23/2016.", "entry_date": "3/23/2016"}, {"date": "3/23/2016", "number": "77", "contents": "<span class='description'>DEFENDANT APPEARANCE WAIVED</span> entered 03/23/2016.", "entry_date": "3/23/2016"}, {"date": "3/23/2016", "number": "76", "contents": "<span class='description'>ASST. PUB. DEF. BATEH, MICHAEL ISSA</span> entered 03/23/2016.", "entry_date": "3/23/2016"}, {"date": "3/23/2016", "number": "75", "contents": "<span class='description'>ASST. STATE ATTY. KALINOWSKI, JOHN GARDINER</span> entered 03/23/2016.", "entry_date": "3/23/2016"}, {"date": "3/23/2016", "number": "74", "contents": "<span class='description'>JUDGE MCCALLUM, LINDA F.</span> entered 03/23/2016.", "entry_date": "3/23/2016"}, {"date": "1/12/2016", "number": "73", "contents": "<span class='description'>PRETRIAL 03/23/2016 9:00 AM - 605 6TH FLOOR, 501 W ADAMS ST JACKSONVILLE FL 32202</span> entered 01/12/2016.", "entry_date": "1/12/2016"}, {"date": "1/12/2016", "number": "72", "contents": "<span class='description'>DEFENDANT PRESENT IN JAIL</span> entered 01/12/2016.", "entry_date": "1/12/2016"}, {"date": "1/12/2016", "number": "71", "contents": "<span class='description'>ASST. PUB. DEF. BATEH, MICHAEL ISSA</span> entered 01/12/2016.", "entry_date": "1/12/2016"}, {"date": "1/12/2016", "number": "70", "contents": "<span class='description'>ASST. STATE ATTY. KALINOWSKI, JOHN GARDINER</span> entered 01/12/2016.", "entry_date": "1/12/2016"}, {"date": "1/12/2016", "number": "69", "contents": "<span class='description'>JUDGE MCCALLUM, LINDA F.</span> entered 01/12/2016.", "entry_date": "1/12/2016"}, {"date": "11/18/2015", "number": "68", "contents": "<span class='description'>STATES 3rd SUPPLEMENTAL DISCOVERY EXHIBIT</span> entered 11/19/2015.", "entry_date": "11/19/2015"}, {"date": "11/18/2015", "number": "67", "contents": "<span class='description'>PRETRIAL 01/12/2016 9:00 AM - 308 3RD FLOOR, 501 W ADAMS ST JACKSONVILLE FL 32202</span> entered 11/18/2015.", "entry_date": "11/18/2015"}, {"date": "11/18/2015", "number": "66", "contents": "<span class='description'>DEFENDANT APPEARANCE WAIVED</span> entered 11/18/2015.", "entry_date": "11/18/2015"}, {"date": "11/18/2015", "number": "65", "contents": "<span class='description'>ASST. PUB. DEF. BATEH, MICHAEL ISSA</span> entered 11/18/2015.", "entry_date": "11/18/2015"}, {"date": "11/18/2015", "number": "64", "contents": "<span class='description'>ASST. STATE ATTY. KALINOWSKI, JOHN GARDINER</span> entered 11/18/2015.", "entry_date": "11/18/2015"}, {"date": "11/18/2015", "number": "63", "contents": "<span class='description'>JUDGE BORELLO, MARK</span> entered 11/18/2015.", "entry_date": "11/18/2015"}, {"date": "11/13/2015", "number": "62", "contents": "<span class='description'>SUBPOENA FOR DEPOSITION</span> entered 11/16/2015.", "entry_date": "11/16/2015"}, {"date": "11/12/2015", "number": "61", "contents": "<span class='description'>Notice of Intent to Rely Upon Business Record</span> entered 11/16/2015.", "entry_date": "11/16/2015"}, {"date": "10/28/2015", "number": "60", "contents": "<span class='description'>SUBPOENA FOR DEPOSITION</span> entered 10/29/2015.", "entry_date": "10/29/2015"}, {"date": "10/26/2015", "number": "59", "contents": "<span class='description'>SUBPOENA FOR DEPOSITION</span> entered 10/27/2015.", "entry_date": "10/27/2015"}, {"date": "10/23/2015", "number": "58", "contents": "<span class='description'>NOTICE OF TAKING DEPOSITION</span> entered 10/26/2015.", "entry_date": "10/26/2015"}, {"date": "10/23/2015", "number": "57", "contents": "<span class='description'>NOTICE OF TAKING DEPOSITION</span> entered 10/23/2015.", "entry_date": "10/23/2015"}, {"date": "10/16/2015", "number": "56", "contents": "<span class='description'>STATES 2nd SUPPLEMENTAL DISCOVERY EXHIBIT</span> entered 10/16/2015.", "entry_date": "10/16/2015"}, {"date": "10/6/2015", "number": "55", "contents": "<span class='description'>PRETRIAL 11/18/2015 9:00 AM - 308 3RD FLOOR, 501 W ADAMS ST JACKSONVILLE FL 32202</span> entered 10/06/2015.", "entry_date": "10/6/2015"}, {"date": "10/6/2015", "number": "54", "contents": "<span class='description'>DEFENDANT PRESENT IN JAIL</span> entered 10/06/2015.", "entry_date": "10/6/2015"}, {"date": "10/6/2015", "number": "53", "contents": "<span class='description'>ASST. PUB. DEF. BATEH, MICHAEL ISSA</span> entered 10/06/2015.", "entry_date": "10/6/2015"}, {"date": "10/6/2015", "number": "52", "contents": "<span class='description'>ASST. STATE ATTY. KALINOWSKI, JOHN GARDINER</span> entered 10/06/2015.", "entry_date": "10/6/2015"}, {"date": "10/6/2015", "number": "51", "contents": "<span class='description'>JUDGE BORELLO, MARK</span> entered 10/06/2015.", "entry_date": "10/6/2015"}, {"date": "9/2/2015", "number": "50", "contents": "<span class='description'>PRETRIAL 10/06/2015 9:00 AM - 308 3RD FLOOR, 501 W ADAMS ST JACKSONVILLE FL 32202</span> entered 09/02/2015.", "entry_date": "9/2/2015"}, {"date": "9/2/2015", "number": "49", "contents": "<span class='description'>** WAIVER OF SPEEDY TRIAL **</span> entered 09/02/2015.", "entry_date": "9/2/2015"}, {"date": "9/2/2015", "number": "48", "contents": "<span class='description'>DEFENDANT PRESENT IN JAIL</span> entered 09/02/2015.", "entry_date": "9/2/2015"}, {"date": "9/2/2015", "number": "47", "contents": "<span class='description'>ASST. PUB. DEF. BATEH, MICHAEL ISSA</span> entered 09/02/2015.", "entry_date": "9/2/2015"}, {"date": "9/2/2015", "number": "46", "contents": "<span class='description'>ASST. STATE ATTY. KALINOWSKI, JOHN GARDINER</span> entered 09/02/2015.", "entry_date": "9/2/2015"}, {"date": "9/2/2015", "number": "45", "contents": "<span class='description'>JUDGE BORELLO, MARK</span> entered 09/02/2015.", "entry_date": "9/2/2015"}, {"date": "8/19/2015", "number": "44", "contents": "<span class='description'>PRETRIAL 09/02/2015 9:00 AM - 308 3RD FLOOR, 501 W ADAMS ST JACKSONVILLE FL 32202</span> entered 08/19/2015.", "entry_date": "8/19/2015"}, {"date": "8/19/2015", "number": "43", "contents": "<span class='description'>ORDER FOR BODY MATERIAL SAMPLES</span> entered 08/20/2015.", "entry_date": "8/20/2015"}, {"date": "8/19/2015", "number": "42", "contents": "<span class='description'>DEFENDANT PRESENT IN JAIL</span> entered 08/19/2015.", "entry_date": "8/19/2015"}, {"date": "8/19/2015", "number": "41", "contents": "<span class='description'>ASST. PUB. DEF. BATEH, MICHAEL ISSA</span> entered 08/19/2015.", "entry_date": "8/19/2015"}, {"date": "8/19/2015", "number": "40", "contents": "<span class='description'>ASST. STATE ATTY. KALINOWSKI, JOHN GARDINER</span> entered 08/19/2015.", "entry_date": "8/19/2015"}, {"date": "8/19/2015", "number": "39", "contents": "<span class='description'>JUDGE BORELLO, MARK</span> entered 08/19/2015.", "entry_date": "8/19/2015"}, {"date": "8/18/2015", "number": "38", "contents": "<span class='description'>MOTION TO COMPEL BODY MATERIAL SAMPLES</span> entered 08/19/2015.", "entry_date": "8/19/2015"}, {"date": "8/17/2015", "number": "37", "contents": "<span class='description'>STATE'S FIRST AMENDED DISCOVERY EXHIBIT</span> entered 08/19/2015.", "entry_date": "8/19/2015"}, {"date": "8/12/2015", "number": "36", "contents": "<span class='description'>PRETRIAL 08/19/2015 9:00 AM - 308 3RD FLOOR, 501 W ADAMS ST JACKSONVILLE FL 32202</span> entered 08/12/2015.", "entry_date": "8/12/2015"}, {"date": "8/12/2015", "number": "35", "contents": "<span class='description'>&gt; ATTORNEY NOT PRESENT</span> entered 08/12/2015.", "entry_date": "8/12/2015"}, {"date": "8/12/2015", "number": "34", "contents": "<span class='description'>DEFENDANT APPEARANCE WAIVED</span> entered 08/12/2015.", "entry_date": "8/12/2015"}, {"date": "8/12/2015", "number": "33", "contents": "<span class='description'>ASST. PUB. DEF. BATEH, MICHAEL ISSA</span> entered 08/12/2015.", "entry_date": "8/12/2015"}, {"date": "8/12/2015", "number": "32", "contents": "<span class='description'>ASST. STATE ATTY. KALINOWSKI, JOHN GARDINER</span> entered 08/12/2015.", "entry_date": "8/12/2015"}, {"date": "8/12/2015", "number": "31", "contents": "<span class='description'>JUDGE BORELLO, MARK</span> entered 08/12/2015.", "entry_date": "8/12/2015"}, {"date": "8/5/2015", "number": "30", "contents": "<span class='description'>PRETRIAL 08/12/2015 9:00 AM - 308 3RD FLOOR, 501 W ADAMS ST JACKSONVILLE FL 32202</span> entered 08/05/2015.", "entry_date": "8/5/2015"}, {"date": "8/5/2015", "number": "29", "contents": "<span class='description'>&gt; ATTORNEY NOT PRESENT</span> entered 08/05/2015.", "entry_date": "8/5/2015"}, {"date": "8/5/2015", "number": "28", "contents": "<span class='description'>DEFENDANT NOT PRESENT</span> entered 08/05/2015.", "entry_date": "8/5/2015"}, {"date": "8/5/2015", "number": "27", "contents": "<span class='description'>ASST. PUB. DEF. BATEH, MICHAEL ISSA</span> entered 08/05/2015.", "entry_date": "8/5/2015"}, {"date": "8/5/2015", "number": "26", "contents": "<span class='description'>ASST. STATE ATTY. KALINOWSKI, JOHN GARDINER</span> entered 08/05/2015.", "entry_date": "8/5/2015"}, {"date": "8/5/2015", "number": "25", "contents": "<span class='description'>JUDGE BORELLO, MARK</span> entered 08/05/2015.", "entry_date": "8/5/2015"}, {"date": "7/23/2015", "number": "24", "contents": "<span class='description'>STATES# FIRST SUPPLEMENTAL DISCOVERY EXHIBIT</span> entered 07/25/2015.", "entry_date": "7/25/2015"}, {"date": "7/15/2015", "number": "23", "contents": "<span class='description'>PRETRIAL 08/05/2015 9:00 AM - 308 3RD FLOOR, 501 W ADAMS ST JACKSONVILLE FL 32202</span> entered 07/15/2015.", "entry_date": "7/15/2015"}, {"date": "7/15/2015", "number": "22", "contents": "<span class='description'>PLEA OF NOT GUILTY</span> entered 07/15/2015.", "entry_date": "7/15/2015"}, {"date": "7/15/2015", "number": "21", "contents": "<span class='description'>DEF. W/READING OF INFO &amp; PLEAD NOT GUILTY</span> entered 07/15/2015.", "entry_date": "7/15/2015"}, {"date": "7/15/2015", "number": "20", "contents": "<span class='description'>DEFENDANT PRESENT IN JAIL</span> entered 07/15/2015.", "entry_date": "7/15/2015"}, {"date": "7/15/2015", "number": "19", "contents": "<span class='description'>ASST. PUB. DEF. BATEH, MICHAEL ISSA</span> entered 07/15/2015.", "entry_date": "7/15/2015"}, {"date": "7/15/2015", "number": "18", "contents": "<span class='description'>ASST. STATE ATTY. KALINOWSKI, JOHN GARDINER</span> entered 07/15/2015.", "entry_date": "7/15/2015"}, {"date": "7/15/2015", "number": "17", "contents": "<span class='description'>JUDGE BORELLO, MARK</span> entered 07/15/2015.", "entry_date": "7/15/2015"}, {"date": "7/9/2015", "number": "16", "contents": "<span class='description'>STATE'S DISCOVERY EXHIBIT AND DEMAND FOR RECIPROCAL DISCOVERY</span> entered 07/10/2015.", "entry_date": "7/10/2015"}, {"date": "7/7/2015", "number": "15", "contents": "<span class='description'>INFORMATION FILED S782.04(2) MURDER - SECOND DEGREE</span> entered 07/07/2015.", "entry_date": "7/7/2015"}, {"date": "7/6/2015", "number": "14", "contents": "<span class='description'>ARRAIGNMENT DATE 07/15/2015 9:00 AM - 308 3RD FLOOR, 501 W ADAMS ST JACKSONVILLE FL 32202</span> entered 07/07/2015.", "entry_date": "7/7/2015"}, {"date": "7/6/2015", "number": "13", "contents": "<span class='description'>INFORMATION</span> entered 07/07/2015.", "entry_date": "7/7/2015"}, {"date": "6/30/2015", "number": "12", "contents": "<span class='description'>TRIAL ASSISTANT STATE ATTORNEY CHANGED TO Kalinowski, John Gardiner PER SAO</span> entered 06/30/2015.", "entry_date": "6/30/2015"}, {"date": "6/23/2015", "number": "10", "contents": "<span class='description'>ARRAIGNMENT COURT DATE: 07/15/2015 SUBJECT TO CHANGE. CALL FOR VERIFICATION</span> entered 06/30/2015.", "entry_date": "6/30/2015"}, {"date": "6/23/2015", "number": "9", "contents": "<span class='description'>MOTION TO SET BOND</span> entered 06/30/2015.", "entry_date": "6/30/2015"}, {"link_viewer": "https://www.docketalarm.com/cases/Florida_State_Duval_County_Fourth_Circuit_Court/2015-CF-005743/RICHARD_GREENE/8/", "number": "8", "link": "https://www.docketalarm.com/cases/Florida_State_Duval_County_Fourth_Circuit_Court/2015-CF-005743/RICHARD_GREENE/docs/8.pdf", "entry_date": "6/30/2015", "date": "6/23/2015", "contents": "<a href=\"/cases/Florida_State_Duval_County_Fourth_Circuit_Court/2015-CF-005743/RICHARD_GREENE/8/\"><span class='description'>FINDING OF PROBABLE CAUSE ,</span></a> entered 06/30/2015."}, {"link_viewer": "https://www.docketalarm.com/cases/Florida_State_Duval_County_Fourth_Circuit_Court/2015-CF-005743/RICHARD_GREENE/7/", "number": "7", "link": "https://www.docketalarm.com/cases/Florida_State_Duval_County_Fourth_Circuit_Court/2015-CF-005743/RICHARD_GREENE/docs/7.pdf", "entry_date": "6/30/2015", "date": "6/23/2015", "contents": "<a href=\"/cases/Florida_State_Duval_County_Fourth_Circuit_Court/2015-CF-005743/RICHARD_GREENE/7/\"><span class='description'>APPLICATION FOR CRIMINAL INDIGENT STATUS - FILED</span></a> entered 06/30/2015."}, {"link_viewer": "https://www.docketalarm.com/cases/Florida_State_Duval_County_Fourth_Circuit_Court/2015-CF-005743/RICHARD_GREENE/6/", "number": "6", "link": "https://www.docketalarm.com/cases/Florida_State_Duval_County_Fourth_Circuit_Court/2015-CF-005743/RICHARD_GREENE/docs/6.pdf", "entry_date": "6/30/2015", "date": "6/23/2015", "contents": "<a href=\"/cases/Florida_State_Duval_County_Fourth_Circuit_Court/2015-CF-005743/RICHARD_GREENE/6/\"><span class='description'>DEFENDANT DECLARED INDIGENT, ORDER APPOINTING PUBLIC DEFENDER - FILED</span></a> entered 06/30/2015."}, {"date": "6/23/2015", "number": "5", "contents": "<span class='description'>FEES DUE: 6/30/2015</span> entered 06/30/2015.", "entry_date": "6/30/2015"}, {"date": "6/23/2015", "number": "4", "contents": "<span class='description'>PD APP FEE 50.00 IMPOSED</span> entered 06/30/2015.", "entry_date": "6/30/2015"}, {"date": "6/23/2015", "number": "3", "contents": "<span class='description'>BOND SET AT NONE</span> entered 06/30/2015.", "entry_date": "6/30/2015"}, {"date": "6/23/2015", "number": "2", "contents": "<span class='description'>S782.04 MURDER</span> entered 06/30/2015.", "entry_date": "6/30/2015"}, {"date": "6/23/2015", "number": "1", "contents": "<span class='description'>ARREST &amp; BOOKING REPORT 2015-002412 1/26/2015</span> entered 06/30/2015.", "entry_date": "6/30/2015"}], "analyze": {"last_analyze": "6/22/2020"}, "success": true, "parties": [{"race": "W", "name_normalized": "Richard Greene", "name": "RICHARD GREENE", "sex": "Male", "other": [], "type": "Defendant"}]}