{"info": {"status": "RE-OPEN", "division": "CR-G", "judges": ["BLAZS, KEVIN"], "court": "Florida State, Duval County, Fourth Circuit Court", "title": "JEREMIAH HILL", "date_filed": "6/18/2015", "link": "https://www.docketalarm.com/cases/Florida_State_Duval_County_Fourth_Circuit_Court/2015-CF-005360/JEREMIAH_HILL/", "judges_normalized": ["Blazs Kevin"], "judge": "BLAZS, KEVIN", "type": "Circuit Criminal", "docket": "2015-CF-005360"}, "docket_report": [{"date": "6/8/2020", "number": "254", "contents": "<span class='description'>RECORD ON APPEAL E-FILED TO DCA</span> entered 06/11/2020.", "entry_date": "6/11/2020"}, {"date": "6/8/2020", "number": "253", "contents": "<span class='description'>APPEAL INDEX ; 1D20-1582</span> entered 06/11/2020.", "entry_date": "6/11/2020"}, {"date": "5/20/2020", "number": "252", "contents": "<span class='description'>NOTICE OF APPEAL TO DISTRICT COURT (FEE OUTSTANDING) (DCA COPY, TREATED AS NOTICE OF APPEAL BY DCA; 1D20-1582) BOOK 19230 PAGE 720-722</span> entered 05/21/2020.", "entry_date": "5/21/2020"}, {"date": "5/20/2020", "number": "251", "contents": "<span class='description'>LETTER FROM DCA; 1D20-1582</span> entered 05/21/2020.", "entry_date": "5/21/2020"}, {"date": "5/20/2020", "number": "250", "contents": "<span class='description'>DCA ACKNOWLEDGMENT RECEIPT ; 1D20-1582</span> entered 05/21/2020.", "entry_date": "5/21/2020"}, {"date": "5/18/2020", "number": "249", "contents": "<span class='description'>MOTION TO DECLARE DEFENDANT INSOLVENT FOR PURPOSE OF APPEAL</span> entered 05/21/2020.", "entry_date": "5/21/2020"}, {"date": "4/16/2020", "number": "248", "contents": "<span class='description'>TESTIMONY &amp; PROCEEDINGS OF JUNE 3, 2016</span> entered 04/16/2020.", "entry_date": "4/16/2020"}, {"date": "4/16/2020", "number": "247", "contents": "<span class='description'>TESTIMONY &amp; PROCEEDINGS OF APRIL 5, 2016</span> entered 04/16/2020.", "entry_date": "4/16/2020"}, {"date": "4/14/2020", "number": "246", "contents": "<span class='description'>ORDER DENYING MOTION TO VACATE JUDG. AND SENT.</span> entered 04/14/2020.", "entry_date": "4/14/2020"}, {"date": "12/5/2019", "number": "245", "contents": "<span class='description'>LETTER FROM DEFT. IN REFERENCE TO SWORN AFFIDAVIT TO BE INCLUDED IN 3.850 MT. FILED 9/30/19</span> entered 12/06/2019.", "entry_date": "12/6/2019"}, {"date": "11/25/2019", "number": "244", "contents": "<span class='description'>REQUEST FOR DOCUMENTS</span> entered 11/25/2019.", "entry_date": "11/25/2019"}, {"date": "11/25/2019", "number": "243", "contents": "<span class='description'>REQUEST FOR DOCUMENTS</span> entered 11/25/2019.", "entry_date": "11/25/2019"}, {"link_viewer": "https://www.docketalarm.com/cases/Florida_State_Duval_County_Fourth_Circuit_Court/2015-CF-005360/JEREMIAH_HILL/242/", "number": "242", "link": "https://www.docketalarm.com/cases/Florida_State_Duval_County_Fourth_Circuit_Court/2015-CF-005360/JEREMIAH_HILL/docs/242.pdf", "entry_date": "11/25/2019", "date": "11/25/2019", "contents": "<a href=\"/cases/Florida_State_Duval_County_Fourth_Circuit_Court/2015-CF-005360/JEREMIAH_HILL/242/\"><span class='description'>CASE FEES PAID: $9.00 ON RECEIPT NUMBER 3566085</span></a> entered 11/25/2019."}, {"date": "10/17/2019", "number": "241", "contents": "<span class='description'>LETTER FROM DEFT. IN REFERENCE TO FILING CURRENT 3.850 ON 9/30/19</span> entered 10/25/2019.", "entry_date": "10/25/2019"}, {"date": "10/17/2019", "number": "240", "contents": "<span class='description'>LETTER FROM DEFT. IN REFERENCE TO ORDER DENYING MT. FOR APPOINTMENT OF COUNSEL ENTERED 10/2/19</span> entered 10/25/2019.", "entry_date": "10/25/2019"}, {"date": "10/17/2019", "number": "239", "contents": "<span class='description'>REQUEST FOR DOCUMENTS</span> entered 10/24/2019.", "entry_date": "10/24/2019"}, {"date": "10/2/2019", "number": "238", "contents": "<span class='description'>COURT ORDER DENYING DEFT'S MT. FOR APPOINTMENT OF COUNSEL FOR PURPOSE OF APPEAL</span> entered 10/02/2019.", "entry_date": "10/2/2019"}, {"date": "9/30/2019", "number": "237", "contents": "<span class='description'>MOTION TO VACATE JUDG. &amp; SENT. (RULE 3.850)</span> entered 10/03/2019.", "entry_date": "10/3/2019"}, {"date": "9/26/2019", "number": "236", "contents": "<span class='description'>DCA ORDER CORRECTING THE NOTICE OF APPEAL, 1D19-3488</span> entered 09/26/2019.", "entry_date": "9/26/2019"}, {"date": "9/26/2019", "number": "235", "contents": "<span class='description'>DCA ACKNOWLEDGMENT RECEIPT 1D19-3488</span> entered 09/26/2019.", "entry_date": "9/26/2019"}, {"date": "9/25/2019", "number": "233", "contents": "<span class='description'>RECORD ON APPEAL E-FILED TO DCA</span> entered 09/26/2019.", "entry_date": "9/26/2019"}, {"date": "9/25/2019", "number": "232", "contents": "<span class='description'>INDEX &amp; RECORD OF APPEAL (1D19-3488)</span> entered 09/26/2019.", "entry_date": "9/26/2019"}, {"date": "9/20/2019", "number": "231", "contents": "<span class='description'>NOTICE OF APPEAL TO DISTRICT COURT (FEE OUTSTANDING) BOOK 18943 PAGE 348-353</span> entered 09/23/2019.", "entry_date": "9/23/2019"}, {"date": "9/20/2019", "number": "230", "contents": "<span class='description'>MOTION TO APPOINT COUNSEL FOR APPEAL</span> entered 09/23/2019.", "entry_date": "9/23/2019"}, {"date": "9/6/2019", "number": "229", "contents": "<span class='description'>NOTICE TO FOREGO PRIOR FILING OF RESPONSE TO 3.850 RULING ON COURT</span> entered 09/10/2019.", "entry_date": "9/10/2019"}, {"date": "8/26/2019", "number": "228", "contents": "<span class='description'>ORDER TO CORRECT SENTENCING ERROR \u2013 3.800(B) DENIED..., DENYING MOTION FOR EXTENSION OF TIME PURUANT TO FLA. CRIM. P. RULE 3.050 AND DENYING MOTION TO APPOINT COUNSEL FOR THE PURPOSE OF MOTION FILED</span> entered 08/26/2019.", "entry_date": "8/26/2019"}, {"date": "6/26/2019", "number": "227", "contents": "<span class='description'>MOTION TO APPOINT COUNSEL FOR PURPOSE OF MOTION FILED</span> entered 06/27/2019.", "entry_date": "6/27/2019"}, {"date": "6/26/2019", "number": "226", "contents": "<span class='description'>MOTION TO CORRECT SENTENCING ERROR - 3.800(B)</span> entered 06/27/2019.", "entry_date": "6/27/2019"}, {"date": "6/4/2019", "number": "225", "contents": "<span class='description'>MOTION FOR EXTENSION OF TIME</span> entered 06/06/2019.", "entry_date": "6/6/2019"}, {"date": "2/5/2018", "number": "224", "contents": "<span class='description'>ORDER DISMISSING POST CONVICTION MOTION 3.850 AND GRANTING LEAVE TO AMEND</span> entered 02/05/2018.", "entry_date": "2/5/2018"}, {"date": "1/22/2018", "number": "223", "contents": "<span class='description'>MOTION TO VACATE JUDG. &amp; SENT. (RULE 3.850)</span> entered 01/24/2018.", "entry_date": "1/24/2018"}, {"date": "6/13/2016", "number": "222", "contents": "<span class='description'>COURT ORDER FINDING DEFENDANT ELIGIBLE FOR SENTENCING REVIEW HEARING - ENTERED (NUNC PRO TUNC TO 6/3/2016)</span> entered 06/13/2016.", "entry_date": "6/13/2016"}, {"date": "6/13/2016", "number": "221", "contents": "<span class='description'>DEFENDANT APPEARANCE WAIVED</span> entered 06/13/2016.", "entry_date": "6/13/2016"}, {"date": "6/13/2016", "number": "220", "contents": "<span class='description'>ATTY. FOR DEF. ADAMS-JONES, SISSY DENISE</span> entered 06/13/2016.", "entry_date": "6/13/2016"}, {"date": "6/13/2016", "number": "219", "contents": "<span class='description'>ASST. STATE ATTY. DE LA RIONDA, BERNARDO ENRIQUE</span> entered 06/13/2016.", "entry_date": "6/13/2016"}, {"date": "6/13/2016", "number": "218", "contents": "<span class='description'>JUDGE SCHEMER, JACK M.</span> entered 06/13/2016.", "entry_date": "6/13/2016"}, {"date": "6/9/2016", "number": "217", "contents": "<span class='description'>STATUS HEARING 06/13/2016 9:00 AM - 505 5TH FLOOR, 501 W ADAMS ST JACKSONVILLE FL 32202</span> entered 06/09/2016.", "entry_date": "6/9/2016"}, {"date": "6/9/2016", "number": "216", "contents": "<span class='description'>DEFENDANT PRESENT IN JAIL</span> entered 06/09/2016.", "entry_date": "6/9/2016"}, {"date": "6/9/2016", "number": "215", "contents": "<span class='description'>ATTY. FOR DEF. ADAMS-JONES, SISSY DENISE</span> entered 06/09/2016.", "entry_date": "6/9/2016"}, {"date": "6/9/2016", "number": "214", "contents": "<span class='description'>ASST. STATE ATTY. DE LA RIONDA, BERNARDO ENRIQUE</span> entered 06/09/2016.", "entry_date": "6/9/2016"}, {"date": "6/9/2016", "number": "213", "contents": "<span class='description'>JUDGE SCHEMER, JACK M.</span> entered 06/09/2016.", "entry_date": "6/9/2016"}, {"link_viewer": "https://www.docketalarm.com/cases/Florida_State_Duval_County_Fourth_Circuit_Court/2015-CF-005360/JEREMIAH_HILL/212/", "number": "212", "link": "https://www.docketalarm.com/cases/Florida_State_Duval_County_Fourth_Circuit_Court/2015-CF-005360/JEREMIAH_HILL/docs/212.pdf", "entry_date": "6/8/2016", "date": "6/8/2016", "contents": "<a href=\"/cases/Florida_State_Duval_County_Fourth_Circuit_Court/2015-CF-005360/JEREMIAH_HILL/212/\"><span class='description'>COMMITMENT CHECKLIST SENT</span></a> entered 06/08/2016."}, {"date": "6/8/2016", "number": "211", "contents": "<span class='description'>PER EMAIL FROM JA</span> entered 06/08/2016.", "entry_date": "6/8/2016"}, {"date": "6/8/2016", "number": "210", "contents": "<span class='description'>STATUS HEARING 06/09/2016 9:00 AM - 505 5TH FLOOR, 501 W ADAMS ST JACKSONVILLE FL 32202</span> entered 06/08/2016.", "entry_date": "6/8/2016"}, {"date": "6/7/2016", "number": "209", "contents": "<span class='description'>RECEIPT FOR CIVIL PROCESS, JAIL, WARRANTS</span> entered 06/08/2016.", "entry_date": "6/8/2016"}, {"date": "6/7/2016", "number": "208", "contents": "<span class='description'>RECEIPT FOR CIVIL PROCESS, JAIL, WARRANTS</span> entered 06/08/2016.", "entry_date": "6/8/2016"}, {"date": "6/3/2016", "number": "207", "contents": "<span class='description'>SENTENCING GUIDELINES</span> entered 06/06/2016.", "entry_date": "6/6/2016"}, {"link_viewer": "https://www.docketalarm.com/cases/Florida_State_Duval_County_Fourth_Circuit_Court/2015-CF-005360/JEREMIAH_HILL/206/", "number": "206", "link": "https://www.docketalarm.com/cases/Florida_State_Duval_County_Fourth_Circuit_Court/2015-CF-005360/JEREMIAH_HILL/docs/206.pdf", "entry_date": "6/6/2016", "date": "6/3/2016", "contents": "<a href=\"/cases/Florida_State_Duval_County_Fourth_Circuit_Court/2015-CF-005360/JEREMIAH_HILL/206/\"><span class='description'>UNIFORM COMMITMENT TO CUSTODY OF DEPT. OF CORRECTIONS</span></a> entered 06/06/2016."}, {"date": "6/3/2016", "number": "204", "contents": "<span class='description'>CERTIFICATE OF SERVICE FOR JUDGMENT AND SENTENCE</span> entered 06/03/2016.", "entry_date": "6/3/2016"}, {"date": "6/3/2016", "number": "203", "contents": "<span class='description'>CLERKS EXHIBIT MEMO</span> entered 06/03/2016.", "entry_date": "6/3/2016"}, {"date": "6/3/2016", "number": "202", "contents": "<span class='description'>COURT EXHIBITS 1 SEALED BY COURT</span> entered 06/06/2016.", "entry_date": "6/6/2016"}, {"date": "6/3/2016", "number": "201", "contents": "<span class='description'>CLERKS MEMO OF HEARING SENTENCING HEARING</span> entered 06/03/2016.", "entry_date": "6/3/2016"}, {"link_viewer": "https://www.docketalarm.com/cases/Florida_State_Duval_County_Fourth_Circuit_Court/2015-CF-005360/JEREMIAH_HILL/200/", "number": "200", "link": "https://www.docketalarm.com/cases/Florida_State_Duval_County_Fourth_Circuit_Court/2015-CF-005360/JEREMIAH_HILL/docs/200.pdf", "entry_date": "6/3/2016", "date": "6/3/2016", "contents": "<a href=\"/cases/Florida_State_Duval_County_Fourth_Circuit_Court/2015-CF-005360/JEREMIAH_HILL/200/\"><span class='description'>PAYMENT AUTHORIZATION SHEET</span></a> entered 06/03/2016."}, {"link_viewer": "https://www.docketalarm.com/cases/Florida_State_Duval_County_Fourth_Circuit_Court/2015-CF-005360/JEREMIAH_HILL/199/", "number": "199", "link": "https://www.docketalarm.com/cases/Florida_State_Duval_County_Fourth_Circuit_Court/2015-CF-005360/JEREMIAH_HILL/docs/199.pdf", "entry_date": "6/3/2016", "date": "6/3/2016", "contents": "<a href=\"/cases/Florida_State_Duval_County_Fourth_Circuit_Court/2015-CF-005360/JEREMIAH_HILL/199/\"><span class='description'>COURT ORDERED COSTS/FINES/FEES BOOK 17586 PAGE 1017-1018</span></a> entered 06/03/2016."}, {"date": "6/3/2016", "number": "197", "contents": "<span class='description'>SEE COUNT 1</span> entered 06/03/2016.", "entry_date": "6/3/2016"}, {"date": "6/3/2016", "number": "196", "contents": "<span class='description'>CREDIT TIME: 357 DAYS</span> entered 06/03/2016.", "entry_date": "6/3/2016"}, {"date": "6/3/2016", "number": "195", "contents": "<span class='description'>JUDGMENT AND SENTENCE TO COUNTY JAIL FOR 357 DAYS</span> entered 06/03/2016.", "entry_date": "6/3/2016"}, {"date": "6/3/2016", "number": "194", "contents": "<span class='description'>DEF. ADJUDGED GUILTY - FINGERPRINTS TAKEN</span> entered 06/03/2016.", "entry_date": "6/3/2016"}, {"date": "6/3/2016", "number": "193", "contents": "<span class='description'>SEE COUNT 1</span> entered 06/03/2016.", "entry_date": "6/3/2016"}, {"date": "6/3/2016", "number": "192", "contents": "<span class='description'>25 YEAR MINIMUM MANDATORY SENTENCE IMPOSED PER F.S. 775.087 AS TO COUNT: 3</span> entered 06/03/2016.", "entry_date": "6/3/2016"}, {"date": "6/3/2016", "number": "191", "contents": "<span class='description'>CREDIT TIME: 357 DAYS</span> entered 06/03/2016.", "entry_date": "6/3/2016"}, {"date": "6/3/2016", "number": "190", "contents": "<span class='description'>JUDGMENT AND SENTENCE TO STATE PRISON FOR 30 YEARS</span> entered 06/03/2016.", "entry_date": "6/3/2016"}, {"date": "6/3/2016", "number": "189", "contents": "<span class='description'>DEF. ADJUDGED GUILTY - FINGERPRINTS TAKEN</span> entered 06/03/2016.", "entry_date": "6/3/2016"}, {"date": "6/3/2016", "number": "188", "contents": "<span class='description'>SEE COUNT 1</span> entered 06/03/2016.", "entry_date": "6/3/2016"}, {"date": "6/3/2016", "number": "187", "contents": "<span class='description'>10 YEAR MINIMUM MANDATORY SENTENCE IMPOSED PER F.S. 775.087 AS TO COUNT: 2</span> entered 06/03/2016.", "entry_date": "6/3/2016"}, {"date": "6/3/2016", "number": "186", "contents": "<span class='description'>CREDIT TIME: 357 DAYS</span> entered 06/03/2016.", "entry_date": "6/3/2016"}, {"date": "6/3/2016", "number": "185", "contents": "<span class='description'>JUDGMENT AND SENTENCE TO STATE PRISON FOR 30 YEARS</span> entered 06/03/2016.", "entry_date": "6/3/2016"}, {"date": "6/3/2016", "number": "184", "contents": "<span class='description'>DEF. ADJUDGED GUILTY - FINGERPRINTS TAKEN</span> entered 06/03/2016.", "entry_date": "6/3/2016"}, {"date": "6/3/2016", "number": "183", "contents": "<span class='description'>FEES DUE: 9/4/2056</span> entered 06/03/2016.", "entry_date": "6/3/2016"}, {"date": "6/3/2016", "number": "182", "contents": "<span class='description'>CSTF 20.00 IMPOSED</span> entered 06/03/2016.", "entry_date": "6/3/2016"}, {"date": "6/3/2016", "number": "181", "contents": "<span class='description'>SAIEF 100.00 IMPOSED</span> entered 06/03/2016.", "entry_date": "6/3/2016"}, {"date": "6/3/2016", "number": "180", "contents": "<span class='description'>AACC 65.00 IMPOSED</span> entered 06/03/2016.", "entry_date": "6/3/2016"}, {"date": "6/3/2016", "number": "179", "contents": "<span class='description'>TNC 3.00 IMPOSED</span> entered 06/03/2016.", "entry_date": "6/3/2016"}, {"date": "6/3/2016", "number": "178", "contents": "<span class='description'>PD APP FEE 50.00 IMPOSED</span> entered 06/03/2016.", "entry_date": "6/3/2016"}, {"date": "6/3/2016", "number": "177", "contents": "<span class='description'>PD FEE 100.00 IMPOSED</span> entered 06/03/2016.", "entry_date": "6/3/2016"}, {"date": "6/3/2016", "number": "176", "contents": "<span class='description'>LGTF 225.00 IMPOSED</span> entered 06/03/2016.", "entry_date": "6/3/2016"}, {"date": "6/3/2016", "number": "175", "contents": "<span class='description'>CCT 50.00 IMPOSED</span> entered 06/03/2016.", "entry_date": "6/3/2016"}, {"date": "6/3/2016", "number": "174", "contents": "<span class='description'>COST OF COURT 50.00 IMPOSED</span> entered 06/03/2016.", "entry_date": "6/3/2016"}, {"date": "6/3/2016", "number": "173", "contents": "<span class='description'>LEEA 5.00 IMPOSED</span> entered 06/03/2016.", "entry_date": "6/3/2016"}, {"date": "6/3/2016", "number": "172", "contents": "<span class='description'>ALL COUNTS CONCURRENT</span> entered 06/03/2016.", "entry_date": "6/3/2016"}, {"date": "6/3/2016", "number": "171", "contents": "<span class='description'>25 YEAR MINIMUM MANDATORY SENTENCE IMPOSED PER F.S. 775.087 AS TO COUNT: 1</span> entered 06/03/2016.", "entry_date": "6/3/2016"}, {"date": "6/3/2016", "number": "170", "contents": "<span class='description'>CREDIT TIME: 357 DAYS</span> entered 06/03/2016.", "entry_date": "6/3/2016"}, {"link_viewer": "https://www.docketalarm.com/cases/Florida_State_Duval_County_Fourth_Circuit_Court/2015-CF-005360/JEREMIAH_HILL/169/", "number": "169", "link": "https://www.docketalarm.com/cases/Florida_State_Duval_County_Fourth_Circuit_Court/2015-CF-005360/JEREMIAH_HILL/docs/169.pdf", "entry_date": "6/3/2016", "date": "6/3/2016", "contents": "<a href=\"/cases/Florida_State_Duval_County_Fourth_Circuit_Court/2015-CF-005360/JEREMIAH_HILL/169/\"><span class='description'>JUDGMENT AND SENTENCE TO STATE PRISON FOR 40 YEARS BOOK 17586 PAGE 966-977</span></a> entered 06/03/2016."}, {"date": "6/3/2016", "number": "168", "contents": "<span class='description'>DEF. ADJUDGED GUILTY - FINGERPRINTS TAKEN</span> entered 06/03/2016.", "entry_date": "6/3/2016"}, {"date": "6/3/2016", "number": "167", "contents": "<span class='description'>SUGGESTION OF MENTAL INCOMPETENCE TO PROCEED AND INSANITY AT THE TIME OF OFFENSE (DEFENSE ORALLY WITHDRAWS)</span> entered 06/03/2016.", "entry_date": "6/3/2016"}, {"date": "6/3/2016", "number": "166", "contents": "<span class='description'>SENTENCING HEARING HELD IN FULL</span> entered 06/03/2016.", "entry_date": "6/3/2016"}, {"date": "6/3/2016", "number": "165", "contents": "<span class='description'>DEFENDANT PRESENT IN JAIL</span> entered 06/03/2016.", "entry_date": "6/3/2016"}, {"date": "6/3/2016", "number": "164", "contents": "<span class='description'>ATTY. FOR DEF. ADAMS-JONES, SISSY DENISE</span> entered 06/03/2016.", "entry_date": "6/3/2016"}, {"date": "6/3/2016", "number": "163", "contents": "<span class='description'>ASST. STATE ATTY. DE LA RIONDA, BERNARDO ENRIQUE</span> entered 06/03/2016.", "entry_date": "6/3/2016"}, {"date": "6/3/2016", "number": "162", "contents": "<span class='description'>JUDGE SCHEMER, JACK M.</span> entered 06/03/2016.", "entry_date": "6/3/2016"}, {"date": "6/1/2016", "number": "161", "contents": "<span class='description'>11:00AM</span> entered 06/01/2016.", "entry_date": "6/1/2016"}, {"date": "6/1/2016", "number": "160", "contents": "<span class='description'>SENTENCING 06/03/2016 9:00 AM - 505 5TH FLOOR, 501 W ADAMS ST JACKSONVILLE FL 32202</span> entered 06/01/2016.", "entry_date": "6/1/2016"}, {"date": "6/1/2016", "number": "159", "contents": "<span class='description'>NOTICE OF ACKNOWLEDGEMENT AND INTENT TO MAINTAIN PLEAS OF GUILTY - FILED</span> entered 06/01/2016.", "entry_date": "6/1/2016"}, {"date": "6/1/2016", "number": "158", "contents": "<span class='description'>DEFENDANT PRESENT IN JAIL</span> entered 06/01/2016.", "entry_date": "6/1/2016"}, {"date": "6/1/2016", "number": "157", "contents": "<span class='description'>ATTY. FOR DEF. ADAMS-JONES, SISSY DENISE</span> entered 06/01/2016.", "entry_date": "6/1/2016"}, {"date": "6/1/2016", "number": "156", "contents": "<span class='description'>ASST. STATE ATTY. DE LA RIONDA, BERNARDO ENRIQUE</span> entered 06/01/2016.", "entry_date": "6/1/2016"}, {"date": "6/1/2016", "number": "155", "contents": "<span class='description'>JUDGE SCHEMER, JACK M.</span> entered 06/01/2016.", "entry_date": "6/1/2016"}, {"date": "5/25/2016", "number": "154", "contents": "<span class='description'>PER E-MAIL</span> entered 05/25/2016.", "entry_date": "5/25/2016"}, {"date": "5/25/2016", "number": "153", "contents": "<span class='description'>STATUS HEARING 06/01/2016 9:00 AM - 505 5TH FLOOR, 501 W ADAMS ST JACKSONVILLE FL 32202</span> entered 05/25/2016.", "entry_date": "5/25/2016"}, {"date": "5/25/2016", "number": "152", "contents": "<span class='description'>&gt; CANCEL REASON -</span> entered 05/25/2016.", "entry_date": "5/25/2016"}, {"date": "5/25/2016", "number": "151", "contents": "<span class='description'>CANCELLED STATUS HEARING ON 5/26/2016 9:00:00 AM</span> entered 05/25/2016.", "entry_date": "5/25/2016"}, {"date": "5/23/2016", "number": "150", "contents": "<span class='description'>STATUS HEARING 05/26/2016 9:00 AM - 505 5TH FLOOR, 501 W ADAMS ST JACKSONVILLE FL 32202</span> entered 05/23/2016.", "entry_date": "5/23/2016"}, {"date": "5/23/2016", "number": "149", "contents": "<span class='description'>DEFENDANT PRESENT IN JAIL</span> entered 05/23/2016.", "entry_date": "5/23/2016"}, {"date": "5/23/2016", "number": "148", "contents": "<span class='description'>ATTY. FOR DEF. ADAMS-JONES, SISSY DENISE</span> entered 05/23/2016.", "entry_date": "5/23/2016"}, {"date": "5/23/2016", "number": "147", "contents": "<span class='description'>ASST. STATE ATTY. DE LA RIONDA, BERNARDO ENRIQUE</span> entered 05/23/2016.", "entry_date": "5/23/2016"}, {"date": "5/23/2016", "number": "146", "contents": "<span class='description'>JUDGE SCHEMER, JACK M.</span> entered 05/23/2016.", "entry_date": "5/23/2016"}, {"date": "5/13/2016", "number": "145", "contents": "<span class='description'>PER E-MAIL</span> entered 05/13/2016.", "entry_date": "5/13/2016"}, {"date": "5/13/2016", "number": "144", "contents": "<span class='description'>STATUS HEARING 05/23/2016 9:00 AM - 505 5TH FLOOR, 501 W ADAMS ST JACKSONVILLE FL 32202</span> entered 05/13/2016.", "entry_date": "5/13/2016"}, {"date": "5/13/2016", "number": "143", "contents": "<span class='description'>&gt; CANCEL REASON -</span> entered 05/13/2016.", "entry_date": "5/13/2016"}, {"date": "5/13/2016", "number": "142", "contents": "<span class='description'>CANCELLED SENTENCING - TO BE SET ON 5/23/2016 9:00:00 AM</span> entered 05/13/2016.", "entry_date": "5/13/2016"}, {"date": "5/12/2016", "number": "141", "contents": "<span class='description'>TRANSFER TO DIV. CR-G (CIRCUIT)</span> entered 05/12/2016.", "entry_date": "5/12/2016"}, {"date": "5/11/2016", "number": "140", "contents": "<span class='description'>ORDER OF RECUSAL NO MOTION</span> entered 05/12/2016.", "entry_date": "5/12/2016"}, {"date": "5/11/2016", "number": "139", "contents": "<span class='description'>ORDER OF RECUSAL</span> entered 05/12/2016.", "entry_date": "5/12/2016"}, {"date": "5/11/2016", "number": "138", "contents": "<span class='description'>&gt; CANCEL REASON -</span> entered 05/11/2016.", "entry_date": "5/11/2016"}, {"date": "5/11/2016", "number": "137", "contents": "<span class='description'>CANCELLED SENTENCING ON 5/11/2016 9:00:00 AM</span> entered 05/11/2016.", "entry_date": "5/11/2016"}, {"date": "5/11/2016", "number": "136", "contents": "<span class='description'>AS PER EMAIL</span> entered 05/11/2016.", "entry_date": "5/11/2016"}, {"date": "5/11/2016", "number": "135", "contents": "<span class='description'>SENTENCING - TO BE SET 05/23/2016 9:00 AM - 505 5TH FLOOR, 501 W ADAMS ST JACKSONVILLE FL 32202</span> entered 05/11/2016.", "entry_date": "5/11/2016"}, {"date": "5/9/2016", "number": "134", "contents": "<span class='description'>COURT ORDER AUTHORIZING THE DEFENSE TO INCUR COSTS FOR EXPERT WITNESS</span> entered 05/11/2016.", "entry_date": "5/11/2016"}, {"date": "5/9/2016", "number": "133", "contents": "<span class='description'>TO BE HEARD AT 1:00</span> entered 05/09/2016.", "entry_date": "5/9/2016"}, {"date": "5/9/2016", "number": "132", "contents": "<span class='description'>SENTENCING 05/11/2016 9:00 AM - 605 6TH FLOOR, 501 W ADAMS ST JACKSONVILLE FL 32202</span> entered 05/09/2016.", "entry_date": "5/9/2016"}, {"date": "5/9/2016", "number": "131", "contents": "<span class='description'>DEFENDANT APPEARANCE WAIVED</span> entered 05/09/2016.", "entry_date": "5/9/2016"}, {"date": "5/9/2016", "number": "130", "contents": "<span class='description'>DEFENDANT PRESENT IN JAIL</span> entered 05/09/2016.", "entry_date": "5/9/2016"}, {"date": "5/9/2016", "number": "129", "contents": "<span class='description'>ATTY. FOR DEF. ADAMS-JONES, SISSY DENISE</span> entered 05/09/2016.", "entry_date": "5/9/2016"}, {"date": "5/9/2016", "number": "128", "contents": "<span class='description'>ASST. STATE ATTY. DE LA RIONDA, BERNARDO ENRIQUE</span> entered 05/09/2016.", "entry_date": "5/9/2016"}, {"date": "5/9/2016", "number": "127", "contents": "<span class='description'>JUDGE MCCALLUM, LINDA F.</span> entered 05/09/2016.", "entry_date": "5/9/2016"}, {"date": "5/4/2016", "number": "126", "contents": "<span class='description'>MOTION FOR AUTHORITY TO INCUR EXPENSES</span> entered 05/05/2016.", "entry_date": "5/5/2016"}, {"date": "4/15/2016", "number": "125", "contents": "<span class='description'>COURT ORDER AUTHORIZING THE DEFENSE TO INCUR COSTS FOR DEPOSITION TRANSCRIPTS</span> entered 04/18/2016.", "entry_date": "4/18/2016"}, {"date": "4/5/2016", "number": "124", "contents": "<span class='description'>SENTENCING - TO BE SET 05/09/2016 9:00 AM - 605 6TH FLOOR, 501 W ADAMS ST JACKSONVILLE FL 32202</span> entered 04/05/2016.", "entry_date": "4/5/2016"}, {"date": "4/5/2016", "number": "123", "contents": "<span class='description'>PREDISPOSITION REPORT ORDERED</span> entered 04/08/2016.", "entry_date": "4/8/2016"}, {"date": "4/5/2016", "number": "122", "contents": "<span class='description'>PSI ORDERED</span> entered 04/08/2016.", "entry_date": "4/8/2016"}, {"date": "4/5/2016", "number": "121", "contents": "<span class='description'>ACKNOWLEDGE. OF RIGHTS &amp; VOLUNTARINESS OF ENTRY OF PLEA</span> entered 04/05/2016.", "entry_date": "4/5/2016"}, {"date": "4/5/2016", "number": "120", "contents": "<span class='description'>DEFENDANT PLEAD GUILTY</span> entered 04/05/2016.", "entry_date": "4/5/2016"}, {"date": "4/5/2016", "number": "119", "contents": "<span class='description'>DEFENDANT PLEAD GUILTY</span> entered 04/05/2016.", "entry_date": "4/5/2016"}, {"date": "4/5/2016", "number": "118", "contents": "<span class='description'>DEFENDANT PLEAD GUILTY</span> entered 04/05/2016.", "entry_date": "4/5/2016"}, {"date": "4/5/2016", "number": "117", "contents": "<span class='description'>DEFENDANT PLEAD GUILTY</span> entered 04/05/2016.", "entry_date": "4/5/2016"}, {"date": "4/5/2016", "number": "116", "contents": "<span class='description'>DEF. PERMITTED TO W/D PLEA OF NOT GUILTY AS TO COUNTS 1-4 TO GUILTY AS TO COUNTS 1-4</span> entered 04/05/2016.", "entry_date": "4/5/2016"}, {"date": "4/5/2016", "number": "115", "contents": "<span class='description'>DEFENDANT PRESENT IN JAIL</span> entered 04/05/2016.", "entry_date": "4/5/2016"}, {"date": "4/5/2016", "number": "114", "contents": "<span class='description'>ATTY. FOR DEF. ADAMS-JONES, SISSY DENISE</span> entered 04/05/2016.", "entry_date": "4/5/2016"}, {"date": "4/5/2016", "number": "113", "contents": "<span class='description'>ASST. STATE ATTY. DE LA RIONDA, BERNARDO ENRIQUE</span> entered 04/05/2016.", "entry_date": "4/5/2016"}, {"date": "4/5/2016", "number": "112", "contents": "<span class='description'>JUDGE MCCALLUM, LINDA F.</span> entered 04/05/2016.", "entry_date": "4/5/2016"}, {"date": "3/30/2016", "number": "111", "contents": "<span class='description'>09/07/16 FPT, &amp; 09/12/16 JS</span> entered 03/30/2016.", "entry_date": "3/30/2016"}, {"date": "3/30/2016", "number": "110", "contents": "<span class='description'>PRETRIAL 04/05/2016 9:00 AM - 605 6TH FLOOR, 501 W ADAMS ST JACKSONVILLE FL 32202</span> entered 03/30/2016.", "entry_date": "3/30/2016"}, {"date": "3/30/2016", "number": "109", "contents": "<span class='description'>DEFENDANT APPEARANCE WAIVED</span> entered 03/30/2016.", "entry_date": "3/30/2016"}, {"date": "3/30/2016", "number": "108", "contents": "<span class='description'>ATTY. FOR DEF. ADAMS-JONES, SISSY DENISE</span> entered 03/30/2016.", "entry_date": "3/30/2016"}, {"date": "3/30/2016", "number": "107", "contents": "<span class='description'>ASST. STATE ATTY. DE LA RIONDA, BERNARDO ENRIQUE</span> entered 03/30/2016.", "entry_date": "3/30/2016"}, {"date": "3/30/2016", "number": "106", "contents": "<span class='description'>JUDGE MCCALLUM, LINDA F.</span> entered 03/30/2016.", "entry_date": "3/30/2016"}, {"date": "2/24/2016", "number": "105", "contents": "<span class='description'>PRETRIAL 03/30/2016 9:00 AM - 605 6TH FLOOR, 501 W ADAMS ST JACKSONVILLE FL 32202</span> entered 02/24/2016.", "entry_date": "2/24/2016"}, {"date": "2/24/2016", "number": "104", "contents": "<span class='description'>DEFENDANT APPEARANCE WAIVED</span> entered 02/24/2016.", "entry_date": "2/24/2016"}, {"date": "2/24/2016", "number": "103", "contents": "<span class='description'>ATTY. FOR DEF. ADAMS-JONES, SISSY DENISE</span> entered 02/24/2016.", "entry_date": "2/24/2016"}, {"date": "2/24/2016", "number": "102", "contents": "<span class='description'>ASST. STATE ATTY. DE LA RIONDA, BERNARDO ENRIQUE</span> entered 02/24/2016.", "entry_date": "2/24/2016"}, {"date": "2/24/2016", "number": "101", "contents": "<span class='description'>JUDGE MCCALLUM, LINDA F.</span> entered 02/24/2016.", "entry_date": "2/24/2016"}, {"date": "1/14/2016", "number": "100", "contents": "<span class='description'>PRETRIAL 02/24/2016 9:00 AM - 605 6TH FLOOR, 501 W ADAMS ST JACKSONVILLE FL 32202</span> entered 01/14/2016.", "entry_date": "1/14/2016"}, {"date": "1/14/2016", "number": "99", "contents": "<span class='description'>PSI ORDERED -PRE PLEA</span> entered 01/14/2016.", "entry_date": "1/14/2016"}, {"date": "1/14/2016", "number": "98", "contents": "<span class='description'>DEFENDANT PRESENT IN JAIL</span> entered 01/14/2016.", "entry_date": "1/14/2016"}, {"date": "1/14/2016", "number": "97", "contents": "<span class='description'>ATTY. FOR DEF. ADAMS-JONES, SISSY DENISE</span> entered 01/14/2016.", "entry_date": "1/14/2016"}, {"date": "1/14/2016", "number": "96", "contents": "<span class='description'>ASST. STATE ATTY. DE LA RIONDA, BERNARDO ENRIQUE</span> entered 01/14/2016.", "entry_date": "1/14/2016"}, {"date": "1/14/2016", "number": "95", "contents": "<span class='description'>JUDGE MCCALLUM, LINDA F.</span> entered 01/14/2016.", "entry_date": "1/14/2016"}, {"date": "12/2/2015", "number": "94", "contents": "<span class='description'>PRETRIAL 01/14/2016 9:00 AM - 308 3RD FLOOR, 501 W ADAMS ST JACKSONVILLE FL 32202</span> entered 12/02/2015.", "entry_date": "12/2/2015"}, {"date": "12/2/2015", "number": "93", "contents": "<span class='description'>DEFENDANT PRESENT IN JAIL</span> entered 12/02/2015.", "entry_date": "12/2/2015"}, {"date": "12/2/2015", "number": "92", "contents": "<span class='description'>ATTY. FOR DEF. ADAMS-JONES, SISSY DENISE</span> entered 12/02/2015.", "entry_date": "12/2/2015"}, {"date": "12/2/2015", "number": "91", "contents": "<span class='description'>ASST. STATE ATTY. DE LA RIONDA, BERNARDO ENRIQUE</span> entered 12/02/2015.", "entry_date": "12/2/2015"}, {"date": "12/2/2015", "number": "90", "contents": "<span class='description'>JUDGE BORELLO, MARK</span> entered 12/02/2015.", "entry_date": "12/2/2015"}, {"date": "11/18/2015", "number": "89", "contents": "<span class='description'>STATES# 3RD SUPPLEMENTAL DISCOVERY EXHIBIT</span> entered 11/19/2015.", "entry_date": "11/19/2015"}, {"date": "11/18/2015", "number": "88", "contents": "<span class='description'>STATES# 2ND SUPPLEMENTAL DISCOVERY EXHIBIT</span> entered 11/19/2015.", "entry_date": "11/19/2015"}, {"date": "11/12/2015", "number": "87", "contents": "<span class='description'>STATES 1st SUPPLEMENTAL DISCOVERY EXHIBIT</span> entered 11/16/2015.", "entry_date": "11/16/2015"}, {"date": "11/2/2015", "number": "86", "contents": "<span class='description'>PRETRIAL 12/02/2015 9:00 AM - 308 3RD FLOOR, 501 W ADAMS ST JACKSONVILLE FL 32202</span> entered 11/02/2015.", "entry_date": "11/2/2015"}, {"date": "11/2/2015", "number": "85", "contents": "<span class='description'>OTHERS PRESENT: MOTHER PRESENT</span> entered 11/02/2015.", "entry_date": "11/2/2015"}, {"date": "11/2/2015", "number": "84", "contents": "<span class='description'>DEFENDANT PRESENT IN JAIL</span> entered 11/02/2015.", "entry_date": "11/2/2015"}, {"date": "11/2/2015", "number": "83", "contents": "<span class='description'>ATTY. FOR DEF. ADAMS-JONES, SISSY DENISE</span> entered 11/02/2015.", "entry_date": "11/2/2015"}, {"date": "11/2/2015", "number": "82", "contents": "<span class='description'>ASST. STATE ATTY. DE LA RIONDA, BERNARDO ENRIQUE</span> entered 11/02/2015.", "entry_date": "11/2/2015"}, {"date": "11/2/2015", "number": "81", "contents": "<span class='description'>JUDGE BORELLO, MARK</span> entered 11/02/2015.", "entry_date": "11/2/2015"}, {"date": "10/20/2015", "number": "80", "contents": "<span class='description'>PRETRIAL 11/02/2015 9:00 AM - 308 3RD FLOOR, 501 W ADAMS ST JACKSONVILLE FL 32202</span> entered 10/20/2015.", "entry_date": "10/20/2015"}, {"date": "10/20/2015", "number": "79", "contents": "<span class='description'>DEFENDANT PRESENT IN JAIL</span> entered 10/20/2015.", "entry_date": "10/20/2015"}, {"date": "10/20/2015", "number": "78", "contents": "<span class='description'>ATTY. FOR DEF. ADAMS-JONES, SISSY DENISE</span> entered 10/20/2015.", "entry_date": "10/20/2015"}, {"date": "10/20/2015", "number": "77", "contents": "<span class='description'>OTHERS PRESENT: SA: PETER OVERSTREET</span> entered 10/20/2015.", "entry_date": "10/20/2015"}, {"date": "10/20/2015", "number": "76", "contents": "<span class='description'>ASST. STATE ATTY. DE LA RIONDA, BERNARDO ENRIQUE</span> entered 10/20/2015.", "entry_date": "10/20/2015"}, {"date": "10/20/2015", "number": "75", "contents": "<span class='description'>JUDGE BORELLO, MARK</span> entered 10/20/2015.", "entry_date": "10/20/2015"}, {"date": "9/16/2015", "number": "74", "contents": "<span class='description'>PRETRIAL 10/20/2015 9:00 AM - 308 3RD FLOOR, 501 W ADAMS ST JACKSONVILLE FL 32202</span> entered 09/16/2015.", "entry_date": "9/16/2015"}, {"date": "9/16/2015", "number": "73", "contents": "<span class='description'>OTHERS PRESENT: MOTHER</span> entered 09/16/2015.", "entry_date": "9/16/2015"}, {"date": "9/16/2015", "number": "72", "contents": "<span class='description'>DEFENDANT PRESENT IN JAIL</span> entered 09/16/2015.", "entry_date": "9/16/2015"}, {"date": "9/16/2015", "number": "71", "contents": "<span class='description'>ATTY. FOR DEF. ADAMS-JONES, SISSY DENISE</span> entered 09/16/2015.", "entry_date": "9/16/2015"}, {"date": "9/16/2015", "number": "70", "contents": "<span class='description'>ASST. STATE ATTY. DE LA RIONDA, BERNARDO ENRIQUE</span> entered 09/16/2015.", "entry_date": "9/16/2015"}, {"date": "9/16/2015", "number": "69", "contents": "<span class='description'>JUDGE BORELLO, MARK</span> entered 09/16/2015.", "entry_date": "9/16/2015"}, {"date": "9/10/2015", "number": "68", "contents": "<span class='description'>PRETRIAL 09/16/2015 9:00 AM - 308 3RD FLOOR, 501 W ADAMS ST JACKSONVILLE FL 32202</span> entered 09/10/2015.", "entry_date": "9/10/2015"}, {"date": "9/10/2015", "number": "67", "contents": "<span class='description'>OTHERS PRESENT: GRANDMOTHER</span> entered 09/10/2015.", "entry_date": "9/10/2015"}, {"date": "9/10/2015", "number": "66", "contents": "<span class='description'>DEFENDANT PRESENT IN JAIL</span> entered 09/10/2015.", "entry_date": "9/10/2015"}, {"date": "9/10/2015", "number": "65", "contents": "<span class='description'>ATTY. FOR DEF. ADAMS-JONES, SISSY DENISE</span> entered 09/10/2015.", "entry_date": "9/10/2015"}, {"date": "9/10/2015", "number": "64", "contents": "<span class='description'>ASST. STATE ATTY. DE LA RIONDA, BERNARDO ENRIQUE</span> entered 09/10/2015.", "entry_date": "9/10/2015"}, {"date": "9/10/2015", "number": "63", "contents": "<span class='description'>JUDGE BORELLO, MARK</span> entered 09/10/2015.", "entry_date": "9/10/2015"}, {"date": "8/27/2015", "number": "62", "contents": "<span class='description'>TRIAL ASSISTANT STATE ATTORNEY CHANGED TO De La Rionda, Bernardo Enrique PER SAO</span> entered 08/27/2015.", "entry_date": "8/27/2015"}, {"date": "8/25/2015", "number": "61", "contents": "<span class='description'>PRETRIAL 09/10/2015 9:00 AM - 308 3RD FLOOR, 501 W ADAMS ST JACKSONVILLE FL 32202</span> entered 08/25/2015.", "entry_date": "8/25/2015"}, {"link_viewer": "https://www.docketalarm.com/cases/Florida_State_Duval_County_Fourth_Circuit_Court/2015-CF-005360/JEREMIAH_HILL/60/", "number": "60", "link": "https://www.docketalarm.com/cases/Florida_State_Duval_County_Fourth_Circuit_Court/2015-CF-005360/JEREMIAH_HILL/docs/60.pdf", "entry_date": "8/25/2015", "date": "8/25/2015", "contents": "<a href=\"/cases/Florida_State_Duval_County_Fourth_Circuit_Court/2015-CF-005360/JEREMIAH_HILL/60/\"><span class='description'>** WAIVER OF SPEEDY TRIAL **</span></a> entered 08/25/2015."}, {"date": "8/25/2015", "number": "59", "contents": "<span class='description'>OTHERS PRESENT: SA: B. DE LA RHIONDA</span> entered 08/25/2015.", "entry_date": "8/25/2015"}, {"date": "8/25/2015", "number": "58", "contents": "<span class='description'>DEFENDANT PRESENT IN JAIL</span> entered 08/25/2015.", "entry_date": "8/25/2015"}, {"date": "8/25/2015", "number": "57", "contents": "<span class='description'>ATTY. FOR DEF. ADAMS-JONES, SISSY DENISE</span> entered 08/25/2015.", "entry_date": "8/25/2015"}, {"date": "8/25/2015", "number": "56", "contents": "<span class='description'>ASST. STATE ATTY. OVERSTREET, PETER CHARLES</span> entered 08/25/2015.", "entry_date": "8/25/2015"}, {"date": "8/25/2015", "number": "55", "contents": "<span class='description'>JUDGE BORELLO, MARK</span> entered 08/25/2015.", "entry_date": "8/25/2015"}, {"date": "8/5/2015", "number": "54", "contents": "<span class='description'>STATE'S DISCOVERY EXHIBIT AND DEMAND FOR RECIPROCAL DISCOVERY</span> entered 08/05/2015.", "entry_date": "8/5/2015"}, {"date": "8/4/2015", "number": "53", "contents": "<span class='description'>PRETRIAL 08/25/2015 9:00 AM - 308 3RD FLOOR, 501 W ADAMS ST JACKSONVILLE FL 32202</span> entered 08/04/2015.", "entry_date": "8/4/2015"}, {"date": "8/4/2015", "number": "52", "contents": "<span class='description'>OTHERS PRESENT: BEAUTY HILL - GRANDMA</span> entered 08/04/2015.", "entry_date": "8/4/2015"}, {"date": "8/4/2015", "number": "51", "contents": "<span class='description'>DEFENDANT PRESENT IN JAIL</span> entered 08/04/2015.", "entry_date": "8/4/2015"}, {"date": "8/4/2015", "number": "50", "contents": "<span class='description'>ATTY. FOR DEF. ADAMS-JONES, SISSY DENISE</span> entered 08/04/2015.", "entry_date": "8/4/2015"}, {"date": "8/4/2015", "number": "49", "contents": "<span class='description'>ASST. STATE ATTY. OVERSTREET, PETER CHARLES</span> entered 08/04/2015.", "entry_date": "8/4/2015"}, {"date": "8/4/2015", "number": "48", "contents": "<span class='description'>JUDGE BORELLO, MARK</span> entered 08/04/2015.", "entry_date": "8/4/2015"}, {"date": "7/28/2015", "number": "47", "contents": "<span class='description'>MOTION/SUGGESTION TO DETERMINE COMPETENCY AND INSANITY AT THE TIME OF THE OFFENSE</span> entered 08/03/2015.", "entry_date": "8/3/2015"}, {"date": "7/15/2015", "number": "46", "contents": "<span class='description'>TRIAL ASSISTANT STATE ATTORNEY CHANGED TO Overstreet, Peter Charles PER SAO</span> entered 07/15/2015.", "entry_date": "7/15/2015"}, {"date": "7/14/2015", "number": "45", "contents": "<span class='description'>&gt; OFFENDER # 2015-016504 ARREST DATE 7/14/2015</span> entered 07/21/2015.", "entry_date": "7/21/2015"}, {"date": "7/14/2015", "number": "44", "contents": "<span class='description'>CAPIAS RETURNED - SERVED</span> entered 07/21/2015.", "entry_date": "7/21/2015"}, {"date": "7/14/2015", "number": "43", "contents": "<span class='description'>PRETRIAL 08/04/2015 9:00 AM - 308 3RD FLOOR, 501 W ADAMS ST JACKSONVILLE FL 32202</span> entered 07/14/2015.", "entry_date": "7/14/2015"}, {"date": "7/14/2015", "number": "42", "contents": "<span class='description'>OTHERS PRESENT: MOTHER - VALENTINE ROBINSON</span> entered 07/14/2015.", "entry_date": "7/14/2015"}, {"date": "7/14/2015", "number": "41", "contents": "<span class='description'>DEFENDANT PRESENT IN JAIL</span> entered 07/14/2015.", "entry_date": "7/14/2015"}, {"date": "7/14/2015", "number": "40", "contents": "<span class='description'>ATTY. FOR DEF. ADAMS-JONES, SISSY DENISE</span> entered 07/14/2015.", "entry_date": "7/14/2015"}, {"date": "7/14/2015", "number": "39", "contents": "<span class='description'>ASST. STATE ATTY. OVERSTREET, PETER CHARLES</span> entered 07/14/2015.", "entry_date": "7/14/2015"}, {"date": "7/14/2015", "number": "38", "contents": "<span class='description'>JUDGE BORELLO, MARK</span> entered 07/14/2015.", "entry_date": "7/14/2015"}, {"date": "7/6/2015", "number": "37", "contents": "<span class='description'>COURT ORDER APPOINTING COURT-APPOINTED COUNSEL</span> entered 07/08/2015.", "entry_date": "7/8/2015"}, {"link_viewer": "https://www.docketalarm.com/cases/Florida_State_Duval_County_Fourth_Circuit_Court/2015-CF-005360/JEREMIAH_HILL/36/", "number": "36", "link": "https://www.docketalarm.com/cases/Florida_State_Duval_County_Fourth_Circuit_Court/2015-CF-005360/JEREMIAH_HILL/docs/36.pdf", "entry_date": "6/26/2015", "date": "6/26/2015", "contents": "<a href=\"/cases/Florida_State_Duval_County_Fourth_Circuit_Court/2015-CF-005360/JEREMIAH_HILL/36/\"><span class='description'>NOTIFICATION OF ATTORNEY CONFLICT</span></a> entered 06/26/2015."}, {"link_viewer": "https://www.docketalarm.com/cases/Florida_State_Duval_County_Fourth_Circuit_Court/2015-CF-005360/JEREMIAH_HILL/35/", "number": "35", "link": "https://www.docketalarm.com/cases/Florida_State_Duval_County_Fourth_Circuit_Court/2015-CF-005360/JEREMIAH_HILL/docs/35.pdf", "entry_date": "6/26/2015", "date": "6/26/2015", "contents": "<a href=\"/cases/Florida_State_Duval_County_Fourth_Circuit_Court/2015-CF-005360/JEREMIAH_HILL/35/\"><span class='description'>REGIONAL CONFLICT COUNSEL RESPONSE - DECLINE</span></a> entered 06/26/2015."}, {"date": "6/24/2015", "number": "34", "contents": "<span class='description'>CERTIFICATE OF CONFLICT &amp; MOTION TO WITHDRAW</span> entered 06/26/2015.", "entry_date": "6/26/2015"}, {"date": "6/23/2015", "number": "33", "contents": "<span class='description'>&gt; CANCEL REASON -</span> entered 06/23/2015.", "entry_date": "6/23/2015"}, {"date": "6/23/2015", "number": "32", "contents": "<span class='description'>CANCELLED APPEARANCE DATE ON 7/9/2015 9:00:00 AM</span> entered 06/23/2015.", "entry_date": "6/23/2015"}, {"date": "6/23/2015", "number": "31", "contents": "<span class='description'>PLEA OF NOT GUILTY</span> entered 06/23/2015.", "entry_date": "6/23/2015"}, {"date": "6/23/2015", "number": "30", "contents": "<span class='description'>PLEA OF NOT GUILTY</span> entered 06/23/2015.", "entry_date": "6/23/2015"}, {"date": "6/23/2015", "number": "29", "contents": "<span class='description'>PLEA OF NOT GUILTY</span> entered 06/23/2015.", "entry_date": "6/23/2015"}, {"date": "6/23/2015", "number": "28", "contents": "<span class='description'>PLEA OF NOT GUILTY</span> entered 06/23/2015.", "entry_date": "6/23/2015"}, {"date": "6/23/2015", "number": "27", "contents": "<span class='description'>PRETRIAL 07/14/2015 9:00 AM - 308 3RD FLOOR, 501 W ADAMS ST JACKSONVILLE FL 32202</span> entered 06/23/2015.", "entry_date": "6/23/2015"}, {"date": "6/23/2015", "number": "26", "contents": "<span class='description'>DEF. W/READING OF INFO &amp; PLEAD NOT GUILTY</span> entered 06/23/2015.", "entry_date": "6/23/2015"}, {"date": "6/23/2015", "number": "25", "contents": "<span class='description'>DEFENDANT PRESENT IN JAIL</span> entered 06/23/2015.", "entry_date": "6/23/2015"}, {"date": "6/23/2015", "number": "24", "contents": "<span class='description'>ASST. PUB. DEF. BATEH, MICHAEL ISSA</span> entered 06/23/2015.", "entry_date": "6/23/2015"}, {"date": "6/23/2015", "number": "23", "contents": "<span class='description'>ASST. STATE ATTY. OVERSTREET, PETER CHARLES</span> entered 06/23/2015.", "entry_date": "6/23/2015"}, {"date": "6/23/2015", "number": "22", "contents": "<span class='description'>JUDGE BORELLO, MARK</span> entered 06/23/2015.", "entry_date": "6/23/2015"}, {"date": "6/22/2015", "number": "21", "contents": "<span class='description'>PER JA EMAIL</span> entered 06/22/2015.", "entry_date": "6/22/2015"}, {"date": "6/22/2015", "number": "20", "contents": "<span class='description'>ARRAIGNMENT DATE 06/23/2015 9:00 AM - 308 3RD FLOOR, 501 W ADAMS ST JACKSONVILLE FL 32202</span> entered 06/22/2015.", "entry_date": "6/22/2015"}, {"date": "6/19/2015", "number": "19", "contents": "<span class='description'>APPEARANCE DATE 07/09/2015 9:00 AM - 308 3RD FLOOR, 501 W ADAMS ST JACKSONVILLE FL 32202</span> entered 06/23/2015.", "entry_date": "6/23/2015"}, {"date": "6/19/2015", "number": "18", "contents": "<span class='description'>MOTION TO SET BOND</span> entered 06/23/2015.", "entry_date": "6/23/2015"}, {"date": "6/19/2015", "number": "17", "contents": "<span class='description'>MOTION TO SET BOND</span> entered 06/23/2015.", "entry_date": "6/23/2015"}, {"link_viewer": "https://www.docketalarm.com/cases/Florida_State_Duval_County_Fourth_Circuit_Court/2015-CF-005360/JEREMIAH_HILL/16/", "number": "16", "link": "https://www.docketalarm.com/cases/Florida_State_Duval_County_Fourth_Circuit_Court/2015-CF-005360/JEREMIAH_HILL/docs/16.pdf", "entry_date": "6/23/2015", "date": "6/19/2015", "contents": "<a href=\"/cases/Florida_State_Duval_County_Fourth_Circuit_Court/2015-CF-005360/JEREMIAH_HILL/16/\"><span class='description'>FINDING OF PROBABLE CAUSE ,</span></a> entered 06/23/2015."}, {"link_viewer": "https://www.docketalarm.com/cases/Florida_State_Duval_County_Fourth_Circuit_Court/2015-CF-005360/JEREMIAH_HILL/15/", "number": "15", "link": "https://www.docketalarm.com/cases/Florida_State_Duval_County_Fourth_Circuit_Court/2015-CF-005360/JEREMIAH_HILL/docs/15.pdf", "entry_date": "6/23/2015", "date": "6/19/2015", "contents": "<a href=\"/cases/Florida_State_Duval_County_Fourth_Circuit_Court/2015-CF-005360/JEREMIAH_HILL/15/\"><span class='description'>APPLICATION FOR CRIMINAL INDIGENT STATUS - FILED</span></a> entered 06/23/2015."}, {"link_viewer": "https://www.docketalarm.com/cases/Florida_State_Duval_County_Fourth_Circuit_Court/2015-CF-005360/JEREMIAH_HILL/14/", "number": "14", "link": "https://www.docketalarm.com/cases/Florida_State_Duval_County_Fourth_Circuit_Court/2015-CF-005360/JEREMIAH_HILL/docs/14.pdf", "entry_date": "6/23/2015", "date": "6/19/2015", "contents": "<a href=\"/cases/Florida_State_Duval_County_Fourth_Circuit_Court/2015-CF-005360/JEREMIAH_HILL/14/\"><span class='description'>DEFENDANT DECLARED INDIGENT, ORDER APPOINTING PUBLIC DEFENDER - FILED</span></a> entered 06/23/2015."}, {"date": "6/19/2015", "number": "13", "contents": "<span class='description'>ARREST &amp; BOOKING REPORT 2015-016504 06/12/2015</span> entered 06/23/2015.", "entry_date": "6/23/2015"}, {"date": "6/18/2015", "number": "12", "contents": "<span class='description'>CONTROL NUMBER 1462031 eWarrant</span> entered 06/18/2015.", "entry_date": "6/18/2015"}, {"date": "6/18/2015", "number": "11", "contents": "<span class='description'>RECEIPT FOR WARRANT</span> entered 06/18/2015.", "entry_date": "6/18/2015"}, {"date": "6/18/2015", "number": "10", "contents": "<span class='description'>BOND SET AT NONE</span> entered 06/18/2015.", "entry_date": "6/18/2015"}, {"date": "6/18/2015", "number": "9", "contents": "<span class='description'>BOND SET AT NONE</span> entered 06/18/2015.", "entry_date": "6/18/2015"}, {"date": "6/18/2015", "number": "8", "contents": "<span class='description'>BOND SET AT NONE</span> entered 06/18/2015.", "entry_date": "6/18/2015"}, {"date": "6/18/2015", "number": "7", "contents": "<span class='description'>BOND SET AT NONE</span> entered 06/18/2015.", "entry_date": "6/18/2015"}, {"date": "6/18/2015", "number": "6", "contents": "<span class='description'>CERTIFICATION OF FILING DIRECT INFO ON JUVENILE</span> entered 06/18/2015.", "entry_date": "6/18/2015"}, {"date": "6/18/2015", "number": "5", "contents": "<span class='description'>CAPIAS ORDERED &amp; ISSUED</span> entered 06/18/2015.", "entry_date": "6/18/2015"}, {"date": "6/18/2015", "number": "4", "contents": "<span class='description'>INDICTMENT FILED FOR S790.23(1)(B) POSSESSION OF A FIREARM BY ADJUDICATED DELINQUENT (2ND DEGREE FELONY)</span> entered 06/18/2015.", "entry_date": "6/18/2015"}, {"date": "6/18/2015", "number": "3", "contents": "<span class='description'>INDICTMENT FILED FOR S812.13(2)(A) ARMED ROBBERY</span> entered 06/18/2015.", "entry_date": "6/18/2015"}, {"date": "6/18/2015", "number": "2", "contents": "<span class='description'>INDICTMENT FILED FOR ATTEMPTED S782.04(1)(A) MURDER - FIRST DEGREE</span> entered 06/18/2015.", "entry_date": "6/18/2015"}, {"date": "6/18/2015", "number": "1", "contents": "<span class='description'>INDICTMENT FILED FOR S782.04(1)(A) MURDER - FIRST DEGREE</span> entered 06/18/2015.", "entry_date": "6/18/2015"}], "analyze": {"last_analyze": "6/22/2020"}, "success": true, "parties": [{"race": "B", "name_normalized": "Jeremiah Hill", "name": "JEREMIAH HILL", "sex": "Male", "other": [], "type": "Defendant"}]}