{"info": {"status": "DISPOSED", "division": "CR-E", "judges": ["WHITTINGTON, STEVEN B"], "court": "Florida State, Duval County, Fourth Circuit Court", "title": "CHAD HURST", "date_filed": "10/27/2014", "link": "https://www.docketalarm.com/cases/Florida_State_Duval_County_Fourth_Circuit_Court/2014-CF-010044/CHAD_HURST/", "judges_normalized": ["Whittington B"], "judge": "WHITTINGTON, STEVEN B", "type": "Circuit Criminal", "docket": "2014-CF-010044"}, "docket_report": [{"date": "10/19/2018", "number": "456", "contents": "<span class='description'>ORDER FINDING THE DEFENDANT LIABLE FOR PAYMENT OF DEFENSE COSTS</span> entered 10/19/2018.", "entry_date": "10/19/2018"}, {"date": "10/18/2018", "number": "455", "contents": "<span class='description'>ACCOUNTING OF DEFENSE COSTS</span> entered 10/18/2018.", "entry_date": "10/18/2018"}, {"date": "7/26/2018", "number": "454", "contents": "<span class='description'>RECEIPT FOR CIVIL PROCESS, JAIL, WARRANTS</span> entered 07/26/2018.", "entry_date": "7/26/2018"}, {"link_viewer": "https://www.docketalarm.com/cases/Florida_State_Duval_County_Fourth_Circuit_Court/2014-CF-010044/CHAD_HURST/453/", "number": "453", "link": "https://www.docketalarm.com/cases/Florida_State_Duval_County_Fourth_Circuit_Court/2014-CF-010044/CHAD_HURST/docs/453.pdf", "entry_date": "7/25/2018", "date": "7/25/2018", "contents": "<a href=\"/cases/Florida_State_Duval_County_Fourth_Circuit_Court/2014-CF-010044/CHAD_HURST/453/\"><span class='description'>UNIFORM COMMITMENT TO CUSTODY OF DEPT. OF CORRECTIONS</span></a> entered 07/25/2018."}, {"link_viewer": "https://www.docketalarm.com/cases/Florida_State_Duval_County_Fourth_Circuit_Court/2014-CF-010044/CHAD_HURST/452/", "number": "452", "link": "https://www.docketalarm.com/cases/Florida_State_Duval_County_Fourth_Circuit_Court/2014-CF-010044/CHAD_HURST/docs/452.pdf", "entry_date": "7/25/2018", "date": "7/25/2018", "contents": "<a href=\"/cases/Florida_State_Duval_County_Fourth_Circuit_Court/2014-CF-010044/CHAD_HURST/452/\"><span class='description'>COMMITMENT CHECKLIST SENT</span></a> entered 07/25/2018."}, {"date": "7/25/2018", "number": "451", "contents": "<span class='description'>CERTIFICATE OF SERVICE FOR JUDGMENT AND SENTENCE</span> entered 07/25/2018.", "entry_date": "7/25/2018"}, {"date": "7/16/2018", "number": "448", "contents": "<span class='description'>RESTITUTION ORDER CREATED FOR: $ $2,762.00 BOOK 18468 PAGE 1627-1628</span> entered 07/25/2018.", "entry_date": "7/25/2018"}, {"date": "7/16/2018", "number": "447", "contents": "<span class='description'>SENTENCING GUIDELINES</span> entered 07/25/2018.", "entry_date": "7/25/2018"}, {"link_viewer": "https://www.docketalarm.com/cases/Florida_State_Duval_County_Fourth_Circuit_Court/2014-CF-010044/CHAD_HURST/446/", "number": "446", "link": "https://www.docketalarm.com/cases/Florida_State_Duval_County_Fourth_Circuit_Court/2014-CF-010044/CHAD_HURST/docs/446.pdf", "entry_date": "7/25/2018", "date": "7/16/2018", "contents": "<a href=\"/cases/Florida_State_Duval_County_Fourth_Circuit_Court/2014-CF-010044/CHAD_HURST/446/\"><span class='description'>PAYMENT AUTHORIZATION SHEET</span></a> entered 07/25/2018."}, {"link_viewer": "https://www.docketalarm.com/cases/Florida_State_Duval_County_Fourth_Circuit_Court/2014-CF-010044/CHAD_HURST/445/", "number": "445", "link": "https://www.docketalarm.com/cases/Florida_State_Duval_County_Fourth_Circuit_Court/2014-CF-010044/CHAD_HURST/docs/445.pdf", "entry_date": "7/25/2018", "date": "7/16/2018", "contents": "<a href=\"/cases/Florida_State_Duval_County_Fourth_Circuit_Court/2014-CF-010044/CHAD_HURST/445/\"><span class='description'>COURT ORDERED COSTS/FINES/FEES BOOK 18468 PAGE 1625-1626</span></a> entered 07/25/2018."}, {"date": "7/16/2018", "number": "444", "contents": "<span class='description'>NOL PROS (CODE 30) S810.02(2)(B) BURGLARY - ARMED/BECOMES ARMED WITH DANGEROUS WEAPON</span> entered 07/25/2018.", "entry_date": "7/25/2018"}, {"date": "7/16/2018", "number": "443", "contents": "<span class='description'>CREDIT TIME: 1360 DAYS</span> entered 07/25/2018.", "entry_date": "7/25/2018"}, {"date": "7/16/2018", "number": "442", "contents": "<span class='description'>JUDGMENT AND SENTENCE TO STATE PRISON FOR 25 YEARS</span> entered 07/25/2018.", "entry_date": "7/25/2018"}, {"date": "7/16/2018", "number": "441", "contents": "<span class='description'>DEF. ADJUDGED GUILTY - FINGERPRINTS TAKEN</span> entered 07/25/2018.", "entry_date": "7/25/2018"}, {"date": "7/16/2018", "number": "440", "contents": "<span class='description'>FEES DUE: 10/14/2043</span> entered 07/25/2018.", "entry_date": "7/25/2018"}, {"date": "7/16/2018", "number": "439", "contents": "<span class='description'>CSTF 20.00 IMPOSED</span> entered 07/25/2018.", "entry_date": "7/25/2018"}, {"date": "7/16/2018", "number": "438", "contents": "<span class='description'>SAIEF 100.00 IMPOSED</span> entered 07/25/2018.", "entry_date": "7/25/2018"}, {"date": "7/16/2018", "number": "437", "contents": "<span class='description'>AACC 65.00 IMPOSED</span> entered 07/25/2018.", "entry_date": "7/25/2018"}, {"date": "7/16/2018", "number": "436", "contents": "<span class='description'>TNC 3.00 IMPOSED</span> entered 07/25/2018.", "entry_date": "7/25/2018"}, {"date": "7/16/2018", "number": "435", "contents": "<span class='description'>LGTF 225.00 IMPOSED</span> entered 07/25/2018.", "entry_date": "7/25/2018"}, {"date": "7/16/2018", "number": "434", "contents": "<span class='description'>CCT 50.00 IMPOSED</span> entered 07/25/2018.", "entry_date": "7/25/2018"}, {"date": "7/16/2018", "number": "433", "contents": "<span class='description'>COST OF COURT 50.00 IMPOSED</span> entered 07/25/2018.", "entry_date": "7/25/2018"}, {"date": "7/16/2018", "number": "432", "contents": "<span class='description'>LEEA 5.00 IMPOSED</span> entered 07/25/2018.", "entry_date": "7/25/2018"}, {"date": "7/16/2018", "number": "431", "contents": "<span class='description'>NO OBJECTION TO DEFENDANT PARTICIPATING IN WORK PROGRAMS THROUGH DOC</span> entered 07/25/2018.", "entry_date": "7/25/2018"}, {"date": "7/16/2018", "number": "430", "contents": "<span class='description'>CONCURRENT WITH CASE NUMBER/S 16-2015-CF-8060-AXXX-MA</span> entered 07/25/2018.", "entry_date": "7/25/2018"}, {"date": "7/16/2018", "number": "429", "contents": "<span class='description'>CONCURRENT WITH COUNT/S 1-2</span> entered 07/25/2018.", "entry_date": "7/25/2018"}, {"date": "7/16/2018", "number": "428", "contents": "<span class='description'>CREDIT TIME: 1360 DAYS</span> entered 07/25/2018.", "entry_date": "7/25/2018"}, {"link_viewer": "https://www.docketalarm.com/cases/Florida_State_Duval_County_Fourth_Circuit_Court/2014-CF-010044/CHAD_HURST/427/", "number": "427", "link": "https://www.docketalarm.com/cases/Florida_State_Duval_County_Fourth_Circuit_Court/2014-CF-010044/CHAD_HURST/docs/427.pdf", "entry_date": "7/25/2018", "date": "7/16/2018", "contents": "<a href=\"/cases/Florida_State_Duval_County_Fourth_Circuit_Court/2014-CF-010044/CHAD_HURST/427/\"><span class='description'>JUDGMENT AND SENTENCE TO STATE PRISON FOR 25 YEARS BOOK 18468 PAGE 1663-1668</span></a> entered 07/25/2018."}, {"date": "7/16/2018", "number": "426", "contents": "<span class='description'>DEF. ADJUDGED GUILTY - FINGERPRINTS TAKEN</span> entered 07/25/2018.", "entry_date": "7/25/2018"}, {"date": "7/16/2018", "number": "425", "contents": "<span class='description'>DEFENDANT PRESENT IN JAIL</span> entered 07/25/2018.", "entry_date": "7/25/2018"}, {"date": "7/16/2018", "number": "424", "contents": "<span class='description'>ATTY. FOR DEF. FINNELL, ANN ELIZABETH</span> entered 07/25/2018.", "entry_date": "7/25/2018"}, {"date": "7/16/2018", "number": "423", "contents": "<span class='description'>ASST. STATE ATTY. WOLFSON, ERIN J</span> entered 07/25/2018.", "entry_date": "7/25/2018"}, {"date": "7/16/2018", "number": "422", "contents": "<span class='description'>JUDGE WHITTINGTON, STEVEN B</span> entered 07/25/2018.", "entry_date": "7/25/2018"}, {"date": "7/9/2018", "number": "421", "contents": "<span class='description'>DEFENDANT PLEAD GUILTY</span> entered 07/12/2018.", "entry_date": "7/12/2018"}, {"date": "7/9/2018", "number": "420", "contents": "<span class='description'>REDUCED ATTEMPTED S782.04(2) MURDER - SECOND DEGREE</span> entered 07/12/2018.", "entry_date": "7/12/2018"}, {"date": "7/9/2018", "number": "419", "contents": "<span class='description'>DEFENDANT PLEAD GUILTY</span> entered 07/12/2018.", "entry_date": "7/12/2018"}, {"date": "7/9/2018", "number": "418", "contents": "<span class='description'>REDUCED S782.04(2) MURDER - SECOND DEGREE</span> entered 07/12/2018.", "entry_date": "7/12/2018"}, {"date": "7/9/2018", "number": "417", "contents": "<span class='description'>ACKNOWLEDGE. OF RIGHTS &amp; VOLUNTARINESS OF ENTRY OF PLEA</span> entered 07/12/2018.", "entry_date": "7/12/2018"}, {"date": "7/9/2018", "number": "416", "contents": "<span class='description'>DEF. PERMITTED TO W/D PLEA OF NOT GUILTY PLEAD GUILTY</span> entered 07/12/2018.", "entry_date": "7/12/2018"}, {"date": "7/9/2018", "number": "415", "contents": "<span class='description'>DEFENDANT PRESENT IN JAIL</span> entered 07/12/2018.", "entry_date": "7/12/2018"}, {"date": "7/9/2018", "number": "414", "contents": "<span class='description'>ATTY. FOR DEF. FINNELL, ANN ELIZABETH</span> entered 07/12/2018.", "entry_date": "7/12/2018"}, {"date": "7/9/2018", "number": "413", "contents": "<span class='description'>ASST. STATE ATTY. WOLFSON, ERIN J</span> entered 07/12/2018.", "entry_date": "7/12/2018"}, {"date": "7/9/2018", "number": "412", "contents": "<span class='description'>JUDGE WHITTINGTON, STEVEN B</span> entered 07/12/2018.", "entry_date": "7/12/2018"}, {"date": "7/9/2018", "number": "411", "contents": "<span class='description'>IMPOSITION OF SENTENCE 07/16/2018 9:00 AM - 307 3RD FLOOR, 501 W ADAMS ST JACKSONVILLE FL 32202</span> entered 07/10/2018.", "entry_date": "7/10/2018"}, {"date": "7/9/2018", "number": "410", "contents": "<span class='description'>DEF. PERMITTED TO W/D PLEA OF NOT GUILTY PLEAD GUILTY</span> entered 07/10/2018.", "entry_date": "7/10/2018"}, {"date": "7/9/2018", "number": "409", "contents": "<span class='description'>DEFENDANT PRESENT IN JAIL</span> entered 07/10/2018.", "entry_date": "7/10/2018"}, {"date": "7/9/2018", "number": "408", "contents": "<span class='description'>ATTY. FOR DEF. FINNELL, ANN ELIZABETH</span> entered 07/10/2018.", "entry_date": "7/10/2018"}, {"date": "7/9/2018", "number": "407", "contents": "<span class='description'>ASST. STATE ATTY. WOLFSON, ERIN J</span> entered 07/10/2018.", "entry_date": "7/10/2018"}, {"date": "7/9/2018", "number": "406", "contents": "<span class='description'>JUDGE WHITTINGTON, STEVEN B</span> entered 07/10/2018.", "entry_date": "7/10/2018"}, {"date": "6/28/2018", "number": "405", "contents": "<span class='description'>SECOND ORDER ON MOTION AUTHORIZING CERTAIN SPECIFIED COSTS FOR PARTIALLY INDIGENT DEFENDANT</span> entered 06/29/2018.", "entry_date": "6/29/2018"}, {"date": "6/28/2018", "number": "404", "contents": "<span class='description'>ORDER FOR PAYMENT OF COSTS FOR DEPOSITION TRANSCRIPST FOR PARTIALLY INDIGENT DEFENDANT</span> entered 06/29/2018.", "entry_date": "6/29/2018"}, {"date": "6/28/2018", "number": "403", "contents": "<span class='description'>ORDER FOR PAYMENT OF COSTS FOR DEPOSITION TRANSCRIPST FOR PARTIALLY INDIGENT DEFENDANT</span> entered 06/29/2018.", "entry_date": "6/29/2018"}, {"date": "6/25/2018", "number": "402", "contents": "<span class='description'>NOTICE OF TAKING DEPOSITION</span> entered 06/26/2018.", "entry_date": "6/26/2018"}, {"date": "6/25/2018", "number": "401", "contents": "<span class='description'>MOTION FOR PAYMENT OF COSTS TO INCUR COSTS FOR DEPOSITION TRANSCRIPTS FOR PARTIALLY INDIGENT DEFENDANT</span> entered 06/25/2018.", "entry_date": "6/25/2018"}, {"date": "6/25/2018", "number": "400", "contents": "<span class='description'>MOTION FOR PAYMENT OF COSTS TO INCUR COSTS FOR DEPOSITION TRANSCRIPTS FOR PARTIALLY INDIGENT DEFENDANT</span> entered 06/25/2018.", "entry_date": "6/25/2018"}, {"date": "6/21/2018", "number": "399", "contents": "<span class='description'>MOTION TO INCUR COSTS FOR DEPOSITION TRANSCRIPTS FOR PARTIALLY INDIGENT DEFENDANT</span> entered 06/22/2018.", "entry_date": "6/22/2018"}, {"date": "6/21/2018", "number": "398", "contents": "<span class='description'>7/16/18 JS</span> entered 06/21/2018.", "entry_date": "6/21/2018"}, {"date": "6/21/2018", "number": "397", "contents": "<span class='description'>FINAL PRETRIAL 07/09/2018 9:00 AM - 307 3RD FLOOR, 501 W ADAMS ST JACKSONVILLE FL 32202</span> entered 06/21/2018.", "entry_date": "6/21/2018"}, {"date": "6/21/2018", "number": "396", "contents": "<span class='description'>DEFENDANT PRESENT IN JAIL</span> entered 06/21/2018.", "entry_date": "6/21/2018"}, {"date": "6/21/2018", "number": "395", "contents": "<span class='description'>ATTY. FOR DEF. FINNELL, ANN ELIZABETH</span> entered 06/21/2018.", "entry_date": "6/21/2018"}, {"date": "6/21/2018", "number": "394", "contents": "<span class='description'>ASST. STATE ATTY. WOLFSON, ERIN J</span> entered 06/21/2018.", "entry_date": "6/21/2018"}, {"date": "6/21/2018", "number": "393", "contents": "<span class='description'>JUDGE WHITTINGTON, STEVEN B</span> entered 06/21/2018.", "entry_date": "6/21/2018"}, {"date": "6/19/2018", "number": "392", "contents": "<span class='description'>5TH DISCLOSURE OF WITNESSES</span> entered 06/20/2018.", "entry_date": "6/20/2018"}, {"date": "6/18/2018", "number": "391", "contents": "<span class='description'>NOTICE OF TAKING DEPOSITION</span> entered 06/19/2018.", "entry_date": "6/19/2018"}, {"date": "6/18/2018", "number": "390", "contents": "<span class='description'>NOTICE OF TAKING DEPOSITION</span> entered 06/19/2018.", "entry_date": "6/19/2018"}, {"date": "6/14/2018", "number": "389", "contents": "<span class='description'>STATE'S EIGTH SUPPLEMENTAL DISCOVERY EXHIBIT</span> entered 06/15/2018.", "entry_date": "6/15/2018"}, {"date": "6/14/2018", "number": "388", "contents": "<span class='description'>4TH DISCLOSURE OF WITNESSES</span> entered 06/15/2018.", "entry_date": "6/15/2018"}, {"date": "6/4/2018", "number": "387", "contents": "<span class='description'>7/09/18 FPT; 7/16/18 JS</span> entered 06/04/2018.", "entry_date": "6/4/2018"}, {"date": "6/4/2018", "number": "386", "contents": "<span class='description'>PRETRIAL 06/21/2018 9:00 AM - 307 3RD FLOOR, 501 W ADAMS ST JACKSONVILLE FL 32202</span> entered 06/04/2018.", "entry_date": "6/4/2018"}, {"date": "6/4/2018", "number": "385", "contents": "<span class='description'>OTHERS PRESENT : ASA: A. MIZRAHI</span> entered 06/04/2018.", "entry_date": "6/4/2018"}, {"date": "6/4/2018", "number": "384", "contents": "<span class='description'>DEFENDANT PRESENT IN JAIL</span> entered 06/04/2018.", "entry_date": "6/4/2018"}, {"date": "6/4/2018", "number": "383", "contents": "<span class='description'>ATTY. FOR DEF. FINNELL, ANN ELIZABETH</span> entered 06/04/2018.", "entry_date": "6/4/2018"}, {"date": "6/4/2018", "number": "382", "contents": "<span class='description'>ASST. STATE ATTY. WOLFSON, ERIN J</span> entered 06/04/2018.", "entry_date": "6/4/2018"}, {"date": "6/4/2018", "number": "381", "contents": "<span class='description'>JUDGE WHITTINGTON, STEVEN B</span> entered 06/04/2018.", "entry_date": "6/4/2018"}, {"date": "3/26/2018", "number": "380", "contents": "<span class='description'>7/09/18 FPT; 7/16/18 JS</span> entered 03/26/2018.", "entry_date": "3/26/2018"}, {"date": "3/26/2018", "number": "379", "contents": "<span class='description'>PRETRIAL 06/04/2018 9:00 AM - 307 3RD FLOOR, 501 W ADAMS ST JACKSONVILLE FL 32202</span> entered 03/26/2018.", "entry_date": "3/26/2018"}, {"date": "3/26/2018", "number": "378", "contents": "<span class='description'>OTHERS PRESENT: PA: G. ANDUX FOR A. FINNELL</span> entered 03/26/2018.", "entry_date": "3/26/2018"}, {"date": "3/26/2018", "number": "377", "contents": "<span class='description'>DEFENDANT PRESENT IN JAIL</span> entered 03/26/2018.", "entry_date": "3/26/2018"}, {"date": "3/26/2018", "number": "376", "contents": "<span class='description'>ATTY. FOR DEF. FINNELL, ANN ELIZABETH</span> entered 03/26/2018.", "entry_date": "3/26/2018"}, {"date": "3/26/2018", "number": "375", "contents": "<span class='description'>ASST. STATE ATTY. WOLFSON, ERIN J</span> entered 03/26/2018.", "entry_date": "3/26/2018"}, {"date": "3/26/2018", "number": "374", "contents": "<span class='description'>JUDGE WHITTINGTON, STEVEN B</span> entered 03/26/2018.", "entry_date": "3/26/2018"}, {"date": "3/12/2018", "number": "373", "contents": "<span class='description'>7/09/18 FPT; 7/16/18 JS</span> entered 03/12/2018.", "entry_date": "3/12/2018"}, {"date": "3/12/2018", "number": "372", "contents": "<span class='description'>PRETRIAL 03/26/2018 9:00 AM - 307 3RD FLOOR, 501 W ADAMS ST JACKSONVILLE FL 32202</span> entered 03/12/2018.", "entry_date": "3/12/2018"}, {"date": "3/12/2018", "number": "371", "contents": "<span class='description'>OTHERS PRESENT: ASA: L. ROSENBLOOM FOR E. WOLFSON, PA: G. ANDUX FOR A. FINNELL</span> entered 03/12/2018.", "entry_date": "3/12/2018"}, {"date": "3/12/2018", "number": "370", "contents": "<span class='description'>DEFENDANT PRESENT IN JAIL</span> entered 03/12/2018.", "entry_date": "3/12/2018"}, {"date": "3/12/2018", "number": "369", "contents": "<span class='description'>ATTY. FOR DEF. FINNELL, ANN ELIZABETH</span> entered 03/12/2018.", "entry_date": "3/12/2018"}, {"date": "3/12/2018", "number": "368", "contents": "<span class='description'>ASST. STATE ATTY. WOLFSON, ERIN J</span> entered 03/12/2018.", "entry_date": "3/12/2018"}, {"date": "3/12/2018", "number": "367", "contents": "<span class='description'>JUDGE WHITTINGTON, STEVEN B</span> entered 03/12/2018.", "entry_date": "3/12/2018"}, {"date": "3/9/2018", "number": "366", "contents": "<span class='description'>RESPONSE</span> entered 03/12/2018.", "entry_date": "3/12/2018"}, {"date": "3/9/2018", "number": "365", "contents": "<span class='description'>ORDER FOR PAYMENT OF COSTS FOR DEPOSITION TRANSCRIPTS FOR PARTIALLY INDIGENT DEFENDANT</span> entered 03/12/2018.", "entry_date": "3/12/2018"}, {"date": "3/8/2018", "number": "364", "contents": "<span class='description'>MOTION TO INCUR COSTS FOR DEPOSITION TRANSCRIPTS FOR PARTIALLY INDIGENT DEFENDANT</span> entered 03/09/2018.", "entry_date": "3/9/2018"}, {"date": "2/21/2018", "number": "363", "contents": "<span class='description'>RECEIPT FOR CIVIL PROCESS, JAIL, WARRANTS</span> entered 02/22/2018.", "entry_date": "2/22/2018"}, {"date": "2/20/2018", "number": "362", "contents": "<span class='description'>ORDER TO TRANSPORT INMATE FOR DEPOSITION</span> entered 02/21/2018.", "entry_date": "2/21/2018"}, {"date": "2/20/2018", "number": "361", "contents": "<span class='description'>NOTICE OF TAKING DEPOSITION</span> entered 02/20/2018.", "entry_date": "2/20/2018"}, {"date": "2/20/2018", "number": "360", "contents": "<span class='description'>MOTION TO TRANSPORT INMATE FOR DEPOSITION</span> entered 02/20/2018.", "entry_date": "2/20/2018"}, {"date": "1/26/2018", "number": "359", "contents": "<span class='description'>ORDER SETTING JURY TRIAL AND PRE-TRIAL DEADLINES</span> entered 02/12/2018.", "entry_date": "2/12/2018"}, {"date": "1/25/2018", "number": "358", "contents": "<span class='description'>07/09/18 FPT &amp; 07/16/18 JS</span> entered 01/25/2018.", "entry_date": "1/25/2018"}, {"date": "1/25/2018", "number": "357", "contents": "<span class='description'>PRETRIAL 03/12/2018 9:00 AM - 307 3RD FLOOR, 501 W ADAMS ST JACKSONVILLE FL 32202</span> entered 01/25/2018.", "entry_date": "1/25/2018"}, {"date": "1/25/2018", "number": "356", "contents": "<span class='description'>DEFENDANT PRESENT IN JAIL</span> entered 01/25/2018.", "entry_date": "1/25/2018"}, {"date": "1/25/2018", "number": "355", "contents": "<span class='description'>ATTY. FOR DEF. FINNELL, ANN ELIZABETH</span> entered 01/25/2018.", "entry_date": "1/25/2018"}, {"date": "1/25/2018", "number": "354", "contents": "<span class='description'>ASST. STATE ATTY. WOLFSON, ERIN J</span> entered 01/25/2018.", "entry_date": "1/25/2018"}, {"date": "1/25/2018", "number": "353", "contents": "<span class='description'>JUDGE WHITTINGTON, STEVEN B</span> entered 01/25/2018.", "entry_date": "1/25/2018"}, {"date": "1/11/2018", "number": "352", "contents": "<span class='description'>PRETRIAL 01/25/2018 9:00 AM - 307 3RD FLOOR, 501 W ADAMS ST JACKSONVILLE FL 32202</span> entered 01/11/2018.", "entry_date": "1/11/2018"}, {"date": "1/11/2018", "number": "351", "contents": "<span class='description'>OTHERS PRESENT: MIZRAHI FOR WOLFSON</span> entered 01/11/2018.", "entry_date": "1/11/2018"}, {"date": "1/11/2018", "number": "350", "contents": "<span class='description'>DEFENDANT PRESENT IN JAIL</span> entered 01/11/2018.", "entry_date": "1/11/2018"}, {"date": "1/11/2018", "number": "349", "contents": "<span class='description'>ATTY. FOR DEF. FINNELL, ANN ELIZABETH</span> entered 01/11/2018.", "entry_date": "1/11/2018"}, {"date": "1/11/2018", "number": "348", "contents": "<span class='description'>ASST. STATE ATTY. WOLFSON, ERIN J</span> entered 01/11/2018.", "entry_date": "1/11/2018"}, {"date": "1/11/2018", "number": "347", "contents": "<span class='description'>JUDGE WHITTINGTON, STEVEN B</span> entered 01/11/2018.", "entry_date": "1/11/2018"}, {"date": "12/22/2017", "number": "346", "contents": "<span class='description'>LETTER - E-MAIL IN REFERENCE TO JAC</span> entered 12/27/2017.", "entry_date": "12/27/2017"}, {"date": "12/22/2017", "number": "345", "contents": "<span class='description'>COURT ORDER FOR PAYMENT OF COSTS FOR DEPOSITION TRANSCRIPTS FOR PARTIALLY INDIGENT DEFT.</span> entered 12/27/2017.", "entry_date": "12/27/2017"}, {"date": "12/22/2017", "number": "344", "contents": "<span class='description'>MOTION TO INCUR COSTS FOR DEPOSITION TRANSCRIPTS FOR PARTIALLY INDIGENT DEFENDANT</span> entered 12/22/2017.", "entry_date": "12/22/2017"}, {"date": "12/14/2017", "number": "343", "contents": "<span class='description'>COURT ORDER ON DEFT'S MOTION TO COMPEL TRANSCRIPTS OR IN THE ALTERNATIVE TO PRODUCE</span> entered 12/14/2017.", "entry_date": "12/14/2017"}, {"date": "12/14/2017", "number": "342", "contents": "<span class='description'>PRETRIAL 01/11/2018 9:00 AM - 308 3RD FLOOR, 501 W ADAMS ST JACKSONVILLE FL 32202</span> entered 12/14/2017.", "entry_date": "12/14/2017"}, {"date": "12/14/2017", "number": "341", "contents": "<span class='description'>DEFENDANT PRESENT IN JAIL</span> entered 12/14/2017.", "entry_date": "12/14/2017"}, {"date": "12/14/2017", "number": "340", "contents": "<span class='description'>ATTY. FOR DEF. FINNELL, ANN ELIZABETH</span> entered 12/14/2017.", "entry_date": "12/14/2017"}, {"date": "12/14/2017", "number": "339", "contents": "<span class='description'>ASST. STATE ATTY. WOLFSON, ERIN J</span> entered 12/14/2017.", "entry_date": "12/14/2017"}, {"date": "12/14/2017", "number": "338", "contents": "<span class='description'>JUDGE WHITTINGTON, STEVEN B</span> entered 12/14/2017.", "entry_date": "12/14/2017"}, {"date": "12/13/2017", "number": "337", "contents": "<span class='description'>MOTION TO COMPEL TRANSCRIPTS OR, IN THE ALTERNATIVE, FOR AN ORDER TO PRODUCE</span> entered 12/18/2017.", "entry_date": "12/18/2017"}, {"date": "12/4/2017", "number": "336", "contents": "<span class='description'>MOTION TO DECLARE SECTION 921.141, FLORIDA STATUTES FACIALLY UNCONSTITUTIONAL DUE TO FAILURE THE FLORIDA BY LEGISLATURE TO NARROW CLASS OF DEATH-ELIGIBLE MURDERERS</span> entered 12/04/2017.", "entry_date": "12/4/2017"}, {"date": "11/30/2017", "number": "335", "contents": "<span class='description'>RESPONSE</span> entered 12/01/2017.", "entry_date": "12/1/2017"}, {"date": "11/30/2017", "number": "334", "contents": "<span class='description'>ORDER FOR PAYMENT OF COSTS AND APPOINTING FORENSIC PATHOLOGIST/MEDICAL DOCTOR TO CONDUCT CONFIDENTIAL EXAMINATION</span> entered 12/01/2017.", "entry_date": "12/1/2017"}, {"date": "11/27/2017", "number": "333", "contents": "<span class='description'>MOTION TO INCUR COSTS OF AND APPOINT FORENSIC PATHOLOGIST/MEDICAL DOCTOR TO CONDUCT CONFIDENTIAL EXAMINATION</span> entered 11/30/2017.", "entry_date": "11/30/2017"}, {"date": "11/27/2017", "number": "332", "contents": "<span class='description'>AMENDED MOTION TO PROHIBIT DEATH PENALTY DUE TO THE STATE'S FAILURE TO COMPLY WITH FLORIDA STATUTE 782.04(1)(B)</span> entered 11/28/2017.", "entry_date": "11/28/2017"}, {"date": "11/21/2017", "number": "331", "contents": "<span class='description'>PRETRIAL 12/14/2017 9:00 AM - 308 3RD FLOOR, 501 W ADAMS ST JACKSONVILLE FL 32202</span> entered 11/21/2017.", "entry_date": "11/21/2017"}, {"date": "11/21/2017", "number": "330", "contents": "<span class='description'>DEFENDANT PRESENT IN JAIL</span> entered 11/21/2017.", "entry_date": "11/21/2017"}, {"date": "11/21/2017", "number": "329", "contents": "<span class='description'>ATTY. FOR DEF. FINNELL, ANN ELIZABETH</span> entered 11/21/2017.", "entry_date": "11/21/2017"}, {"date": "11/21/2017", "number": "328", "contents": "<span class='description'>ASST. STATE ATTY. WOLFSON, ERIN J</span> entered 11/21/2017.", "entry_date": "11/21/2017"}, {"date": "11/21/2017", "number": "327", "contents": "<span class='description'>JUDGE WHITTINGTON, STEVEN B</span> entered 11/21/2017.", "entry_date": "11/21/2017"}, {"date": "11/20/2017", "number": "326", "contents": "<span class='description'>TRIAL ASSISTANT STATE ATTORNEY CHANGED TO Wolfson, Erin J PER SAO</span> entered 11/20/2017.", "entry_date": "11/20/2017"}, {"date": "11/9/2017", "number": "325", "contents": "<span class='description'>PRETRIAL 11/21/2017 9:00 AM - 308 3RD FLOOR, 501 W ADAMS ST JACKSONVILLE FL 32202</span> entered 11/09/2017.", "entry_date": "11/9/2017"}, {"date": "11/9/2017", "number": "324", "contents": "<span class='description'>DEFENDANT PRESENT IN JAIL</span> entered 11/09/2017.", "entry_date": "11/9/2017"}, {"date": "11/9/2017", "number": "323", "contents": "<span class='description'>ATTY. FOR DEF. FINNELL, ANN ELIZABETH</span> entered 11/09/2017.", "entry_date": "11/9/2017"}, {"date": "11/9/2017", "number": "322", "contents": "<span class='description'>ASST. STATE ATTY. POLIMENI, MATTHEW JOSEPH</span> entered 11/09/2017.", "entry_date": "11/9/2017"}, {"date": "11/9/2017", "number": "321", "contents": "<span class='description'>JUDGE WHITTINGTON, STEVEN B</span> entered 11/09/2017.", "entry_date": "11/9/2017"}, {"date": "11/6/2017", "number": "320", "contents": "<span class='description'>PRETRIAL 11/09/2017 9:00 AM - 308 3RD FLOOR, 501 W ADAMS ST JACKSONVILLE FL 32202</span> entered 11/06/2017.", "entry_date": "11/6/2017"}, {"date": "11/6/2017", "number": "319", "contents": "<span class='description'>DEFENDANT PRESENT IN JAIL</span> entered 11/06/2017.", "entry_date": "11/6/2017"}, {"date": "11/6/2017", "number": "318", "contents": "<span class='description'>ATTY. FOR DEF. FINNELL, ANN ELIZABETH</span> entered 11/06/2017.", "entry_date": "11/6/2017"}, {"date": "11/6/2017", "number": "317", "contents": "<span class='description'>ASST. STATE ATTY. POLIMENI, MATTHEW JOSEPH</span> entered 11/06/2017.", "entry_date": "11/6/2017"}, {"date": "11/6/2017", "number": "316", "contents": "<span class='description'>JUDGE WHITTINGTON, STEVEN B</span> entered 11/06/2017.", "entry_date": "11/6/2017"}, {"date": "11/2/2017", "number": "315", "contents": "<span class='description'>LETTER -EMAIL IN REFERNCE TO JAC</span> entered 11/02/2017.", "entry_date": "11/2/2017"}, {"date": "11/2/2017", "number": "314", "contents": "<span class='description'>ORDER PERT. TO PAYMENT OF COSTS FOR DEPOSITION TRANSCRIPTS FOR PARTIALLY INDIGENT DEFT.</span> entered 11/02/2017.", "entry_date": "11/2/2017"}, {"date": "11/1/2017", "number": "313", "contents": "<span class='description'>MOTION TO INCUR COSTS FOR DEPOSITION TRANSCRIPTS FOR PARTIALLY INDIGENT DEFENDANT</span> entered 11/02/2017.", "entry_date": "11/2/2017"}, {"date": "10/30/2017", "number": "312", "contents": "<span class='description'>LETTER -E-MAIL IN REFERENCE TO JAC</span> entered 10/30/2017.", "entry_date": "10/30/2017"}, {"date": "10/30/2017", "number": "311", "contents": "<span class='description'>ORDER PERT. TO PAYMENT OF COSTS FOR DEPOSITION TRANSCRIPTS FOR PARTIALLY INDIGENT DEFT.</span> entered 10/30/2017.", "entry_date": "10/30/2017"}, {"date": "10/27/2017", "number": "310", "contents": "<span class='description'>RECEIPT FOR CIVIL PROCESS, JAIL, WARRANTS</span> entered 11/06/2017.", "entry_date": "11/6/2017"}, {"date": "10/27/2017", "number": "309", "contents": "<span class='description'>ORDER TO TRANSPORT INMATE FOR DEPOSITION</span> entered 10/27/2017.", "entry_date": "10/27/2017"}, {"date": "10/26/2017", "number": "308", "contents": "<span class='description'>MOTION TO TRANSPORT INMATE FOR DEPOSITION</span> entered 10/30/2017.", "entry_date": "10/30/2017"}, {"date": "10/26/2017", "number": "307", "contents": "<span class='description'>MOTION TO INCUR COSTS FOR DEPOSITION TRANSCRIPTS FOR PARTIALLY INDIGENT DEFENDANT</span> entered 10/26/2017.", "entry_date": "10/26/2017"}, {"date": "10/23/2017", "number": "306", "contents": "<span class='description'>NOTICE OF TAKING DEPOSITION</span> entered 10/24/2017.", "entry_date": "10/24/2017"}, {"date": "10/20/2017", "number": "305", "contents": "<span class='description'>LETTER -E-MAIL IN REFERENCE TO JAC</span> entered 10/20/2017.", "entry_date": "10/20/2017"}, {"date": "10/20/2017", "number": "304", "contents": "<span class='description'>COURT ORDER WAIVING PROVESS SERVICE FEES FOR PARTIALLY INDIGENT DEFT.</span> entered 10/20/2017.", "entry_date": "10/20/2017"}, {"date": "10/18/2017", "number": "303", "contents": "<span class='description'>MOTION TO WAIVE PROCESS SERVICE FEES SUBPOENA SERVICE OF PARTIALLY INDIGENT DEFENDANT</span> entered 10/19/2017.", "entry_date": "10/19/2017"}, {"date": "10/17/2017", "number": "302", "contents": "<span class='description'>NOTICE OF TAKING DEPOSITION</span> entered 10/18/2017.", "entry_date": "10/18/2017"}, {"date": "10/16/2017", "number": "301", "contents": "<span class='description'>LETTER -E-MAIL IN REFERENCE JAC</span> entered 10/16/2017.", "entry_date": "10/16/2017"}, {"date": "10/16/2017", "number": "300", "contents": "<span class='description'>ORDER AUTHORIZING THE INCURRING OF EXPENSES SECOND FOR CERTAIN SPECIFIED COSTS FOR PARTIALLY INDIGENT DEFT.</span> entered 10/16/2017.", "entry_date": "10/16/2017"}, {"date": "10/16/2017", "number": "299", "contents": "<span class='description'>PRETRIAL 11/06/2017 9:00 AM - 308 3RD FLOOR, 501 W ADAMS ST JACKSONVILLE FL 32202</span> entered 10/16/2017.", "entry_date": "10/16/2017"}, {"date": "10/16/2017", "number": "298", "contents": "<span class='description'>STRIKE: 11/06/17 FPT / 11/13/17 JS PENALTY PHASE 11/20/17</span> entered 10/16/2017.", "entry_date": "10/16/2017"}, {"date": "10/16/2017", "number": "297", "contents": "<span class='description'>DEFENSE/STATE'S ORAL MOTION FOR CONTINUANCE JOINT GRANTED</span> entered 10/16/2017.", "entry_date": "10/16/2017"}, {"date": "10/16/2017", "number": "296", "contents": "<span class='description'>DEFENDANT PRESENT IN JAIL</span> entered 10/16/2017.", "entry_date": "10/16/2017"}, {"date": "10/16/2017", "number": "295", "contents": "<span class='description'>ATTY. FOR DEF. FINNELL, ANN ELIZABETH</span> entered 10/16/2017.", "entry_date": "10/16/2017"}, {"date": "10/16/2017", "number": "294", "contents": "<span class='description'>ASST. STATE ATTY. POLIMENI, MATTHEW JOSEPH</span> entered 10/16/2017.", "entry_date": "10/16/2017"}, {"date": "10/16/2017", "number": "293", "contents": "<span class='description'>JUDGE WHITTINGTON, STEVEN B</span> entered 10/16/2017.", "entry_date": "10/16/2017"}, {"date": "10/13/2017", "number": "292", "contents": "<span class='description'>SECOND MOTION TO INCUR COSTS OF A MITIGATION SPECIALIST (PENALTY PHASE)</span> entered 10/18/2017.", "entry_date": "10/18/2017"}, {"date": "10/9/2017", "number": "291", "contents": "<span class='description'>11/06/17 FPT / 11/13/17 JS PENALTY PHASE 11/20/17</span> entered 10/09/2017.", "entry_date": "10/9/2017"}, {"date": "10/9/2017", "number": "290", "contents": "<span class='description'>PRETRIAL 10/16/2017 9:00 AM - 308 3RD FLOOR, 501 W ADAMS ST JACKSONVILLE FL 32202</span> entered 10/09/2017.", "entry_date": "10/9/2017"}, {"date": "10/9/2017", "number": "289", "contents": "<span class='description'>DEFENDANT APPEARANCE WAIVED</span> entered 10/09/2017.", "entry_date": "10/9/2017"}, {"date": "10/9/2017", "number": "288", "contents": "<span class='description'>ATTY. FOR DEF. FINNELL, ANN ELIZABETH</span> entered 10/09/2017.", "entry_date": "10/9/2017"}, {"date": "10/9/2017", "number": "287", "contents": "<span class='description'>ASST. STATE ATTY. POLIMENI, MATTHEW JOSEPH</span> entered 10/09/2017.", "entry_date": "10/9/2017"}, {"date": "10/9/2017", "number": "286", "contents": "<span class='description'>JUDGE WHITTINGTON, STEVEN B</span> entered 10/09/2017.", "entry_date": "10/9/2017"}, {"date": "10/4/2017", "number": "285", "contents": "<span class='description'>NOTICE OF TAKING DEPOSITIONS</span> entered 10/05/2017.", "entry_date": "10/5/2017"}, {"date": "9/5/2017", "number": "284", "contents": "<span class='description'>MOTION TO COMPEL POTENTIAL BRADY MATERIAL</span> entered 09/07/2017.", "entry_date": "9/7/2017"}, {"date": "9/5/2017", "number": "283", "contents": "<span class='description'>3rd DISCLOSURE OF WITNESSES</span> entered 09/07/2017.", "entry_date": "9/7/2017"}, {"date": "8/23/2017", "number": "282", "contents": "<span class='description'>11/06/17 FPT / 11/13/17 JS PENALTY PHASE 11/20/17</span> entered 08/23/2017.", "entry_date": "8/23/2017"}, {"date": "8/23/2017", "number": "281", "contents": "<span class='description'>PRETRIAL 10/09/2017 9:00 AM - 308 3RD FLOOR, 501 W ADAMS ST JACKSONVILLE FL 32202</span> entered 08/23/2017.", "entry_date": "8/23/2017"}, {"date": "8/23/2017", "number": "280", "contents": "<span class='description'>OTHERS PRESENT: ANDUX FOR FINNEL</span> entered 08/23/2017.", "entry_date": "8/23/2017"}, {"date": "8/23/2017", "number": "279", "contents": "<span class='description'>DEFENDANT PRESENT IN JAIL</span> entered 08/23/2017.", "entry_date": "8/23/2017"}, {"date": "8/23/2017", "number": "278", "contents": "<span class='description'>ATTY. FOR DEF. FINNELL, ANN ELIZABETH</span> entered 08/23/2017.", "entry_date": "8/23/2017"}, {"date": "8/23/2017", "number": "277", "contents": "<span class='description'>ASST. STATE ATTY. POLIMENI, MATTHEW JOSEPH</span> entered 08/23/2017.", "entry_date": "8/23/2017"}, {"date": "8/23/2017", "number": "276", "contents": "<span class='description'>JUDGE WHITTINGTON, STEVEN B</span> entered 08/23/2017.", "entry_date": "8/23/2017"}, {"date": "8/21/2017", "number": "275", "contents": "<span class='description'>COURT ORDER AMENDED FOR PAYMENT OF COSTS &amp; APPOINTING MENTAL HEALTH EXPERT TO CONDUCT CONFIDENTIAL EXAMINATION OF DEFT. (PENALTY PHASE)</span> entered 08/21/2017.", "entry_date": "8/21/2017"}, {"date": "8/17/2017", "number": "274", "contents": "<span class='description'>NOTICE OF TAKING DEPOSITION</span> entered 08/18/2017.", "entry_date": "8/18/2017"}, {"date": "8/16/2017", "number": "273", "contents": "<span class='description'>AMENDED MOTION TO INCUR COSTS OF AND APPOINT MENTAL HEALTH EXPERT TO CONDUCT CONFIENDTIAL EXAMINATION OF DEFENDANT (PENALTY PHASE)</span> entered 08/16/2017.", "entry_date": "8/16/2017"}, {"date": "8/15/2017", "number": "272", "contents": "<span class='description'>AFFIDAVIT/RETURN OF SERVICE</span> entered 08/16/2017.", "entry_date": "8/16/2017"}, {"date": "8/10/2017", "number": "271", "contents": "<span class='description'>RECEIPT FOR CIVIL PROCESS, JAIL, WARRANTS</span> entered 08/11/2017.", "entry_date": "8/11/2017"}, {"date": "8/9/2017", "number": "270", "contents": "<span class='description'>ORDER TO TRANSPORT INMATE FOR DEPOSITION</span> entered 08/09/2017.", "entry_date": "8/9/2017"}, {"date": "8/8/2017", "number": "269", "contents": "<span class='description'>MOTION TO TRANSPORT INMATE FOR DEPOSITION</span> entered 08/09/2017.", "entry_date": "8/9/2017"}, {"date": "7/17/2017", "number": "268", "contents": "<span class='description'>11/06/17 FPT / 11/13/17 JS PENALTY PHASE 11/20/17</span> entered 07/17/2017.", "entry_date": "7/17/2017"}, {"date": "7/17/2017", "number": "267", "contents": "<span class='description'>PRETRIAL 08/23/2017 9:00 AM - 308 3RD FLOOR, 501 W ADAMS ST JACKSONVILLE FL 32202</span> entered 07/17/2017.", "entry_date": "7/17/2017"}, {"date": "7/17/2017", "number": "266", "contents": "<span class='description'>DEFENDANT PRESENT IN JAIL</span> entered 07/17/2017.", "entry_date": "7/17/2017"}, {"date": "7/17/2017", "number": "265", "contents": "<span class='description'>ATTY. FOR DEF. FINNELL, ANN ELIZABETH</span> entered 07/17/2017.", "entry_date": "7/17/2017"}, {"date": "7/17/2017", "number": "264", "contents": "<span class='description'>ASST. STATE ATTY. POLIMENI, MATTHEW JOSEPH</span> entered 07/17/2017.", "entry_date": "7/17/2017"}, {"date": "7/17/2017", "number": "263", "contents": "<span class='description'>JUDGE WHITTINGTON, STEVEN B</span> entered 07/17/2017.", "entry_date": "7/17/2017"}, {"date": "6/19/2017", "number": "262", "contents": "<span class='description'>PRETRIAL 07/17/2017 9:00 AM - 308 3RD FLOOR, 501 W ADAMS ST JACKSONVILLE FL 32202</span> entered 06/19/2017.", "entry_date": "6/19/2017"}, {"date": "6/19/2017", "number": "261", "contents": "<span class='description'>OTHERS PRESENT: LICANDRO FOR POLEMINI AND ANDUX FOR FINNELL</span> entered 06/19/2017.", "entry_date": "6/19/2017"}, {"date": "6/19/2017", "number": "260", "contents": "<span class='description'>DEFENDANT PRESENT IN JAIL</span> entered 06/19/2017.", "entry_date": "6/19/2017"}, {"date": "6/19/2017", "number": "259", "contents": "<span class='description'>ATTY. FOR DEF. FINNELL, ANN ELIZABETH</span> entered 06/19/2017.", "entry_date": "6/19/2017"}, {"date": "6/19/2017", "number": "258", "contents": "<span class='description'>ASST. STATE ATTY. POLIMENI, MATTHEW JOSEPH</span> entered 06/19/2017.", "entry_date": "6/19/2017"}, {"date": "6/19/2017", "number": "257", "contents": "<span class='description'>JUDGE WHITTINGTON, STEVEN B</span> entered 06/19/2017.", "entry_date": "6/19/2017"}, {"date": "5/25/2017", "number": "256", "contents": "<span class='description'>ADDITIONAL MEMORANDUM OF LAW IN SUPPORT OF DEFENDANT'S MOTION TO PROHIBIT DEATH QUALIFICATION BECAUSE THE NEW LEGISLATION CREATING A NEW DEATH PENALTY SCHEME IS NOT RETROACTIVE</span> entered 05/25/2017.", "entry_date": "5/25/2017"}, {"date": "5/25/2017", "number": "255", "contents": "<span class='description'>MOTION TO PROHIBIT DEATH QUALIFICATION BECAUSE THE NEW LEGISLATION CREATING A NEW DEATH PENALTY SCHEME IS NOT RETROACTIVE</span> entered 05/25/2017.", "entry_date": "5/25/2017"}, {"date": "5/25/2017", "number": "254", "contents": "<span class='description'>MOTION TO PROHIBIT DEATH PENALTY DUE TO THE STATE'S FAILURE TO COMPLY WITH FLORIDA STATUTE S782.04(1)(B)</span> entered 05/25/2017.", "entry_date": "5/25/2017"}, {"date": "5/23/2017", "number": "253", "contents": "<span class='description'>OTHER - JAC E-MAIL</span> entered 05/23/2017.", "entry_date": "5/23/2017"}, {"date": "5/23/2017", "number": "252", "contents": "<span class='description'>ORDER AUTHORIZING THE INCURRING OF EXPENSES FOR PAYMENT OF COSTS FOR DEPOSITION TRANSCRIPTS FOR PARTIALLY INDIGENT DEFT.</span> entered 05/23/2017.", "entry_date": "5/23/2017"}, {"date": "5/10/2017", "number": "251", "contents": "<span class='description'>MOTION TO INCUR COSTS FOR DEPOSITION TRANSCRIPTS FOR PARTIALLY INDIGENT DEFENDANT</span> entered 05/10/2017.", "entry_date": "5/10/2017"}, {"date": "5/5/2017", "number": "250", "contents": "<span class='description'>DOCUMENTS</span> entered 05/05/2017.", "entry_date": "5/5/2017"}, {"date": "5/5/2017", "number": "249", "contents": "<span class='description'>ORDER AUTHORIZING FOR PAYMENT OF COSTS FOR DEPOSITION TRANSCRIPTS FOR PARTIALLY INDIGENT DEFT.</span> entered 05/05/2017.", "entry_date": "5/5/2017"}, {"date": "5/5/2017", "number": "248", "contents": "<span class='description'>DOCUMENTS</span> entered 05/05/2017.", "entry_date": "5/5/2017"}, {"date": "5/5/2017", "number": "247", "contents": "<span class='description'>ORDER AUTHORIZING FOR PAYMENT OF COSTS AND APPOINTING CRIME SCENE ANALYST</span> entered 05/05/2017.", "entry_date": "5/5/2017"}, {"date": "5/4/2017", "number": "246", "contents": "<span class='description'>MOTION TO INCUR COSTS FOR DEPOSITION TRANSCRIPTS FOR PARTIALLY INDIGENT DEFENDANT</span> entered 05/08/2017.", "entry_date": "5/8/2017"}, {"date": "5/4/2017", "number": "245", "contents": "<span class='description'>MOTION TO INCUR COSTS OF AND APPOINT CRIME SCENE ANALYST</span> entered 05/08/2017.", "entry_date": "5/8/2017"}, {"date": "4/28/2017", "number": "244", "contents": "<span class='description'>JUSTICE ADMINISTRATIVE COMMISSION'S RESPONSE TO MOTION</span> entered 05/01/2017.", "entry_date": "5/1/2017"}, {"date": "4/28/2017", "number": "243", "contents": "<span class='description'>JUSTICE ADMINISTRATIVE COMMISSION'S RESPONSE TO MOTION</span> entered 05/01/2017.", "entry_date": "5/1/2017"}, {"date": "4/28/2017", "number": "242", "contents": "<span class='description'>MOTION TO INCUR CERTAIN SPECIFIED COSTS FOR PARTIALLY INDIGENT DEFENDANT</span> entered 04/28/2017.", "entry_date": "4/28/2017"}, {"date": "4/28/2017", "number": "241", "contents": "<span class='description'>ORDER AUTHORIZING CERTAIN SPECIFIED COSTS FOR PARTIALLY INDIGENT DEFENDANT</span> entered 04/28/2017.", "entry_date": "4/28/2017"}, {"date": "4/27/2017", "number": "240", "contents": "<span class='description'>ORDER AUTHORIZING THE INCURRING OF EXPENSES - ADJUDICATING DEFT. PARTIALLY INDIGENT FOR THE PURPOSE OF COSTS</span> entered 04/27/2017.", "entry_date": "4/27/2017"}, {"date": "4/25/2017", "number": "239", "contents": "<span class='description'>MOTION FOR DETERMINATION OF INDIGENCE AS TO COSTS</span> entered 04/26/2017.", "entry_date": "4/26/2017"}, {"date": "4/18/2017", "number": "238", "contents": "<span class='description'>2ND DISCLOSURE OF WITNESSES</span> entered 04/21/2017.", "entry_date": "4/21/2017"}, {"date": "4/17/2017", "number": "237", "contents": "<span class='description'>11/06/17 FPT / 11/13/17 JS PENALTY PHASE 11/20/17</span> entered 04/17/2017.", "entry_date": "4/17/2017"}, {"date": "4/17/2017", "number": "236", "contents": "<span class='description'>PRETRIAL 06/19/2017 9:00 AM - 308 3RD FLOOR, 501 W ADAMS ST JACKSONVILLE FL 32202</span> entered 04/17/2017.", "entry_date": "4/17/2017"}, {"date": "4/17/2017", "number": "235", "contents": "<span class='description'>OTHERS PRESENT: G ANDUX W/ A FINNELL</span> entered 04/17/2017.", "entry_date": "4/17/2017"}, {"date": "4/17/2017", "number": "234", "contents": "<span class='description'>DEFENDANT PRESENT IN JAIL</span> entered 04/17/2017.", "entry_date": "4/17/2017"}, {"date": "4/17/2017", "number": "233", "contents": "<span class='description'>ATTY. FOR DEF. FINNELL, ANN ELIZABETH</span> entered 04/17/2017.", "entry_date": "4/17/2017"}, {"date": "4/17/2017", "number": "232", "contents": "<span class='description'>ASST. STATE ATTY. POLIMENI, MATTHEW JOSEPH</span> entered 04/17/2017.", "entry_date": "4/17/2017"}, {"date": "4/17/2017", "number": "231", "contents": "<span class='description'>JUDGE WHITTINGTON, STEVEN B</span> entered 04/17/2017.", "entry_date": "4/17/2017"}, {"date": "4/11/2017", "number": "230", "contents": "<span class='description'>NOTICE OF TAKING DEPOSITIONS</span> entered 04/12/2017.", "entry_date": "4/12/2017"}, {"date": "3/28/2017", "number": "229", "contents": "<span class='description'>MOTION TO COMPEL AND DEMAND FOR SPECIFIC DISCOVERY</span> entered 03/30/2017.", "entry_date": "3/30/2017"}, {"date": "3/27/2017", "number": "228", "contents": "<span class='description'>NOTICE OF TAKING DEPOSITIONS</span> entered 03/27/2017.", "entry_date": "3/27/2017"}, {"date": "3/27/2017", "number": "227", "contents": "<span class='description'>NOTICE OF TAKING DEPOSITIONS</span> entered 03/27/2017.", "entry_date": "3/27/2017"}, {"date": "1/27/2017", "number": "226", "contents": "<span class='description'>ORDER ON DEFENDANT'S UNOPPOSED MOTION TO CONTINUE TRIAL</span> entered 01/30/2017.", "entry_date": "1/30/2017"}, {"date": "1/24/2017", "number": "225", "contents": "<span class='description'>UNOPPOSED MOTION TO CONTINUE TRIAL</span> entered 01/25/2017.", "entry_date": "1/25/2017"}, {"date": "1/23/2017", "number": "224", "contents": "<span class='description'>NOTICE OF TAKING DEPOSITIONS</span> entered 01/25/2017.", "entry_date": "1/25/2017"}, {"link_viewer": "https://www.docketalarm.com/cases/Florida_State_Duval_County_Fourth_Circuit_Court/2014-CF-010044/CHAD_HURST/223/", "number": "223", "link": "https://www.docketalarm.com/cases/Florida_State_Duval_County_Fourth_Circuit_Court/2014-CF-010044/CHAD_HURST/docs/223.pdf", "entry_date": "1/23/2017", "date": "1/23/2017", "contents": "<a href=\"/cases/Florida_State_Duval_County_Fourth_Circuit_Court/2014-CF-010044/CHAD_HURST/223/\"><span class='description'>PRETRIAL 04/17/2017 9:00 AM - 308 3RD FLOOR, 501 W ADAMS ST JACKSONVILLE FL 32202</span></a> entered 01/23/2017."}, {"date": "1/23/2017", "number": "222", "contents": "<span class='description'>OTHERS PRESENT: C LICANDRO FOR M POLIMENI</span> entered 01/23/2017.", "entry_date": "1/23/2017"}, {"date": "1/23/2017", "number": "221", "contents": "<span class='description'>DEFENDANT PRESENT IN JAIL</span> entered 01/23/2017.", "entry_date": "1/23/2017"}, {"date": "1/23/2017", "number": "220", "contents": "<span class='description'>ATTY. FOR DEF. FINNELL, ANN ELIZABETH</span> entered 01/23/2017.", "entry_date": "1/23/2017"}, {"date": "1/23/2017", "number": "219", "contents": "<span class='description'>ASST. STATE ATTY. POLIMENI, MATTHEW JOSEPH</span> entered 01/23/2017.", "entry_date": "1/23/2017"}, {"date": "1/23/2017", "number": "218", "contents": "<span class='description'>JUDGE WHITTINGTON, STEVEN B</span> entered 01/23/2017.", "entry_date": "1/23/2017"}, {"date": "1/13/2017", "number": "217", "contents": "<span class='description'>ORDER FOR SUBPOENA DUCES TECUM</span> entered 01/17/2017.", "entry_date": "1/17/2017"}, {"date": "12/21/2016", "number": "216", "contents": "<span class='description'>RESPONSE JAC</span> entered 12/29/2016.", "entry_date": "12/29/2016"}, {"date": "12/21/2016", "number": "215", "contents": "<span class='description'>COURT ORDER ON SECOND MOTION FOR CERTAIN SPECIFIED COSTS FOR PARTIALLY INDIGENT DEFT.</span> entered 12/21/2016.", "entry_date": "12/21/2016"}, {"date": "12/20/2016", "number": "214", "contents": "<span class='description'>SECOND MOTION FOR PAYMENT OF COSTS - PARTIALLY INDIGENT DEFENDANT</span> entered 12/21/2016.", "entry_date": "12/21/2016"}, {"date": "12/16/2016", "number": "213", "contents": "<span class='description'>NOTICE OF TAKING DEPOSITION</span> entered 12/18/2016.", "entry_date": "12/18/2016"}, {"date": "11/28/2016", "number": "212", "contents": "<span class='description'>STANDING ORDER GOVERNING PRE-TRIAL PROCEDURES AND THE TRIAL OF ALL CRIMINAL ACTIONS IN THE DIVISION OF THE CIRCUIT COURT OF THE FOURTH JUDICIAL CIRCUIT</span> entered 11/29/2016.", "entry_date": "11/29/2016"}, {"date": "11/22/2016", "number": "211", "contents": "<span class='description'>04/17/17 FPT &amp; 04/24/17 JS</span> entered 11/22/2016.", "entry_date": "11/22/2016"}, {"date": "11/22/2016", "number": "210", "contents": "<span class='description'>PRETRIAL 01/23/2017 9:00 AM - 308 3RD FLOOR, 501 W ADAMS ST JACKSONVILLE FL 32202</span> entered 11/22/2016.", "entry_date": "11/22/2016"}, {"date": "11/22/2016", "number": "209", "contents": "<span class='description'>DEFENDANT PRESENT IN JAIL</span> entered 11/22/2016.", "entry_date": "11/22/2016"}, {"date": "11/22/2016", "number": "208", "contents": "<span class='description'>ATTY. FOR DEF. FINNELL, ANN ELIZABETH</span> entered 11/22/2016.", "entry_date": "11/22/2016"}, {"date": "11/22/2016", "number": "207", "contents": "<span class='description'>ASST. STATE ATTY. POLIMENI, MATTHEW JOSEPH</span> entered 11/22/2016.", "entry_date": "11/22/2016"}, {"date": "11/22/2016", "number": "206", "contents": "<span class='description'>JUDGE WHITTINGTON, STEVEN B</span> entered 11/22/2016.", "entry_date": "11/22/2016"}, {"date": "11/15/2016", "number": "205", "contents": "<span class='description'>PER EMAIL</span> entered 11/15/2016.", "entry_date": "11/15/2016"}, {"date": "11/15/2016", "number": "204", "contents": "<span class='description'>PRETRIAL 11/22/2016 9:00 AM - 308 3RD FLOOR, 501 W ADAMS ST JACKSONVILLE FL 32202</span> entered 11/15/2016.", "entry_date": "11/15/2016"}, {"date": "11/15/2016", "number": "203", "contents": "<span class='description'>&gt; CANCEL REASON -</span> entered 11/15/2016.", "entry_date": "11/15/2016"}, {"date": "11/15/2016", "number": "202", "contents": "<span class='description'>CANCELLED PRETRIAL ON 11/16/2016 9:00:00 AM</span> entered 11/15/2016.", "entry_date": "11/15/2016"}, {"date": "10/12/2016", "number": "201", "contents": "<span class='description'>NOTICE OF TAKING DEPOSITION (AMENDED)</span> entered 10/14/2016.", "entry_date": "10/14/2016"}, {"date": "10/12/2016", "number": "200", "contents": "<span class='description'>NOTICE OF TAKING DEPOSITION (AMENDED)</span> entered 10/14/2016.", "entry_date": "10/14/2016"}, {"date": "9/20/2016", "number": "199", "contents": "<span class='description'>NOTICE OF TAKING DEPOSITION</span> entered 09/20/2016.", "entry_date": "9/20/2016"}, {"date": "9/15/2016", "number": "198", "contents": "<span class='description'>JUSTICE ADMINISTRATIVE COMMISSION'S RESPONSE TO MOTION TO INCUR COSTS OF AND APPOINT FORENSIC PSYCHOLOGIST EXPERT AND REQUEST TO APPEAR TELEPHONICALLY</span> entered 09/15/2016.", "entry_date": "9/15/2016"}, {"date": "9/15/2016", "number": "197", "contents": "<span class='description'>MOTION FOR PAYMENT OF COSTS</span> entered 09/15/2016.", "entry_date": "9/15/2016"}, {"date": "8/17/2016", "number": "196", "contents": "<span class='description'>DEFENSE/STATE'S ORAL MOTION FOR CONTINUANCE BY DEFENSE GRANTED W/O OBJECTION **STRIKE 11/7/16 FPT AND 11/14/16 JS</span> entered 08/17/2016.", "entry_date": "8/17/2016"}, {"date": "8/17/2016", "number": "195", "contents": "<span class='description'>PRETRIAL 11/16/2016 9:00 AM - 308 3RD FLOOR, 501 W ADAMS ST JACKSONVILLE FL 32202</span> entered 08/17/2016.", "entry_date": "8/17/2016"}, {"date": "8/17/2016", "number": "194", "contents": "<span class='description'>DEFENDANT PRESENT IN JAIL</span> entered 08/17/2016.", "entry_date": "8/17/2016"}, {"date": "8/17/2016", "number": "193", "contents": "<span class='description'>ATTY. FOR DEF. FINNELL, ANN ELIZABETH</span> entered 08/17/2016.", "entry_date": "8/17/2016"}, {"date": "8/17/2016", "number": "192", "contents": "<span class='description'>ASST. STATE ATTY. POLIMENI, MATTHEW JOSEPH</span> entered 08/17/2016.", "entry_date": "8/17/2016"}, {"date": "8/17/2016", "number": "191", "contents": "<span class='description'>JUDGE WHITTINGTON, STEVEN B</span> entered 08/17/2016.", "entry_date": "8/17/2016"}, {"date": "7/12/2016", "number": "190", "contents": "<span class='description'>PRETRIAL 08/17/2016 9:00 AM - 308 3RD FLOOR, 501 W ADAMS ST JACKSONVILLE FL 32202</span> entered 07/12/2016.", "entry_date": "7/12/2016"}, {"date": "7/12/2016", "number": "189", "contents": "<span class='description'>OTHERS PRESENT: PA: G. ANDUX</span> entered 07/12/2016.", "entry_date": "7/12/2016"}, {"date": "7/12/2016", "number": "188", "contents": "<span class='description'>DEFENDANT PRESENT IN JAIL</span> entered 07/12/2016.", "entry_date": "7/12/2016"}, {"date": "7/12/2016", "number": "187", "contents": "<span class='description'>ATTY. FOR DEF. FINNELL, ANN ELIZABETH</span> entered 07/12/2016.", "entry_date": "7/12/2016"}, {"date": "7/12/2016", "number": "186", "contents": "<span class='description'>ASST. STATE ATTY. POLIMENI, MATTHEW JOSEPH</span> entered 07/12/2016.", "entry_date": "7/12/2016"}, {"date": "7/12/2016", "number": "185", "contents": "<span class='description'>JUDGE SALVADOR, TATIANA</span> entered 07/12/2016.", "entry_date": "7/12/2016"}, {"date": "7/8/2016", "number": "184", "contents": "<span class='description'>COURT ORDER (FIRST) ON MOTION AUTHORIZING CERTAIN SPECIFIED COSTS FOR COURT APPOINTED DEFENDANT</span> entered 07/12/2016.", "entry_date": "7/12/2016"}, {"date": "7/8/2016", "number": "183", "contents": "<span class='description'>@9:00AM; 11/7/16 FPT AND 11/14/16 JS **JUDGE SALVADORE PRESIDING** // PER EMAIL</span> entered 07/08/2016.", "entry_date": "7/8/2016"}, {"date": "7/8/2016", "number": "182", "contents": "<span class='description'>PRETRIAL 07/12/2016 9:00 AM - 608 6TH FLOOR, 501 W ADAMS ST JACKSONVILLE FL 32202</span> entered 07/08/2016.", "entry_date": "7/8/2016"}, {"date": "7/8/2016", "number": "181", "contents": "<span class='description'>&gt; CANCEL REASON - PER EMAIL</span> entered 07/08/2016.", "entry_date": "7/8/2016"}, {"date": "7/8/2016", "number": "180", "contents": "<span class='description'>CANCELLED PRETRIAL ON 7/12/2016 9:00:00 AM</span> entered 07/08/2016.", "entry_date": "7/8/2016"}, {"date": "6/17/2016", "number": "179", "contents": "<span class='description'>COURT ORDER ON MOTION AUTHORIZING CERTAIN SPECIFIED COSTS FOR COURT APPOINTED DEFENDANT</span> entered 09/19/2016.", "entry_date": "9/19/2016"}, {"date": "6/15/2016", "number": "178", "contents": "<span class='description'>MOTION (FIRST) FOR CERTAIN SPECIFIED COSTS FOR COURT APPOINTED DEFENDANT</span> entered 06/20/2016.", "entry_date": "6/20/2016"}, {"date": "5/10/2016", "number": "177", "contents": "<span class='description'>@9:00AM; 11/7/16 FPT AND 11/14/16 JS **JUDGE SALVADORE PRESIDING** COURT ROOM TBD</span> entered 05/10/2016.", "entry_date": "5/10/2016"}, {"date": "5/10/2016", "number": "176", "contents": "<span class='description'>PRETRIAL 07/12/2016 9:00 AM - 405 4TH FLOOR, 501 W ADAMS ST JACKSONVILLE FL 32202</span> entered 05/10/2016.", "entry_date": "5/10/2016"}, {"date": "5/10/2016", "number": "175", "contents": "<span class='description'>DEFENDANT PRESENT IN JAIL</span> entered 05/10/2016.", "entry_date": "5/10/2016"}, {"date": "5/10/2016", "number": "174", "contents": "<span class='description'>ATTY. FOR DEF. FINNELL, ANN ELIZABETH</span> entered 05/10/2016.", "entry_date": "5/10/2016"}, {"date": "5/10/2016", "number": "173", "contents": "<span class='description'>ASST. STATE ATTY. POLIMENI, MATTHEW JOSEPH</span> entered 05/10/2016.", "entry_date": "5/10/2016"}, {"date": "5/10/2016", "number": "172", "contents": "<span class='description'>JUDGE SALVADOR, TATIANA</span> entered 05/10/2016.", "entry_date": "5/10/2016"}, {"date": "5/3/2016", "number": "171", "contents": "<span class='description'>COURT ORDER FOR PAYMENT OF COSTS AND APPOINTING MENATAL HEALTH EXPERT TO CONDUCT CONFIDENTIAL EXAMINATION OF DEFENDANT (PENALTY PHASE)</span> entered 05/09/2016.", "entry_date": "5/9/2016"}, {"date": "3/30/2016", "number": "170", "contents": "<span class='description'>NOTICE OF TAKING DEPOSITION</span> entered 03/30/2016.", "entry_date": "3/30/2016"}, {"date": "2/25/2016", "number": "169", "contents": "<span class='description'>NOTICE OF TAKING DEPOSITION</span> entered 02/26/2016.", "entry_date": "2/26/2016"}, {"date": "2/24/2016", "number": "168", "contents": "<span class='description'>NOTICE OF TAKING DEPOSITION</span> entered 02/25/2016.", "entry_date": "2/25/2016"}, {"date": "2/24/2016", "number": "167", "contents": "<span class='description'>COURT ROOM TBD /// 11:30/// BY JUDGE SALVADORE</span> entered 02/24/2016.", "entry_date": "2/24/2016"}, {"date": "2/24/2016", "number": "166", "contents": "<span class='description'>PRETRIAL 05/10/2016 11:30 AM - 405 4TH FLOOR, 501 W ADAMS ST JACKSONVILLE FL 32202</span> entered 02/24/2016.", "entry_date": "2/24/2016"}, {"date": "2/24/2016", "number": "165", "contents": "<span class='description'>DEFENDANT PRESENT IN JAIL</span> entered 02/24/2016.", "entry_date": "2/24/2016"}, {"date": "2/24/2016", "number": "164", "contents": "<span class='description'>ATTY. FOR DEF. FINNELL, ANN ELIZABETH</span> entered 02/24/2016.", "entry_date": "2/24/2016"}, {"date": "2/24/2016", "number": "163", "contents": "<span class='description'>ASST. STATE ATTY. POLIMENI, MATTHEW JOSEPH</span> entered 02/24/2016.", "entry_date": "2/24/2016"}, {"date": "2/24/2016", "number": "162", "contents": "<span class='description'>JUDGE SALVADOR, TATIANA</span> entered 02/24/2016.", "entry_date": "2/24/2016"}, {"date": "2/22/2016", "number": "161", "contents": "<span class='description'>WITH JUDGE SALVADOR; PER EMAIL</span> entered 02/22/2016.", "entry_date": "2/22/2016"}, {"link_viewer": "https://www.docketalarm.com/cases/Florida_State_Duval_County_Fourth_Circuit_Court/2014-CF-010044/CHAD_HURST/160/", "number": "160", "link": "https://www.docketalarm.com/cases/Florida_State_Duval_County_Fourth_Circuit_Court/2014-CF-010044/CHAD_HURST/docs/160.pdf", "entry_date": "2/22/2016", "date": "2/22/2016", "contents": "<a href=\"/cases/Florida_State_Duval_County_Fourth_Circuit_Court/2014-CF-010044/CHAD_HURST/160/\"><span class='description'>PRETRIAL 02/24/2016 9:00 AM - 405 4TH FLOOR, 501 W ADAMS ST JACKSONVILLE FL 32202</span></a> entered 02/22/2016."}, {"date": "2/22/2016", "number": "159", "contents": "<span class='description'>&gt; CANCEL REASON -</span> entered 02/22/2016.", "entry_date": "2/22/2016"}, {"date": "2/22/2016", "number": "158", "contents": "<span class='description'>CANCELLED PRETRIAL ON 2/23/2016 9:00:00 AM</span> entered 02/22/2016.", "entry_date": "2/22/2016"}, {"date": "1/12/2016", "number": "157", "contents": "<span class='description'>DEFENDANT'S FIRST DISCOVERY EXHIBIT</span> entered 01/15/2016.", "entry_date": "1/15/2016"}, {"date": "1/12/2016", "number": "156", "contents": "<span class='description'>MOTION TO INCUR COSTS OF AND APPOINT MENTAL HEALTH EXPERT TO CONDUCT CONFIDENTIAL EXAMINATION OF DEFENDANT (PENALTY PHASE)</span> entered 01/15/2016.", "entry_date": "1/15/2016"}, {"date": "1/6/2016", "number": "155", "contents": "<span class='description'>PRETRIAL 02/23/2016 9:00 AM - 308 3RD FLOOR, 501 W ADAMS ST JACKSONVILLE FL 32202</span> entered 01/06/2016.", "entry_date": "1/6/2016"}, {"date": "1/6/2016", "number": "154", "contents": "<span class='description'>OTHERS PRESENT: MEGAN CUNNINGHAM FOR FINNELL</span> entered 01/06/2016.", "entry_date": "1/6/2016"}, {"date": "1/6/2016", "number": "153", "contents": "<span class='description'>DEFENDANT PRESENT IN JAIL</span> entered 01/06/2016.", "entry_date": "1/6/2016"}, {"date": "1/6/2016", "number": "152", "contents": "<span class='description'>ATTY. FOR DEF. FINNELL, ANN ELIZABETH</span> entered 01/06/2016.", "entry_date": "1/6/2016"}, {"date": "1/6/2016", "number": "151", "contents": "<span class='description'>ASST. STATE ATTY. POLIMENI, MATTHEW JOSEPH</span> entered 01/06/2016.", "entry_date": "1/6/2016"}, {"date": "1/6/2016", "number": "150", "contents": "<span class='description'>JUDGE SALVADOR, TATIANA</span> entered 01/06/2016.", "entry_date": "1/6/2016"}, {"date": "12/31/2015", "number": "149", "contents": "<span class='description'>APPLICATION FOR SUBPOENA DUCES TECUM</span> entered 01/04/2016.", "entry_date": "1/4/2016"}, {"date": "12/14/2015", "number": "148", "contents": "<span class='description'>NOTICE OF TAKING DEPOSITION</span> entered 12/16/2015.", "entry_date": "12/16/2015"}, {"date": "12/4/2015", "number": "147", "contents": "<span class='description'>RECEIPT FOR CIVIL PROCESS, JAIL, WARRANTS</span> entered 12/08/2015.", "entry_date": "12/8/2015"}, {"date": "12/4/2015", "number": "146", "contents": "<span class='description'>ORDER TO TRANSPORT INMATE FOR DEPOSITION</span> entered 12/04/2015.", "entry_date": "12/4/2015"}, {"date": "12/3/2015", "number": "145", "contents": "<span class='description'>MOTION TO TRANSPORT INMATE FOR DEPOSITION</span> entered 12/04/2015.", "entry_date": "12/4/2015"}, {"date": "12/3/2015", "number": "144", "contents": "<span class='description'>NOTICE OF TAKING DEPOSITION</span> entered 12/04/2015.", "entry_date": "12/4/2015"}, {"date": "11/18/2015", "number": "143", "contents": "<span class='description'>PRETRIAL 01/06/2016 9:00 AM - 306 3RD FLOOR, 501 W ADAMS ST JACKSONVILLE FL 32202</span> entered 11/18/2015.", "entry_date": "11/18/2015"}, {"date": "11/18/2015", "number": "142", "contents": "<span class='description'>OTHERS PRESENT: G ANDUX FOR A FINNELL</span> entered 11/18/2015.", "entry_date": "11/18/2015"}, {"date": "11/18/2015", "number": "141", "contents": "<span class='description'>DEFENDANT PRESENT IN JAIL</span> entered 11/18/2015.", "entry_date": "11/18/2015"}, {"date": "11/18/2015", "number": "140", "contents": "<span class='description'>ATTY. FOR DEF. FINNELL, ANN ELIZABETH</span> entered 11/18/2015.", "entry_date": "11/18/2015"}, {"date": "11/18/2015", "number": "139", "contents": "<span class='description'>ASST. STATE ATTY. POLIMENI, MATTHEW JOSEPH</span> entered 11/18/2015.", "entry_date": "11/18/2015"}, {"date": "11/18/2015", "number": "138", "contents": "<span class='description'>JUDGE SALVADOR, TATIANA</span> entered 11/18/2015.", "entry_date": "11/18/2015"}, {"date": "10/21/2015", "number": "137", "contents": "<span class='description'>PRETRIAL 11/18/2015 9:00 AM - 306 3RD FLOOR, 501 W ADAMS ST JACKSONVILLE FL 32202</span> entered 10/21/2015.", "entry_date": "10/21/2015"}, {"date": "10/21/2015", "number": "136", "contents": "<span class='description'>DEFENDANT PRESENT IN JAIL</span> entered 10/21/2015.", "entry_date": "10/21/2015"}, {"date": "10/21/2015", "number": "135", "contents": "<span class='description'>ATTY. FOR DEF. FINNELL, ANN ELIZABETH</span> entered 10/21/2015.", "entry_date": "10/21/2015"}, {"date": "10/21/2015", "number": "134", "contents": "<span class='description'>ASST. STATE ATTY. POLIMENI, MATTHEW JOSEPH</span> entered 10/21/2015.", "entry_date": "10/21/2015"}, {"date": "10/21/2015", "number": "133", "contents": "<span class='description'>JUDGE SALVADOR, TATIANA</span> entered 10/21/2015.", "entry_date": "10/21/2015"}, {"date": "10/13/2015", "number": "132", "contents": "<span class='description'>PRETRIAL 10/21/2015 9:00 AM - 306 3RD FLOOR, 501 W ADAMS ST JACKSONVILLE FL 32202</span> entered 10/13/2015.", "entry_date": "10/13/2015"}, {"date": "10/13/2015", "number": "131", "contents": "<span class='description'>DEFENDANT PRESENT IN JAIL</span> entered 10/13/2015.", "entry_date": "10/13/2015"}, {"date": "10/13/2015", "number": "130", "contents": "<span class='description'>ATTY. FOR DEF. FINNELL, ANN ELIZABETH</span> entered 10/13/2015.", "entry_date": "10/13/2015"}, {"date": "10/13/2015", "number": "129", "contents": "<span class='description'>ASST. STATE ATTY. POLIMENI, MATTHEW JOSEPH</span> entered 10/13/2015.", "entry_date": "10/13/2015"}, {"date": "10/13/2015", "number": "128", "contents": "<span class='description'>JUDGE SALVADOR, TATIANA</span> entered 10/13/2015.", "entry_date": "10/13/2015"}, {"date": "10/6/2015", "number": "127", "contents": "<span class='description'>PRETRIAL 10/13/2015 9:00 AM - 306 3RD FLOOR, 501 W ADAMS ST JACKSONVILLE FL 32202</span> entered 10/06/2015.", "entry_date": "10/6/2015"}, {"date": "10/6/2015", "number": "126", "contents": "<span class='description'>DEFENDANT PRESENT IN JAIL</span> entered 10/06/2015.", "entry_date": "10/6/2015"}, {"date": "10/6/2015", "number": "125", "contents": "<span class='description'>ATTY. FOR DEF. FINNELL, ANN ELIZABETH</span> entered 10/06/2015.", "entry_date": "10/6/2015"}, {"date": "10/6/2015", "number": "124", "contents": "<span class='description'>ASST. STATE ATTY. POLIMENI, MATTHEW JOSEPH</span> entered 10/06/2015.", "entry_date": "10/6/2015"}, {"date": "10/6/2015", "number": "123", "contents": "<span class='description'>JUDGE SALVADOR, TATIANA</span> entered 10/06/2015.", "entry_date": "10/6/2015"}, {"date": "9/28/2015", "number": "122", "contents": "<span class='description'>COURT ORDER THIRD FOR PAYMENT OF COSTS OF A PHARMACOLOGIST</span> entered 09/29/2015.", "entry_date": "9/29/2015"}, {"date": "9/28/2015", "number": "121", "contents": "<span class='description'>COURT ORDER FOR PAYMENT OF COSTS OF A NEUROPSYCHOLOGIST</span> entered 09/29/2015.", "entry_date": "9/29/2015"}, {"date": "9/24/2015", "number": "120", "contents": "<span class='description'>MOTION FOR APPOINTMENT OF A NEUROPSYCHOLOGIST AND AUTHORITY TO INCUR EXPERT FEES AND EXPENSES</span> entered 09/24/2015.", "entry_date": "9/24/2015"}, {"date": "9/21/2015", "number": "119", "contents": "<span class='description'>MOTION TO INCUR ADDITIONAL COSTS FOR PHARMACOLOGICAL EXPERT</span> entered 09/22/2015.", "entry_date": "9/22/2015"}, {"date": "9/8/2015", "number": "118", "contents": "<span class='description'>ORDER FOR SUBPOENA DUCES TECUM</span> entered 09/09/2015.", "entry_date": "9/9/2015"}, {"date": "9/3/2015", "number": "117", "contents": "<span class='description'>APPLICATION FOR SUBPOENA DUCES TECUM</span> entered 09/07/2015.", "entry_date": "9/7/2015"}, {"date": "9/1/2015", "number": "116", "contents": "<span class='description'>PRETRIAL 10/06/2015 9:00 AM - 306 3RD FLOOR, 501 W ADAMS ST JACKSONVILLE FL 32202</span> entered 09/01/2015.", "entry_date": "9/1/2015"}, {"date": "9/1/2015", "number": "115", "contents": "<span class='description'>DEFENDANT PRESENT IN JAIL</span> entered 09/01/2015.", "entry_date": "9/1/2015"}, {"date": "9/1/2015", "number": "114", "contents": "<span class='description'>ATTY. FOR DEF. FINNELL, ANN ELIZABETH</span> entered 09/01/2015.", "entry_date": "9/1/2015"}, {"date": "9/1/2015", "number": "113", "contents": "<span class='description'>ASST. STATE ATTY. POLIMENI, MATTHEW JOSEPH</span> entered 09/01/2015.", "entry_date": "9/1/2015"}, {"date": "9/1/2015", "number": "112", "contents": "<span class='description'>JUDGE SALVADOR, TATIANA</span> entered 09/01/2015.", "entry_date": "9/1/2015"}, {"date": "8/31/2015", "number": "111", "contents": "<span class='description'>NOTICE OF TAKING DEPOSITION</span> entered 08/31/2015.", "entry_date": "8/31/2015"}, {"date": "8/31/2015", "number": "110", "contents": "<span class='description'>NOTICE OF TAKING DEPOSITION</span> entered 08/31/2015.", "entry_date": "8/31/2015"}, {"date": "8/31/2015", "number": "109", "contents": "<span class='description'>NOTICE OF TAKING DEPOSITION</span> entered 08/31/2015.", "entry_date": "8/31/2015"}, {"date": "8/6/2015", "number": "108", "contents": "<span class='description'>TRIAL ASSISTANT STATE ATTORNEY CHANGED TO Polimeni, Matthew Joseph PER SAO</span> entered 08/06/2015.", "entry_date": "8/6/2015"}, {"date": "8/4/2015", "number": "107", "contents": "<span class='description'>PRETRIAL 09/01/2015 9:00 AM - 306 3RD FLOOR, 501 W ADAMS ST JACKSONVILLE FL 32202</span> entered 08/04/2015.", "entry_date": "8/4/2015"}, {"date": "8/4/2015", "number": "106", "contents": "<span class='description'>DEFENDANT PRESENT IN JAIL</span> entered 08/04/2015.", "entry_date": "8/4/2015"}, {"date": "8/4/2015", "number": "105", "contents": "<span class='description'>ATTY. FOR DEF. FINNELL, ANN ELIZABETH</span> entered 08/04/2015.", "entry_date": "8/4/2015"}, {"date": "8/4/2015", "number": "104", "contents": "<span class='description'>ASST. STATE ATTY. GARCIA, JESSICA LYNN</span> entered 08/04/2015.", "entry_date": "8/4/2015"}, {"date": "8/4/2015", "number": "103", "contents": "<span class='description'>JUDGE SALVADOR, TATIANA</span> entered 08/04/2015.", "entry_date": "8/4/2015"}, {"date": "7/20/2015", "number": "102", "contents": "<span class='description'>NOTICE OF TAKING DEPOSITION (AMENDED)</span> entered 07/20/2015.", "entry_date": "7/20/2015"}, {"date": "7/20/2015", "number": "101", "contents": "<span class='description'>MOTION FOR MORE DEFINITE ADDRESS</span> entered 07/20/2015.", "entry_date": "7/20/2015"}, {"date": "7/16/2015", "number": "100", "contents": "<span class='description'>NOTICE OF TAKING DEPOSITION</span> entered 07/17/2015.", "entry_date": "7/17/2015"}, {"date": "6/24/2015", "number": "99", "contents": "<span class='description'>PRETRIAL 08/04/2015 9:00 AM - 306 3RD FLOOR, 501 W ADAMS ST JACKSONVILLE FL 32202</span> entered 06/24/2015.", "entry_date": "6/24/2015"}, {"date": "6/24/2015", "number": "98", "contents": "<span class='description'>DEFENDANT PRESENT IN JAIL</span> entered 06/24/2015.", "entry_date": "6/24/2015"}, {"date": "6/24/2015", "number": "97", "contents": "<span class='description'>ATTY. FOR DEF. FINNELL, ANN ELIZABETH</span> entered 06/24/2015.", "entry_date": "6/24/2015"}, {"date": "6/24/2015", "number": "96", "contents": "<span class='description'>ASST. STATE ATTY. GARCIA, JESSICA LYNN</span> entered 06/24/2015.", "entry_date": "6/24/2015"}, {"date": "6/24/2015", "number": "95", "contents": "<span class='description'>JUDGE SALVADOR, TATIANA</span> entered 06/24/2015.", "entry_date": "6/24/2015"}, {"date": "6/17/2015", "number": "94", "contents": "<span class='description'>MOTION FOR PAYMENT OF COSTS</span> entered 06/24/2015.", "entry_date": "6/24/2015"}, {"date": "5/27/2015", "number": "93", "contents": "<span class='description'>PRETRIAL 06/24/2015 9:00 AM - 306 3RD FLOOR, 501 W ADAMS ST JACKSONVILLE FL 32202</span> entered 05/27/2015.", "entry_date": "5/27/2015"}, {"date": "5/27/2015", "number": "92", "contents": "<span class='description'>DEFENDANT PRESENT IN JAIL</span> entered 05/27/2015.", "entry_date": "5/27/2015"}, {"date": "5/27/2015", "number": "91", "contents": "<span class='description'>ATTY. FOR DEF. FINNELL, ANN ELIZABETH</span> entered 05/27/2015.", "entry_date": "5/27/2015"}, {"date": "5/27/2015", "number": "90", "contents": "<span class='description'>ASST. STATE ATTY. GARCIA, JESSICA LYNN</span> entered 05/27/2015.", "entry_date": "5/27/2015"}, {"date": "5/27/2015", "number": "89", "contents": "<span class='description'>SITTING JUDGE - SENTERFITT, ELIZABETH A</span> entered 05/27/2015.", "entry_date": "5/27/2015"}, {"date": "5/27/2015", "number": "88", "contents": "<span class='description'>JUDGE SALVADOR, TATIANA</span> entered 05/27/2015.", "entry_date": "5/27/2015"}, {"date": "5/18/2015", "number": "87", "contents": "<span class='description'>STATE'S SEVENTH AMENDED DISCOVERY EXHIBIT</span> entered 05/19/2015.", "entry_date": "5/19/2015"}, {"date": "5/6/2015", "number": "86", "contents": "<span class='description'>STATE'S SIXTH AMENDED DISCOVERY EXHIBIT</span> entered 05/08/2015.", "entry_date": "5/8/2015"}, {"date": "4/28/2015", "number": "85", "contents": "<span class='description'>PRETRIAL 05/27/2015 9:00 AM - 306 3RD FLOOR, 501 W ADAMS ST JACKSONVILLE FL 32202</span> entered 04/28/2015.", "entry_date": "4/28/2015"}, {"date": "4/28/2015", "number": "84", "contents": "<span class='description'>DEFENDANT PRESENT IN JAIL</span> entered 04/28/2015.", "entry_date": "4/28/2015"}, {"date": "4/28/2015", "number": "83", "contents": "<span class='description'>ATTY. FOR DEF. FINNELL, ANN ELIZABETH</span> entered 04/28/2015.", "entry_date": "4/28/2015"}, {"date": "4/28/2015", "number": "82", "contents": "<span class='description'>ASST. STATE ATTY. GARCIA, JESSICA LYNN</span> entered 04/28/2015.", "entry_date": "4/28/2015"}, {"date": "4/28/2015", "number": "81", "contents": "<span class='description'>JUDGE SALVADOR, TATIANA</span> entered 04/28/2015.", "entry_date": "4/28/2015"}, {"date": "4/9/2015", "number": "80", "contents": "<span class='description'>COURT ORDER AUTHORIZING CERTAIN SPECIFIED COSTS FOR PARTIALLY INDIGENT DEFENDANT</span> entered 04/10/2015.", "entry_date": "4/10/2015"}, {"date": "4/9/2015", "number": "79", "contents": "<span class='description'>COURT ORDER AUTHORIZING CERTAIN SPECIFIED COSTS FOR PARTIALLY INDIGENT DEFENDANT</span> entered 04/10/2015.", "entry_date": "4/10/2015"}, {"date": "4/8/2015", "number": "78", "contents": "<span class='description'>PRETRIAL 04/28/2015 9:00 AM - 306 3RD FLOOR, 501 W ADAMS ST JACKSONVILLE FL 32202</span> entered 04/08/2015.", "entry_date": "4/8/2015"}, {"link_viewer": "https://www.docketalarm.com/cases/Florida_State_Duval_County_Fourth_Circuit_Court/2014-CF-010044/CHAD_HURST/77/", "number": "77", "link": "https://www.docketalarm.com/cases/Florida_State_Duval_County_Fourth_Circuit_Court/2014-CF-010044/CHAD_HURST/docs/77.pdf", "entry_date": "4/8/2015", "date": "4/8/2015", "contents": "<a href=\"/cases/Florida_State_Duval_County_Fourth_Circuit_Court/2014-CF-010044/CHAD_HURST/77/\"><span class='description'>** WAIVER OF SPEEDY TRIAL **</span></a> entered 04/08/2015."}, {"date": "4/8/2015", "number": "76", "contents": "<span class='description'>DEFENDANT PRESENT IN JAIL</span> entered 04/08/2015.", "entry_date": "4/8/2015"}, {"date": "4/8/2015", "number": "75", "contents": "<span class='description'>ATTY. FOR DEF. FINNELL, ANN ELIZABETH</span> entered 04/08/2015.", "entry_date": "4/8/2015"}, {"date": "4/8/2015", "number": "74", "contents": "<span class='description'>ASST. STATE ATTY. GARCIA, JESSICA LYNN</span> entered 04/08/2015.", "entry_date": "4/8/2015"}, {"date": "4/8/2015", "number": "73", "contents": "<span class='description'>JUDGE SALVADOR, TATIANA</span> entered 04/08/2015.", "entry_date": "4/8/2015"}, {"date": "4/7/2015", "number": "72", "contents": "<span class='description'>STATES FIFTH SUPPLEMENTAL DISCOVERY EXHIBIT</span> entered 04/07/2015.", "entry_date": "4/7/2015"}, {"date": "4/6/2015", "number": "71", "contents": "<span class='description'>MOTION FOR PAYMENT OF COSTS CERTAIN SPECIFIED COSTS FOR COURT APPOINTED DEFT. PENALTY PHASE</span> entered 04/08/2015.", "entry_date": "4/8/2015"}, {"date": "4/6/2015", "number": "70", "contents": "<span class='description'>MOTION FOR PAYMENT OF COSTS OF A MITIGATION SPECIALIST PENALTY PHASE</span> entered 04/08/2015.", "entry_date": "4/8/2015"}, {"link_viewer": "https://www.docketalarm.com/cases/Florida_State_Duval_County_Fourth_Circuit_Court/2014-CF-010044/CHAD_HURST/69/", "number": "69", "link": "https://www.docketalarm.com/cases/Florida_State_Duval_County_Fourth_Circuit_Court/2014-CF-010044/CHAD_HURST/docs/69.pdf", "entry_date": "3/26/2015", "date": "3/26/2015", "contents": "<a href=\"/cases/Florida_State_Duval_County_Fourth_Circuit_Court/2014-CF-010044/CHAD_HURST/69/\"><span class='description'>APPLICATION FOR CRIMINAL INDIGENT STATUS - FILED</span></a> entered 03/26/2015."}, {"link_viewer": "https://www.docketalarm.com/cases/Florida_State_Duval_County_Fourth_Circuit_Court/2014-CF-010044/CHAD_HURST/68/", "number": "68", "link": "https://www.docketalarm.com/cases/Florida_State_Duval_County_Fourth_Circuit_Court/2014-CF-010044/CHAD_HURST/docs/68.pdf", "entry_date": "3/26/2015", "date": "3/26/2015", "contents": "<a href=\"/cases/Florida_State_Duval_County_Fourth_Circuit_Court/2014-CF-010044/CHAD_HURST/68/\"><span class='description'>ORDER APPOINTING ATTORNEY PENALTY PHASE</span></a> entered 03/26/2015."}, {"date": "3/19/2015", "number": "67", "contents": "<span class='description'>STATE'S FOURTH AMENDED DISCOVERY EXHIBIT</span> entered 03/19/2015.", "entry_date": "3/19/2015"}, {"date": "2/26/2015", "number": "66", "contents": "<span class='description'>NOTICE OF TAKING DEPOSITION</span> entered 02/26/2015.", "entry_date": "2/26/2015"}, {"date": "2/24/2015", "number": "65", "contents": "<span class='description'>NOTICE OF INTENT TO SEEK DEATH PENALTY AND REQUEST FOR STATEMENT OF PARTICULARS OF MENTAL MITIGATION</span> entered 02/24/2015.", "entry_date": "2/24/2015"}, {"date": "2/24/2015", "number": "64", "contents": "<span class='description'>PRETRIAL 04/08/2015 9:00 AM - 306 3RD FLOOR, 501 W ADAMS ST JACKSONVILLE FL 32202</span> entered 02/24/2015.", "entry_date": "2/24/2015"}, {"date": "2/24/2015", "number": "63", "contents": "<span class='description'>PLEA OF NOT GUILTY</span> entered 02/24/2015.", "entry_date": "2/24/2015"}, {"date": "2/24/2015", "number": "62", "contents": "<span class='description'>PLEA OF NOT GUILTY</span> entered 02/24/2015.", "entry_date": "2/24/2015"}, {"date": "2/24/2015", "number": "61", "contents": "<span class='description'>PLEA OF NOT GUILTY</span> entered 02/24/2015.", "entry_date": "2/24/2015"}, {"date": "2/24/2015", "number": "60", "contents": "<span class='description'>DEFENDANT WAIVED READING OF INDICTMENT AND PLEAD NOT GUILTY</span> entered 02/24/2015.", "entry_date": "2/24/2015"}, {"date": "2/24/2015", "number": "59", "contents": "<span class='description'>DEFENDANT PRESENT IN JAIL</span> entered 02/24/2015.", "entry_date": "2/24/2015"}, {"date": "2/24/2015", "number": "58", "contents": "<span class='description'>ATTY. FOR DEF. FINNELL, ANN ELIZABETH</span> entered 02/24/2015.", "entry_date": "2/24/2015"}, {"date": "2/24/2015", "number": "57", "contents": "<span class='description'>ASST. STATE ATTY. GARCIA, JESSICA LYNN</span> entered 02/24/2015.", "entry_date": "2/24/2015"}, {"date": "2/24/2015", "number": "56", "contents": "<span class='description'>JUDGE SALVADOR, TATIANA</span> entered 02/24/2015.", "entry_date": "2/24/2015"}, {"link_viewer": "https://www.docketalarm.com/cases/Florida_State_Duval_County_Fourth_Circuit_Court/2014-CF-010044/CHAD_HURST/55/", "number": "55", "link": "https://www.docketalarm.com/cases/Florida_State_Duval_County_Fourth_Circuit_Court/2014-CF-010044/CHAD_HURST/docs/55.pdf", "entry_date": "2/2/2015", "date": "1/30/2015", "contents": "<a href=\"/cases/Florida_State_Duval_County_Fourth_Circuit_Court/2014-CF-010044/CHAD_HURST/55/\"><span class='description'>FINDING OF PROBABLE CAUSE ,</span></a> entered 02/02/2015."}, {"date": "1/30/2015", "number": "54", "contents": "<span class='description'>ARREST &amp; BOOKING REPORT 2014-028880 01/29/2015</span> entered 02/02/2015.", "entry_date": "2/2/2015"}, {"date": "1/29/2015", "number": "53", "contents": "<span class='description'>INDICTMENT FILED FOR ATTEMPTED S782.04(1)(A) MURDER - FIRST DEGREE - WITH A WEAPON</span> entered 05/30/2018.", "entry_date": "5/30/2018"}, {"date": "1/29/2015", "number": "52", "contents": "<span class='description'>INDICTMENT FILED FOR S810.02(2)(B) BURGLARY - ARMED/BECOMES ARMED WITH DANGEROUS WEAPON</span> entered 01/29/2015.", "entry_date": "1/29/2015"}, {"date": "1/29/2015", "number": "51", "contents": "<span class='description'>INDICTMENT FILED FOR ATTEMPTED S782.04(1)(A) MURDER - FIRST DEGREE - WITH A WEAPON</span> entered 01/29/2015.", "entry_date": "1/29/2015"}, {"date": "1/29/2015", "number": "50", "contents": "<span class='description'>INDICTMENT FILED FOR S782.04(1)(A) MURDER - FIRST DEGREE</span> entered 01/29/2015.", "entry_date": "1/29/2015"}, {"date": "1/28/2015", "number": "49", "contents": "<span class='description'>PRETRIAL 02/24/2015 9:00 AM - 306 3RD FLOOR, 501 W ADAMS ST JACKSONVILLE FL 32202</span> entered 01/28/2015.", "entry_date": "1/28/2015"}, {"date": "1/28/2015", "number": "48", "contents": "<span class='description'>DEFENDANT PRESENT IN JAIL</span> entered 01/28/2015.", "entry_date": "1/28/2015"}, {"date": "1/28/2015", "number": "47", "contents": "<span class='description'>ATTY. FOR DEF. FINNELL, ANN ELIZABETH</span> entered 01/28/2015.", "entry_date": "1/28/2015"}, {"date": "1/28/2015", "number": "46", "contents": "<span class='description'>ASST. STATE ATTY. GARCIA, JESSICA LYNN</span> entered 01/28/2015.", "entry_date": "1/28/2015"}, {"date": "1/28/2015", "number": "45", "contents": "<span class='description'>JUDGE SALVADOR, TATIANA</span> entered 01/28/2015.", "entry_date": "1/28/2015"}, {"date": "1/27/2015", "number": "44", "contents": "<span class='description'>STATE'S THIRD AMENDED DISCOVERY EXHIBIT</span> entered 01/28/2015.", "entry_date": "1/28/2015"}, {"date": "1/20/2015", "number": "43", "contents": "<span class='description'>STATE'S SECOND AMENDED DISCOVERY EXHIBIT</span> entered 01/20/2015.", "entry_date": "1/20/2015"}, {"date": "1/5/2015", "number": "42", "contents": "<span class='description'>PRETRIAL 01/28/2015 9:00 AM - 306 3RD FLOOR, 501 W ADAMS ST JACKSONVILLE FL 32202</span> entered 01/05/2015.", "entry_date": "1/5/2015"}, {"date": "1/5/2015", "number": "41", "contents": "<span class='description'>&gt; L. HUTTON</span> entered 01/05/2015.", "entry_date": "1/5/2015"}, {"date": "1/5/2015", "number": "40", "contents": "<span class='description'>ATTORNEY PERMITTED TO W/D AS COUNSEL</span> entered 01/05/2015.", "entry_date": "1/5/2015"}, {"date": "1/5/2015", "number": "39", "contents": "<span class='description'>DEFENDANT PRESENT IN JAIL</span> entered 01/05/2015.", "entry_date": "1/5/2015"}, {"date": "1/5/2015", "number": "38", "contents": "<span class='description'>ATTY. FOR DEF. FINNELL, ANN ELIZABETH</span> entered 01/05/2015.", "entry_date": "1/5/2015"}, {"date": "1/5/2015", "number": "37", "contents": "<span class='description'>ASST. STATE ATTY. GARCIA, JESSICA LYNN</span> entered 01/05/2015.", "entry_date": "1/5/2015"}, {"date": "1/5/2015", "number": "36", "contents": "<span class='description'>JUDGE SALVADOR, TATIANA</span> entered 01/05/2015.", "entry_date": "1/5/2015"}, {"date": "12/17/2014", "number": "35", "contents": "<span class='description'>STATE'S FIRST AMENDED DISCOVERY EXHIBIT</span> entered 12/18/2014.", "entry_date": "12/18/2014"}, {"date": "12/17/2014", "number": "34", "contents": "<span class='description'>STIPULATION</span> entered 12/17/2014.", "entry_date": "12/17/2014"}, {"date": "12/9/2014", "number": "33", "contents": "<span class='description'>MOTION TO ADOPT ALL MOTIONS FILED BY PREDECESSOR COUNSEL</span> entered 12/10/2014.", "entry_date": "12/10/2014"}, {"link_viewer": "https://www.docketalarm.com/cases/Florida_State_Duval_County_Fourth_Circuit_Court/2014-CF-010044/CHAD_HURST/32/", "number": "32", "link": "https://www.docketalarm.com/cases/Florida_State_Duval_County_Fourth_Circuit_Court/2014-CF-010044/CHAD_HURST/docs/32.pdf", "entry_date": "12/10/2014", "date": "12/9/2014", "contents": "<a href=\"/cases/Florida_State_Duval_County_Fourth_Circuit_Court/2014-CF-010044/CHAD_HURST/32/\"><span class='description'>NOTICE OF APPEARANCE</span></a> entered 12/10/2014."}, {"date": "12/4/2014", "number": "31", "contents": "<span class='description'>STATE'S DISCOVERY EXHIBIT AND DEMAND FOR RECIPROCAL DISCOVERY</span> entered 12/05/2014.", "entry_date": "12/5/2014"}, {"date": "11/18/2014", "number": "30", "contents": "<span class='description'>PRETRIAL 01/05/2015 9:00 AM - 308 3RD FLOOR, 501 W ADAMS ST JACKSONVILLE FL 32202</span> entered 11/18/2014.", "entry_date": "11/18/2014"}, {"date": "11/18/2014", "number": "29", "contents": "<span class='description'>PLEA OF NOT GUILTY</span> entered 11/18/2014.", "entry_date": "11/18/2014"}, {"date": "11/18/2014", "number": "28", "contents": "<span class='description'>PLEA OF NOT GUILTY</span> entered 11/18/2014.", "entry_date": "11/18/2014"}, {"date": "11/18/2014", "number": "27", "contents": "<span class='description'>DEF. W/READING OF INFO &amp; PLEAD NOT GUILTY</span> entered 11/18/2014.", "entry_date": "11/18/2014"}, {"date": "11/18/2014", "number": "26", "contents": "<span class='description'>DEFENDANT PRESENT IN JAIL</span> entered 11/18/2014.", "entry_date": "11/18/2014"}, {"date": "11/18/2014", "number": "25", "contents": "<span class='description'>ATTY. FOR DEF. HUTTON, L E</span> entered 11/18/2014.", "entry_date": "11/18/2014"}, {"date": "11/18/2014", "number": "24", "contents": "<span class='description'>ASST. STATE ATTY. GARCIA, JESSICA LYNN</span> entered 11/18/2014.", "entry_date": "11/18/2014"}, {"date": "11/18/2014", "number": "23", "contents": "<span class='description'>JUDGE SALVADOR, TATIANA</span> entered 11/18/2014.", "entry_date": "11/18/2014"}, {"date": "11/14/2014", "number": "22", "contents": "<span class='description'>WAIVER OF ARRAIGNMENT AND WRITTEN PLEA OF NOT GUILTY</span> entered 11/17/2014.", "entry_date": "11/17/2014"}, {"date": "11/14/2014", "number": "21", "contents": "<span class='description'>NOTICE OF DISCOVERY</span> entered 11/17/2014.", "entry_date": "11/17/2014"}, {"date": "11/14/2014", "number": "20", "contents": "<span class='description'>MOTION FOR BRADY/GIGLIO MATERIAL AND MEMO OF LAW IN SUPPORT THEREOF</span> entered 11/17/2014.", "entry_date": "11/17/2014"}, {"date": "11/14/2014", "number": "19", "contents": "<span class='description'>MOTION FOR STATEMENT OF PARTICULARS</span> entered 11/17/2014.", "entry_date": "11/17/2014"}, {"date": "11/7/2014", "number": "18", "contents": "<span class='description'>ARRAIGNMENT DATE 11/18/2014 9:00 AM - 308 3RD FLOOR, 501 W ADAMS ST JACKSONVILLE FL 32202</span> entered 11/10/2014.", "entry_date": "11/10/2014"}, {"date": "11/7/2014", "number": "17", "contents": "<span class='description'>INFORMATION FILED ATTEMPTED S782.04(1)(A) MURDER - FIRST DEGREE - WITH A WEAPON</span> entered 11/10/2014.", "entry_date": "11/10/2014"}, {"date": "11/7/2014", "number": "16", "contents": "<span class='description'>INFORMATION FILED S782.04(2) MURDER IN THE SECOND DEGREE WITH A WEAPON</span> entered 11/10/2014.", "entry_date": "11/10/2014"}, {"date": "11/7/2014", "number": "15", "contents": "<span class='description'>INFORMATION</span> entered 11/10/2014.", "entry_date": "11/10/2014"}, {"date": "11/5/2014", "number": "14", "contents": "<span class='description'>TRIAL ASSISTANT STATE ATTORNEY CHANGED TO Garcia, Jessica Lynn PER SAO</span> entered 11/05/2014.", "entry_date": "11/5/2014"}, {"date": "10/27/2014", "number": "13", "contents": "<span class='description'>ARRAIGNMENT COURT DATE: 11/18/2014 SUBJECT TO CHANGE. CALL FOR VERIFICATION</span> entered 10/28/2014.", "entry_date": "10/28/2014"}, {"link_viewer": "https://www.docketalarm.com/cases/Florida_State_Duval_County_Fourth_Circuit_Court/2014-CF-010044/CHAD_HURST/12/", "number": "12", "link": "https://www.docketalarm.com/cases/Florida_State_Duval_County_Fourth_Circuit_Court/2014-CF-010044/CHAD_HURST/docs/12.pdf", "entry_date": "10/28/2014", "date": "10/27/2014", "contents": "<a href=\"/cases/Florida_State_Duval_County_Fourth_Circuit_Court/2014-CF-010044/CHAD_HURST/12/\"><span class='description'>FINDING OF PROBABLE CAUSE ,</span></a> entered 10/28/2014."}, {"date": "10/27/2014", "number": "11", "contents": "<span class='description'>BOND SET AT NONE</span> entered 10/28/2014.", "entry_date": "10/28/2014"}, {"date": "10/27/2014", "number": "10", "contents": "<span class='description'>S782.04 MURDER</span> entered 10/28/2014.", "entry_date": "10/28/2014"}, {"date": "10/27/2014", "number": "9", "contents": "<span class='description'>ARREST &amp; BOOKING REPORT 2014-028880 10/25/2014</span> entered 10/28/2014.", "entry_date": "10/28/2014"}, {"link_viewer": "https://www.docketalarm.com/cases/Florida_State_Duval_County_Fourth_Circuit_Court/2014-CF-010044/CHAD_HURST/8/", "number": "8", "link": "https://www.docketalarm.com/cases/Florida_State_Duval_County_Fourth_Circuit_Court/2014-CF-010044/CHAD_HURST/docs/8.pdf", "entry_date": "11/5/2014", "date": "10/26/2014", "contents": "<a href=\"/cases/Florida_State_Duval_County_Fourth_Circuit_Court/2014-CF-010044/CHAD_HURST/8/\"><span class='description'>FINDING OF PROBABLE CAUSE ,</span></a> entered 11/05/2014."}, {"date": "10/26/2014", "number": "7", "contents": "<span class='description'>&gt; PER COURT</span> entered 11/05/2014.", "entry_date": "11/5/2014"}, {"link_viewer": "https://www.docketalarm.com/cases/Florida_State_Duval_County_Fourth_Circuit_Court/2014-CF-010044/CHAD_HURST/6/", "number": "6", "link": "https://www.docketalarm.com/cases/Florida_State_Duval_County_Fourth_Circuit_Court/2014-CF-010044/CHAD_HURST/docs/6.pdf", "entry_date": "11/5/2014", "date": "10/26/2014", "contents": "<a href=\"/cases/Florida_State_Duval_County_Fourth_Circuit_Court/2014-CF-010044/CHAD_HURST/6/\"><span class='description'>DEFENDANT DECLARED INDIGENT, ORDER APPOINTING PUBLIC DEFENDER - FILED</span></a> entered 11/05/2014."}, {"date": "10/26/2014", "number": "5", "contents": "<span class='description'>DEFENDANT DETERMINED NOT INDIGENT</span> entered 11/05/2014.", "entry_date": "11/5/2014"}, {"link_viewer": "https://www.docketalarm.com/cases/Florida_State_Duval_County_Fourth_Circuit_Court/2014-CF-010044/CHAD_HURST/4/", "number": "4", "link": "https://www.docketalarm.com/cases/Florida_State_Duval_County_Fourth_Circuit_Court/2014-CF-010044/CHAD_HURST/docs/4.pdf", "entry_date": "11/5/2014", "date": "10/26/2014", "contents": "<a href=\"/cases/Florida_State_Duval_County_Fourth_Circuit_Court/2014-CF-010044/CHAD_HURST/4/\"><span class='description'>APPLICATION FOR CRIMINAL INDIGENT STATUS - FILED</span></a> entered 11/05/2014."}, {"date": "10/26/2014", "number": "3", "contents": "<span class='description'>BOND SET AT NONE</span> entered 11/05/2014.", "entry_date": "11/5/2014"}, {"date": "10/26/2014", "number": "2", "contents": "<span class='description'>ATTEMPTED-S782.04(1)(A) MURDER - FIRST DEGREE - WITH A WEAPON</span> entered 11/05/2014.", "entry_date": "11/5/2014"}, {"date": "10/26/2014", "number": "1", "contents": "<span class='description'>ARREST &amp; BOOKING REPORT 2014-028880 10/25/2014</span> entered 11/05/2014.", "entry_date": "11/5/2014"}], "analyze": {"last_analyze": "6/22/2020"}, "success": true, "parties": [{"race": "W", "name_normalized": "Chad Hurst", "name": "CHAD HURST", "sex": "Male", "other": [], "type": "Defendant"}]}