{"info": {"status": "DISPOSED", "division": "CR-C", "judges": ["CHARBULA, MEREDITH"], "court": "Florida State, Duval County, Fourth Circuit Court", "title": "KEITH DION JACKSON II", "date_filed": "5/18/2016", "link": "https://www.docketalarm.com/cases/Florida_State_Duval_County_Fourth_Circuit_Court/2016-CF-004366/KEITH_DION_JACKSON_II/", "judges_normalized": ["Charbula Meredith"], "judge": "CHARBULA, MEREDITH", "type": "Circuit Criminal", "docket": "2016-CF-004366"}, "docket_report": [{"date": "2/10/2020", "number": "521", "contents": "<span class='description'>COURT ORDER DIRECTING THE CLERK OF COURT TO MODIFY THE JUDGMENT AND SENTENCE</span> entered 02/11/2020.", "entry_date": "2/11/2020"}, {"date": "2/5/2020", "number": "520", "contents": "<span class='description'>MANDATE FROM APPELLATE COURT AFFIRMED IN PART, REVERSED IN PART, AND REMANDED WITH DIRECTIONS, 1D18-0147 BOOK 19097 PAGE 1329-1331</span> entered 02/05/2020.", "entry_date": "2/5/2020"}, {"date": "4/8/2019", "number": "519", "contents": "<span class='description'>POST OFFICE RETURNED MAIL</span> entered 04/11/2019.", "entry_date": "4/11/2019"}, {"date": "3/26/2019", "number": "517", "contents": "<span class='description'>RECORD ON APPEAL E-FILED TO DCA</span> entered 03/26/2019.", "entry_date": "3/26/2019"}, {"date": "3/26/2019", "number": "516", "contents": "<span class='description'>SUPPLEMENTAL RECORD OF APPEAL VOLUME 2 (1D18-0147)</span> entered 03/26/2019.", "entry_date": "3/26/2019"}, {"date": "3/19/2019", "number": "515", "contents": "<span class='description'>ORDER TO CORRECT SENTENCING ERROR - 3.800(B) - DENIED</span> entered 03/20/2019.", "entry_date": "3/20/2019"}, {"date": "3/4/2019", "number": "514", "contents": "<span class='description'>MOTION TO CORRECT SENTENCING ERROR - 3.800(B) - SECOND PRO-SE</span> entered 03/04/2019.", "entry_date": "3/4/2019"}, {"date": "11/13/2018", "number": "513", "contents": "<span class='description'>RECORD ON APPEAL E-FILED TO DCA</span> entered 11/13/2018.", "entry_date": "11/13/2018"}, {"date": "11/13/2018", "number": "512", "contents": "<span class='description'>SUPPLEMENTAL RECORD OF APPEAL VOL 1 (1D18-0147)</span> entered 11/13/2018.", "entry_date": "11/13/2018"}, {"date": "11/9/2018", "number": "511", "contents": "<span class='description'>CERTIFICATION OF 60 DAY TIME PERIOD EXPIRING WITHOUT ORDER ON DEFENDANT'S MOTION TO CORRECT SENTENCING ERROR</span> entered 11/09/2018.", "entry_date": "11/9/2018"}, {"date": "9/5/2018", "number": "510", "contents": "<span class='description'>MOTION TO CORRECT SENTENCING ERROR - 3.800(B)</span> entered 09/06/2018.", "entry_date": "9/6/2018"}, {"date": "7/9/2018", "number": "509", "contents": "<span class='description'>REQUEST FOR DOCUMENTS</span> entered 07/17/2018.", "entry_date": "7/17/2018"}, {"date": "7/6/2018", "number": "508", "contents": "<span class='description'>CERTIFICATE OF MINISTERIAL ACTION ONLY; STYLED DCA, 1D18-0147</span> entered 07/10/2018.", "entry_date": "7/10/2018"}, {"date": "7/6/2018", "number": "507", "contents": "<span class='description'>DESIGNATION OF A PUBLIC DEFENDER OF THE SECOND JUDICIAL CIRCUIT FOR PURPOSES OF APPEAL; STYLED DCA, 1D18-0147</span> entered 07/10/2018.", "entry_date": "7/10/2018"}, {"date": "6/26/2018", "number": "506", "contents": "<span class='description'>RECORD ON APPEAL E-FILED TO DCA</span> entered 06/26/2018.", "entry_date": "6/26/2018"}, {"date": "6/25/2018", "number": "505", "contents": "<span class='description'>INDEX &amp; RECORD OF APPEAL VOLUME 2 (1D18-0147)</span> entered 06/26/2018.", "entry_date": "6/26/2018"}, {"date": "6/25/2018", "number": "504", "contents": "<span class='description'>INDEX &amp; RECORD OF APPEAL VOLUME 1 (1D18-0147)</span> entered 06/26/2018.", "entry_date": "6/26/2018"}, {"date": "6/14/2018", "number": "503", "contents": "<span class='description'>TESTIMONY &amp; PROCEEDINGS OF NOVEMBER 21, 2017, BEFORE THE HONORABLE JUDGE ANGELA M. COX</span> entered 06/14/2018.", "entry_date": "6/14/2018"}, {"date": "5/25/2018", "number": "502", "contents": "<span class='description'>TRIAL-TESTIMONY &amp; PROCEEDINGS OF OCTOBER 16, 2017, BEFORE THE HONORABLE JUDGE ANGELA M. COX</span> entered 05/29/2018.", "entry_date": "5/29/2018"}, {"date": "5/23/2018", "number": "501", "contents": "<span class='description'>TESTIMONY &amp; PROCEEDINGS OF SEPTEMBER 28TH, 2017, BEFORE THE HONORABLE JUDGE ANGELA COX</span> entered 05/24/2018.", "entry_date": "5/24/2018"}, {"date": "5/16/2018", "number": "500", "contents": "<span class='description'>TESTIMONY &amp; PROCEEDINGS OF OCTOBER 25, 2017, BEFORE THE HONORABLE JUDGE ANGELA M. COX</span> entered 05/18/2018.", "entry_date": "5/18/2018"}, {"date": "5/14/2018", "number": "499", "contents": "<span class='description'>TRIAL-TESTIMONY &amp; PROCEEDINGS OF OCTOBER 20TH, 2017, BEFORE THE HONORABLE JUDGE ANGELA M. COX</span> entered 05/15/2018.", "entry_date": "5/15/2018"}, {"date": "5/14/2018", "number": "498", "contents": "<span class='description'>TRIAL-TESTIMONY &amp; PROCEEDINGS OF OCTOBER 19TH, 2017, BEFORE THE HONORABLE JUDGE ANGELA M. COX</span> entered 05/15/2018.", "entry_date": "5/15/2018"}, {"date": "5/14/2018", "number": "497", "contents": "<span class='description'>TRIAL-TESTIMONY &amp; PROCEEDINGS OF OCTOBER 18TH, 2017, BEFORE THE HONORABLE JUDGE ANGELA M. COX</span> entered 05/15/2018.", "entry_date": "5/15/2018"}, {"date": "4/17/2018", "number": "496", "contents": "<span class='description'>DCA ORDER GRANTING THE COURT REPORTER'S MOTION TO DELIVER TRANSCIPTS ON OR BEFORE 05/23/2018, 1D18-0147</span> entered 04/17/2018.", "entry_date": "4/17/2018"}, {"date": "4/6/2018", "number": "495", "contents": "<span class='description'>MOTION FOR EXTENSION OF TIME TO COMPLETE TRANSCRIPT</span> entered 04/09/2018.", "entry_date": "4/9/2018"}, {"date": "3/22/2018", "number": "494", "contents": "<span class='description'>REPORTER\u2019S ACKNOWLEDGEMENT</span> entered 03/23/2018.", "entry_date": "3/23/2018"}, {"date": "3/22/2018", "number": "493", "contents": "<span class='description'>AMENDED DESIGNATION TO COURT REPORTER FOR STENOGRAPHIC NOTES</span> entered 03/22/2018.", "entry_date": "3/22/2018"}, {"date": "3/22/2018", "number": "492", "contents": "<span class='description'>NOTICE OF APPEARANCE WEBB, ELIZABETH HOGAN</span> entered 03/22/2018.", "entry_date": "3/22/2018"}, {"date": "3/22/2018", "number": "491", "contents": "<span class='description'>TESTIMONY &amp; PROCEEDINGS OF OCTOBER 10TH, 2017, BEFORE THE HONORABLE JUDGE ANGELA COX</span> entered 03/22/2018.", "entry_date": "3/22/2018"}, {"date": "3/20/2018", "number": "490", "contents": "<span class='description'>ORDER OF INSOL. &amp; APPT. OF COUNSEL FOR PUR.OF APPEAL</span> entered 03/20/2018.", "entry_date": "3/20/2018"}, {"date": "3/16/2018", "number": "489", "contents": "<span class='description'>DCA ORDER TO SHOW CAUSE 1D18-0147</span> entered 03/21/2018.", "entry_date": "3/21/2018"}, {"date": "2/8/2018", "number": "488", "contents": "<span class='description'>NOTICE OF INABILITY (STYLED DCA, 1D18-0147)</span> entered 02/08/2018.", "entry_date": "2/8/2018"}, {"date": "2/2/2018", "number": "487", "contents": "<span class='description'>RECORD OF APPEAL - NON-PAYMENT OF FILING FEE LETTER (2ND NON-PAYMENT LETTER SENT)</span> entered 02/02/2018.", "entry_date": "2/2/2018"}, {"date": "1/24/2018", "number": "486", "contents": "<span class='description'>DCA ORDER DIRECTING THE APPELANT TO PAY THE FILING FEE OR FILE AN ORDER OF INSOLVENCY, 1D18-0147</span> entered 02/02/2018.", "entry_date": "2/2/2018"}, {"date": "1/23/2018", "number": "485", "contents": "<span class='description'>NOTICE OF APPEAL (ORIGINAL-HAS ESQ.)</span> entered 01/25/2018.", "entry_date": "1/25/2018"}, {"date": "1/23/2018", "number": "484", "contents": "<span class='description'>LETTER TO DEFT.</span> entered 01/23/2018.", "entry_date": "1/23/2018"}, {"date": "1/23/2018", "number": "483", "contents": "<span class='description'>NOTICE OF INQUIRY - APPEALS</span> entered 01/23/2018.", "entry_date": "1/23/2018"}, {"date": "1/12/2018", "number": "482", "contents": "<span class='description'>DCA ACKNOWLEDGMENT RECEIPT 1D18-0147</span> entered 01/17/2018.", "entry_date": "1/17/2018"}, {"date": "1/10/2018", "number": "481", "contents": "<span class='description'>RECORD OF APPEAL - NON-PAYMENT OF FILING FEE LETTER</span> entered 01/10/2018.", "entry_date": "1/10/2018"}, {"date": "12/20/2017", "number": "480", "contents": "<span class='description'>STATEMENT OF JUDICIAL ACTS TO BE REVIEWED</span> entered 01/04/2018.", "entry_date": "1/4/2018"}, {"date": "12/20/2017", "number": "479", "contents": "<span class='description'>DESIGNATION TO COURT REPORTER</span> entered 01/04/2018.", "entry_date": "1/4/2018"}, {"date": "12/20/2017", "number": "478", "contents": "<span class='description'>NOTICE OF APPEAL BOOK 18240 PAGE 199-200</span> entered 01/04/2018.", "entry_date": "1/4/2018"}, {"date": "12/14/2017", "number": "477", "contents": "<span class='description'>UNIFORM COMMITMENT TO CUSTODY OF DEPT. OF CORRECTIONS</span> entered 12/14/2017.", "entry_date": "12/14/2017"}, {"date": "11/28/2017", "number": "476", "contents": "<span class='description'>RECEIPT FOR CIVIL PROCESS, JAIL, WARRANTS</span> entered 11/29/2017.", "entry_date": "11/29/2017"}, {"date": "11/28/2017", "number": "475", "contents": "<span class='description'>COMMITMENT CHECKLIST SENT</span> entered 11/28/2017.", "entry_date": "11/28/2017"}, {"date": "11/28/2017", "number": "474", "contents": "<span class='description'>UNIFORM COMMITMENT TO CUSTODY OF DEPT. OF CORRECTIONS</span> entered 11/28/2017.", "entry_date": "11/28/2017"}, {"date": "11/21/2017", "number": "473", "contents": "<span class='description'>CERTIFICATE OF SERVICE FOR JUDGMENT AND SENTENCE</span> entered 11/28/2017.", "entry_date": "11/28/2017"}, {"date": "11/21/2017", "number": "470", "contents": "<span class='description'>STATE EXHIBITS FILED 2 AND B</span> entered 11/28/2017.", "entry_date": "11/28/2017"}, {"date": "11/21/2017", "number": "469", "contents": "<span class='description'>STATE EXHIBITS FILED 1AND A</span> entered 11/28/2017.", "entry_date": "11/28/2017"}, {"date": "11/21/2017", "number": "468", "contents": "<span class='description'>COURT ORDERED COSTS/FINES/FEES BOOK 18199 PAGE 1013-1014</span> entered 11/22/2017.", "entry_date": "11/22/2017"}, {"date": "11/21/2017", "number": "467", "contents": "<span class='description'>PAYMENT AUTHORIZATION SHEET</span> entered 11/22/2017.", "entry_date": "11/22/2017"}, {"date": "11/21/2017", "number": "466", "contents": "<span class='description'>PAY $5,175 RESTITUTION JOINT AND SEVERAL WITH CO-DEFENDANTS</span> entered 11/22/2017.", "entry_date": "11/22/2017"}, {"date": "11/21/2017", "number": "465", "contents": "<span class='description'>SENTENCING GUIDELINES</span> entered 11/22/2017.", "entry_date": "11/22/2017"}, {"date": "11/21/2017", "number": "464", "contents": "<span class='description'>PRE-SENT. INVESTIGATION REPORT SEALED ,</span> entered 11/22/2017.", "entry_date": "11/22/2017"}, {"date": "11/21/2017", "number": "463", "contents": "<span class='description'>CREDIT TIME: 553 DAYS</span> entered 11/22/2017.", "entry_date": "11/22/2017"}, {"date": "11/21/2017", "number": "462", "contents": "<span class='description'>JUDGMENT AND SENTENCE TO STATE PRISON FOR 15 YEARS</span> entered 11/22/2017.", "entry_date": "11/22/2017"}, {"date": "11/21/2017", "number": "461", "contents": "<span class='description'>DEF. ADJUDGED GUILTY - FINGERPRINTS TAKEN</span> entered 11/22/2017.", "entry_date": "11/22/2017"}, {"date": "11/21/2017", "number": "460", "contents": "<span class='description'>CREDIT TIME: 553 DAYS</span> entered 11/22/2017.", "entry_date": "11/22/2017"}, {"date": "11/21/2017", "number": "459", "contents": "<span class='description'>JUDGMENT AND SENTENCE TO STATE PRISON FOR 5 YEARS</span> entered 11/22/2017.", "entry_date": "11/22/2017"}, {"date": "11/21/2017", "number": "458", "contents": "<span class='description'>DEF. ADJUDGED GUILTY - FINGERPRINTS TAKEN</span> entered 11/22/2017.", "entry_date": "11/22/2017"}, {"date": "11/21/2017", "number": "457", "contents": "<span class='description'>FEES DUE: 11/23/2099</span> entered 11/22/2017.", "entry_date": "11/22/2017"}, {"date": "11/21/2017", "number": "456", "contents": "<span class='description'>CSTF 20.00 IMPOSED</span> entered 11/22/2017.", "entry_date": "11/22/2017"}, {"date": "11/21/2017", "number": "455", "contents": "<span class='description'>SAIEF 100.00 IMPOSED</span> entered 11/22/2017.", "entry_date": "11/22/2017"}, {"date": "11/21/2017", "number": "454", "contents": "<span class='description'>AACC 65.00 IMPOSED</span> entered 11/22/2017.", "entry_date": "11/22/2017"}, {"date": "11/21/2017", "number": "453", "contents": "<span class='description'>SOCIF 100.00 IMPOSED</span> entered 11/22/2017.", "entry_date": "11/22/2017"}, {"date": "11/21/2017", "number": "452", "contents": "<span class='description'>TNC 3.00 IMPOSED</span> entered 11/22/2017.", "entry_date": "11/22/2017"}, {"date": "11/21/2017", "number": "451", "contents": "<span class='description'>LGTF 225.00 IMPOSED</span> entered 11/22/2017.", "entry_date": "11/22/2017"}, {"date": "11/21/2017", "number": "450", "contents": "<span class='description'>CCT 50.00 IMPOSED</span> entered 11/22/2017.", "entry_date": "11/22/2017"}, {"date": "11/21/2017", "number": "449", "contents": "<span class='description'>COST OF COURT 50.00 IMPOSED</span> entered 11/22/2017.", "entry_date": "11/22/2017"}, {"date": "11/21/2017", "number": "448", "contents": "<span class='description'>LEEA 3.00 IMPOSED</span> entered 11/22/2017.", "entry_date": "11/22/2017"}, {"date": "11/21/2017", "number": "447", "contents": "<span class='description'>5% CVC 5.00 IMPOSED</span> entered 11/22/2017.", "entry_date": "11/22/2017"}, {"date": "11/21/2017", "number": "446", "contents": "<span class='description'>BASE FINE 100.00 IMPOSED</span> entered 11/22/2017.", "entry_date": "11/22/2017"}, {"date": "11/21/2017", "number": "445", "contents": "<span class='description'>CONCURRENT WITH 16-CF-2645 &amp; 16-CF-4369</span> entered 12/13/2017.", "entry_date": "12/13/2017"}, {"date": "11/21/2017", "number": "444", "contents": "<span class='description'>3 YEAR MINIMUM MANDATORY SENTENCE IMPOSED PER F.S. 775.087 AS TO COUNT: 3, CONCURRENT TO MIN/MAN IN COUNT 1</span> entered 11/22/2017.", "entry_date": "11/22/2017"}, {"date": "11/21/2017", "number": "443", "contents": "<span class='description'>SENTENCED AS A PRISON RELEASE RE-OFFENDER WITH LIFE MIN/MAN PER FS. 775.082(9) AS TO COUNT 1</span> entered 11/22/2017.", "entry_date": "11/22/2017"}, {"date": "11/21/2017", "number": "442", "contents": "<span class='description'>COUNTS TO RUN CONCURRENT</span> entered 11/22/2017.", "entry_date": "11/22/2017"}, {"date": "11/21/2017", "number": "441", "contents": "<span class='description'>CREDIT TIME: 533 DAYS</span> entered 11/22/2017.", "entry_date": "11/22/2017"}, {"date": "11/21/2017", "number": "440", "contents": "<span class='description'>JUDGMENT AND SENTENCE TO STATE PRISON FOR LIFE BOOK 19107 PAGE 624-633</span> entered 02/13/2020.", "entry_date": "2/13/2020"}, {"date": "11/21/2017", "number": "439", "contents": "<span class='description'>DEF. ADJUDGED GUILTY - FINGERPRINTS TAKEN</span> entered 11/22/2017.", "entry_date": "11/22/2017"}, {"date": "11/21/2017", "number": "438", "contents": "<span class='description'>PRR HEARING HELD IN FULL</span> entered 11/22/2017.", "entry_date": "11/22/2017"}, {"date": "11/21/2017", "number": "437", "contents": "<span class='description'>CLERKS EXHIBIT MEMO</span> entered 11/22/2017.", "entry_date": "11/22/2017"}, {"date": "11/21/2017", "number": "436", "contents": "<span class='description'>CLERKS MEMO OF HEARING</span> entered 11/22/2017.", "entry_date": "11/22/2017"}, {"date": "11/21/2017", "number": "435", "contents": "<span class='description'>MOTION FOR NEW TRIAL DENIED</span> entered 11/22/2017.", "entry_date": "11/22/2017"}, {"date": "11/21/2017", "number": "434", "contents": "<span class='description'>SENTENCING HEARING HELD IN FULL</span> entered 11/22/2017.", "entry_date": "11/22/2017"}, {"date": "11/21/2017", "number": "433", "contents": "<span class='description'>DEFENDANT PRESENT IN JAIL</span> entered 11/22/2017.", "entry_date": "11/22/2017"}, {"date": "11/21/2017", "number": "432", "contents": "<span class='description'>ATTY. FOR DEF. FLETCHER, W CHARLES</span> entered 11/22/2017.", "entry_date": "11/22/2017"}, {"date": "11/21/2017", "number": "431", "contents": "<span class='description'>ASST. STATE ATTY. KITE, LONDON MAHOGANY</span> entered 11/22/2017.", "entry_date": "11/22/2017"}, {"date": "11/21/2017", "number": "430", "contents": "<span class='description'>JUDGE COX, ANGELA M.</span> entered 11/22/2017.", "entry_date": "11/22/2017"}, {"date": "11/20/2017", "number": "429", "contents": "<span class='description'>@11:30 AM</span> entered 11/20/2017.", "entry_date": "11/20/2017"}, {"date": "11/20/2017", "number": "428", "contents": "<span class='description'>SENTENCING 11/21/2017 9:00 AM - 505 5TH FLOOR, 501 W ADAMS ST JACKSONVILLE FL 32202</span> entered 11/20/2017.", "entry_date": "11/20/2017"}, {"date": "11/20/2017", "number": "427", "contents": "<span class='description'>DEFENDANT PRESENT IN JAIL</span> entered 11/20/2017.", "entry_date": "11/20/2017"}, {"date": "11/20/2017", "number": "426", "contents": "<span class='description'>ATTY. FOR DEF. FLETCHER, W CHARLES</span> entered 11/20/2017.", "entry_date": "11/20/2017"}, {"date": "11/20/2017", "number": "425", "contents": "<span class='description'>ASST. STATE ATTY. KITE, LONDON MAHOGANY</span> entered 11/20/2017.", "entry_date": "11/20/2017"}, {"date": "11/20/2017", "number": "424", "contents": "<span class='description'>JUDGE COX, ANGELA M.</span> entered 11/20/2017.", "entry_date": "11/20/2017"}, {"date": "10/30/2017", "number": "423", "contents": "<span class='description'>MOTION FOR NEW TRIAL</span> entered 10/31/2017.", "entry_date": "10/31/2017"}, {"date": "10/25/2017", "number": "422", "contents": "<span class='description'>COURT DATE PREVIOUSLY SET 11/20/17 SENT. TBS</span> entered 10/25/2017.", "entry_date": "10/25/2017"}, {"date": "10/25/2017", "number": "421", "contents": "<span class='description'>COURT ORDER DENYING PRO SE MOTION FOR COUNSEL TO WITHDRAW DISCHARGED TRIAL COUNSEL - ENTERED</span> entered 10/25/2017.", "entry_date": "10/25/2017"}, {"date": "10/25/2017", "number": "420", "contents": "<span class='description'>COURT ORDER DENYING PRO SE MOTION FOR EVIDENTIARY HEARING STATUS - ENTERED</span> entered 10/25/2017.", "entry_date": "10/25/2017"}, {"date": "10/25/2017", "number": "419", "contents": "<span class='description'>COURT ORDER DENYING PRO SE MOTION WITH GROUNDS TO DISCHARGED RELEASED DEFENDANT - ENTERED</span> entered 10/25/2017.", "entry_date": "10/25/2017"}, {"date": "10/25/2017", "number": "418", "contents": "<span class='description'>COURT ORDER DENYING PRO SE MOTION TO DISMISS ARGUMENT - ENTERED</span> entered 10/25/2017.", "entry_date": "10/25/2017"}, {"date": "10/25/2017", "number": "417", "contents": "<span class='description'>COURT ORDER DENYING PRO SE MOTION TO REDUCE CHARGES TO LESSER INCLUDED OFFENSES- ENTERED</span> entered 10/25/2017.", "entry_date": "10/25/2017"}, {"date": "10/25/2017", "number": "416", "contents": "<span class='description'>COURT ORDER DENYING PRO SE MOTION FOR SUPPRESSION HEARING - ENTERED</span> entered 10/25/2017.", "entry_date": "10/25/2017"}, {"date": "10/25/2017", "number": "415", "contents": "<span class='description'>COURT ORDER DENYING PRO SE MOTION TO SUPPRESS - ENTERED</span> entered 10/25/2017.", "entry_date": "10/25/2017"}, {"date": "10/25/2017", "number": "414", "contents": "<span class='description'>NOTICE OF INTENT TO CLASSIFY DEFT AS A PRISON RELEASE RE-OFFENDER -FILED AND SERVED</span> entered 10/25/2017.", "entry_date": "10/25/2017"}, {"date": "10/25/2017", "number": "413", "contents": "<span class='description'>DEFENDANT PRESENT IN JAIL</span> entered 10/25/2017.", "entry_date": "10/25/2017"}, {"date": "10/25/2017", "number": "412", "contents": "<span class='description'>ATTY. FOR DEF. FLETCHER, W CHARLES</span> entered 10/25/2017.", "entry_date": "10/25/2017"}, {"date": "10/25/2017", "number": "411", "contents": "<span class='description'>ASST. STATE ATTY. KITE, LONDON MAHOGANY</span> entered 10/25/2017.", "entry_date": "10/25/2017"}, {"date": "10/25/2017", "number": "410", "contents": "<span class='description'>JUDGE COX, ANGELA M.</span> entered 10/25/2017.", "entry_date": "10/25/2017"}, {"date": "10/24/2017", "number": "409", "contents": "<span class='description'>PER JA E-MAIL 11/20/17 SENTENCING TBS PER JA E-MAIL</span> entered 10/24/2017.", "entry_date": "10/24/2017"}, {"date": "10/24/2017", "number": "408", "contents": "<span class='description'>HEARING ON MOTION 10/25/2017 9:00 AM - 505 5TH FLOOR, 501 W ADAMS ST JACKSONVILLE FL 32202</span> entered 10/24/2017.", "entry_date": "10/24/2017"}, {"date": "10/23/2017", "number": "407", "contents": "<span class='description'>MOTION TO SUPPRESS - PRO-SE</span> entered 10/23/2017.", "entry_date": "10/23/2017"}, {"date": "10/23/2017", "number": "406", "contents": "<span class='description'>DOCUMENTS - \u00a7198342 U.S.C. CIVIL RIGHTS LAWSUIT COMPLAINT WITH TRIAL DEMAND - PRO-SE</span> entered 10/23/2017.", "entry_date": "10/23/2017"}, {"date": "10/23/2017", "number": "405", "contents": "<span class='description'>DOCUMENTS - FL BAR COMPLAINT - PRO-SE</span> entered 10/23/2017.", "entry_date": "10/23/2017"}, {"date": "10/23/2017", "number": "404", "contents": "<span class='description'>COURT DATE PREVIOUSLY SET 11/20/17</span> entered 10/23/2017.", "entry_date": "10/23/2017"}, {"date": "10/23/2017", "number": "403", "contents": "<span class='description'>&gt; ATTORNEY NOT PRESENT</span> entered 10/23/2017.", "entry_date": "10/23/2017"}, {"date": "10/23/2017", "number": "402", "contents": "<span class='description'>DEFENDANT NOT PRESENT</span> entered 10/23/2017.", "entry_date": "10/23/2017"}, {"date": "10/23/2017", "number": "401", "contents": "<span class='description'>ATTY. FOR DEF. FLETCHER, W CHARLES</span> entered 10/23/2017.", "entry_date": "10/23/2017"}, {"date": "10/23/2017", "number": "400", "contents": "<span class='description'>ASST. STATE ATTY. KITE, LONDON MAHOGANY</span> entered 10/23/2017.", "entry_date": "10/23/2017"}, {"date": "10/23/2017", "number": "399", "contents": "<span class='description'>JUDGE COX, ANGELA M.</span> entered 10/23/2017.", "entry_date": "10/23/2017"}, {"date": "10/21/2017", "number": "398", "contents": "<span class='description'>CLERKS EXHIBIT MEMO</span> entered 10/30/2017.", "entry_date": "10/30/2017"}, {"date": "10/20/2017", "number": "397", "contents": "<span class='description'>SENTENCING - TO BE SET 11/20/2017 9:00 AM - 505 5TH FLOOR, 501 W ADAMS ST JACKSONVILLE FL 32202</span> entered 10/20/2017.", "entry_date": "10/20/2017"}, {"date": "10/20/2017", "number": "396", "contents": "<span class='description'>SENTENCING - TO BE SET 10/23/2017 9:00 AM - 505 5TH FLOOR, 501 W ADAMS ST JACKSONVILLE FL 32202</span> entered 10/20/2017.", "entry_date": "10/20/2017"}, {"date": "10/20/2017", "number": "395", "contents": "<span class='description'>STIPULATION REGARDING FELONY CONVICTION - FILED</span> entered 10/20/2017.", "entry_date": "10/20/2017"}, {"date": "10/20/2017", "number": "394", "contents": "<span class='description'>JURY INSTRUCTIONS \u2013 FILED</span> entered 10/20/2017.", "entry_date": "10/20/2017"}, {"date": "10/20/2017", "number": "393", "contents": "<span class='description'>JURY INSTRUCTIONS \u2013 FILED</span> entered 10/20/2017.", "entry_date": "10/20/2017"}, {"date": "10/20/2017", "number": "392", "contents": "<span class='description'>CLERKS EXHIBIT MEMO</span> entered 10/20/2017.", "entry_date": "10/20/2017"}, {"date": "10/20/2017", "number": "391", "contents": "<span class='description'>CLERKS MEMO OF TRIAL</span> entered 10/20/2017.", "entry_date": "10/20/2017"}, {"date": "10/20/2017", "number": "390", "contents": "<span class='description'>BOND SET AT NONE</span> entered 10/20/2017.", "entry_date": "10/20/2017"}, {"date": "10/20/2017", "number": "389", "contents": "<span class='description'>BOND SET AT NONE</span> entered 10/20/2017.", "entry_date": "10/20/2017"}, {"date": "10/20/2017", "number": "388", "contents": "<span class='description'>BOND SET AT NONE</span> entered 10/20/2017.", "entry_date": "10/20/2017"}, {"date": "10/20/2017", "number": "387", "contents": "<span class='description'>PSI ORDERED</span> entered 10/20/2017.", "entry_date": "10/20/2017"}, {"date": "10/20/2017", "number": "386", "contents": "<span class='description'>JURY DISCHARGED</span> entered 10/20/2017.", "entry_date": "10/20/2017"}, {"date": "10/20/2017", "number": "385", "contents": "<span class='description'>VERDICT- GUILTY AS CHARGED IN THE INDICTMENT</span> entered 10/20/2017.", "entry_date": "10/20/2017"}, {"date": "10/20/2017", "number": "384", "contents": "<span class='description'>JURY IN AT 5:41 PM - JURY OUT AT 5:46 PM</span> entered 10/20/2017.", "entry_date": "10/20/2017"}, {"date": "10/20/2017", "number": "383", "contents": "<span class='description'>INSTRUCTIONS TO JURY IN FULL (BIFURCATED COUNT )</span> entered 10/20/2017.", "entry_date": "10/20/2017"}, {"date": "10/20/2017", "number": "382", "contents": "<span class='description'>REDUCED S787.02 FALSE IMPRISONMENT</span> entered 10/20/2017.", "entry_date": "10/20/2017"}, {"date": "10/20/2017", "number": "381", "contents": "<span class='description'>VERDICT- GUILTY OF A LESSER INCLUDED OFFENSE OF FALSE IMPRISONMENT F.S. 787.02 3\u00b0F</span> entered 10/20/2017.", "entry_date": "10/20/2017"}, {"date": "10/20/2017", "number": "380", "contents": "<span class='description'>REDUCED S782.04(2) MURDER - SECOND DEGREE</span> entered 10/20/2017.", "entry_date": "10/20/2017"}, {"date": "10/20/2017", "number": "379", "contents": "<span class='description'>VERDICT- GUILTY OF A LESSER INCLUDED OFFENSE OF SECOND DEGREE MURDER, F.S. 782.04(2), 775.087, 1\u00b0F PBL</span> entered 10/20/2017.", "entry_date": "10/20/2017"}, {"date": "10/20/2017", "number": "378", "contents": "<span class='description'>JUROR QUESTION \u2013 FILED (1)</span> entered 10/20/2017.", "entry_date": "10/20/2017"}, {"date": "10/20/2017", "number": "377", "contents": "<span class='description'>CHARGE CONFERENCE HELD IN FULL (BIFURCATED COUNT)</span> entered 10/20/2017.", "entry_date": "10/20/2017"}, {"date": "10/20/2017", "number": "376", "contents": "<span class='description'>JURY IN AT 3:09 PM - JURY OUT AT 5:34 PM</span> entered 10/20/2017.", "entry_date": "10/20/2017"}, {"date": "10/20/2017", "number": "375", "contents": "<span class='description'>ALTERNATE JUROR DISCHARGED (JURORS)</span> entered 10/20/2017.", "entry_date": "10/20/2017"}, {"date": "10/20/2017", "number": "374", "contents": "<span class='description'>INSTRUCTIONS TO JURY IN FULL</span> entered 10/20/2017.", "entry_date": "10/20/2017"}, {"date": "10/20/2017", "number": "373", "contents": "<span class='description'>CLOSING ARGUMENTS IN: FULL BY STATE AND DEFENSE</span> entered 10/20/2017.", "entry_date": "10/20/2017"}, {"date": "10/20/2017", "number": "372", "contents": "<span class='description'>CHARGE CONFERENCE HELD IN -FULL/ COMPLETED</span> entered 10/20/2017.", "entry_date": "10/20/2017"}, {"date": "10/20/2017", "number": "371", "contents": "<span class='description'>DEFENSE RENEWS ORAL MOTION FOR JUDGMENT OF ACQUITTAL - DENIED</span> entered 10/20/2017.", "entry_date": "10/20/2017"}, {"date": "10/20/2017", "number": "370", "contents": "<span class='description'>DEFENSE RESTS</span> entered 10/20/2017.", "entry_date": "10/20/2017"}, {"date": "10/20/2017", "number": "369", "contents": "<span class='description'>EVIDENCE TO JURY IN FULL -\"DEFENSE\"</span> entered 10/20/2017.", "entry_date": "10/20/2017"}, {"date": "10/20/2017", "number": "368", "contents": "<span class='description'>COURT INQUIRY OF DEFENDANT ABOUT REPRESENTATION - COMPLETED</span> entered 10/20/2017.", "entry_date": "10/20/2017"}, {"date": "10/20/2017", "number": "367", "contents": "<span class='description'>OTHERS PRESENT: ASA: T. PATTERSON-BARGE (2ND CHAIR)</span> entered 10/20/2017.", "entry_date": "10/20/2017"}, {"date": "10/20/2017", "number": "366", "contents": "<span class='description'>DEFENDANT PRESENT IN JAIL</span> entered 10/20/2017.", "entry_date": "10/20/2017"}, {"date": "10/20/2017", "number": "365", "contents": "<span class='description'>ATTY. FOR DEF. FLETCHER, W CHARLES</span> entered 10/20/2017.", "entry_date": "10/20/2017"}, {"date": "10/20/2017", "number": "364", "contents": "<span class='description'>ASST. STATE ATTY. KITE, LONDON MAHOGANY</span> entered 10/20/2017.", "entry_date": "10/20/2017"}, {"date": "10/20/2017", "number": "363", "contents": "<span class='description'>JUDGE COX, ANGELA M.</span> entered 10/20/2017.", "entry_date": "10/20/2017"}, {"date": "10/19/2017", "number": "362", "contents": "<span class='description'>STATE EXHIBITS FILED 186</span> entered 06/22/2018.", "entry_date": "6/22/2018"}, {"date": "10/19/2017", "number": "361", "contents": "<span class='description'>STATE EXHIBITS FILED 185</span> entered 06/22/2018.", "entry_date": "6/22/2018"}, {"date": "10/19/2017", "number": "360", "contents": "<span class='description'>STATE EXHIBITS FILED 184</span> entered 06/22/2018.", "entry_date": "6/22/2018"}, {"date": "10/19/2017", "number": "359", "contents": "<span class='description'>STATE EXHIBITS FILED 183</span> entered 06/22/2018.", "entry_date": "6/22/2018"}, {"date": "10/19/2017", "number": "358", "contents": "<span class='description'>STATE EXHIBITS FILED 182</span> entered 06/22/2018.", "entry_date": "6/22/2018"}, {"date": "10/19/2017", "number": "357", "contents": "<span class='description'>STATE EXHIBITS FILED 181</span> entered 06/22/2018.", "entry_date": "6/22/2018"}, {"date": "10/19/2017", "number": "356", "contents": "<span class='description'>STATE EXHIBITS FILED 180</span> entered 06/22/2018.", "entry_date": "6/22/2018"}, {"date": "10/19/2017", "number": "355", "contents": "<span class='description'>STATE EXHIBITS FILED 179</span> entered 06/22/2018.", "entry_date": "6/22/2018"}, {"date": "10/19/2017", "number": "354", "contents": "<span class='description'>STATE EXHIBITS FILED 178</span> entered 06/22/2018.", "entry_date": "6/22/2018"}, {"date": "10/19/2017", "number": "353", "contents": "<span class='description'>STATE EXHIBITS FILED 177</span> entered 06/21/2018.", "entry_date": "6/21/2018"}, {"date": "10/19/2017", "number": "352", "contents": "<span class='description'>STATE EXHIBITS FILED 176</span> entered 06/21/2018.", "entry_date": "6/21/2018"}, {"date": "10/19/2017", "number": "351", "contents": "<span class='description'>STATE EXHIBITS FILED 175</span> entered 06/21/2018.", "entry_date": "6/21/2018"}, {"date": "10/19/2017", "number": "350", "contents": "<span class='description'>STATE EXHIBITS FILED 174</span> entered 06/21/2018.", "entry_date": "6/21/2018"}, {"date": "10/19/2017", "number": "349", "contents": "<span class='description'>STATE EXHIBITS FILED 173</span> entered 06/21/2018.", "entry_date": "6/21/2018"}, {"date": "10/19/2017", "number": "348", "contents": "<span class='description'>STATE EXHIBITS FILED 172</span> entered 06/21/2018.", "entry_date": "6/21/2018"}, {"date": "10/19/2017", "number": "347", "contents": "<span class='description'>STATE EXHIBITS FILED 171</span> entered 06/21/2018.", "entry_date": "6/21/2018"}, {"date": "10/19/2017", "number": "346", "contents": "<span class='description'>STATE EXHIBITS FILED 170</span> entered 06/21/2018.", "entry_date": "6/21/2018"}, {"date": "10/19/2017", "number": "345", "contents": "<span class='description'>STATE EXHIBITS FILED 169</span> entered 06/21/2018.", "entry_date": "6/21/2018"}, {"date": "10/19/2017", "number": "344", "contents": "<span class='description'>STATE EXHIBITS FILED 168</span> entered 06/21/2018.", "entry_date": "6/21/2018"}, {"date": "10/19/2017", "number": "343", "contents": "<span class='description'>STATE EXHIBITS FILED 167</span> entered 06/21/2018.", "entry_date": "6/21/2018"}, {"date": "10/19/2017", "number": "342", "contents": "<span class='description'>STATE EXHIBITS FILED 166</span> entered 06/21/2018.", "entry_date": "6/21/2018"}, {"date": "10/19/2017", "number": "341", "contents": "<span class='description'>STATE EXHIBITS FILED 165</span> entered 06/21/2018.", "entry_date": "6/21/2018"}, {"date": "10/19/2017", "number": "340", "contents": "<span class='description'>STATE EXHIBITS FILED 164</span> entered 06/21/2018.", "entry_date": "6/21/2018"}, {"date": "10/19/2017", "number": "339", "contents": "<span class='description'>STATE EXHIBITS FILED 163</span> entered 06/21/2018.", "entry_date": "6/21/2018"}, {"date": "10/19/2017", "number": "338", "contents": "<span class='description'>STATE EXHIBITS FILED 162</span> entered 06/21/2018.", "entry_date": "6/21/2018"}, {"date": "10/19/2017", "number": "337", "contents": "<span class='description'>STATE EXHIBITS FILED 161</span> entered 06/21/2018.", "entry_date": "6/21/2018"}, {"date": "10/19/2017", "number": "336", "contents": "<span class='description'>STATE EXHIBITS FILED 160</span> entered 06/21/2018.", "entry_date": "6/21/2018"}, {"date": "10/19/2017", "number": "335", "contents": "<span class='description'>STATE EXHIBITS FILED 159</span> entered 06/21/2018.", "entry_date": "6/21/2018"}, {"date": "10/19/2017", "number": "334", "contents": "<span class='description'>STATE EXHIBITS FILED 158</span> entered 06/21/2018.", "entry_date": "6/21/2018"}, {"date": "10/19/2017", "number": "333", "contents": "<span class='description'>STATE EXHIBITS FILED 157</span> entered 06/21/2018.", "entry_date": "6/21/2018"}, {"date": "10/19/2017", "number": "332", "contents": "<span class='description'>STATE EXHIBITS FILED 156</span> entered 06/21/2018.", "entry_date": "6/21/2018"}, {"date": "10/19/2017", "number": "331", "contents": "<span class='description'>STATE EXHIBITS FILED 155</span> entered 06/21/2018.", "entry_date": "6/21/2018"}, {"date": "10/19/2017", "number": "330", "contents": "<span class='description'>STATE EXHIBITS FILED 154</span> entered 06/21/2018.", "entry_date": "6/21/2018"}, {"date": "10/19/2017", "number": "329", "contents": "<span class='description'>STATE EXHIBITS FILED 153</span> entered 06/21/2018.", "entry_date": "6/21/2018"}, {"date": "10/19/2017", "number": "328", "contents": "<span class='description'>STATE EXHIBITS FILED 152</span> entered 06/21/2018.", "entry_date": "6/21/2018"}, {"date": "10/19/2017", "number": "327", "contents": "<span class='description'>STATE EXHIBITS FILED 151</span> entered 06/21/2018.", "entry_date": "6/21/2018"}, {"date": "10/19/2017", "number": "326", "contents": "<span class='description'>STATE EXHIBITS FILED 150</span> entered 06/21/2018.", "entry_date": "6/21/2018"}, {"date": "10/19/2017", "number": "325", "contents": "<span class='description'>STATE EXHIBITS FILED 149</span> entered 06/21/2018.", "entry_date": "6/21/2018"}, {"date": "10/19/2017", "number": "324", "contents": "<span class='description'>STATE EXHIBITS FILED 148</span> entered 06/21/2018.", "entry_date": "6/21/2018"}, {"date": "10/19/2017", "number": "323", "contents": "<span class='description'>STATE EXHIBITS FILED 147</span> entered 06/21/2018.", "entry_date": "6/21/2018"}, {"date": "10/19/2017", "number": "322", "contents": "<span class='description'>STATE EXHIBITS FILED 146</span> entered 06/21/2018.", "entry_date": "6/21/2018"}, {"date": "10/19/2017", "number": "321", "contents": "<span class='description'>STATE EXHIBITS FILED 145</span> entered 06/21/2018.", "entry_date": "6/21/2018"}, {"date": "10/19/2017", "number": "320", "contents": "<span class='description'>STATE EXHIBITS FILED 144</span> entered 06/21/2018.", "entry_date": "6/21/2018"}, {"date": "10/19/2017", "number": "319", "contents": "<span class='description'>STATE EXHIBITS FILED 143</span> entered 06/21/2018.", "entry_date": "6/21/2018"}, {"date": "10/19/2017", "number": "318", "contents": "<span class='description'>STATE EXHIBITS FILED 142</span> entered 06/21/2018.", "entry_date": "6/21/2018"}, {"date": "10/19/2017", "number": "317", "contents": "<span class='description'>STATE EXHIBITS FILED 141</span> entered 06/21/2018.", "entry_date": "6/21/2018"}, {"date": "10/19/2017", "number": "316", "contents": "<span class='description'>STATE EXHIBITS FILED 140</span> entered 06/21/2018.", "entry_date": "6/21/2018"}, {"date": "10/19/2017", "number": "315", "contents": "<span class='description'>STATE EXHIBITS FILED 139</span> entered 06/21/2018.", "entry_date": "6/21/2018"}, {"date": "10/19/2017", "number": "314", "contents": "<span class='description'>STATE EXHIBITS FILED 138</span> entered 06/21/2018.", "entry_date": "6/21/2018"}, {"date": "10/19/2017", "number": "313", "contents": "<span class='description'>STATE EXHIBITS FILED 137</span> entered 06/21/2018.", "entry_date": "6/21/2018"}, {"date": "10/19/2017", "number": "312", "contents": "<span class='description'>STATE EXHIBITS FILED 136</span> entered 06/21/2018.", "entry_date": "6/21/2018"}, {"date": "10/19/2017", "number": "311", "contents": "<span class='description'>STATE EXHIBITS FILED 135</span> entered 06/21/2018.", "entry_date": "6/21/2018"}, {"date": "10/19/2017", "number": "310", "contents": "<span class='description'>STATE EXHIBITS FILED 134</span> entered 06/21/2018.", "entry_date": "6/21/2018"}, {"date": "10/19/2017", "number": "309", "contents": "<span class='description'>STATE EXHIBITS FILED 133</span> entered 06/21/2018.", "entry_date": "6/21/2018"}, {"date": "10/19/2017", "number": "308", "contents": "<span class='description'>STATE EXHIBITS FILED 132</span> entered 06/21/2018.", "entry_date": "6/21/2018"}, {"date": "10/19/2017", "number": "307", "contents": "<span class='description'>TRIAL 10/20/2017 9:00 AM - 505 5TH FLOOR, 501 W ADAMS ST JACKSONVILLE FL 32202</span> entered 10/19/2017.", "entry_date": "10/19/2017"}, {"date": "10/19/2017", "number": "306", "contents": "<span class='description'>CHARGE CONFERENCE HELD IN PART</span> entered 10/19/2017.", "entry_date": "10/19/2017"}, {"date": "10/19/2017", "number": "305", "contents": "<span class='description'>DEFENSE ORAL MOTION FOR JUDGMENT OF ACQUITTAL - DENIED</span> entered 10/19/2017.", "entry_date": "10/19/2017"}, {"date": "10/19/2017", "number": "304", "contents": "<span class='description'>STATE RESTS</span> entered 10/19/2017.", "entry_date": "10/19/2017"}, {"date": "10/19/2017", "number": "303", "contents": "<span class='description'>EVIDENCE TO JURY IN FULL -\"STATE'S\"</span> entered 10/19/2017.", "entry_date": "10/19/2017"}, {"date": "10/19/2017", "number": "302", "contents": "<span class='description'>OTHERS PRESENT: ASA: T. PATTERSON-BARGE (2ND CHAIR)</span> entered 10/19/2017.", "entry_date": "10/19/2017"}, {"date": "10/19/2017", "number": "301", "contents": "<span class='description'>DEFENDANT PRESENT IN JAIL</span> entered 10/19/2017.", "entry_date": "10/19/2017"}, {"date": "10/19/2017", "number": "300", "contents": "<span class='description'>ATTY. FOR DEF. FLETCHER, W CHARLES</span> entered 10/19/2017.", "entry_date": "10/19/2017"}, {"date": "10/19/2017", "number": "299", "contents": "<span class='description'>ASST. STATE ATTY. KITE, LONDON MAHOGANY</span> entered 10/19/2017.", "entry_date": "10/19/2017"}, {"date": "10/19/2017", "number": "298", "contents": "<span class='description'>JUDGE COX, ANGELA M.</span> entered 10/19/2017.", "entry_date": "10/19/2017"}, {"date": "10/19/2017", "number": "297", "contents": "<span class='description'>STATE EXHIBITS FILED 130</span> entered 06/20/2018.", "entry_date": "6/20/2018"}, {"date": "10/18/2017", "number": "296", "contents": "<span class='description'>STATE EXHIBITS FILED 129</span> entered 06/20/2018.", "entry_date": "6/20/2018"}, {"date": "10/18/2017", "number": "295", "contents": "<span class='description'>STATE EXHIBITS FILED 128</span> entered 06/20/2018.", "entry_date": "6/20/2018"}, {"date": "10/18/2017", "number": "294", "contents": "<span class='description'>STATE EXHIBITS FILED 127</span> entered 06/20/2018.", "entry_date": "6/20/2018"}, {"date": "10/18/2017", "number": "293", "contents": "<span class='description'>STATE EXHIBITS FILED 117</span> entered 06/20/2018.", "entry_date": "6/20/2018"}, {"date": "10/18/2017", "number": "292", "contents": "<span class='description'>STATE EXHIBITS FILED 116</span> entered 06/20/2018.", "entry_date": "6/20/2018"}, {"date": "10/18/2017", "number": "291", "contents": "<span class='description'>STATE EXHIBITS FILED 115</span> entered 06/20/2018.", "entry_date": "6/20/2018"}, {"date": "10/18/2017", "number": "290", "contents": "<span class='description'>STATE EXHIBITS FILED 114</span> entered 06/20/2018.", "entry_date": "6/20/2018"}, {"date": "10/18/2017", "number": "289", "contents": "<span class='description'>STATE EXHIBITS FILED 113</span> entered 06/20/2018.", "entry_date": "6/20/2018"}, {"date": "10/18/2017", "number": "288", "contents": "<span class='description'>STATE EXHIBITS FILED 112</span> entered 06/20/2018.", "entry_date": "6/20/2018"}, {"date": "10/18/2017", "number": "287", "contents": "<span class='description'>STATE EXHIBITS FILED 111</span> entered 06/20/2018.", "entry_date": "6/20/2018"}, {"date": "10/18/2017", "number": "286", "contents": "<span class='description'>STATE EXHIBITS FILED 110</span> entered 06/20/2018.", "entry_date": "6/20/2018"}, {"date": "10/18/2017", "number": "285", "contents": "<span class='description'>STATE EXHIBITS FILED 109</span> entered 06/20/2018.", "entry_date": "6/20/2018"}, {"date": "10/18/2017", "number": "284", "contents": "<span class='description'>STATE EXHIBITS FILED 108</span> entered 06/20/2018.", "entry_date": "6/20/2018"}, {"date": "10/18/2017", "number": "283", "contents": "<span class='description'>STATE EXHIBITS FILED 107</span> entered 06/20/2018.", "entry_date": "6/20/2018"}, {"date": "10/18/2017", "number": "282", "contents": "<span class='description'>STATE EXHIBITS FILED 106</span> entered 06/20/2018.", "entry_date": "6/20/2018"}, {"date": "10/18/2017", "number": "281", "contents": "<span class='description'>STATE EXHIBITS FILED 105</span> entered 06/20/2018.", "entry_date": "6/20/2018"}, {"date": "10/18/2017", "number": "280", "contents": "<span class='description'>STATE EXHIBITS FILED 104</span> entered 06/20/2018.", "entry_date": "6/20/2018"}, {"date": "10/18/2017", "number": "279", "contents": "<span class='description'>STATE EXHIBITS FILED 103</span> entered 06/20/2018.", "entry_date": "6/20/2018"}, {"date": "10/18/2017", "number": "278", "contents": "<span class='description'>STATE EXHIBITS FILED 102</span> entered 06/20/2018.", "entry_date": "6/20/2018"}, {"date": "10/18/2017", "number": "277", "contents": "<span class='description'>STATE EXHIBITS FILED 101</span> entered 06/20/2018.", "entry_date": "6/20/2018"}, {"date": "10/18/2017", "number": "276", "contents": "<span class='description'>STATE EXHIBITS FILED 100</span> entered 06/20/2018.", "entry_date": "6/20/2018"}, {"date": "10/18/2017", "number": "275", "contents": "<span class='description'>STATE EXHIBITS FILED 99</span> entered 06/20/2018.", "entry_date": "6/20/2018"}, {"date": "10/18/2017", "number": "274", "contents": "<span class='description'>STATE EXHIBITS FILED 98</span> entered 06/20/2018.", "entry_date": "6/20/2018"}, {"date": "10/18/2017", "number": "273", "contents": "<span class='description'>STATE EXHIBITS FILED 97</span> entered 06/20/2018.", "entry_date": "6/20/2018"}, {"date": "10/18/2017", "number": "272", "contents": "<span class='description'>STATE EXHIBITS FILED 95</span> entered 06/20/2018.", "entry_date": "6/20/2018"}, {"date": "10/18/2017", "number": "271", "contents": "<span class='description'>STATE EXHIBITS FILED 94</span> entered 06/20/2018.", "entry_date": "6/20/2018"}, {"date": "10/18/2017", "number": "270", "contents": "<span class='description'>STATE EXHIBITS FILED 93</span> entered 06/20/2018.", "entry_date": "6/20/2018"}, {"date": "10/18/2017", "number": "269", "contents": "<span class='description'>STATE EXHIBITS FILED 92</span> entered 06/20/2018.", "entry_date": "6/20/2018"}, {"date": "10/18/2017", "number": "268", "contents": "<span class='description'>STATE EXHIBITS FILED 91</span> entered 06/20/2018.", "entry_date": "6/20/2018"}, {"date": "10/18/2017", "number": "267", "contents": "<span class='description'>STATE EXHIBITS FILED 90</span> entered 06/20/2018.", "entry_date": "6/20/2018"}, {"date": "10/18/2017", "number": "266", "contents": "<span class='description'>STATE EXHIBITS FILED 89</span> entered 06/20/2018.", "entry_date": "6/20/2018"}, {"date": "10/18/2017", "number": "265", "contents": "<span class='description'>STATE EXHIBITS FILED 88</span> entered 06/20/2018.", "entry_date": "6/20/2018"}, {"date": "10/18/2017", "number": "264", "contents": "<span class='description'>STATE EXHIBITS FILED 87</span> entered 06/20/2018.", "entry_date": "6/20/2018"}, {"date": "10/18/2017", "number": "263", "contents": "<span class='description'>STATE EXHIBITS FILED 86</span> entered 06/20/2018.", "entry_date": "6/20/2018"}, {"date": "10/18/2017", "number": "262", "contents": "<span class='description'>STATE EXHIBITS FILED 85</span> entered 06/20/2018.", "entry_date": "6/20/2018"}, {"date": "10/18/2017", "number": "261", "contents": "<span class='description'>STATE EXHIBITS FILED 84</span> entered 06/20/2018.", "entry_date": "6/20/2018"}, {"date": "10/18/2017", "number": "260", "contents": "<span class='description'>STATE EXHIBITS FILED 83</span> entered 06/20/2018.", "entry_date": "6/20/2018"}, {"date": "10/18/2017", "number": "259", "contents": "<span class='description'>STATE EXHIBITS FILED 82</span> entered 06/20/2018.", "entry_date": "6/20/2018"}, {"date": "10/18/2017", "number": "258", "contents": "<span class='description'>STATE EXHIBITS FILED 81</span> entered 06/20/2018.", "entry_date": "6/20/2018"}, {"date": "10/18/2017", "number": "257", "contents": "<span class='description'>STATE EXHIBITS FILED 80</span> entered 06/20/2018.", "entry_date": "6/20/2018"}, {"date": "10/18/2017", "number": "256", "contents": "<span class='description'>STATE EXHIBITS FILED 79</span> entered 06/20/2018.", "entry_date": "6/20/2018"}, {"date": "10/18/2017", "number": "255", "contents": "<span class='description'>STATE EXHIBITS FILED 78</span> entered 06/20/2018.", "entry_date": "6/20/2018"}, {"date": "10/18/2017", "number": "254", "contents": "<span class='description'>STATE EXHIBITS FILED 77</span> entered 06/20/2018.", "entry_date": "6/20/2018"}, {"date": "10/18/2017", "number": "253", "contents": "<span class='description'>STATE EXHIBITS FILED 76</span> entered 06/20/2018.", "entry_date": "6/20/2018"}, {"date": "10/18/2017", "number": "252", "contents": "<span class='description'>STATE EXHIBITS FILED 75</span> entered 06/20/2018.", "entry_date": "6/20/2018"}, {"date": "10/18/2017", "number": "251", "contents": "<span class='description'>STATE EXHIBITS FILED 74</span> entered 06/20/2018.", "entry_date": "6/20/2018"}, {"date": "10/18/2017", "number": "250", "contents": "<span class='description'>STATE EXHIBITS FILED 73</span> entered 06/20/2018.", "entry_date": "6/20/2018"}, {"date": "10/18/2017", "number": "249", "contents": "<span class='description'>STATE EXHIBITS FILED 72</span> entered 06/20/2018.", "entry_date": "6/20/2018"}, {"date": "10/18/2017", "number": "248", "contents": "<span class='description'>STATE EXHIBITS FILED 71</span> entered 06/20/2018.", "entry_date": "6/20/2018"}, {"date": "10/18/2017", "number": "247", "contents": "<span class='description'>STATE EXHIBITS FILED 70</span> entered 06/20/2018.", "entry_date": "6/20/2018"}, {"date": "10/18/2017", "number": "246", "contents": "<span class='description'>STATE EXHIBITS FILED 69</span> entered 06/20/2018.", "entry_date": "6/20/2018"}, {"date": "10/18/2017", "number": "245", "contents": "<span class='description'>STATE EXHIBITS FILED 68</span> entered 06/20/2018.", "entry_date": "6/20/2018"}, {"date": "10/18/2017", "number": "244", "contents": "<span class='description'>STATE EXHIBITS FILED 67</span> entered 06/20/2018.", "entry_date": "6/20/2018"}, {"date": "10/18/2017", "number": "243", "contents": "<span class='description'>STATE EXHIBITS FILED 66</span> entered 06/20/2018.", "entry_date": "6/20/2018"}, {"date": "10/18/2017", "number": "242", "contents": "<span class='description'>STATE EXHIBITS FILED 65</span> entered 06/20/2018.", "entry_date": "6/20/2018"}, {"date": "10/18/2017", "number": "241", "contents": "<span class='description'>STATE EXHIBITS FILED 64</span> entered 06/20/2018.", "entry_date": "6/20/2018"}, {"date": "10/18/2017", "number": "240", "contents": "<span class='description'>STATE EXHIBITS FILED 63</span> entered 06/20/2018.", "entry_date": "6/20/2018"}, {"date": "10/18/2017", "number": "239", "contents": "<span class='description'>STATE EXHIBITS FILED 62</span> entered 06/20/2018.", "entry_date": "6/20/2018"}, {"date": "10/18/2017", "number": "238", "contents": "<span class='description'>STATE EXHIBITS FILED 61</span> entered 06/20/2018.", "entry_date": "6/20/2018"}, {"date": "10/18/2017", "number": "237", "contents": "<span class='description'>STATE EXHIBITS FILED 60</span> entered 06/20/2018.", "entry_date": "6/20/2018"}, {"date": "10/18/2017", "number": "236", "contents": "<span class='description'>STATE EXHIBITS FILED 59</span> entered 06/20/2018.", "entry_date": "6/20/2018"}, {"date": "10/18/2017", "number": "235", "contents": "<span class='description'>STATE EXHIBITS FILED 58</span> entered 06/20/2018.", "entry_date": "6/20/2018"}, {"date": "10/18/2017", "number": "234", "contents": "<span class='description'>STATE EXHIBITS FILED 57</span> entered 06/20/2018.", "entry_date": "6/20/2018"}, {"date": "10/18/2017", "number": "233", "contents": "<span class='description'>STATE EXHIBITS FILED 56</span> entered 06/20/2018.", "entry_date": "6/20/2018"}, {"date": "10/18/2017", "number": "232", "contents": "<span class='description'>STATE EXHIBITS FILED 55</span> entered 06/20/2018.", "entry_date": "6/20/2018"}, {"date": "10/18/2017", "number": "231", "contents": "<span class='description'>STATE EXHIBITS FILED 54</span> entered 06/20/2018.", "entry_date": "6/20/2018"}, {"date": "10/18/2017", "number": "230", "contents": "<span class='description'>STATE EXHIBITS FILED 53</span> entered 06/20/2018.", "entry_date": "6/20/2018"}, {"date": "10/18/2017", "number": "229", "contents": "<span class='description'>STATE EXHIBITS FILED 52</span> entered 06/20/2018.", "entry_date": "6/20/2018"}, {"date": "10/18/2017", "number": "228", "contents": "<span class='description'>STATE EXHIBITS FILED 51</span> entered 06/20/2018.", "entry_date": "6/20/2018"}, {"date": "10/18/2017", "number": "227", "contents": "<span class='description'>STATE EXHIBITS FILED 50</span> entered 06/20/2018.", "entry_date": "6/20/2018"}, {"date": "10/18/2017", "number": "226", "contents": "<span class='description'>STATE EXHIBITS FILED 49</span> entered 06/20/2018.", "entry_date": "6/20/2018"}, {"date": "10/18/2017", "number": "225", "contents": "<span class='description'>STATE EXHIBITS FILED 48</span> entered 06/20/2018.", "entry_date": "6/20/2018"}, {"date": "10/18/2017", "number": "224", "contents": "<span class='description'>STATE EXHIBITS FILED 47</span> entered 06/20/2018.", "entry_date": "6/20/2018"}, {"date": "10/18/2017", "number": "223", "contents": "<span class='description'>STATE EXHIBITS FILED 46</span> entered 06/20/2018.", "entry_date": "6/20/2018"}, {"date": "10/18/2017", "number": "222", "contents": "<span class='description'>STATE EXHIBITS FILED 45</span> entered 06/20/2018.", "entry_date": "6/20/2018"}, {"date": "10/18/2017", "number": "221", "contents": "<span class='description'>STATE EXHIBITS FILED 44</span> entered 06/20/2018.", "entry_date": "6/20/2018"}, {"date": "10/18/2017", "number": "220", "contents": "<span class='description'>STATE EXHIBITS FILED 43</span> entered 06/20/2018.", "entry_date": "6/20/2018"}, {"date": "10/18/2017", "number": "219", "contents": "<span class='description'>STATE EXHIBITS FILED 42</span> entered 06/20/2018.", "entry_date": "6/20/2018"}, {"date": "10/18/2017", "number": "218", "contents": "<span class='description'>STATE EXHIBITS FILED 41</span> entered 06/20/2018.", "entry_date": "6/20/2018"}, {"date": "10/18/2017", "number": "217", "contents": "<span class='description'>STATE EXHIBITS FILED 40</span> entered 06/20/2018.", "entry_date": "6/20/2018"}, {"date": "10/18/2017", "number": "216", "contents": "<span class='description'>STATE EXHIBITS FILED 39</span> entered 06/20/2018.", "entry_date": "6/20/2018"}, {"date": "10/18/2017", "number": "215", "contents": "<span class='description'>STATE EXHIBITS FILED 38</span> entered 06/20/2018.", "entry_date": "6/20/2018"}, {"date": "10/18/2017", "number": "214", "contents": "<span class='description'>STATE EXHIBITS FILED 37</span> entered 06/20/2018.", "entry_date": "6/20/2018"}, {"date": "10/18/2017", "number": "213", "contents": "<span class='description'>STATE EXHIBITS FILED 36</span> entered 06/20/2018.", "entry_date": "6/20/2018"}, {"date": "10/18/2017", "number": "212", "contents": "<span class='description'>STATE EXHIBITS FILED 35</span> entered 06/20/2018.", "entry_date": "6/20/2018"}, {"date": "10/18/2017", "number": "211", "contents": "<span class='description'>STATE EXHIBITS FILED 34</span> entered 06/20/2018.", "entry_date": "6/20/2018"}, {"date": "10/18/2017", "number": "210", "contents": "<span class='description'>STATE EXHIBITS FILED 33</span> entered 06/20/2018.", "entry_date": "6/20/2018"}, {"date": "10/18/2017", "number": "209", "contents": "<span class='description'>STATE EXHIBITS FILED 32</span> entered 06/20/2018.", "entry_date": "6/20/2018"}, {"date": "10/18/2017", "number": "208", "contents": "<span class='description'>STATE EXHIBITS FILED 31</span> entered 06/20/2018.", "entry_date": "6/20/2018"}, {"date": "10/18/2017", "number": "207", "contents": "<span class='description'>STATE EXHIBITS FILED 30</span> entered 06/20/2018.", "entry_date": "6/20/2018"}, {"date": "10/18/2017", "number": "206", "contents": "<span class='description'>STATE EXHIBITS FILED 29</span> entered 06/20/2018.", "entry_date": "6/20/2018"}, {"date": "10/18/2017", "number": "205", "contents": "<span class='description'>STATE EXHIBITS FILED 28</span> entered 06/20/2018.", "entry_date": "6/20/2018"}, {"date": "10/18/2017", "number": "204", "contents": "<span class='description'>STATE EXHIBITS FILED 27</span> entered 06/20/2018.", "entry_date": "6/20/2018"}, {"date": "10/18/2017", "number": "203", "contents": "<span class='description'>STATE EXHIBITS FILED 26</span> entered 06/20/2018.", "entry_date": "6/20/2018"}, {"date": "10/18/2017", "number": "202", "contents": "<span class='description'>STATE EXHIBITS FILED 25</span> entered 06/20/2018.", "entry_date": "6/20/2018"}, {"date": "10/18/2017", "number": "201", "contents": "<span class='description'>STATE EXHIBITS FILED 24</span> entered 06/20/2018.", "entry_date": "6/20/2018"}, {"date": "10/18/2017", "number": "200", "contents": "<span class='description'>STATE EXHIBITS FILED 23</span> entered 06/20/2018.", "entry_date": "6/20/2018"}, {"date": "10/18/2017", "number": "199", "contents": "<span class='description'>STATE EXHIBITS FILED 22</span> entered 06/20/2018.", "entry_date": "6/20/2018"}, {"date": "10/18/2017", "number": "198", "contents": "<span class='description'>STATE EXHIBITS FILED 21</span> entered 06/20/2018.", "entry_date": "6/20/2018"}, {"date": "10/18/2017", "number": "197", "contents": "<span class='description'>STATE EXHIBITS FILED 20</span> entered 06/20/2018.", "entry_date": "6/20/2018"}, {"date": "10/18/2017", "number": "196", "contents": "<span class='description'>STATE EXHIBITS FILED 19</span> entered 06/20/2018.", "entry_date": "6/20/2018"}, {"date": "10/18/2017", "number": "195", "contents": "<span class='description'>STATE EXHIBITS FILED 18</span> entered 06/20/2018.", "entry_date": "6/20/2018"}, {"date": "10/18/2017", "number": "194", "contents": "<span class='description'>STATE EXHIBITS FILED 17</span> entered 06/20/2018.", "entry_date": "6/20/2018"}, {"date": "10/18/2017", "number": "193", "contents": "<span class='description'>STATE EXHIBITS FILED 16</span> entered 06/20/2018.", "entry_date": "6/20/2018"}, {"date": "10/18/2017", "number": "192", "contents": "<span class='description'>STATE EXHIBITS FILED 15</span> entered 06/20/2018.", "entry_date": "6/20/2018"}, {"date": "10/18/2017", "number": "191", "contents": "<span class='description'>STATE EXHIBITS FILED 14</span> entered 06/20/2018.", "entry_date": "6/20/2018"}, {"date": "10/18/2017", "number": "190", "contents": "<span class='description'>STATE EXHIBITS FILED 13</span> entered 06/20/2018.", "entry_date": "6/20/2018"}, {"date": "10/18/2017", "number": "189", "contents": "<span class='description'>STATE EXHIBITS FILED 12</span> entered 06/20/2018.", "entry_date": "6/20/2018"}, {"date": "10/18/2017", "number": "188", "contents": "<span class='description'>STATE EXHIBITS FILED 11</span> entered 06/20/2018.", "entry_date": "6/20/2018"}, {"date": "10/18/2017", "number": "187", "contents": "<span class='description'>STATE EXHIBITS FILED 10</span> entered 06/20/2018.", "entry_date": "6/20/2018"}, {"date": "10/18/2017", "number": "186", "contents": "<span class='description'>STATE EXHIBITS FILED 9</span> entered 06/20/2018.", "entry_date": "6/20/2018"}, {"date": "10/18/2017", "number": "185", "contents": "<span class='description'>STATE EXHIBITS FILED 8</span> entered 06/20/2018.", "entry_date": "6/20/2018"}, {"date": "10/18/2017", "number": "184", "contents": "<span class='description'>STATE EXHIBITS FILED 7</span> entered 06/20/2018.", "entry_date": "6/20/2018"}, {"date": "10/18/2017", "number": "183", "contents": "<span class='description'>STATE EXHIBITS FILED 6</span> entered 06/20/2018.", "entry_date": "6/20/2018"}, {"date": "10/18/2017", "number": "182", "contents": "<span class='description'>STATE EXHIBITS FILED 5</span> entered 06/20/2018.", "entry_date": "6/20/2018"}, {"date": "10/18/2017", "number": "181", "contents": "<span class='description'>STATE EXHIBITS FILED 4</span> entered 06/20/2018.", "entry_date": "6/20/2018"}, {"date": "10/18/2017", "number": "180", "contents": "<span class='description'>STATE EXHIBITS FILED 3</span> entered 06/20/2018.", "entry_date": "6/20/2018"}, {"date": "10/18/2017", "number": "179", "contents": "<span class='description'>STATE EXHIBITS FILED 2</span> entered 06/20/2018.", "entry_date": "6/20/2018"}, {"date": "10/18/2017", "number": "178", "contents": "<span class='description'>STATE EXHIBITS FILED 1</span> entered 06/20/2018.", "entry_date": "6/20/2018"}, {"date": "10/18/2017", "number": "177", "contents": "<span class='description'>COURT INQUIRY OF DEFENDANT ABOUT DEFENSE STRATEGY - COMPLETED</span> entered 10/18/2017.", "entry_date": "10/18/2017"}, {"date": "10/18/2017", "number": "176", "contents": "<span class='description'>TRIAL 10/19/2017 9:00 AM - 505 5TH FLOOR, 501 W ADAMS ST JACKSONVILLE FL 32202</span> entered 10/18/2017.", "entry_date": "10/18/2017"}, {"date": "10/18/2017", "number": "175", "contents": "<span class='description'>EVIDENCE TO JURY IN PART - \"STATE'S\"</span> entered 10/18/2017.", "entry_date": "10/18/2017"}, {"date": "10/18/2017", "number": "174", "contents": "<span class='description'>OPENING STATEMENTS TO JURY IN FULL BY STATE AND DEFENSE</span> entered 10/18/2017.", "entry_date": "10/18/2017"}, {"date": "10/18/2017", "number": "173", "contents": "<span class='description'>JURY EMPANELLED &amp; SWORN</span> entered 10/18/2017.", "entry_date": "10/18/2017"}, {"date": "10/18/2017", "number": "172", "contents": "<span class='description'>RULE INVOKED</span> entered 10/18/2017.", "entry_date": "10/18/2017"}, {"date": "10/18/2017", "number": "171", "contents": "<span class='description'>OTHERS PRESENT: ASA: T. PATTERSON-BARGE (2ND CHAIR)</span> entered 10/18/2017.", "entry_date": "10/18/2017"}, {"date": "10/18/2017", "number": "170", "contents": "<span class='description'>DEFENDANT PRESENT IN JAIL</span> entered 10/18/2017.", "entry_date": "10/18/2017"}, {"date": "10/18/2017", "number": "169", "contents": "<span class='description'>ATTY. FOR DEF. FLETCHER, W CHARLES</span> entered 10/18/2017.", "entry_date": "10/18/2017"}, {"date": "10/18/2017", "number": "168", "contents": "<span class='description'>ASST. STATE ATTY. KITE, LONDON MAHOGANY</span> entered 10/18/2017.", "entry_date": "10/18/2017"}, {"date": "10/18/2017", "number": "167", "contents": "<span class='description'>JURY TRIAL HELD</span> entered 10/18/2017.", "entry_date": "10/18/2017"}, {"date": "10/18/2017", "number": "166", "contents": "<span class='description'>JUDGE COX, ANGELA M.</span> entered 10/18/2017.", "entry_date": "10/18/2017"}, {"date": "10/17/2017", "number": "165", "contents": "<span class='description'>ORDER TO COMPEL</span> entered 10/17/2017.", "entry_date": "10/17/2017"}, {"date": "10/16/2017", "number": "164", "contents": "<span class='description'>COURT EXHIBITS 2</span> entered 06/20/2018.", "entry_date": "6/20/2018"}, {"date": "10/16/2017", "number": "163", "contents": "<span class='description'>COURT EXHIBITS 1</span> entered 06/20/2018.", "entry_date": "6/20/2018"}, {"date": "10/16/2017", "number": "162", "contents": "<span class='description'>COURT EXHIBITS 2</span> entered 10/17/2017.", "entry_date": "10/17/2017"}, {"date": "10/16/2017", "number": "161", "contents": "<span class='description'>COURT EXHIBITS 1</span> entered 10/17/2017.", "entry_date": "10/17/2017"}, {"date": "10/16/2017", "number": "160", "contents": "<span class='description'>TRIAL 10/18/2017 9:00 AM - 505 5TH FLOOR, 501 W ADAMS ST JACKSONVILLE FL 32202</span> entered 10/16/2017.", "entry_date": "10/16/2017"}, {"date": "10/16/2017", "number": "159", "contents": "<span class='description'>CLERKS EXHIBIT MEMO</span> entered 10/16/2017.", "entry_date": "10/16/2017"}, {"date": "10/16/2017", "number": "158", "contents": "<span class='description'>JURY SELECTED</span> entered 10/16/2017.", "entry_date": "10/16/2017"}, {"date": "10/16/2017", "number": "157", "contents": "<span class='description'>JURY SELECTION HELD IN FULL</span> entered 10/16/2017.", "entry_date": "10/16/2017"}, {"date": "10/16/2017", "number": "156", "contents": "<span class='description'>MOTION (STATE'S) TO COMPEL FINGERPRING SPECIMENS - GRANTED/ ORDER TO BE ENTERED</span> entered 10/16/2017.", "entry_date": "10/16/2017"}, {"date": "10/16/2017", "number": "155", "contents": "<span class='description'>OTHERS PRESENT: ASA: T. PATTERSON-BARGE (2ND CHAIR)</span> entered 10/16/2017.", "entry_date": "10/16/2017"}, {"date": "10/16/2017", "number": "154", "contents": "<span class='description'>DEFENDANT PRESENT IN JAIL</span> entered 10/16/2017.", "entry_date": "10/16/2017"}, {"date": "10/16/2017", "number": "153", "contents": "<span class='description'>ATTY. FOR DEF. FLETCHER, W CHARLES</span> entered 10/16/2017.", "entry_date": "10/16/2017"}, {"date": "10/16/2017", "number": "152", "contents": "<span class='description'>ASST. STATE ATTY. KITE, LONDON MAHOGANY</span> entered 10/16/2017.", "entry_date": "10/16/2017"}, {"date": "10/16/2017", "number": "151", "contents": "<span class='description'>JUDGE COX, ANGELA M.</span> entered 10/16/2017.", "entry_date": "10/16/2017"}, {"date": "10/16/2017", "number": "150", "contents": "<span class='description'>STATE'S SUPPLEMENTAL DISCOVERY EXHIBIT (THIRD)- FILED</span> entered 10/16/2017.", "entry_date": "10/16/2017"}, {"date": "10/13/2017", "number": "149", "contents": "<span class='description'>MOTION TO COMPEL FINGERPRINT SPECIMENS</span> entered 10/16/2017.", "entry_date": "10/16/2017"}, {"date": "10/10/2017", "number": "148", "contents": "<span class='description'>JURY SELECTION 10/16/2017 9:00 AM - 505 5TH FLOOR, 501 W ADAMS ST JACKSONVILLE FL 32202</span> entered 10/10/2017.", "entry_date": "10/10/2017"}, {"date": "10/10/2017", "number": "147", "contents": "<span class='description'>FINAL PRETRIAL COLLOQUE COMPLETED WITH DEFENDANT</span> entered 10/10/2017.", "entry_date": "10/10/2017"}, {"date": "10/10/2017", "number": "146", "contents": "<span class='description'>FARETTA INQUIRY HELD IN FULL/ DEFENDANT WITHDREW REQUEST TO REPRESENT HIMSELF</span> entered 10/10/2017.", "entry_date": "10/10/2017"}, {"date": "10/10/2017", "number": "145", "contents": "<span class='description'>DEFENDANT PRESENT IN JAIL</span> entered 10/10/2017.", "entry_date": "10/10/2017"}, {"date": "10/10/2017", "number": "144", "contents": "<span class='description'>ATTY. FOR DEF. FLETCHER, W CHARLES</span> entered 10/10/2017.", "entry_date": "10/10/2017"}, {"date": "10/10/2017", "number": "143", "contents": "<span class='description'>ASST. STATE ATTY. KITE, LONDON MAHOGANY</span> entered 10/10/2017.", "entry_date": "10/10/2017"}, {"date": "10/10/2017", "number": "142", "contents": "<span class='description'>JUDGE COX, ANGELA M.</span> entered 10/10/2017.", "entry_date": "10/10/2017"}, {"date": "10/5/2017", "number": "141", "contents": "<span class='description'>MOTION TO DISCHARGE COUNSEL AND REQUEST SELF-REPRESENTATION - PRO-SE</span> entered 10/06/2017.", "entry_date": "10/6/2017"}, {"date": "9/28/2017", "number": "140", "contents": "<span class='description'>10/16/17 JS</span> entered 09/28/2017.", "entry_date": "9/28/2017"}, {"date": "9/28/2017", "number": "139", "contents": "<span class='description'>FINAL PRETRIAL 10/10/2017 9:00 AM - 505 5TH FLOOR, 501 W ADAMS ST JACKSONVILLE FL 32202</span> entered 09/28/2017.", "entry_date": "9/28/2017"}, {"date": "9/28/2017", "number": "138", "contents": "<span class='description'>COURT ORDER GRANTING DEFENSE MOTION TO CONTINUE TRIAL - ENTERED</span> entered 09/28/2017.", "entry_date": "9/28/2017"}, {"date": "9/28/2017", "number": "137", "contents": "<span class='description'>MOTION (DEFENSE) TO CONTINUE TRIAL - FILED</span> entered 09/28/2017.", "entry_date": "9/28/2017"}, {"date": "9/28/2017", "number": "136", "contents": "<span class='description'>DEFENDANT PRESENT IN JAIL</span> entered 09/28/2017.", "entry_date": "9/28/2017"}, {"date": "9/28/2017", "number": "135", "contents": "<span class='description'>ATTY. FOR DEF. FLETCHER, W CHARLES</span> entered 09/28/2017.", "entry_date": "9/28/2017"}, {"date": "9/28/2017", "number": "134", "contents": "<span class='description'>ASST. STATE ATTY. KITE, LONDON MAHOGANY</span> entered 09/28/2017.", "entry_date": "9/28/2017"}, {"date": "9/28/2017", "number": "133", "contents": "<span class='description'>JUDGE COX, ANGELA M.</span> entered 09/28/2017.", "entry_date": "9/28/2017"}, {"date": "9/15/2017", "number": "132", "contents": "<span class='description'>09/18/17 JS</span> entered 09/15/2017.", "entry_date": "9/15/2017"}, {"date": "9/15/2017", "number": "131", "contents": "<span class='description'>FINAL PRETRIAL 09/28/2017 9:00 AM - 505 5TH FLOOR, 501 W ADAMS ST JACKSONVILLE FL 32202</span> entered 09/15/2017.", "entry_date": "9/15/2017"}, {"date": "9/15/2017", "number": "130", "contents": "<span class='description'>CANCEL REASON - ADMINISTRATIVELY PASSED DUE TO HURRICANE IRMA</span> entered 09/15/2017.", "entry_date": "9/15/2017"}, {"date": "9/15/2017", "number": "129", "contents": "<span class='description'>CANCELLED FINAL PRETRIAL ON 9/14/2017 9:00:00 AM</span> entered 09/15/2017.", "entry_date": "9/15/2017"}, {"date": "8/25/2017", "number": "128", "contents": "<span class='description'>STATES# SECOND SUPPLEMENTAL DISCOVERY EXHIBIT</span> entered 08/25/2017.", "entry_date": "8/25/2017"}, {"date": "5/10/2017", "number": "127", "contents": "<span class='description'>09/18/17 JS</span> entered 05/10/2017.", "entry_date": "5/10/2017"}, {"date": "5/10/2017", "number": "126", "contents": "<span class='description'>FINAL PRETRIAL 09/14/2017 9:00 AM - 505 5TH FLOOR, 501 W ADAMS ST JACKSONVILLE FL 32202</span> entered 05/10/2017.", "entry_date": "5/10/2017"}, {"date": "5/10/2017", "number": "125", "contents": "<span class='description'>DEFENDANT PRESENT IN JAIL</span> entered 05/10/2017.", "entry_date": "5/10/2017"}, {"date": "5/10/2017", "number": "124", "contents": "<span class='description'>ATTY. FOR DEF. FLETCHER, W CHARLES</span> entered 05/10/2017.", "entry_date": "5/10/2017"}, {"date": "5/10/2017", "number": "123", "contents": "<span class='description'>ASST. STATE ATTY. KITE, LONDON MAHOGANY</span> entered 05/10/2017.", "entry_date": "5/10/2017"}, {"date": "5/10/2017", "number": "122", "contents": "<span class='description'>JUDGE COX, ANGELA M.</span> entered 05/10/2017.", "entry_date": "5/10/2017"}, {"date": "4/7/2017", "number": "121", "contents": "<span class='description'>PRETRIAL 05/10/2017 9:00 AM - 505 5TH FLOOR, 501 W ADAMS ST JACKSONVILLE FL 32202</span> entered 04/07/2017.", "entry_date": "4/7/2017"}, {"date": "4/7/2017", "number": "120", "contents": "<span class='description'>ORAL MOTION (DEFENSE) FOR CONTINUACE - GRANTED WITHOUT OBJECTION ***STRIKE 4/10/17 JS***/ WRITTEN TO MOTION TO FOLLOW</span> entered 04/07/2017.", "entry_date": "4/7/2017"}, {"date": "4/7/2017", "number": "119", "contents": "<span class='description'>DEFENDANT PRESENT IN JAIL</span> entered 04/07/2017.", "entry_date": "4/7/2017"}, {"date": "4/7/2017", "number": "118", "contents": "<span class='description'>ATTY. FOR DEF. FLETCHER, W CHARLES</span> entered 04/07/2017.", "entry_date": "4/7/2017"}, {"date": "4/7/2017", "number": "117", "contents": "<span class='description'>ASST. STATE ATTY. KITE, LONDON MAHOGANY</span> entered 04/07/2017.", "entry_date": "4/7/2017"}, {"date": "4/7/2017", "number": "116", "contents": "<span class='description'>JUDGE COX, ANGELA M.</span> entered 04/07/2017.", "entry_date": "4/7/2017"}, {"date": "4/4/2017", "number": "115", "contents": "<span class='description'>4/10/17 JS</span> entered 04/04/2017.", "entry_date": "4/4/2017"}, {"date": "4/4/2017", "number": "114", "contents": "<span class='description'>FINAL PRETRIAL 04/07/2017 9:00 AM - 505 5TH FLOOR, 501 W ADAMS ST JACKSONVILLE FL 32202</span> entered 04/04/2017.", "entry_date": "4/4/2017"}, {"date": "4/4/2017", "number": "113", "contents": "<span class='description'>&gt; ATTORNEY NOT PRESENT</span> entered 04/04/2017.", "entry_date": "4/4/2017"}, {"date": "4/4/2017", "number": "112", "contents": "<span class='description'>DEFENDANT NOT PRESENT</span> entered 04/04/2017.", "entry_date": "4/4/2017"}, {"date": "4/4/2017", "number": "111", "contents": "<span class='description'>ATTY. FOR DEF. FLETCHER, W CHARLES</span> entered 04/04/2017.", "entry_date": "4/4/2017"}, {"date": "4/4/2017", "number": "110", "contents": "<span class='description'>ASST. STATE ATTY. KITE, LONDON MAHOGANY</span> entered 04/04/2017.", "entry_date": "4/4/2017"}, {"date": "4/4/2017", "number": "109", "contents": "<span class='description'>JUDGE COX, ANGELA M.</span> entered 04/04/2017.", "entry_date": "4/4/2017"}, {"date": "3/17/2017", "number": "108", "contents": "<span class='description'>COURT DATE PREVIOUSLY SET - 04/04/17 FPT &amp; 04/10/17 JS</span> entered 03/17/2017.", "entry_date": "3/17/2017"}, {"date": "3/17/2017", "number": "107", "contents": "<span class='description'>NELSON HEARING : HELD IN FULL / FOUND BASELESS - ATTORNEY C. FLETCHER TO REMAIN AS COUNSEL FOR THE DEFENSE</span> entered 03/17/2017.", "entry_date": "3/17/2017"}, {"date": "3/17/2017", "number": "106", "contents": "<span class='description'>DEFENDANT PRESENT IN JAIL</span> entered 03/17/2017.", "entry_date": "3/17/2017"}, {"date": "3/17/2017", "number": "105", "contents": "<span class='description'>ATTY. FOR DEF. FLETCHER, W CHARLES</span> entered 03/17/2017.", "entry_date": "3/17/2017"}, {"date": "3/17/2017", "number": "104", "contents": "<span class='description'>ASST. STATE ATTY. KITE, LONDON MAHOGANY</span> entered 03/17/2017.", "entry_date": "3/17/2017"}, {"date": "3/17/2017", "number": "103", "contents": "<span class='description'>JUDGE COX, ANGELA M.</span> entered 03/17/2017.", "entry_date": "3/17/2017"}, {"date": "3/9/2017", "number": "102", "contents": "<span class='description'>DEFENDANT'S MOTION FOR NELSON HEARING 04/04 FPT &amp; 04/10 JS PER JA E-MAIL</span> entered 03/09/2017.", "entry_date": "3/9/2017"}, {"date": "3/9/2017", "number": "101", "contents": "<span class='description'>HEARING ON MOTION 03/17/2017 9:00 AM - 505 5TH FLOOR, 501 W ADAMS ST JACKSONVILLE FL 32202</span> entered 03/09/2017.", "entry_date": "3/9/2017"}, {"date": "3/7/2017", "number": "100", "contents": "<span class='description'>STANDING ORDER GOVERNING PRE-TRIAL PROCEDURES AND THE TRIAL OF ALL CRIMINAL ACTIONS PENDING IN DIVISION CR-C OF THE CIRCUIT COURT OF THE FOURTH JUDICIAL CIRCUIT</span> entered 03/07/2017.", "entry_date": "3/7/2017"}, {"date": "3/6/2017", "number": "99", "contents": "<span class='description'>4/10/17 JS</span> entered 03/06/2017.", "entry_date": "3/6/2017"}, {"date": "3/6/2017", "number": "98", "contents": "<span class='description'>FINAL PRETRIAL 04/04/2017 9:00 AM - 505 5TH FLOOR, 501 W ADAMS ST JACKSONVILLE FL 32202</span> entered 03/06/2017.", "entry_date": "3/6/2017"}, {"date": "3/6/2017", "number": "97", "contents": "<span class='description'>DEFENDANT PRESENT IN JAIL</span> entered 03/06/2017.", "entry_date": "3/6/2017"}, {"date": "3/6/2017", "number": "96", "contents": "<span class='description'>ATTY. FOR DEF. FLETCHER, W CHARLES</span> entered 03/06/2017.", "entry_date": "3/6/2017"}, {"date": "3/6/2017", "number": "95", "contents": "<span class='description'>ASST. STATE ATTY. KITE, LONDON MAHOGANY</span> entered 03/06/2017.", "entry_date": "3/6/2017"}, {"date": "3/6/2017", "number": "94", "contents": "<span class='description'>JUDGE COX, ANGELA M.</span> entered 03/06/2017.", "entry_date": "3/6/2017"}, {"date": "2/23/2017", "number": "93", "contents": "<span class='description'>PRETRIAL 03/06/2017 9:00 AM - 505 5TH FLOOR, 501 W ADAMS ST JACKSONVILLE FL 32202</span> entered 02/23/2017.", "entry_date": "2/23/2017"}, {"date": "2/23/2017", "number": "92", "contents": "<span class='description'>DEFENDANT PRESENT IN JAIL</span> entered 02/23/2017.", "entry_date": "2/23/2017"}, {"date": "2/23/2017", "number": "91", "contents": "<span class='description'>&gt; ATTORNEY NOT PRESENT</span> entered 02/23/2017.", "entry_date": "2/23/2017"}, {"date": "2/23/2017", "number": "90", "contents": "<span class='description'>ATTY. FOR DEF. FLETCHER, W CHARLES</span> entered 02/23/2017.", "entry_date": "2/23/2017"}, {"date": "2/23/2017", "number": "89", "contents": "<span class='description'>ASST. STATE ATTY. KITE, LONDON MAHOGANY</span> entered 02/23/2017.", "entry_date": "2/23/2017"}, {"date": "2/23/2017", "number": "88", "contents": "<span class='description'>JUDGE COX, ANGELA M.</span> entered 02/23/2017.", "entry_date": "2/23/2017"}, {"date": "1/18/2017", "number": "87", "contents": "<span class='description'>PRETRIAL 02/23/2017 9:00 AM - 505 5TH FLOOR, 501 W ADAMS ST JACKSONVILLE FL 32202</span> entered 01/18/2017.", "entry_date": "1/18/2017"}, {"date": "1/18/2017", "number": "86", "contents": "<span class='description'>DEFENDANT APPEARANCE WAIVED</span> entered 01/18/2017.", "entry_date": "1/18/2017"}, {"date": "1/18/2017", "number": "85", "contents": "<span class='description'>ATTY. FOR DEF. FLETCHER, W CHARLES</span> entered 01/18/2017.", "entry_date": "1/18/2017"}, {"date": "1/18/2017", "number": "84", "contents": "<span class='description'>ASST. STATE ATTY. KITE, LONDON MAHOGANY</span> entered 01/18/2017.", "entry_date": "1/18/2017"}, {"date": "1/18/2017", "number": "83", "contents": "<span class='description'>SITTING JUDGE - AHO, MARIANNE</span> entered 01/18/2017.", "entry_date": "1/18/2017"}, {"date": "1/18/2017", "number": "82", "contents": "<span class='description'>JUDGE COX, ANGELA M.</span> entered 01/18/2017.", "entry_date": "1/18/2017"}, {"date": "12/1/2016", "number": "81", "contents": "<span class='description'>PRETRIAL 01/18/2017 9:00 AM - 608 6TH FLOOR, 501 W ADAMS ST JACKSONVILLE FL 32202</span> entered 12/01/2016.", "entry_date": "12/1/2016"}, {"date": "12/1/2016", "number": "80", "contents": "<span class='description'>DEFENDANT PRESENT IN JAIL</span> entered 12/01/2016.", "entry_date": "12/1/2016"}, {"date": "12/1/2016", "number": "79", "contents": "<span class='description'>ATTY. FOR DEF. FLETCHER, W CHARLES</span> entered 12/01/2016.", "entry_date": "12/1/2016"}, {"date": "12/1/2016", "number": "78", "contents": "<span class='description'>ASST. STATE ATTY. KITE, LONDON MAHOGANY</span> entered 12/01/2016.", "entry_date": "12/1/2016"}, {"date": "12/1/2016", "number": "77", "contents": "<span class='description'>JUDGE COX, ANGELA M.</span> entered 12/01/2016.", "entry_date": "12/1/2016"}, {"date": "10/31/2016", "number": "76", "contents": "<span class='description'>PRETRIAL 12/01/2016 9:00 AM - 608 6TH FLOOR, 501 W ADAMS ST JACKSONVILLE FL 32202</span> entered 10/31/2016.", "entry_date": "10/31/2016"}, {"date": "10/31/2016", "number": "75", "contents": "<span class='description'>DEFENDANT PRESENT IN JAIL</span> entered 10/31/2016.", "entry_date": "10/31/2016"}, {"date": "10/31/2016", "number": "74", "contents": "<span class='description'>ATTY. FOR DEF. FLETCHER, W CHARLES</span> entered 10/31/2016.", "entry_date": "10/31/2016"}, {"date": "10/31/2016", "number": "73", "contents": "<span class='description'>ASST. STATE ATTY. KITE, LONDON MAHOGANY</span> entered 10/31/2016.", "entry_date": "10/31/2016"}, {"date": "10/31/2016", "number": "72", "contents": "<span class='description'>JUDGE COX, ANGELA M.</span> entered 10/31/2016.", "entry_date": "10/31/2016"}, {"date": "9/28/2016", "number": "71", "contents": "<span class='description'>PRETRIAL 10/31/2016 9:00 AM - 608 6TH FLOOR, 501 W ADAMS ST JACKSONVILLE FL 32202</span> entered 09/28/2016.", "entry_date": "9/28/2016"}, {"date": "9/28/2016", "number": "70", "contents": "<span class='description'>DEFENDANT PRESENT IN JAIL</span> entered 09/28/2016.", "entry_date": "9/28/2016"}, {"date": "9/28/2016", "number": "69", "contents": "<span class='description'>ATTY. FOR DEF. FLETCHER, W CHARLES</span> entered 09/28/2016.", "entry_date": "9/28/2016"}, {"date": "9/28/2016", "number": "68", "contents": "<span class='description'>ASST. STATE ATTY. KITE, LONDON MAHOGANY</span> entered 09/28/2016.", "entry_date": "9/28/2016"}, {"date": "9/28/2016", "number": "67", "contents": "<span class='description'>JUDGE COX, ANGELA M.</span> entered 09/28/2016.", "entry_date": "9/28/2016"}, {"date": "8/24/2016", "number": "66", "contents": "<span class='description'>PRETRIAL 09/28/2016 9:00 AM - 608 6TH FLOOR, 501 W ADAMS ST JACKSONVILLE FL 32202</span> entered 08/24/2016.", "entry_date": "8/24/2016"}, {"date": "8/24/2016", "number": "65", "contents": "<span class='description'>** WAIVER OF SPEEDY TRIAL **</span> entered 08/24/2016.", "entry_date": "8/24/2016"}, {"date": "8/24/2016", "number": "64", "contents": "<span class='description'>OTHERS PRESENT: ASA: P. OVERSTREET FOR L. KITE</span> entered 08/24/2016.", "entry_date": "8/24/2016"}, {"date": "8/24/2016", "number": "63", "contents": "<span class='description'>DEFENDANT PRESENT IN JAIL</span> entered 08/24/2016.", "entry_date": "8/24/2016"}, {"date": "8/24/2016", "number": "62", "contents": "<span class='description'>ATTY. FOR DEF. FLETCHER, W CHARLES</span> entered 08/24/2016.", "entry_date": "8/24/2016"}, {"date": "8/24/2016", "number": "61", "contents": "<span class='description'>ASST. STATE ATTY. KITE, LONDON MAHOGANY</span> entered 08/24/2016.", "entry_date": "8/24/2016"}, {"date": "8/24/2016", "number": "60", "contents": "<span class='description'>JUDGE COX, ANGELA M.</span> entered 08/24/2016.", "entry_date": "8/24/2016"}, {"date": "8/9/2016", "number": "59", "contents": "<span class='description'>COURT ORDER OF COSTS - GRANTED</span> entered 08/11/2016.", "entry_date": "8/11/2016"}, {"date": "7/27/2016", "number": "58", "contents": "<span class='description'>STATE'S DISCOVERY EXHIBIT AND DEMAND FOR RECIPROCAL DISCOVERY</span> entered 07/28/2016.", "entry_date": "7/28/2016"}, {"date": "7/27/2016", "number": "57", "contents": "<span class='description'>STATES# SECOND SUPPLEMENTAL DISCOVERY EXHIBIT AND DEMAND FOR RECIPROCAL DISCOVERY</span> entered 07/28/2016.", "entry_date": "7/28/2016"}, {"date": "7/25/2016", "number": "56", "contents": "<span class='description'>PLEA OF NOT GUILTY</span> entered 07/25/2016.", "entry_date": "7/25/2016"}, {"date": "7/25/2016", "number": "55", "contents": "<span class='description'>PLEA OF NOT GUILTY</span> entered 07/25/2016.", "entry_date": "7/25/2016"}, {"date": "7/25/2016", "number": "54", "contents": "<span class='description'>PLEA OF NOT GUILTY</span> entered 07/25/2016.", "entry_date": "7/25/2016"}, {"date": "7/25/2016", "number": "53", "contents": "<span class='description'>PRETRIAL 08/24/2016 9:00 AM - 608 6TH FLOOR, 501 W ADAMS ST JACKSONVILLE FL 32202</span> entered 07/25/2016.", "entry_date": "7/25/2016"}, {"date": "7/25/2016", "number": "52", "contents": "<span class='description'>DEF. W/READING OF INFO &amp; PLEAD (INDICTMENT) NOT GUILTY</span> entered 07/25/2016.", "entry_date": "7/25/2016"}, {"date": "7/25/2016", "number": "51", "contents": "<span class='description'>DEFENDANT PRESENT IN JAIL</span> entered 07/25/2016.", "entry_date": "7/25/2016"}, {"date": "7/25/2016", "number": "50", "contents": "<span class='description'>ATTY. FOR DEF. FLETCHER, W CHARLES</span> entered 07/25/2016.", "entry_date": "7/25/2016"}, {"date": "7/25/2016", "number": "49", "contents": "<span class='description'>ASST. STATE ATTY. KITE, LONDON MAHOGANY</span> entered 07/25/2016.", "entry_date": "7/25/2016"}, {"date": "7/25/2016", "number": "48", "contents": "<span class='description'>JUDGE COX, ANGELA M.</span> entered 07/25/2016.", "entry_date": "7/25/2016"}, {"date": "7/21/2016", "number": "47", "contents": "<span class='description'>INDICTMENT FILED</span> entered 07/21/2016.", "entry_date": "7/21/2016"}, {"date": "7/21/2016", "number": "46", "contents": "<span class='description'>ARRAIGNMENT 07/25/2016 9:00 AM - 608 6TH FLOOR, 501 W ADAMS ST JACKSONVILLE FL 32202</span> entered 07/21/2016.", "entry_date": "7/21/2016"}, {"date": "7/21/2016", "number": "45", "contents": "<span class='description'>&gt; ATTORNEY NOT PRESENT</span> entered 07/21/2016.", "entry_date": "7/21/2016"}, {"date": "7/21/2016", "number": "44", "contents": "<span class='description'>DEFENDANT PRESENT IN JAIL</span> entered 07/21/2016.", "entry_date": "7/21/2016"}, {"date": "7/21/2016", "number": "43", "contents": "<span class='description'>ATTY. FOR DEF. FLETCHER, W CHARLES</span> entered 07/21/2016.", "entry_date": "7/21/2016"}, {"date": "7/21/2016", "number": "42", "contents": "<span class='description'>ASST. STATE ATTY. KITE, LONDON MAHOGANY</span> entered 07/21/2016.", "entry_date": "7/21/2016"}, {"date": "7/21/2016", "number": "41", "contents": "<span class='description'>JUDGE COX, ANGELA M.</span> entered 07/21/2016.", "entry_date": "7/21/2016"}, {"date": "6/24/2016", "number": "40", "contents": "<span class='description'>MOTION TO SET BOND</span> entered 06/27/2016.", "entry_date": "6/27/2016"}, {"date": "6/24/2016", "number": "39", "contents": "<span class='description'>ARREST &amp; BOOKING REPORT 2016-012996 06/23/2016</span> entered 06/27/2016.", "entry_date": "6/27/2016"}, {"date": "6/23/2016", "number": "38", "contents": "<span class='description'>INDICTMENT FILED FOR S790.23(1)(A) POSSESSION OF A FIREARM BY A CONVICTED FELON</span> entered 05/23/2017.", "entry_date": "5/23/2017"}, {"date": "6/23/2016", "number": "37", "contents": "<span class='description'>INDICTMENT FILED FOR S790.23(1)(A) POSSESSION OF A FIREARM BY A CONVICTED FELON</span> entered 06/23/2016.", "entry_date": "6/23/2016"}, {"date": "6/23/2016", "number": "36", "contents": "<span class='description'>INDICTMENT FILED FOR S787.01(1)(A) KIDNAPPING WITH A FIREARM</span> entered 06/23/2016.", "entry_date": "6/23/2016"}, {"date": "6/23/2016", "number": "35", "contents": "<span class='description'>INDICTMENT FILED FOR S782.04(1)(A) MURDER IN THE FIRST DEGREE</span> entered 06/23/2016.", "entry_date": "6/23/2016"}, {"date": "6/22/2016", "number": "34", "contents": "<span class='description'>PRETRIAL 07/21/2016 9:00 AM - 608 6TH FLOOR, 501 W ADAMS ST JACKSONVILLE FL 32202</span> entered 06/22/2016.", "entry_date": "6/22/2016"}, {"date": "6/22/2016", "number": "33", "contents": "<span class='description'>PLEA OF NOT GUILTY</span> entered 06/22/2016.", "entry_date": "6/22/2016"}, {"date": "6/22/2016", "number": "32", "contents": "<span class='description'>PLEA OF NOT GUILTY</span> entered 06/22/2016.", "entry_date": "6/22/2016"}, {"date": "6/22/2016", "number": "31", "contents": "<span class='description'>DEF. W/READING OF INFO &amp; PLEAD NOT GUILTY</span> entered 06/22/2016.", "entry_date": "6/22/2016"}, {"date": "6/22/2016", "number": "30", "contents": "<span class='description'>DEFENDANT PRESENT IN JAIL</span> entered 06/22/2016.", "entry_date": "6/22/2016"}, {"date": "6/22/2016", "number": "29", "contents": "<span class='description'>ATTY. FOR DEF. FLETCHER, W CHARLES</span> entered 06/22/2016.", "entry_date": "6/22/2016"}, {"date": "6/22/2016", "number": "28", "contents": "<span class='description'>ASST. STATE ATTY. KITE, LONDON MAHOGANY</span> entered 06/22/2016.", "entry_date": "6/22/2016"}, {"date": "6/22/2016", "number": "27", "contents": "<span class='description'>JUDGE COX, ANGELA M.</span> entered 06/22/2016.", "entry_date": "6/22/2016"}, {"date": "6/21/2016", "number": "26", "contents": "<span class='description'>ORDER APPOINTING ATTORNEY - COURT APPOINTED COUNSEL</span> entered 06/21/2016.", "entry_date": "6/21/2016"}, {"date": "6/16/2016", "number": "25", "contents": "<span class='description'>&amp; APPT. OF COUNSEL</span> entered 06/16/2016.", "entry_date": "6/16/2016"}, {"date": "6/16/2016", "number": "24", "contents": "<span class='description'>ARRAIGNMENT 06/22/2016 9:00 AM - 608 6TH FLOOR, 501 W ADAMS ST JACKSONVILLE FL 32202</span> entered 06/16/2016.", "entry_date": "6/16/2016"}, {"date": "6/16/2016", "number": "23", "contents": "<span class='description'>DEFENDANT PRESENT IN JAIL</span> entered 06/16/2016.", "entry_date": "6/16/2016"}, {"date": "6/16/2016", "number": "22", "contents": "<span class='description'>PUBLIC DEFENDER PERMITTED TO WITHDRAW AS COUNSEL FOR DEF. \"CONFLICT\"- GRANTED/ RCC DECLINED/ COURT TO APPOINT ATTORNEY</span> entered 06/16/2016.", "entry_date": "6/16/2016"}, {"date": "6/16/2016", "number": "21", "contents": "<span class='description'>ASST. PUB. DEF. PUBLIC DEFENDER ASSIGNED</span> entered 06/16/2016.", "entry_date": "6/16/2016"}, {"date": "6/16/2016", "number": "20", "contents": "<span class='description'>ASST. STATE ATTY. KITE, LONDON MAHOGANY</span> entered 06/16/2016.", "entry_date": "6/16/2016"}, {"date": "6/16/2016", "number": "19", "contents": "<span class='description'>JUDGE COX, ANGELA M.</span> entered 06/16/2016.", "entry_date": "6/16/2016"}, {"date": "6/9/2016", "number": "18", "contents": "<span class='description'>INFORMATION FILED S790.23(1)(A) POSSESSION OF A FIREARM BY A CONVICTED FELON</span> entered 06/23/2016.", "entry_date": "6/23/2016"}, {"date": "6/9/2016", "number": "17", "contents": "<span class='description'>ARRAIGNMENT DATE 06/16/2016 9:00 AM - 608 6TH FLOOR, 501 W ADAMS ST JACKSONVILLE FL 32202</span> entered 06/10/2016.", "entry_date": "6/10/2016"}, {"date": "6/9/2016", "number": "16", "contents": "<span class='description'>INFORMATION FILED S790.23(1)(A) POSSESSION OF A FIREARM BY A CONVICTED FELON</span> entered 06/10/2016.", "entry_date": "6/10/2016"}, {"date": "6/9/2016", "number": "15", "contents": "<span class='description'>INFORMATION FILED S782.04(2) MURDER IN THE SECOND DEGREE</span> entered 06/10/2016.", "entry_date": "6/10/2016"}, {"date": "6/9/2016", "number": "14", "contents": "<span class='description'>INFORMATION</span> entered 06/10/2016.", "entry_date": "6/10/2016"}, {"date": "6/7/2016", "number": "13", "contents": "<span class='description'>ARRAIGNMENT COURT DATE: 06/15/2016 SUBJECT TO CHANGE. CALL FOR VERIFICATION</span> entered 06/07/2016.", "entry_date": "6/7/2016"}, {"date": "6/3/2016", "number": "12", "contents": "<span class='description'>TRIAL ASSISTANT STATE ATTORNEY CHANGED TO Kite, London Mahogany PER SAO</span> entered 06/03/2016.", "entry_date": "6/3/2016"}, {"date": "5/24/2016", "number": "11", "contents": "<span class='description'>REGIONAL CONFLICT COUNSEL RESPONSE - DECLINE</span> entered 05/24/2016.", "entry_date": "5/24/2016"}, {"date": "5/24/2016", "number": "10", "contents": "<span class='description'>NOTIFICATION OF ATTORNEY CONFLICT</span> entered 05/24/2016.", "entry_date": "5/24/2016"}, {"date": "5/20/2016", "number": "9", "contents": "<span class='description'>CERTIFICATE OF CONFLICT &amp; MOTION TO WITHDRAW</span> entered 05/23/2016.", "entry_date": "5/23/2016"}, {"date": "5/18/2016", "number": "8", "contents": "<span class='description'>ARRAIGNMENT COURT DATE: 06/08/2016 SUBJECT TO CHANGE. CALL FOR VERIFICATION</span> entered 05/19/2016.", "entry_date": "5/19/2016"}, {"date": "5/18/2016", "number": "7", "contents": "<span class='description'>FEES DUE: 5/19/2016</span> entered 05/19/2016.", "entry_date": "5/19/2016"}, {"date": "5/18/2016", "number": "6", "contents": "<span class='description'>PD APP FEE 50.00 IMPOSED</span> entered 05/19/2016.", "entry_date": "5/19/2016"}, {"date": "5/18/2016", "number": "5", "contents": "<span class='description'>DEFENDANT DECLARED INDIGENT, ORDER APPOINTING PUBLIC DEFENDER - FILED</span> entered 05/19/2016.", "entry_date": "5/19/2016"}, {"date": "5/18/2016", "number": "4", "contents": "<span class='description'>APPLICATION FOR CRIMINAL INDIGENT STATUS - FILED</span> entered 05/19/2016.", "entry_date": "5/19/2016"}, {"date": "5/18/2016", "number": "3", "contents": "<span class='description'>BOND SET AT NONE</span> entered 05/19/2016.", "entry_date": "5/19/2016"}, {"date": "5/18/2016", "number": "2", "contents": "<span class='description'>S782.04(2) MURDER - SECOND DEGREE</span> entered 05/19/2016.", "entry_date": "5/19/2016"}, {"date": "5/18/2016", "number": "1", "contents": "<span class='description'>ARREST &amp; BOOKING REPORT 2016-012996 5/17/2016</span> entered 05/19/2016.", "entry_date": "5/19/2016"}], "analyze": {"last_analyze": "6/22/2020"}, "success": true, "parties": [{"race": "B", "name_normalized": "Keith Dion Jackson II", "name": "KEITH DION JACKSON II", "sex": "Male", "other": [], "type": "Defendant"}]}