{"info": {"status": "DISPOSED", "division": "CR-B", "judges": ["MCCALLUM, LINDA F."], "court": "Florida State, Duval County, Fourth Circuit Court", "title": "ARSENIO JAVON DOBY JAMES", "date_filed": "7/15/2015", "link": "https://www.docketalarm.com/cases/Florida_State_Duval_County_Fourth_Circuit_Court/2015-CF-006276/ARSENIO_JAVON_DOBY_JAMES/", "judges_normalized": ["McCallum Linda F."], "judge": "MCCALLUM, LINDA F.", "type": "Circuit Criminal", "docket": "2015-CF-006276"}, "docket_report": [{"date": "2/7/2019", "number": "409", "contents": "<span class='description'>REQUEST FOR DOCUMENTS</span> entered 02/07/2019.", "entry_date": "2/7/2019"}, {"date": "2/6/2018", "number": "408", "contents": "<span class='description'>RECEIPT FOR CIVIL PROCESS, JAIL, WARRANTS</span> entered 02/07/2018.", "entry_date": "2/7/2018"}, {"link_viewer": "https://www.docketalarm.com/cases/Florida_State_Duval_County_Fourth_Circuit_Court/2015-CF-006276/ARSENIO_JAVON_DOBY_JAMES/407/", "number": "407", "link": "https://www.docketalarm.com/cases/Florida_State_Duval_County_Fourth_Circuit_Court/2015-CF-006276/ARSENIO_JAVON_DOBY_JAMES/docs/407.pdf", "entry_date": "2/6/2018", "date": "2/6/2018", "contents": "<a href=\"/cases/Florida_State_Duval_County_Fourth_Circuit_Court/2015-CF-006276/ARSENIO_JAVON_DOBY_JAMES/407/\"><span class='description'>COMMITMENT CHECKLIST SENT</span></a> entered 02/06/2018."}, {"link_viewer": "https://www.docketalarm.com/cases/Florida_State_Duval_County_Fourth_Circuit_Court/2015-CF-006276/ARSENIO_JAVON_DOBY_JAMES/406/", "number": "406", "link": "https://www.docketalarm.com/cases/Florida_State_Duval_County_Fourth_Circuit_Court/2015-CF-006276/ARSENIO_JAVON_DOBY_JAMES/docs/406.pdf", "entry_date": "2/6/2018", "date": "2/6/2018", "contents": "<a href=\"/cases/Florida_State_Duval_County_Fourth_Circuit_Court/2015-CF-006276/ARSENIO_JAVON_DOBY_JAMES/406/\"><span class='description'>UNIFORM COMMITMENT TO CUSTODY OF DEPT. OF CORRECTIONS</span></a> entered 02/06/2018."}, {"date": "2/6/2018", "number": "405", "contents": "<span class='description'>CERTIFICATE OF SERVICE FOR JUDGMENT AND SENTENCE</span> entered 02/06/2018.", "entry_date": "2/6/2018"}, {"link_viewer": "https://www.docketalarm.com/cases/Florida_State_Duval_County_Fourth_Circuit_Court/2015-CF-006276/ARSENIO_JAVON_DOBY_JAMES/403/", "number": "403", "link": "https://www.docketalarm.com/cases/Florida_State_Duval_County_Fourth_Circuit_Court/2015-CF-006276/ARSENIO_JAVON_DOBY_JAMES/docs/403.pdf", "entry_date": "2/6/2018", "date": "2/1/2018", "contents": "<a href=\"/cases/Florida_State_Duval_County_Fourth_Circuit_Court/2015-CF-006276/ARSENIO_JAVON_DOBY_JAMES/403/\"><span class='description'>PAYMENT AUTHORIZATION SHEET</span></a> entered 02/06/2018."}, {"date": "2/1/2018", "number": "402", "contents": "<span class='description'>SENTENCING GUIDELINES</span> entered 02/06/2018.", "entry_date": "2/6/2018"}, {"link_viewer": "https://www.docketalarm.com/cases/Florida_State_Duval_County_Fourth_Circuit_Court/2015-CF-006276/ARSENIO_JAVON_DOBY_JAMES/401/", "number": "401", "link": "https://www.docketalarm.com/cases/Florida_State_Duval_County_Fourth_Circuit_Court/2015-CF-006276/ARSENIO_JAVON_DOBY_JAMES/docs/401.pdf", "entry_date": "2/6/2018", "date": "2/1/2018", "contents": "<a href=\"/cases/Florida_State_Duval_County_Fourth_Circuit_Court/2015-CF-006276/ARSENIO_JAVON_DOBY_JAMES/401/\"><span class='description'>COURT ORDERED COSTS/FINES/FEES BOOK 18274 PAGE 1755-1756</span></a> entered 02/06/2018."}, {"date": "2/1/2018", "number": "400", "contents": "<span class='description'>NOL PROS (CODE 30) S790.23(1)(A) POSSESSION OF A FIREARM OR WEAPON BY ACONVICTED FELON</span> entered 02/06/2018.", "entry_date": "2/6/2018"}, {"date": "2/1/2018", "number": "399", "contents": "<span class='description'>FEES DUE: 5/1/2053</span> entered 02/06/2018.", "entry_date": "2/6/2018"}, {"date": "2/1/2018", "number": "398", "contents": "<span class='description'>CSTF 20.00 IMPOSED</span> entered 02/06/2018.", "entry_date": "2/6/2018"}, {"date": "2/1/2018", "number": "397", "contents": "<span class='description'>SAIEF 100.00 IMPOSED</span> entered 02/06/2018.", "entry_date": "2/6/2018"}, {"date": "2/1/2018", "number": "396", "contents": "<span class='description'>AACC 65.00 IMPOSED</span> entered 02/06/2018.", "entry_date": "2/6/2018"}, {"date": "2/1/2018", "number": "395", "contents": "<span class='description'>TNC 3.00 IMPOSED</span> entered 02/06/2018.", "entry_date": "2/6/2018"}, {"date": "2/1/2018", "number": "394", "contents": "<span class='description'>LGTF 225.00 IMPOSED</span> entered 02/06/2018.", "entry_date": "2/6/2018"}, {"date": "2/1/2018", "number": "393", "contents": "<span class='description'>CCT 50.00 IMPOSED</span> entered 02/06/2018.", "entry_date": "2/6/2018"}, {"date": "2/1/2018", "number": "392", "contents": "<span class='description'>COURTATTY(JDGMTCOSTS) 100.00 IMPOSED</span> entered 02/06/2018.", "entry_date": "2/6/2018"}, {"date": "2/1/2018", "number": "391", "contents": "<span class='description'>COST OF COURT 50.00 IMPOSED</span> entered 02/06/2018.", "entry_date": "2/6/2018"}, {"date": "2/1/2018", "number": "390", "contents": "<span class='description'>LEEA 5.00 IMPOSED</span> entered 02/06/2018.", "entry_date": "2/6/2018"}, {"date": "2/1/2018", "number": "389", "contents": "<span class='description'>**HO, PRR &amp; NOTICE TO SEEK DEATH PENALTY WITHDRAWN BY STATE**</span> entered 02/06/2018.", "entry_date": "2/6/2018"}, {"date": "2/1/2018", "number": "388", "contents": "<span class='description'>**COURT HAS NO OBJECTION TO DEFENDANT BEING PLACED IN REGION 3 AND 4**</span> entered 02/06/2018.", "entry_date": "2/6/2018"}, {"date": "2/1/2018", "number": "387", "contents": "<span class='description'>JURISDICTION RESERVED TO DETERMINE RESTITUTION FOR: 60 DAYS</span> entered 02/06/2018.", "entry_date": "2/6/2018"}, {"date": "2/1/2018", "number": "386", "contents": "<span class='description'>25 YEAR MINIMUM MANDATORY SENTENCE IMPOSED PER F.S. 775.087 AS TO COUNT: 1</span> entered 02/06/2018.", "entry_date": "2/6/2018"}, {"date": "2/1/2018", "number": "385", "contents": "<span class='description'>CREDIT TIME: 933 DAYS</span> entered 02/06/2018.", "entry_date": "2/6/2018"}, {"link_viewer": "https://www.docketalarm.com/cases/Florida_State_Duval_County_Fourth_Circuit_Court/2015-CF-006276/ARSENIO_JAVON_DOBY_JAMES/384/", "number": "384", "link": "https://www.docketalarm.com/cases/Florida_State_Duval_County_Fourth_Circuit_Court/2015-CF-006276/ARSENIO_JAVON_DOBY_JAMES/docs/384.pdf", "entry_date": "2/6/2018", "date": "2/1/2018", "contents": "<a href=\"/cases/Florida_State_Duval_County_Fourth_Circuit_Court/2015-CF-006276/ARSENIO_JAVON_DOBY_JAMES/384/\"><span class='description'>JUDGMENT AND SENTENCE TO STATE PRISON FOR 35 YEARS BOOK 18274 PAGE 1746-1752</span></a> entered 02/06/2018."}, {"date": "2/1/2018", "number": "383", "contents": "<span class='description'>DEF. ADJUDGED GUILTY - FINGERPRINTS TAKEN</span> entered 02/06/2018.", "entry_date": "2/6/2018"}, {"date": "2/1/2018", "number": "382", "contents": "<span class='description'>DEFENDANT PLEAD GUILTY</span> entered 02/06/2018.", "entry_date": "2/6/2018"}, {"date": "2/1/2018", "number": "381", "contents": "<span class='description'>REDUCED S782.04(2) MURDER IN THE SECOND DEGREE WITH A WEAPON</span> entered 02/06/2018.", "entry_date": "2/6/2018"}, {"date": "2/1/2018", "number": "380", "contents": "<span class='description'>OTHERS PRESENT: PA: G. ANDUX APPTD.</span> entered 02/06/2018.", "entry_date": "2/6/2018"}, {"date": "2/1/2018", "number": "379", "contents": "<span class='description'>ACKNOWLEDGE. OF RIGHTS &amp; VOLUNTARINESS OF ENTRY OF PLEA</span> entered 02/06/2018.", "entry_date": "2/6/2018"}, {"date": "2/1/2018", "number": "378", "contents": "<span class='description'>DEF. PERMITTED TO W/D PLEA OF NOT GUILTY TO GUILTY</span> entered 02/06/2018.", "entry_date": "2/6/2018"}, {"date": "2/1/2018", "number": "377", "contents": "<span class='description'>DEFENDANT PRESENT IN JAIL</span> entered 02/06/2018.", "entry_date": "2/6/2018"}, {"date": "2/1/2018", "number": "376", "contents": "<span class='description'>ATTY. FOR DEF. FINNELL, ANN ELIZABETH</span> entered 02/06/2018.", "entry_date": "2/6/2018"}, {"date": "2/1/2018", "number": "375", "contents": "<span class='description'>ASST. STATE ATTY. KITE, LONDON MAHOGANY</span> entered 02/06/2018.", "entry_date": "2/6/2018"}, {"date": "2/1/2018", "number": "374", "contents": "<span class='description'>JUDGE MCCALLUM, LINDA F.</span> entered 02/06/2018.", "entry_date": "2/6/2018"}, {"date": "1/22/2018", "number": "373", "contents": "<span class='description'>PER JA EMAIL; 2/12/18 JS</span> entered 01/22/2018.", "entry_date": "1/22/2018"}, {"date": "1/22/2018", "number": "372", "contents": "<span class='description'>DISPOSITION 02/01/2018 9:00 AM - 605 6TH FLOOR, 501 W ADAMS ST JACKSONVILLE FL 32202</span> entered 01/22/2018.", "entry_date": "1/22/2018"}, {"date": "1/22/2018", "number": "371", "contents": "<span class='description'>&gt; CANCEL REASON -</span> entered 01/22/2018.", "entry_date": "1/22/2018"}, {"date": "1/22/2018", "number": "370", "contents": "<span class='description'>CANCELLED FINAL PRETRIAL ON 1/25/2018 9:00:00 AM</span> entered 01/22/2018.", "entry_date": "1/22/2018"}, {"date": "1/19/2018", "number": "369", "contents": "<span class='description'>ORDER AUTHORIZING THE INCURRING OF EXPENSES AND APPOINTING PHARMACOLOGIST EXPERT DR. DANIEL BUFFINGTON, TO CONDUCT CONFIDENTIAL EXAMINATION OF DEFENDANT (PENALTY PHASE)</span> entered 01/22/2018.", "entry_date": "1/22/2018"}, {"date": "1/10/2018", "number": "368", "contents": "<span class='description'>MOTION FOR PAYMENT OF COSTS INCUR OF PHARMACOLOGIST EXPERT DR. DANIEL BUFFINGTON, TO CONDUCT CONFIDENTIAL EXAMINATION OF DEFT. (PENALTY PHASE)</span> entered 01/10/2018.", "entry_date": "1/10/2018"}, {"date": "1/4/2018", "number": "367", "contents": "<span class='description'>&gt; CANCEL REASON - PER JUDGE- NEW FPT SET</span> entered 01/04/2018.", "entry_date": "1/4/2018"}, {"date": "1/4/2018", "number": "366", "contents": "<span class='description'>CANCELLED FINAL PRETRIAL ON 1/22/2018 9:00:00 AM</span> entered 01/04/2018.", "entry_date": "1/4/2018"}, {"date": "1/2/2018", "number": "365", "contents": "<span class='description'>2/12/18 JS</span> entered 01/02/2018.", "entry_date": "1/2/2018"}, {"date": "1/2/2018", "number": "364", "contents": "<span class='description'>FINAL PRETRIAL 01/25/2018 9:00 AM - 605 6TH FLOOR, 501 W ADAMS ST JACKSONVILLE FL 32202</span> entered 01/02/2018.", "entry_date": "1/2/2018"}, {"date": "1/2/2018", "number": "363", "contents": "<span class='description'>OTHERS PRESENT: ASA: A. MIZRAHI FOR L. KITE, PA: G. ANDUX FOR A. FINNELL</span> entered 01/02/2018.", "entry_date": "1/2/2018"}, {"date": "1/2/2018", "number": "362", "contents": "<span class='description'>DEFENDANT APPEARANCE WAIVED</span> entered 01/02/2018.", "entry_date": "1/2/2018"}, {"date": "1/2/2018", "number": "361", "contents": "<span class='description'>ATTY. FOR DEF. FINNELL, ANN ELIZABETH</span> entered 01/02/2018.", "entry_date": "1/2/2018"}, {"date": "1/2/2018", "number": "360", "contents": "<span class='description'>ASST. STATE ATTY. KITE, LONDON MAHOGANY</span> entered 01/02/2018.", "entry_date": "1/2/2018"}, {"date": "1/2/2018", "number": "359", "contents": "<span class='description'>JUDGE MCCALLUM, LINDA F.</span> entered 01/02/2018.", "entry_date": "1/2/2018"}, {"date": "12/18/2017", "number": "358", "contents": "<span class='description'>ORDER AUTHORIZING THE INCURRING OF EXPENSES OF CERTAIN SPECIFIED COSTS FOR COURT APPOINTED DEFENDANT</span> entered 12/19/2017.", "entry_date": "12/19/2017"}, {"date": "12/14/2017", "number": "357", "contents": "<span class='description'>MOTION TO INCUR COSTS FOR DEPOSITION TRANSCRIPTS FOR COURT APPOINTED DEFENDANT</span> entered 12/14/2017.", "entry_date": "12/14/2017"}, {"date": "12/7/2017", "number": "356", "contents": "<span class='description'>ORDER AUTHORIZING THE INCURRING OF EXPENSES OF CERTAIN SPECIFIED COSTS FOR COURT APPOINTED DEFENDANT</span> entered 12/12/2017.", "entry_date": "12/12/2017"}, {"date": "12/6/2017", "number": "355", "contents": "<span class='description'>NOTICE OF TAKING DEPOSITION</span> entered 12/06/2017.", "entry_date": "12/6/2017"}, {"date": "12/6/2017", "number": "354", "contents": "<span class='description'>MOTION TO INCUR COSTS FOR DEPOSITION TRANSCRIPTS FOR COURT APPOINTED DEFENDANT</span> entered 12/06/2017.", "entry_date": "12/6/2017"}, {"date": "12/4/2017", "number": "353", "contents": "<span class='description'>ORDER AUTHORIZING THE INCURRING OF EXPENSES CERTAIN SPECIFIED COSTS</span> entered 12/05/2017.", "entry_date": "12/5/2017"}, {"date": "12/4/2017", "number": "352", "contents": "<span class='description'>MOTION TO DECLARE SECTION 921.141, FLORIDA STATUTES FACIALLY UNCONSTITUTIONAL DUE TO FAILURE THE FLORIDAY BY LEGISLATURE TO NARROW CLASS OF DEATH-ELIGIBLE MURDERERS</span> entered 12/04/2017.", "entry_date": "12/4/2017"}, {"date": "12/4/2017", "number": "351", "contents": "<span class='description'>AMENDED NOTICE OF TAKING DEPOSITION</span> entered 12/04/2017.", "entry_date": "12/4/2017"}, {"date": "11/30/2017", "number": "350", "contents": "<span class='description'>NOTICE OF TAKING DEPOSITION</span> entered 12/01/2017.", "entry_date": "12/1/2017"}, {"date": "11/28/2017", "number": "349", "contents": "<span class='description'>(1/22/18 FPT; 2/12/18 JS)</span> entered 12/29/2017.", "entry_date": "12/29/2017"}, {"date": "11/28/2017", "number": "348", "contents": "<span class='description'>PRETRIAL 01/02/2018 9:00 AM - 605 6TH FLOOR, 501 W ADAMS ST JACKSONVILLE FL 32202</span> entered 11/28/2017.", "entry_date": "11/28/2017"}, {"date": "11/28/2017", "number": "347", "contents": "<span class='description'>DEFENDANT PRESENT IN JAIL</span> entered 11/28/2017.", "entry_date": "11/28/2017"}, {"date": "11/28/2017", "number": "346", "contents": "<span class='description'>ATTY. FOR DEF. FINNELL, ANN ELIZABETH</span> entered 11/28/2017.", "entry_date": "11/28/2017"}, {"date": "11/28/2017", "number": "345", "contents": "<span class='description'>ASST. STATE ATTY. KITE, LONDON MAHOGANY</span> entered 11/28/2017.", "entry_date": "11/28/2017"}, {"date": "11/28/2017", "number": "344", "contents": "<span class='description'>SITTING JUDGE - BORELLO, MARK</span> entered 11/28/2017.", "entry_date": "11/28/2017"}, {"date": "11/28/2017", "number": "343", "contents": "<span class='description'>JUDGE MCCALLUM, LINDA F.</span> entered 11/28/2017.", "entry_date": "11/28/2017"}, {"date": "11/27/2017", "number": "342", "contents": "<span class='description'>NOTICE OF TAKING DEPOSITION (AMENDED)</span> entered 11/29/2017.", "entry_date": "11/29/2017"}, {"date": "11/27/2017", "number": "341", "contents": "<span class='description'>MOTION TO PROHIBIT DEATH QUALIFICATION BECAUSE THE NEW LEGISLATION CREATING A NEW DEATH PENALTY SCHEME IS NOT RETROACTIVE</span> entered 11/29/2017.", "entry_date": "11/29/2017"}, {"date": "11/27/2017", "number": "340", "contents": "<span class='description'>MOTION TO PROHIBIT DEATH PENALTY DUE TO THE STATE'S FAILURE TO COMPLY WITH FLORIDA STATUTE 782.04(1)(B)</span> entered 11/29/2017.", "entry_date": "11/29/2017"}, {"date": "11/21/2017", "number": "339", "contents": "<span class='description'>MOTION TO INCUR COSTS FOR DEPOSITION TRANSCRIPTS FOR COURT APPOINTED DEFENDANT</span> entered 11/21/2017.", "entry_date": "11/21/2017"}, {"date": "11/9/2017", "number": "338", "contents": "<span class='description'>NOTICE OF TAKING DEPOSITION</span> entered 11/14/2017.", "entry_date": "11/14/2017"}, {"date": "11/1/2017", "number": "337", "contents": "<span class='description'>NOTICE OF TAKING DEPOSITION (AMENDED)</span> entered 11/02/2017.", "entry_date": "11/2/2017"}, {"date": "10/26/2017", "number": "336", "contents": "<span class='description'>NOTICE OF TAKING DEPOSITION</span> entered 10/27/2017.", "entry_date": "10/27/2017"}, {"date": "10/26/2017", "number": "335", "contents": "<span class='description'>NOTICE OF TAKING DEPOSITION</span> entered 10/27/2017.", "entry_date": "10/27/2017"}, {"date": "10/20/2017", "number": "334", "contents": "<span class='description'>PER JA EMAIL; 1/22/18 FPT;2/12/18 JS</span> entered 10/20/2017.", "entry_date": "10/20/2017"}, {"date": "10/20/2017", "number": "333", "contents": "<span class='description'>PRETRIAL 11/28/2017 9:00 AM - 605 6TH FLOOR, 501 W ADAMS ST JACKSONVILLE FL 32202</span> entered 10/20/2017.", "entry_date": "10/20/2017"}, {"date": "10/20/2017", "number": "332", "contents": "<span class='description'>&gt; CANCEL REASON -</span> entered 10/20/2017.", "entry_date": "10/20/2017"}, {"date": "10/20/2017", "number": "331", "contents": "<span class='description'>CANCELLED PRETRIAL ON 11/21/2017 9:00:00 AM</span> entered 10/20/2017.", "entry_date": "10/20/2017"}, {"date": "10/12/2017", "number": "330", "contents": "<span class='description'>1/22/18 FPT;2/12/18 JS</span> entered 10/12/2017.", "entry_date": "10/12/2017"}, {"date": "10/12/2017", "number": "329", "contents": "<span class='description'>PRETRIAL 11/21/2017 9:00 AM - 605 6TH FLOOR, 501 W ADAMS ST JACKSONVILLE FL 32202</span> entered 10/12/2017.", "entry_date": "10/12/2017"}, {"date": "10/12/2017", "number": "328", "contents": "<span class='description'>OTHERS PRESENT: ASA: C. ZOMORODIAN FOR L. KITE, PA: B.J. SHELTON FOR A. FINNELL</span> entered 10/12/2017.", "entry_date": "10/12/2017"}, {"date": "10/12/2017", "number": "327", "contents": "<span class='description'>DEFENDANT PRESENT IN JAIL</span> entered 10/12/2017.", "entry_date": "10/12/2017"}, {"date": "10/12/2017", "number": "326", "contents": "<span class='description'>ATTY. FOR DEF. FINNELL, ANN ELIZABETH</span> entered 10/12/2017.", "entry_date": "10/12/2017"}, {"date": "10/12/2017", "number": "325", "contents": "<span class='description'>ASST. STATE ATTY. KITE, LONDON MAHOGANY</span> entered 10/12/2017.", "entry_date": "10/12/2017"}, {"date": "10/12/2017", "number": "324", "contents": "<span class='description'>JUDGE MCCALLUM, LINDA F.</span> entered 10/12/2017.", "entry_date": "10/12/2017"}, {"date": "9/21/2017", "number": "323", "contents": "<span class='description'>1/22/18 FPT; 2/12/18 JS</span> entered 09/21/2017.", "entry_date": "9/21/2017"}, {"date": "9/21/2017", "number": "322", "contents": "<span class='description'>PRETRIAL 10/12/2017 9:00 AM - 605 6TH FLOOR, 501 W ADAMS ST JACKSONVILLE FL 32202</span> entered 09/21/2017.", "entry_date": "9/21/2017"}, {"date": "9/21/2017", "number": "321", "contents": "<span class='description'>OTHERS PRESENT: ASA: D. SKINNER FOR L. KITE, PA: G. ANDUX FOR A. FINNELL</span> entered 09/21/2017.", "entry_date": "9/21/2017"}, {"date": "9/21/2017", "number": "320", "contents": "<span class='description'>DEFENDANT APPEARANCE WAIVED</span> entered 09/21/2017.", "entry_date": "9/21/2017"}, {"date": "9/21/2017", "number": "319", "contents": "<span class='description'>ATTY. FOR DEF. FINNELL, ANN ELIZABETH</span> entered 09/21/2017.", "entry_date": "9/21/2017"}, {"date": "9/21/2017", "number": "318", "contents": "<span class='description'>ASST. STATE ATTY. KITE, LONDON MAHOGANY</span> entered 09/21/2017.", "entry_date": "9/21/2017"}, {"date": "9/21/2017", "number": "317", "contents": "<span class='description'>JUDGE MCCALLUM, LINDA F.</span> entered 09/21/2017.", "entry_date": "9/21/2017"}, {"date": "9/13/2017", "number": "316", "contents": "<span class='description'>1/22/18 FPT; 2/12/18 JS</span> entered 09/13/2017.", "entry_date": "9/13/2017"}, {"date": "9/13/2017", "number": "315", "contents": "<span class='description'>PRETRIAL 09/21/2017 9:00 AM - 605 6TH FLOOR, 501 W ADAMS ST JACKSONVILLE FL 32202</span> entered 09/13/2017.", "entry_date": "9/13/2017"}, {"date": "9/13/2017", "number": "314", "contents": "<span class='description'>&gt; CANCEL REASON - HURRICANE IRMA</span> entered 09/13/2017.", "entry_date": "9/13/2017"}, {"date": "9/13/2017", "number": "313", "contents": "<span class='description'>CANCELLED PRETRIAL ON 9/12/2017 9:00:00 AM</span> entered 09/13/2017.", "entry_date": "9/13/2017"}, {"date": "8/16/2017", "number": "312", "contents": "<span class='description'>NOTICE OF TAKING THE SKYPE DEPOSITION</span> entered 08/16/2017.", "entry_date": "8/16/2017"}, {"date": "8/7/2017", "number": "311", "contents": "<span class='description'>COURT ORDER DENYING MOTION TO INCUR COSTS FOR TRAVEL EXPENSES ASSOCIATED WITH DEPOSITION OF DEFENSE WITNESS</span> entered 08/07/2017.", "entry_date": "8/7/2017"}, {"date": "7/31/2017", "number": "310", "contents": "<span class='description'>AMENDED MOTION TO INCUR COSTS FOR TRAVEL EXPENSES AND WITNESS FEES ASSOCIATED WITH DEPOSITION OF DEFENSE WITNESS</span> entered 07/31/2017.", "entry_date": "7/31/2017"}, {"date": "7/28/2017", "number": "309", "contents": "<span class='description'>AMENDED NOTICE OF TAKING DEPOSITIONS</span> entered 07/31/2017.", "entry_date": "7/31/2017"}, {"date": "7/27/2017", "number": "308", "contents": "<span class='description'>MOTION TO INCUR COSTS FOR TRAVEL EXPENSES ASSOCIATED WITH DEPOSITION OF DEFENSE WITNESS</span> entered 07/28/2017.", "entry_date": "7/28/2017"}, {"date": "7/27/2017", "number": "307", "contents": "<span class='description'>MOTION TO INCUR COSTS FOR TRAVEL EXPENSES AND WITNESS FEES ASSOCIATED WITH DEPOSITION OF DEFENSE WITNESS</span> entered 07/28/2017.", "entry_date": "7/28/2017"}, {"date": "7/27/2017", "number": "306", "contents": "<span class='description'>NOTICE OF TAKING DEPOSITION</span> entered 07/27/2017.", "entry_date": "7/27/2017"}, {"date": "6/23/2017", "number": "305", "contents": "<span class='description'>NOTICE OF TAKING DEPOSITION</span> entered 06/23/2017.", "entry_date": "6/23/2017"}, {"date": "6/21/2017", "number": "304", "contents": "<span class='description'>1/22/18 FPT; 2/12/18 JS</span> entered 06/21/2017.", "entry_date": "6/21/2017"}, {"date": "6/21/2017", "number": "303", "contents": "<span class='description'>PRETRIAL 09/12/2017 9:00 AM - 605 6TH FLOOR, 501 W ADAMS ST JACKSONVILLE FL 32202</span> entered 06/21/2017.", "entry_date": "6/21/2017"}, {"date": "6/21/2017", "number": "302", "contents": "<span class='description'>OTHERS PRESENT: ASA: K. ROTH FOR L. KITE</span> entered 06/21/2017.", "entry_date": "6/21/2017"}, {"date": "6/21/2017", "number": "301", "contents": "<span class='description'>DEFENDANT PRESENT IN JAIL</span> entered 06/21/2017.", "entry_date": "6/21/2017"}, {"date": "6/21/2017", "number": "300", "contents": "<span class='description'>ATTY. FOR DEF. FINNELL, ANN ELIZABETH</span> entered 06/21/2017.", "entry_date": "6/21/2017"}, {"date": "6/21/2017", "number": "299", "contents": "<span class='description'>ASST. STATE ATTY. KITE, LONDON MAHOGANY</span> entered 06/21/2017.", "entry_date": "6/21/2017"}, {"date": "6/21/2017", "number": "298", "contents": "<span class='description'>JUDGE MCCALLUM, LINDA F.</span> entered 06/21/2017.", "entry_date": "6/21/2017"}, {"date": "5/30/2017", "number": "297", "contents": "<span class='description'>ORDER AUTHORIZING THE INCURRING OF EXPENSES OF CERTAIN SPECIFIED COSTS FOR COURT APPOINTED DEFENDANT</span> entered 05/31/2017.", "entry_date": "5/31/2017"}, {"date": "5/25/2017", "number": "296", "contents": "<span class='description'>AMENDED MOTION TO PROHIBIT DEATH PENALTY DUE TO THE STATE'S FAILURE TO COMPLY WITH FLORIDA STATUTE S782.04(1)(B)</span> entered 05/25/2017.", "entry_date": "5/25/2017"}, {"date": "5/24/2017", "number": "295", "contents": "<span class='description'>MOTION TO INCUR COSTS FOR DEPOSITION TRANSCRIPTS FOR COURT APPOINTED DEFENDANT</span> entered 05/25/2017.", "entry_date": "5/25/2017"}, {"date": "5/17/2017", "number": "294", "contents": "<span class='description'>2ND AMENDED NOTICE OF TAKING DEPOSITIONS</span> entered 05/17/2017.", "entry_date": "5/17/2017"}, {"date": "5/15/2017", "number": "293", "contents": "<span class='description'>ORDER AUTHORIZING THE INCURRING OF EXPENSES OF CERTAIN SPECIFIED COSTS FOR COURT APPOINTED COUNSEL</span> entered 05/17/2017.", "entry_date": "5/17/2017"}, {"date": "5/11/2017", "number": "292", "contents": "<span class='description'>MOTION TO INCUR COSTS FOR DEPOSITION TRANSCRIPTS FOR COURT APPOINTED DEFENDANT</span> entered 05/11/2017.", "entry_date": "5/11/2017"}, {"date": "5/11/2017", "number": "291", "contents": "<span class='description'>PER ORDER; 1/22/18 FPT; 2/12/18 JS</span> entered 06/15/2017.", "entry_date": "6/15/2017"}, {"date": "5/11/2017", "number": "290", "contents": "<span class='description'>STATUS CONFERENCE 06/21/2017 9:00 AM - 605 6TH FLOOR, 501 W ADAMS ST JACKSONVILLE FL 32202</span> entered 06/15/2017.", "entry_date": "6/15/2017"}, {"date": "5/11/2017", "number": "289", "contents": "<span class='description'>STANDING ORDER GOVERNING PRE-TRIAL PROCEDURES AND THE TRIAL OF ALL CRIMINAL ACTIONS IN THE DIVISION OF THE CIRCUIT COURT OF THE FOURTH JUDICIAL CIRCUIT</span> entered 05/11/2017.", "entry_date": "5/11/2017"}, {"date": "5/10/2017", "number": "288", "contents": "<span class='description'>2/12/18 JS</span> entered 05/10/2017.", "entry_date": "5/10/2017"}, {"date": "5/10/2017", "number": "287", "contents": "<span class='description'>FINAL PRETRIAL 01/22/2018 9:00 AM - 605 6TH FLOOR, 501 W ADAMS ST JACKSONVILLE FL 32202</span> entered 05/10/2017.", "entry_date": "5/10/2017"}, {"date": "5/10/2017", "number": "286", "contents": "<span class='description'>OTHERS PRESENT: PA: G. ANDUX</span> entered 05/10/2017.", "entry_date": "5/10/2017"}, {"date": "5/10/2017", "number": "285", "contents": "<span class='description'>DEFENDANT PRESENT IN JAIL</span> entered 05/10/2017.", "entry_date": "5/10/2017"}, {"date": "5/10/2017", "number": "284", "contents": "<span class='description'>ATTY. FOR DEF. FINNELL, ANN ELIZABETH</span> entered 05/10/2017.", "entry_date": "5/10/2017"}, {"date": "5/10/2017", "number": "283", "contents": "<span class='description'>ASST. STATE ATTY. KITE, LONDON MAHOGANY</span> entered 05/10/2017.", "entry_date": "5/10/2017"}, {"date": "5/10/2017", "number": "282", "contents": "<span class='description'>JUDGE MCCALLUM, LINDA F.</span> entered 05/10/2017.", "entry_date": "5/10/2017"}, {"date": "4/25/2017", "number": "281", "contents": "<span class='description'>STATE'S SUPPLEMENTAL DISCOVERY EXHIBIT AND DEMAND FOR RECIPROCAL DISCOVERY</span> entered 04/25/2017.", "entry_date": "4/25/2017"}, {"date": "4/21/2017", "number": "280", "contents": "<span class='description'>AMENDED NOTICE OF TAKING DEPOSITIONS</span> entered 04/24/2017.", "entry_date": "4/24/2017"}, {"date": "4/20/2017", "number": "279", "contents": "<span class='description'>MOTION FOR BETTER ADDRESS</span> entered 04/21/2017.", "entry_date": "4/21/2017"}, {"date": "4/19/2017", "number": "278", "contents": "<span class='description'>PRETRIAL 05/10/2017 9:00 AM - 605 6TH FLOOR, 501 W ADAMS ST JACKSONVILLE FL 32202</span> entered 04/19/2017.", "entry_date": "4/19/2017"}, {"date": "4/19/2017", "number": "277", "contents": "<span class='description'>DEFENDANT APPEARANCE WAIVED</span> entered 04/19/2017.", "entry_date": "4/19/2017"}, {"date": "4/19/2017", "number": "276", "contents": "<span class='description'>OTHERS PRESENT: PA: A. GONZALES</span> entered 04/19/2017.", "entry_date": "4/19/2017"}, {"date": "4/19/2017", "number": "275", "contents": "<span class='description'>ATTY. FOR DEF. FINNELL, ANN ELIZABETH</span> entered 04/19/2017.", "entry_date": "4/19/2017"}, {"date": "4/19/2017", "number": "274", "contents": "<span class='description'>ASST. STATE ATTY. KITE, LONDON MAHOGANY</span> entered 04/19/2017.", "entry_date": "4/19/2017"}, {"date": "4/19/2017", "number": "273", "contents": "<span class='description'>SITTING JUDGE - BORELLO, MARK</span> entered 04/19/2017.", "entry_date": "4/19/2017"}, {"date": "4/19/2017", "number": "272", "contents": "<span class='description'>JUDGE MCCALLUM, LINDA F.</span> entered 04/19/2017.", "entry_date": "4/19/2017"}, {"date": "4/18/2017", "number": "271", "contents": "<span class='description'>INITIAL DISCLOSURE OF WITNESSES</span> entered 04/21/2017.", "entry_date": "4/21/2017"}, {"date": "4/18/2017", "number": "270", "contents": "<span class='description'>MOTION TO COMPEL SPECIFIC DISCOVERY AS TO DNA EVIDENCE FROM DNA INTERNATIONAL</span> entered 04/21/2017.", "entry_date": "4/21/2017"}, {"date": "4/14/2017", "number": "269", "contents": "<span class='description'>NOTICE OF TAKING DEPOSITIONS</span> entered 04/14/2017.", "entry_date": "4/14/2017"}, {"date": "4/10/2017", "number": "268", "contents": "<span class='description'>NOTICE OF TAKING DEPOSITION</span> entered 04/11/2017.", "entry_date": "4/11/2017"}, {"date": "3/30/2017", "number": "267", "contents": "<span class='description'>NOTICE OF TAKING DEPOSITION (AMENDED)</span> entered 03/31/2017.", "entry_date": "3/31/2017"}, {"date": "3/24/2017", "number": "266", "contents": "<span class='description'>NOTICE OF TAKING DEPOSITIONS</span> entered 03/27/2017.", "entry_date": "3/27/2017"}, {"date": "3/24/2017", "number": "265", "contents": "<span class='description'>MOTION TO COMPEL AND DEMAND FOR SPECIFIC DISCOVERY</span> entered 03/27/2017.", "entry_date": "3/27/2017"}, {"date": "3/22/2017", "number": "264", "contents": "<span class='description'>ORDER AUTHORIZING THE INCURRING OF EXPENSES FOR PAYMENT OF CERTAIN SPECIFIED COSTS FOR COURT APPOINTED DEFT.</span> entered 03/22/2017.", "entry_date": "3/22/2017"}, {"date": "3/20/2017", "number": "263", "contents": "<span class='description'>MOTION TO INCUR COSTS FOR DEPOSITION TRANSCRIPTS FOR COURT APPOINTED DEFENDANT</span> entered 03/21/2017.", "entry_date": "3/21/2017"}, {"date": "3/15/2017", "number": "262", "contents": "<span class='description'>PRETRIAL 04/19/2017 9:00 AM - 605 6TH FLOOR, 501 W ADAMS ST JACKSONVILLE FL 32202</span> entered 03/15/2017.", "entry_date": "3/15/2017"}, {"date": "3/15/2017", "number": "261", "contents": "<span class='description'>OTHERS PRESENT: PA: G.ANDUX FOR A. FINNELL</span> entered 03/15/2017.", "entry_date": "3/15/2017"}, {"date": "3/15/2017", "number": "260", "contents": "<span class='description'>DEFENDANT PRESENT IN JAIL</span> entered 03/15/2017.", "entry_date": "3/15/2017"}, {"date": "3/15/2017", "number": "259", "contents": "<span class='description'>ATTY. FOR DEF. FINNELL, ANN ELIZABETH</span> entered 03/15/2017.", "entry_date": "3/15/2017"}, {"date": "3/15/2017", "number": "258", "contents": "<span class='description'>ASST. STATE ATTY. KITE, LONDON MAHOGANY</span> entered 03/15/2017.", "entry_date": "3/15/2017"}, {"date": "3/15/2017", "number": "257", "contents": "<span class='description'>JUDGE MCCALLUM, LINDA F.</span> entered 03/15/2017.", "entry_date": "3/15/2017"}, {"date": "1/31/2017", "number": "256", "contents": "<span class='description'>MOTION FOR APPOINTMENT OF A CULTURAL EXPERT AND AUTHORITY TO INCUR EXPERT FEES AND EXPENSES</span> entered 02/01/2017.", "entry_date": "2/1/2017"}, {"date": "1/26/2017", "number": "255", "contents": "<span class='description'>ORDER DENYING MOTION TO TRANSPORT INMATE FOR DEPOSITION</span> entered 01/27/2017.", "entry_date": "1/27/2017"}, {"date": "1/26/2017", "number": "254", "contents": "<span class='description'>ORDER DENYING DEFENDANT MOTION TO INCUR COSTS AND APPOINT FORENSIC PSYCHOLOGIST EXPERT TO CONDUCT CONFIDENTIAL EXAMINATION OF DEFENDANT (PENALTY PHASE)</span> entered 01/26/2017.", "entry_date": "1/26/2017"}, {"date": "1/24/2017", "number": "253", "contents": "<span class='description'>MOTION TO TRANSPORT INMATE FOR DEPOSTION</span> entered 01/25/2017.", "entry_date": "1/25/2017"}, {"date": "1/24/2017", "number": "252", "contents": "<span class='description'>NOTICE OF TAKING DEPOSITION</span> entered 01/25/2017.", "entry_date": "1/25/2017"}, {"date": "1/19/2017", "number": "251", "contents": "<span class='description'>JUSTICE ADMINISTRATIVE COMMISSION\u2019S RESPONSE TO MOTION TO INCUR COSTS OF AND APPOINT FORENSIC PSYCHOLOGIST AND REQUEST TO APPEAR TELEPHONICALLY</span> entered 01/24/2017.", "entry_date": "1/24/2017"}, {"date": "1/19/2017", "number": "250", "contents": "<span class='description'>PRETRIAL 03/15/2017 9:00 AM - 605 6TH FLOOR, 501 W ADAMS ST JACKSONVILLE FL 32202</span> entered 01/19/2017.", "entry_date": "1/19/2017"}, {"date": "1/19/2017", "number": "249", "contents": "<span class='description'>DEFENDANT PRESENT IN JAIL</span> entered 01/19/2017.", "entry_date": "1/19/2017"}, {"date": "1/19/2017", "number": "248", "contents": "<span class='description'>ATTY. FOR DEF. FINNELL, ANN ELIZABETH</span> entered 01/19/2017.", "entry_date": "1/19/2017"}, {"date": "1/19/2017", "number": "247", "contents": "<span class='description'>ASST. STATE ATTY. KITE, LONDON MAHOGANY</span> entered 01/19/2017.", "entry_date": "1/19/2017"}, {"date": "1/19/2017", "number": "246", "contents": "<span class='description'>JUDGE MCCALLUM, LINDA F</span> entered 01/19/2017.", "entry_date": "1/19/2017"}, {"date": "1/13/2017", "number": "245", "contents": "<span class='description'>MOTION TO INCUR COSTS OF AND APPOINT FORENSIC PSYCHOLOGIST EXPERT TO CONDUCT CONFIDENTIAL EXAMINATION OF DEPENDANT (PENALTY PHASE)</span> entered 01/17/2017.", "entry_date": "1/17/2017"}, {"date": "11/29/2016", "number": "244", "contents": "<span class='description'>PRETRIAL 01/19/2017 9:00 AM - 605 6TH FLOOR, 501 W ADAMS ST JACKSONVILLE FL 32202</span> entered 11/29/2016.", "entry_date": "11/29/2016"}, {"date": "11/29/2016", "number": "243", "contents": "<span class='description'>OTHERS PRESENT: ASA: E. PERRY FOR L. KITE, PA: V. NEWTSON FOR A. FINNELL</span> entered 11/29/2016.", "entry_date": "11/29/2016"}, {"date": "11/29/2016", "number": "242", "contents": "<span class='description'>DEFENDANT PRESENT IN JAIL</span> entered 11/29/2016.", "entry_date": "11/29/2016"}, {"date": "11/29/2016", "number": "241", "contents": "<span class='description'>ATTY. FOR DEF. FINNELL, ANN ELIZABETH</span> entered 11/29/2016.", "entry_date": "11/29/2016"}, {"date": "11/29/2016", "number": "240", "contents": "<span class='description'>ASST. STATE ATTY. KITE, LONDON MAHOGANY</span> entered 11/29/2016.", "entry_date": "11/29/2016"}, {"date": "11/29/2016", "number": "239", "contents": "<span class='description'>JUDGE MCCALLUM, LINDA F.</span> entered 11/29/2016.", "entry_date": "11/29/2016"}, {"date": "10/3/2016", "number": "238", "contents": "<span class='description'>PRETRIAL 11/29/2016 9:00 AM - 605 6TH FLOOR, 501 W ADAMS ST JACKSONVILLE FL 32202</span> entered 10/03/2016.", "entry_date": "10/3/2016"}, {"date": "10/3/2016", "number": "237", "contents": "<span class='description'>OTHERS PRESENT: PA: G. ANDUX FOR A. FINNELL</span> entered 10/03/2016.", "entry_date": "10/3/2016"}, {"date": "10/3/2016", "number": "236", "contents": "<span class='description'>DEFENDANT PRESENT IN JAIL</span> entered 10/03/2016.", "entry_date": "10/3/2016"}, {"date": "10/3/2016", "number": "235", "contents": "<span class='description'>ATTY. FOR DEF. FINNELL, ANN ELIZABETH</span> entered 10/03/2016.", "entry_date": "10/3/2016"}, {"date": "10/3/2016", "number": "234", "contents": "<span class='description'>ASST. STATE ATTY. KITE, LONDON MAHOGANY</span> entered 10/03/2016.", "entry_date": "10/3/2016"}, {"date": "10/3/2016", "number": "233", "contents": "<span class='description'>JUDGE MCCALLUM, LINDA F.</span> entered 10/03/2016.", "entry_date": "10/3/2016"}, {"date": "9/20/2016", "number": "232", "contents": "<span class='description'>COURT ORDER FOR PAYMENT OF COSTS AND APPOINTING MENTAL HEALTH EXPERT TO CONDUCT CONFIDENTIAL EXAMINATION OF DEFENDANT (PENALTY PHASE)</span> entered 09/20/2016.", "entry_date": "9/20/2016"}, {"date": "9/15/2016", "number": "231", "contents": "<span class='description'>MOTION FOR PAYMENT OF COSTS</span> entered 09/15/2016.", "entry_date": "9/15/2016"}, {"date": "9/9/2016", "number": "230", "contents": "<span class='description'>STIPULATION AND ORDER TO PROVIDE DNA FILE, BENCH NOTES AND ELECTRONIC DATA</span> entered 09/09/2016.", "entry_date": "9/9/2016"}, {"date": "8/31/2016", "number": "229", "contents": "<span class='description'>PRETRIAL 10/03/2016 9:00 AM - 605 6TH FLOOR, 501 W ADAMS ST JACKSONVILLE FL 32202</span> entered 08/31/2016.", "entry_date": "8/31/2016"}, {"date": "8/31/2016", "number": "228", "contents": "<span class='description'>DEFENSE/STATE'S ORAL MOTION FOR CONTINUANCE (JOINT) - GRANTED - STRIKE 10/03/16 JS</span> entered 08/31/2016.", "entry_date": "8/31/2016"}, {"date": "8/31/2016", "number": "227", "contents": "<span class='description'>OTHERS PRESENT: G ANDUX FOR A FINNELL</span> entered 08/31/2016.", "entry_date": "8/31/2016"}, {"date": "8/31/2016", "number": "226", "contents": "<span class='description'>DEFENDANT PRESENT IN JAIL</span> entered 08/31/2016.", "entry_date": "8/31/2016"}, {"date": "8/31/2016", "number": "225", "contents": "<span class='description'>ATTY. FOR DEF. FINNELL, ANN ELIZABETH</span> entered 08/31/2016.", "entry_date": "8/31/2016"}, {"date": "8/31/2016", "number": "224", "contents": "<span class='description'>ASST. STATE ATTY. KITE, LONDON MAHOGANY</span> entered 08/31/2016.", "entry_date": "8/31/2016"}, {"date": "8/31/2016", "number": "223", "contents": "<span class='description'>JUDGE MCCALLUM, LINDA F.</span> entered 08/31/2016.", "entry_date": "8/31/2016"}, {"date": "8/25/2016", "number": "222", "contents": "<span class='description'>PRETRIAL 08/31/2016 9:00 AM - 605 6TH FLOOR, 501 W ADAMS ST JACKSONVILLE FL 32202</span> entered 08/25/2016.", "entry_date": "8/25/2016"}, {"date": "8/25/2016", "number": "221", "contents": "<span class='description'>DEFENDANT APPEARANCE WAIVED</span> entered 08/25/2016.", "entry_date": "8/25/2016"}, {"date": "8/25/2016", "number": "220", "contents": "<span class='description'>OTHERS PRESENT: G ANDUX FOR A FINNELL</span> entered 08/25/2016.", "entry_date": "8/25/2016"}, {"date": "8/25/2016", "number": "219", "contents": "<span class='description'>ATTY. FOR DEF. FINNELL, ANN ELIZABETH</span> entered 08/25/2016.", "entry_date": "8/25/2016"}, {"date": "8/25/2016", "number": "218", "contents": "<span class='description'>OTHERS PRESENT: A YOUNG FOR L KITE</span> entered 08/25/2016.", "entry_date": "8/25/2016"}, {"date": "8/25/2016", "number": "217", "contents": "<span class='description'>ASST. STATE ATTY. KITE, LONDON MAHOGANY</span> entered 08/25/2016.", "entry_date": "8/25/2016"}, {"date": "8/25/2016", "number": "216", "contents": "<span class='description'>JUDGE MCCALLUM, LINDA F.</span> entered 08/25/2016.", "entry_date": "8/25/2016"}, {"date": "7/26/2016", "number": "215", "contents": "<span class='description'>PRETRIAL 08/25/2016 9:00 AM - 605 6TH FLOOR, 501 W ADAMS ST JACKSONVILLE FL 32202</span> entered 07/26/2016.", "entry_date": "7/26/2016"}, {"date": "7/26/2016", "number": "214", "contents": "<span class='description'>OTHERS PRESENT: G ANDUX FOR A FINNELL</span> entered 07/26/2016.", "entry_date": "7/26/2016"}, {"date": "7/26/2016", "number": "213", "contents": "<span class='description'>DEFENDANT APPEARANCE WAIVED</span> entered 07/26/2016.", "entry_date": "7/26/2016"}, {"date": "7/26/2016", "number": "212", "contents": "<span class='description'>ATTY. FOR DEF. FINNELL, ANN ELIZABETH</span> entered 07/26/2016.", "entry_date": "7/26/2016"}, {"date": "7/26/2016", "number": "211", "contents": "<span class='description'>ASST. STATE ATTY. KITE, LONDON MAHOGANY</span> entered 07/26/2016.", "entry_date": "7/26/2016"}, {"date": "7/26/2016", "number": "210", "contents": "<span class='description'>JUDGE MCCALLUM, LINDA F.</span> entered 07/26/2016.", "entry_date": "7/26/2016"}, {"date": "6/29/2016", "number": "209", "contents": "<span class='description'>PER JA'S EMAIL</span> entered 06/29/2016.", "entry_date": "6/29/2016"}, {"date": "6/29/2016", "number": "208", "contents": "<span class='description'>HEARING ON MOTION 07/26/2016 9:00 AM - 605 6TH FLOOR, 501 W ADAMS ST JACKSONVILLE FL 32202</span> entered 06/29/2016.", "entry_date": "6/29/2016"}, {"date": "6/29/2016", "number": "207", "contents": "<span class='description'>&gt; CANCEL REASON - PER JA</span> entered 06/29/2016.", "entry_date": "6/29/2016"}, {"date": "6/29/2016", "number": "206", "contents": "<span class='description'>CANCELLED HEARING ON MOTION ON 6/30/2016 9:00:00 AM</span> entered 06/29/2016.", "entry_date": "6/29/2016"}, {"date": "6/27/2016", "number": "205", "contents": "<span class='description'>@10:00AM</span> entered 06/27/2016.", "entry_date": "6/27/2016"}, {"date": "6/27/2016", "number": "204", "contents": "<span class='description'>HEARING ON MOTION 06/30/2016 9:00 AM - 605 6TH FLOOR, 501 W ADAMS ST JACKSONVILLE FL 32202</span> entered 06/27/2016.", "entry_date": "6/27/2016"}, {"date": "6/27/2016", "number": "203", "contents": "<span class='description'>OTHERS PRESENT: G ANDUX FOR A FINNELL</span> entered 06/27/2016.", "entry_date": "6/27/2016"}, {"date": "6/27/2016", "number": "202", "contents": "<span class='description'>DEFENDANT APPEARANCE WAIVED</span> entered 06/27/2016.", "entry_date": "6/27/2016"}, {"date": "6/27/2016", "number": "201", "contents": "<span class='description'>ATTY. FOR DEF. FINNELL, ANN ELIZABETH</span> entered 06/27/2016.", "entry_date": "6/27/2016"}, {"date": "6/27/2016", "number": "200", "contents": "<span class='description'>ASST. STATE ATTY. KITE, LONDON MAHOGANY</span> entered 06/27/2016.", "entry_date": "6/27/2016"}, {"date": "6/27/2016", "number": "199", "contents": "<span class='description'>SITTING JUDGE - ARNOLD, CHARLES W</span> entered 06/27/2016.", "entry_date": "6/27/2016"}, {"date": "6/27/2016", "number": "198", "contents": "<span class='description'>JUDGE MCCALLUM, LINDA F.</span> entered 06/27/2016.", "entry_date": "6/27/2016"}, {"date": "6/20/2016", "number": "197", "contents": "<span class='description'>STATE'S AMENDED RESPONSE TO DEFENDANT'S MOTION FOR SANCTIONS AND REQUEST FOR COST/PARTIAL REIMBURSEMENT</span> entered 06/21/2016.", "entry_date": "6/21/2016"}, {"date": "6/20/2016", "number": "196", "contents": "<span class='description'>STATE'S DISCOVERY EXHIBIT AND DEMAND FOR RECIPROCAL DISCOVERY</span> entered 06/21/2016.", "entry_date": "6/21/2016"}, {"date": "6/8/2016", "number": "195", "contents": "<span class='description'>COURT ORDER ON MOTION FOR PAYMENT OF CERTAIN SPECIFIED COSTS FOR COURT APOINTED DEFENDANT</span> entered 06/09/2016.", "entry_date": "6/9/2016"}, {"date": "6/8/2016", "number": "194", "contents": "<span class='description'>COURT ORDER GRANTING MOTION TO INCUR COSTS FOR OUT OF STATE TRAVEL EXPENSES ASSOCIATED WITH EXPERT, JAMES ALAN FOX, PH.D</span> entered 06/08/2016.", "entry_date": "6/8/2016"}, {"date": "6/7/2016", "number": "193", "contents": "<span class='description'>MOTION TO INCUR COSTS FOR OUT OF STATE TRAVEL EXPENSES ASSOCIATED WITH EXPERT, JAMES ALAN FOX, PH.D</span> entered 06/09/2016.", "entry_date": "6/9/2016"}, {"date": "6/7/2016", "number": "192", "contents": "<span class='description'>HEARING ON MOTION (TO BE SET) 06/27/2016 9:00 AM - 605 6TH FLOOR, 501 W ADAMS ST JACKSONVILLE FL 32202</span> entered 06/07/2016.", "entry_date": "6/7/2016"}, {"date": "6/7/2016", "number": "191", "contents": "<span class='description'>DEFENDANT PRESENT IN JAIL</span> entered 06/07/2016.", "entry_date": "6/7/2016"}, {"date": "6/7/2016", "number": "190", "contents": "<span class='description'>ATTY. FOR DEF. FINNELL, ANN ELIZABETH</span> entered 06/07/2016.", "entry_date": "6/7/2016"}, {"date": "6/7/2016", "number": "189", "contents": "<span class='description'>ASST. STATE ATTY. KITE, LONDON MAHOGANY</span> entered 06/07/2016.", "entry_date": "6/7/2016"}, {"date": "6/7/2016", "number": "188", "contents": "<span class='description'>JUDGE MCCALLUM, LINDA F.</span> entered 06/07/2016.", "entry_date": "6/7/2016"}, {"date": "6/6/2016", "number": "187", "contents": "<span class='description'>MOTION FOR SANCTIONS</span> entered 06/09/2016.", "entry_date": "6/9/2016"}, {"date": "6/3/2016", "number": "186", "contents": "<span class='description'>MOTION TO INCUR COSTS FOR DEPOSITION TRANSCRIPTS FOR COURT APPOINTED DEFENDANT</span> entered 06/07/2016.", "entry_date": "6/7/2016"}, {"date": "5/19/2016", "number": "185", "contents": "<span class='description'>PRETRIAL 06/07/2016 9:00 AM - 605 6TH FLOOR, 501 W ADAMS ST JACKSONVILLE FL 32202</span> entered 05/19/2016.", "entry_date": "5/19/2016"}, {"date": "5/19/2016", "number": "184", "contents": "<span class='description'>OTHERS PRESENT: K SKINNER FOR L KITE</span> entered 05/19/2016.", "entry_date": "5/19/2016"}, {"date": "5/19/2016", "number": "183", "contents": "<span class='description'>DEFENDANT PRESENT IN JAIL</span> entered 05/19/2016.", "entry_date": "5/19/2016"}, {"date": "5/19/2016", "number": "182", "contents": "<span class='description'>ATTY. FOR DEF. FINNELL, ANN ELIZABETH</span> entered 05/19/2016.", "entry_date": "5/19/2016"}, {"date": "5/19/2016", "number": "181", "contents": "<span class='description'>ASST. STATE ATTY. KITE, LONDON MAHOGANY</span> entered 05/19/2016.", "entry_date": "5/19/2016"}, {"date": "5/19/2016", "number": "180", "contents": "<span class='description'>SITTING JUDGE - STETSON, BRAD</span> entered 05/19/2016.", "entry_date": "5/19/2016"}, {"date": "5/19/2016", "number": "179", "contents": "<span class='description'>JUDGE MCCALLUM, LINDA F.</span> entered 05/19/2016.", "entry_date": "5/19/2016"}, {"date": "4/18/2016", "number": "178", "contents": "<span class='description'>COURT ORDER TO PRODUCE DNA FILE</span> entered 04/19/2016.", "entry_date": "4/19/2016"}, {"date": "4/15/2016", "number": "177", "contents": "<span class='description'>COURT ORDER GRANTING DEFENDANTS MOTION FOR AUTHORITY TO INCUR COSTS OF A CULTURAL/DIVERSITY EXPERT JAMES ALAN FOX</span> entered 04/18/2016.", "entry_date": "4/18/2016"}, {"date": "4/14/2016", "number": "176", "contents": "<span class='description'>COURT DATE PREVIOUSLY SET 05/19/2016-PRETRIAL</span> entered 04/14/2016.", "entry_date": "4/14/2016"}, {"date": "4/14/2016", "number": "175", "contents": "<span class='description'>HEARING ON MOTION(S) HELD IN FULL-MOTION TO INCUR COSTS TO OBTAIN DNA FILE &amp; MOTION TO INCUR COSTS ASSOCIATED WITH EXPERT, JAMES ALAN FOX PH.D-TAKEN UNDER ADVISEMENT</span> entered 04/14/2016.", "entry_date": "4/14/2016"}, {"date": "4/14/2016", "number": "174", "contents": "<span class='description'>OTHERS PRESENT JAC: BRETT BISHOP-VIA TELECOM</span> entered 04/14/2016.", "entry_date": "4/14/2016"}, {"date": "4/14/2016", "number": "173", "contents": "<span class='description'>OTHERS PRESENT: G. ANDUX</span> entered 04/14/2016.", "entry_date": "4/14/2016"}, {"date": "4/14/2016", "number": "172", "contents": "<span class='description'>ATTY. FOR DEF. FINNELL, ANN ELIZABETH</span> entered 04/14/2016.", "entry_date": "4/14/2016"}, {"date": "4/14/2016", "number": "171", "contents": "<span class='description'>&gt; NOT PRESENT</span> entered 04/14/2016.", "entry_date": "4/14/2016"}, {"date": "4/14/2016", "number": "170", "contents": "<span class='description'>ASST. STATE ATTY. KITE, LONDON MAHOGANY</span> entered 04/14/2016.", "entry_date": "4/14/2016"}, {"date": "4/14/2016", "number": "169", "contents": "<span class='description'>JUDGE MCCALLUM, LINDA F.</span> entered 04/14/2016.", "entry_date": "4/14/2016"}, {"date": "4/13/2016", "number": "168", "contents": "<span class='description'>@ 9:15- AS PER EMAIL</span> entered 04/13/2016.", "entry_date": "4/13/2016"}, {"date": "4/13/2016", "number": "167", "contents": "<span class='description'>HEARING ON MOTION 04/14/2016 9:00 AM - 709 CHAMBERS, 501 W ADAMS ST JACKSONVILLE FL 32202</span> entered 04/13/2016.", "entry_date": "4/13/2016"}, {"date": "4/8/2016", "number": "166", "contents": "<span class='description'>NOTICE OF HEARING (AMENDED)</span> entered 04/12/2016.", "entry_date": "4/12/2016"}, {"date": "4/8/2016", "number": "165", "contents": "<span class='description'>STANDING ORDER GOVERNING PRE-TRIAL PROCEDURES AND THE TRIAL OF ALL CRIMINAL ACTIONS IN THE DIVISION OF THE CIRCUIT COURT OF THE FOURTH JUDICIAL CIRCUIT</span> entered 04/08/2016.", "entry_date": "4/8/2016"}, {"date": "4/7/2016", "number": "164", "contents": "<span class='description'>09/28/16 FPT; 10/03/16 JS</span> entered 04/07/2016.", "entry_date": "4/7/2016"}, {"date": "4/7/2016", "number": "163", "contents": "<span class='description'>PRETRIAL 05/19/2016 9:00 AM - 605 6TH FLOOR, 501 W ADAMS ST JACKSONVILLE FL 32202</span> entered 04/07/2016.", "entry_date": "4/7/2016"}, {"date": "4/7/2016", "number": "162", "contents": "<span class='description'>DEFENDANT PRESENT IN JAIL</span> entered 04/07/2016.", "entry_date": "4/7/2016"}, {"date": "4/7/2016", "number": "161", "contents": "<span class='description'>ATTY. FOR DEF. FINNELL, ANN ELIZABETH</span> entered 04/07/2016.", "entry_date": "4/7/2016"}, {"date": "4/7/2016", "number": "160", "contents": "<span class='description'>ASST. STATE ATTY. KITE, LONDON MAHOGANY</span> entered 04/07/2016.", "entry_date": "4/7/2016"}, {"date": "4/7/2016", "number": "159", "contents": "<span class='description'>JUDGE MCCALLUM, LINDA F.</span> entered 04/07/2016.", "entry_date": "4/7/2016"}, {"date": "4/4/2016", "number": "158", "contents": "<span class='description'>RESPONSE (JUSTICE ADMINISTRATIVE COMMISSION'S AMENDED) TO MOTION TO INCUR COSTS TO OBTAIN DNA FILE AND REQUEST TO APPEAR TELEPHONICALLY</span> entered 04/08/2016.", "entry_date": "4/8/2016"}, {"date": "4/4/2016", "number": "157", "contents": "<span class='description'>NOTICE OF HEARING</span> entered 04/07/2016.", "entry_date": "4/7/2016"}, {"date": "3/31/2016", "number": "156", "contents": "<span class='description'>&gt; CANCEL REASON -</span> entered 03/31/2016.", "entry_date": "3/31/2016"}, {"date": "3/31/2016", "number": "155", "contents": "<span class='description'>CANCELLED NOTICE OF HEARING ON 3/31/2016 9:00:00 AM</span> entered 03/31/2016.", "entry_date": "3/31/2016"}, {"date": "3/28/2016", "number": "154", "contents": "<span class='description'>PER E-MAIL FOR JAC HEARING @9:15; PT 4/7/16</span> entered 03/28/2016.", "entry_date": "3/28/2016"}, {"link_viewer": "https://www.docketalarm.com/cases/Florida_State_Duval_County_Fourth_Circuit_Court/2015-CF-006276/ARSENIO_JAVON_DOBY_JAMES/153/", "number": "153", "link": "https://www.docketalarm.com/cases/Florida_State_Duval_County_Fourth_Circuit_Court/2015-CF-006276/ARSENIO_JAVON_DOBY_JAMES/docs/153.pdf", "entry_date": "3/28/2016", "date": "3/28/2016", "contents": "<a href=\"/cases/Florida_State_Duval_County_Fourth_Circuit_Court/2015-CF-006276/ARSENIO_JAVON_DOBY_JAMES/153/\"><span class='description'>NOTICE OF HEARING 03/31/2016 9:00 AM - 709 CHAMBERS, 501 W ADAMS ST JACKSONVILLE FL 32202</span></a> entered 03/28/2016."}, {"date": "3/24/2016", "number": "152", "contents": "<span class='description'>PRETRIAL 04/07/2016 9:00 AM - 605 6TH FLOOR, 501 W ADAMS ST JACKSONVILLE FL 32202</span> entered 03/24/2016.", "entry_date": "3/24/2016"}, {"date": "3/24/2016", "number": "151", "contents": "<span class='description'>OTHERS PRESENT: ANDUX FOR BILLARD</span> entered 03/24/2016.", "entry_date": "3/24/2016"}, {"date": "3/24/2016", "number": "150", "contents": "<span class='description'>DEFENDANT APPEARANCE WAIVED</span> entered 03/24/2016.", "entry_date": "3/24/2016"}, {"date": "3/24/2016", "number": "149", "contents": "<span class='description'>ATTY. FOR DEF. FINNELL, ANN ELIZABETH</span> entered 03/24/2016.", "entry_date": "3/24/2016"}, {"date": "3/24/2016", "number": "148", "contents": "<span class='description'>ASST. STATE ATTY. KITE, LONDON MAHOGANY</span> entered 03/24/2016.", "entry_date": "3/24/2016"}, {"date": "3/24/2016", "number": "147", "contents": "<span class='description'>JUDGE MCCALLUM, LINDA F.</span> entered 03/24/2016.", "entry_date": "3/24/2016"}, {"date": "3/15/2016", "number": "146", "contents": "<span class='description'>NOTICE OF HEARING</span> entered 03/17/2016.", "entry_date": "3/17/2016"}, {"date": "3/8/2016", "number": "145", "contents": "<span class='description'>NOTICE OF TAKING DEPOSITION</span> entered 03/09/2016.", "entry_date": "3/9/2016"}, {"date": "3/7/2016", "number": "144", "contents": "<span class='description'>COURT DATE PREVIOUSLY SET 03/24/16 PT</span> entered 03/07/2016.", "entry_date": "3/7/2016"}, {"date": "3/7/2016", "number": "143", "contents": "<span class='description'>OTHERS PRESENT: G ANDUX FOR A FINNELL</span> entered 03/07/2016.", "entry_date": "3/7/2016"}, {"date": "3/7/2016", "number": "142", "contents": "<span class='description'>DEFENDANT PRESENT IN JAIL</span> entered 03/07/2016.", "entry_date": "3/7/2016"}, {"date": "3/7/2016", "number": "141", "contents": "<span class='description'>ATTY. FOR DEF. FINNELL, ANN ELIZABETH</span> entered 03/07/2016.", "entry_date": "3/7/2016"}, {"date": "3/7/2016", "number": "140", "contents": "<span class='description'>ASST. STATE ATTY. KITE, LONDON MAHOGANY</span> entered 03/07/2016.", "entry_date": "3/7/2016"}, {"date": "3/7/2016", "number": "139", "contents": "<span class='description'>JUDGE MCCALLUM, LINDA F.</span> entered 03/07/2016.", "entry_date": "3/7/2016"}, {"date": "3/3/2016", "number": "138", "contents": "<span class='description'>AS PER EMAIL</span> entered 03/03/2016.", "entry_date": "3/3/2016"}, {"date": "3/3/2016", "number": "137", "contents": "<span class='description'>HEARING ON MOTION (TO BE SET) 03/07/2016 9:00 AM - 605 6TH FLOOR, 501 W ADAMS ST JACKSONVILLE FL 32202</span> entered 03/03/2016.", "entry_date": "3/3/2016"}, {"date": "3/3/2016", "number": "136", "contents": "<span class='description'>COURT ORDER (AMENDED) ON MOTION TO INCUR COSTS TO OBTAIN DNA FILE</span> entered 03/03/2016.", "entry_date": "3/3/2016"}, {"date": "3/1/2016", "number": "135", "contents": "<span class='description'>JUSTICE ADMINISTRATIVE COMMISSION'S RESPONSE TO MOTION TO INCUR COSTS ASSOCIATED WITH EXPERT AND REQUEST TO APPEAR TELEPHONICALLY</span> entered 03/03/2016.", "entry_date": "3/3/2016"}, {"date": "3/1/2016", "number": "134", "contents": "<span class='description'>COURT ORDER ON MOTION TO INCUR COSTS TO OBTAIN DNA FILE</span> entered 03/03/2016.", "entry_date": "3/3/2016"}, {"date": "2/29/2016", "number": "133", "contents": "<span class='description'>MOTION FOR PAYMENT OF COSTS ASSOCIATED WITH EXPERT JAMES ALAN FOX Ph. D</span> entered 03/03/2016.", "entry_date": "3/3/2016"}, {"date": "2/25/2016", "number": "132", "contents": "<span class='description'>COURT ORDER FOR PAYMENT OF COSTS AND APPOINTING FORENSIC DNA CONSULTANT TO ASSIST THE DEFENDANT IN PREPARATION OF THE DEFENSE</span> entered 02/26/2016.", "entry_date": "2/26/2016"}, {"date": "2/24/2016", "number": "131", "contents": "<span class='description'>MOTION FOR PAYMENT OF COSTS TO OBTAIN DNA FILE</span> entered 03/02/2016.", "entry_date": "3/2/2016"}, {"date": "2/24/2016", "number": "130", "contents": "<span class='description'>PRETRIAL 03/24/2016 9:00 AM - 605 6TH FLOOR, 501 W ADAMS ST JACKSONVILLE FL 32202</span> entered 02/24/2016.", "entry_date": "2/24/2016"}, {"date": "2/24/2016", "number": "129", "contents": "<span class='description'>DEFENDANT PRESENT IN JAIL</span> entered 02/24/2016.", "entry_date": "2/24/2016"}, {"date": "2/24/2016", "number": "128", "contents": "<span class='description'>ATTY. FOR DEF. FINNELL, ANN ELIZABETH</span> entered 02/24/2016.", "entry_date": "2/24/2016"}, {"date": "2/24/2016", "number": "127", "contents": "<span class='description'>ASST. STATE ATTY. KITE, LONDON MAHOGANY</span> entered 02/24/2016.", "entry_date": "2/24/2016"}, {"date": "2/24/2016", "number": "126", "contents": "<span class='description'>JUDGE MCCALLUM, LINDA F.</span> entered 02/24/2016.", "entry_date": "2/24/2016"}, {"date": "2/23/2016", "number": "125", "contents": "<span class='description'>JUSTICE ADMINISTRATIVE COMMISSION'S RESPONSE TO MOTION TO INCUR COSTS OF A FORENSIC DNA CONSULTANT TO ASSIST THE DEFENDANT IN PREPARATION OF THE DEFENSE</span> entered 02/24/2016.", "entry_date": "2/24/2016"}, {"date": "2/23/2016", "number": "124", "contents": "<span class='description'>MOTION TO INCUR COSTS OF A FORENSIC DNA CONSULTANT TO ASSIST THE DEFENDANT IN PREPARATION OF THE DEFENSE</span> entered 02/23/2016.", "entry_date": "2/23/2016"}, {"date": "1/28/2016", "number": "123", "contents": "<span class='description'>COURT ORDER ON MOTION FOR PAYMENT OF CERTAIN SPECIFIED COSTS FOR COURT APPOINTED DEFENDANT</span> entered 01/29/2016.", "entry_date": "1/29/2016"}, {"date": "1/20/2016", "number": "122", "contents": "<span class='description'>PRETRIAL 02/24/2016 9:00 AM - 605 6TH FLOOR, 501 W ADAMS ST JACKSONVILLE FL 32202</span> entered 01/20/2016.", "entry_date": "1/20/2016"}, {"date": "1/20/2016", "number": "121", "contents": "<span class='description'>DEFENDANT PRESENT IN JAIL</span> entered 01/20/2016.", "entry_date": "1/20/2016"}, {"date": "1/20/2016", "number": "120", "contents": "<span class='description'>ATTY. FOR DEF. FINNELL, ANN ELIZABETH</span> entered 01/20/2016.", "entry_date": "1/20/2016"}, {"date": "1/20/2016", "number": "119", "contents": "<span class='description'>ASST. STATE ATTY. KITE, LONDON MAHOGANY</span> entered 01/20/2016.", "entry_date": "1/20/2016"}, {"date": "1/20/2016", "number": "118", "contents": "<span class='description'>JUDGE MCCALLUM, LINDA F.</span> entered 01/20/2016.", "entry_date": "1/20/2016"}, {"date": "12/17/2015", "number": "117", "contents": "<span class='description'>MOTION TO INCUR COSTS FOR DEPOSITION TRANSCRIPTS FOR COURT APPOINTED DEFENDANT</span> entered 12/18/2015.", "entry_date": "12/18/2015"}, {"date": "12/15/2015", "number": "116", "contents": "<span class='description'>PRETRIAL 01/20/2016 9:00 AM - 308 3RD FLOOR, 501 W ADAMS ST JACKSONVILLE FL 32202</span> entered 12/15/2015.", "entry_date": "12/15/2015"}, {"date": "12/15/2015", "number": "115", "contents": "<span class='description'>DEFENDANT PRESENT IN JAIL</span> entered 12/15/2015.", "entry_date": "12/15/2015"}, {"date": "12/15/2015", "number": "114", "contents": "<span class='description'>ATTY. FOR DEF. FINNELL, ANN ELIZABETH</span> entered 12/15/2015.", "entry_date": "12/15/2015"}, {"date": "12/15/2015", "number": "113", "contents": "<span class='description'>ASST. STATE ATTY. KITE, LONDON MAHOGANY</span> entered 12/15/2015.", "entry_date": "12/15/2015"}, {"date": "12/15/2015", "number": "112", "contents": "<span class='description'>JUDGE BORELLO, MARK</span> entered 12/15/2015.", "entry_date": "12/15/2015"}, {"link_viewer": "https://www.docketalarm.com/cases/Florida_State_Duval_County_Fourth_Circuit_Court/2015-CF-006276/ARSENIO_JAVON_DOBY_JAMES/111/", "number": "111", "link": "https://www.docketalarm.com/cases/Florida_State_Duval_County_Fourth_Circuit_Court/2015-CF-006276/ARSENIO_JAVON_DOBY_JAMES/docs/111.pdf", "entry_date": "11/23/2015", "date": "11/20/2015", "contents": "<a href=\"/cases/Florida_State_Duval_County_Fourth_Circuit_Court/2015-CF-006276/ARSENIO_JAVON_DOBY_JAMES/111/\"><span class='description'>** WAIVER OF SPEEDY TRIAL **</span></a> entered 11/23/2015."}, {"date": "11/20/2015", "number": "110", "contents": "<span class='description'>PRETRIAL 12/15/2015 9:00 AM - 308 3RD FLOOR, 501 W ADAMS ST JACKSONVILLE FL 32202</span> entered 11/20/2015.", "entry_date": "11/20/2015"}, {"date": "11/20/2015", "number": "109", "contents": "<span class='description'>OTHERS PRESENT: P HAZEL FOR L KITE</span> entered 11/20/2015.", "entry_date": "11/20/2015"}, {"date": "11/20/2015", "number": "108", "contents": "<span class='description'>DEFENDANT PRESENT IN JAIL</span> entered 11/20/2015.", "entry_date": "11/20/2015"}, {"date": "11/20/2015", "number": "107", "contents": "<span class='description'>OTHERS PRESENT - G ANDUX FOR A FINNELL</span> entered 11/20/2015.", "entry_date": "11/20/2015"}, {"date": "11/20/2015", "number": "106", "contents": "<span class='description'>ATTY. FOR DEF. FINNELL, ANN ELIZABETH</span> entered 11/20/2015.", "entry_date": "11/20/2015"}, {"date": "11/20/2015", "number": "105", "contents": "<span class='description'>ASST. STATE ATTY. KITE, LONDON MAHOGANY</span> entered 11/20/2015.", "entry_date": "11/20/2015"}, {"date": "11/20/2015", "number": "104", "contents": "<span class='description'>JUDGE BORELLO, MARK</span> entered 11/20/2015.", "entry_date": "11/20/2015"}, {"date": "11/16/2015", "number": "103", "contents": "<span class='description'>NOTICE OF TAKING DEPOSITION (AMENDED)</span> entered 11/16/2015.", "entry_date": "11/16/2015"}, {"date": "11/16/2015", "number": "102", "contents": "<span class='description'>PRETRIAL 11/20/2015 9:00 AM - 308 3RD FLOOR, 501 W ADAMS ST JACKSONVILLE FL 32202</span> entered 11/16/2015.", "entry_date": "11/16/2015"}, {"date": "11/16/2015", "number": "101", "contents": "<span class='description'>DEFENDANT PRESENT IN JAIL</span> entered 11/16/2015.", "entry_date": "11/16/2015"}, {"date": "11/16/2015", "number": "100", "contents": "<span class='description'>OTHERS PRESENT - G ANDUX FOR A FINNELL</span> entered 11/16/2015.", "entry_date": "11/16/2015"}, {"date": "11/16/2015", "number": "99", "contents": "<span class='description'>ATTY. FOR DEF. FINNELL, ANN ELIZABETH</span> entered 11/16/2015.", "entry_date": "11/16/2015"}, {"date": "11/16/2015", "number": "98", "contents": "<span class='description'>OTHERS PRESENT - J GUY FOR L KITE</span> entered 11/16/2015.", "entry_date": "11/16/2015"}, {"date": "11/16/2015", "number": "97", "contents": "<span class='description'>ASST. STATE ATTY. KITE, LONDON MAHOGANY</span> entered 11/16/2015.", "entry_date": "11/16/2015"}, {"date": "11/16/2015", "number": "96", "contents": "<span class='description'>JUDGE BORELLO, MARK</span> entered 11/16/2015.", "entry_date": "11/16/2015"}, {"date": "11/13/2015", "number": "95", "contents": "<span class='description'>NOTICE OF TAKING DEPOSITION</span> entered 11/16/2015.", "entry_date": "11/16/2015"}, {"date": "10/6/2015", "number": "94", "contents": "<span class='description'>PER EMAIL MEMO</span> entered 10/06/2015.", "entry_date": "10/6/2015"}, {"date": "10/6/2015", "number": "93", "contents": "<span class='description'>PRETRIAL 11/16/2015 9:00 AM - 308 3RD FLOOR, 501 W ADAMS ST JACKSONVILLE FL 32202</span> entered 10/06/2015.", "entry_date": "10/6/2015"}, {"date": "10/6/2015", "number": "92", "contents": "<span class='description'>&gt; CANCEL REASON -</span> entered 10/06/2015.", "entry_date": "10/6/2015"}, {"date": "10/6/2015", "number": "91", "contents": "<span class='description'>CANCELLED PRETRIAL ON 11/9/2015 9:00:00 AM</span> entered 10/06/2015.", "entry_date": "10/6/2015"}, {"date": "10/6/2015", "number": "90", "contents": "<span class='description'>PRETRIAL 11/09/2015 9:00 AM - 308 3RD FLOOR, 501 W ADAMS ST JACKSONVILLE FL 32202</span> entered 10/06/2015.", "entry_date": "10/6/2015"}, {"date": "10/6/2015", "number": "89", "contents": "<span class='description'>DEFENDANT PRESENT IN JAIL</span> entered 10/06/2015.", "entry_date": "10/6/2015"}, {"date": "10/6/2015", "number": "88", "contents": "<span class='description'>ATTY. FOR DEF. FINNELL, ANN ELIZABETH</span> entered 10/06/2015.", "entry_date": "10/6/2015"}, {"date": "10/6/2015", "number": "87", "contents": "<span class='description'>ASST. STATE ATTY. KITE, LONDON MAHOGANY</span> entered 10/06/2015.", "entry_date": "10/6/2015"}, {"date": "10/6/2015", "number": "86", "contents": "<span class='description'>JUDGE BORELLO, MARK</span> entered 10/06/2015.", "entry_date": "10/6/2015"}, {"date": "10/2/2015", "number": "85", "contents": "<span class='description'>MOTION FOR PRODUCTION OF FAVORABLE EVIDENCE</span> entered 10/02/2015.", "entry_date": "10/2/2015"}, {"date": "9/24/2015", "number": "84", "contents": "<span class='description'>COURT ORDER AUTHORING MOTION TO INCUR COSTS OF A MITIGATION SPECIALIST (PENALTY PHASE)</span> entered 09/29/2015.", "entry_date": "9/29/2015"}, {"date": "9/24/2015", "number": "83", "contents": "<span class='description'>COURT ORDER FOR PAYMENT OF COSTS AND APPOINTING MENTAL HEALTH EXPERT TO CONDUCT CONFIDENTIAL EXAMINATION OF DEFENDANT (GUILT PHASE)</span> entered 09/29/2015.", "entry_date": "9/29/2015"}, {"date": "9/15/2015", "number": "82", "contents": "<span class='description'>MOTION TO COMPEL DISCOVERY AS TO DNA EVIDENCE</span> entered 09/16/2015.", "entry_date": "9/16/2015"}, {"date": "9/15/2015", "number": "81", "contents": "<span class='description'>MOTION TO COMPEL DISCOVERY AS TO FIREARMS EVIDENCE</span> entered 09/16/2015.", "entry_date": "9/16/2015"}, {"date": "9/10/2015", "number": "80", "contents": "<span class='description'>COURT ORDER APPOINTING PENALTY PHASE ATTORNEY</span> entered 09/10/2015.", "entry_date": "9/10/2015"}, {"date": "9/8/2015", "number": "79", "contents": "<span class='description'>PRETRIAL 10/06/2015 9:00 AM - 308 3RD FLOOR, 501 W ADAMS ST JACKSONVILLE FL 32202</span> entered 09/08/2015.", "entry_date": "9/8/2015"}, {"date": "9/8/2015", "number": "78", "contents": "<span class='description'>DEFENDANT PRESENT IN JAIL</span> entered 09/08/2015.", "entry_date": "9/8/2015"}, {"date": "9/8/2015", "number": "77", "contents": "<span class='description'>ATTY. FOR DEF. FINNELL, ANN ELIZABETH</span> entered 09/08/2015.", "entry_date": "9/8/2015"}, {"date": "9/8/2015", "number": "76", "contents": "<span class='description'>ASST. STATE ATTY. KITE, LONDON MAHOGANY</span> entered 09/08/2015.", "entry_date": "9/8/2015"}, {"date": "9/8/2015", "number": "75", "contents": "<span class='description'>JUDGE BORELLO, MARK</span> entered 09/08/2015.", "entry_date": "9/8/2015"}, {"date": "9/1/2015", "number": "74", "contents": "<span class='description'>COURT ORDER AUTHORIZING CERTAIN SPECIFIED COSTS FOR COURT APPOINTED DEFENDANT (GUILT PHASE)</span> entered 09/22/2015.", "entry_date": "9/22/2015"}, {"date": "9/1/2015", "number": "73", "contents": "<span class='description'>COURT ORDER ON MOTION FOR PAYMENT OF COSTS ON CD TRANSCRIPTS FOR COURT APPOINTED DEFENDANT</span> entered 09/22/2015.", "entry_date": "9/22/2015"}, {"date": "9/1/2015", "number": "72", "contents": "<span class='description'>COURT ORDER APPOINTING CO-COUNSEL</span> entered 09/01/2015.", "entry_date": "9/1/2015"}, {"date": "8/28/2015", "number": "71", "contents": "<span class='description'>MOTION FOR PAYMENT OF COSTS OF A MITIGATION SPECIALIST (PENALTY PHASE)</span> entered 08/31/2015.", "entry_date": "8/31/2015"}, {"date": "8/28/2015", "number": "70", "contents": "<span class='description'>MOTION FOR PAYMENT OF COSTS FOR CD TRANSCRIPT FOR COURT APPOINTED DEFENDANT</span> entered 08/31/2015.", "entry_date": "8/31/2015"}, {"date": "8/28/2015", "number": "69", "contents": "<span class='description'>MOTION FOR PAYMENT OF COSTS CERTAIN SPECIFIED COSTS FOR COURT APPOINTED DEFENDANT (GUILT PHASE)</span> entered 08/31/2015.", "entry_date": "8/31/2015"}, {"date": "8/28/2015", "number": "68", "contents": "<span class='description'>MOTION FOR PAYMENT OF COSTS AND APPOINT MENTAL HEALTH EXPERT TO CONDUCT CONETIAL EXAMINATION OF DEFENDANT(GUILTY PHASE)</span> entered 08/31/2015.", "entry_date": "8/31/2015"}, {"date": "8/17/2015", "number": "67", "contents": "<span class='description'>CANCEL REASON - NEW COURT DATE</span> entered 08/17/2015.", "entry_date": "8/17/2015"}, {"date": "8/17/2015", "number": "66", "contents": "<span class='description'>CANCELLED ARRAIGNMENT DATE ON 9/3/2015 9:00:00 AM</span> entered 08/17/2015.", "entry_date": "8/17/2015"}, {"date": "8/17/2015", "number": "65", "contents": "<span class='description'>PRETRIAL 09/08/2015 9:00 AM - 308 3RD FLOOR, 501 W ADAMS ST JACKSONVILLE FL 32202</span> entered 08/17/2015.", "entry_date": "8/17/2015"}, {"date": "8/17/2015", "number": "64", "contents": "<span class='description'>STATE'S DISCOVERY EXHIBIT AND DEMAND FOR RECIPROCAL DISCOVERY</span> entered 08/17/2015.", "entry_date": "8/17/2015"}, {"date": "8/17/2015", "number": "63", "contents": "<span class='description'>NOTICE OF INTENT TO SEEK DEATH PENALTY AND REQUEST FOR STATEMENT OF PARTICULARS OF MENTAL MITIGATION - FILED AND SERVED</span> entered 08/17/2015.", "entry_date": "8/17/2015"}, {"date": "8/17/2015", "number": "62", "contents": "<span class='description'>NOTICE OF INTENT TO CLASSIFY DEFT AS A PRISON RELEASE RE-OFFENDER - FILED AND SERVED</span> entered 08/17/2015.", "entry_date": "8/17/2015"}, {"date": "8/17/2015", "number": "61", "contents": "<span class='description'>NOTICE OF INTENT TO CLASSIFY DEF. AS HABITUAL OFFENDER - COUNT 2 - FILED AND SERVED</span> entered 08/17/2015.", "entry_date": "8/17/2015"}, {"date": "8/17/2015", "number": "60", "contents": "<span class='description'>DEFENDANT WAIVED READING OF AMENDED INFORMATION AND PLEAD (INDICTMENT) - STANDS SILENT - COURT ENTERS NOT GUILTY ON BEHALF OF DEFENDANT</span> entered 08/17/2015.", "entry_date": "8/17/2015"}, {"date": "8/17/2015", "number": "59", "contents": "<span class='description'>DEFENDANT PRESENT IN JAIL</span> entered 08/17/2015.", "entry_date": "8/17/2015"}, {"date": "8/17/2015", "number": "58", "contents": "<span class='description'>&gt; G. ANDUX FOR</span> entered 08/17/2015.", "entry_date": "8/17/2015"}, {"date": "8/17/2015", "number": "57", "contents": "<span class='description'>ATTY. FOR DEF. FINNELL, ANN ELIZABETH</span> entered 08/17/2015.", "entry_date": "8/17/2015"}, {"date": "8/17/2015", "number": "56", "contents": "<span class='description'>ASST. STATE ATTY. KITE, LONDON MAHOGANY</span> entered 08/17/2015.", "entry_date": "8/17/2015"}, {"date": "8/17/2015", "number": "55", "contents": "<span class='description'>JUDGE BORELLO, MARK</span> entered 08/17/2015.", "entry_date": "8/17/2015"}, {"date": "8/14/2015", "number": "53", "contents": "<span class='description'>MOTION FOR STATEMENT OF PARTICULARS</span> entered 08/18/2015.", "entry_date": "8/18/2015"}, {"date": "8/14/2015", "number": "52", "contents": "<span class='description'>NOTICE OF DISCOVERY</span> entered 08/18/2015.", "entry_date": "8/18/2015"}, {"date": "8/14/2015", "number": "51", "contents": "<span class='description'>ARRAIGNMENT DATE 09/03/2015 9:00 AM - 308 3RD FLOOR, 501 W ADAMS ST JACKSONVILLE FL 32202</span> entered 08/17/2015.", "entry_date": "8/17/2015"}, {"date": "8/14/2015", "number": "50", "contents": "<span class='description'>MOTION TO SET BOND</span> entered 08/17/2015.", "entry_date": "8/17/2015"}, {"link_viewer": "https://www.docketalarm.com/cases/Florida_State_Duval_County_Fourth_Circuit_Court/2015-CF-006276/ARSENIO_JAVON_DOBY_JAMES/49/", "number": "49", "link": "https://www.docketalarm.com/cases/Florida_State_Duval_County_Fourth_Circuit_Court/2015-CF-006276/ARSENIO_JAVON_DOBY_JAMES/docs/49.pdf", "entry_date": "8/17/2015", "date": "8/14/2015", "contents": "<a href=\"/cases/Florida_State_Duval_County_Fourth_Circuit_Court/2015-CF-006276/ARSENIO_JAVON_DOBY_JAMES/49/\"><span class='description'>FINDING OF PROBABLE CAUSE ,</span></a> entered 08/17/2015."}, {"date": "8/14/2015", "number": "48", "contents": "<span class='description'>ARREST &amp; BOOKING REPORT 2015-029393 08/13/2015 INDICTMENT</span> entered 08/17/2015.", "entry_date": "8/17/2015"}, {"date": "8/13/2015", "number": "47", "contents": "<span class='description'>INDICTMENT FILED FOR S790.23(1)(A) POSSESSION OF A FIREARM OR WEAPON BY ACONVICTED FELON</span> entered 12/28/2017.", "entry_date": "12/28/2017"}, {"date": "8/13/2015", "number": "46", "contents": "<span class='description'>INDICTMENT FILED FOR S790.23(1)(A) POSSESSION OF A FIREARM OR WEAPON BY ACONVICTED FELON</span> entered 08/14/2015.", "entry_date": "8/14/2015"}, {"date": "8/13/2015", "number": "45", "contents": "<span class='description'>INDICTMENT FILED FOR S782.04(1)(A) MURDER - FIRST DEGREE</span> entered 08/14/2015.", "entry_date": "8/14/2015"}, {"link_viewer": "https://www.docketalarm.com/cases/Florida_State_Duval_County_Fourth_Circuit_Court/2015-CF-006276/ARSENIO_JAVON_DOBY_JAMES/44/", "number": "44", "link": "https://www.docketalarm.com/cases/Florida_State_Duval_County_Fourth_Circuit_Court/2015-CF-006276/ARSENIO_JAVON_DOBY_JAMES/docs/44.pdf", "entry_date": "8/17/2015", "date": "8/11/2015", "contents": "<a href=\"/cases/Florida_State_Duval_County_Fourth_Circuit_Court/2015-CF-006276/ARSENIO_JAVON_DOBY_JAMES/44/\"><span class='description'>ORDER APPOINTING ATTORNEY (COURT-APPOINTED)</span></a> entered 08/17/2015."}, {"date": "8/10/2015", "number": "43", "contents": "<span class='description'>ARRAIGNMENT 08/17/2015 9:00 AM - 308 3RD FLOOR, 501 W ADAMS ST JACKSONVILLE FL 32202</span> entered 08/10/2015.", "entry_date": "8/10/2015"}, {"date": "8/10/2015", "number": "42", "contents": "<span class='description'>PLEA OF NOT GUILTY</span> entered 08/10/2015.", "entry_date": "8/10/2015"}, {"date": "8/10/2015", "number": "41", "contents": "<span class='description'>PLEA OF NOT GUILTY</span> entered 08/10/2015.", "entry_date": "8/10/2015"}, {"date": "8/10/2015", "number": "40", "contents": "<span class='description'>DEF. W/READING OF INFO &amp; PLEAD NOT GUILTY</span> entered 08/10/2015.", "entry_date": "8/10/2015"}, {"date": "8/10/2015", "number": "39", "contents": "<span class='description'>OTHERS PRESENT: MR ANDUX FOR A FINNELL</span> entered 08/10/2015.", "entry_date": "8/10/2015"}, {"date": "8/10/2015", "number": "38", "contents": "<span class='description'>DEFENDANT APPEARANCE WAIVED</span> entered 08/10/2015.", "entry_date": "8/10/2015"}, {"date": "8/10/2015", "number": "37", "contents": "<span class='description'>ATTY. FOR DEF. FINNELL, ANN ELIZABETH</span> entered 08/10/2015.", "entry_date": "8/10/2015"}, {"date": "8/10/2015", "number": "36", "contents": "<span class='description'>PUBLIC DEFENDER PERMITTED TO WITHDRAW AS COUNSEL FOR DEF.</span> entered 08/10/2015.", "entry_date": "8/10/2015"}, {"date": "8/10/2015", "number": "35", "contents": "<span class='description'>ASST. PUB. DEF. BOYLE, JAMES JOSEPH</span> entered 08/10/2015.", "entry_date": "8/10/2015"}, {"date": "8/10/2015", "number": "34", "contents": "<span class='description'>ASST. STATE ATTY. KITE, LONDON MAHOGANY</span> entered 08/10/2015.", "entry_date": "8/10/2015"}, {"date": "8/10/2015", "number": "33", "contents": "<span class='description'>JUDGE BORELLO, MARK</span> entered 08/10/2015.", "entry_date": "8/10/2015"}, {"date": "8/5/2015", "number": "32", "contents": "<span class='description'>ARRAIGNMENT 08/10/2015 9:00 AM - 308 3RD FLOOR, 501 W ADAMS ST JACKSONVILLE FL 32202</span> entered 08/05/2015.", "entry_date": "8/5/2015"}, {"date": "8/5/2015", "number": "31", "contents": "<span class='description'>DEFENDANT PRESENT IN JAIL</span> entered 08/05/2015.", "entry_date": "8/5/2015"}, {"date": "8/5/2015", "number": "30", "contents": "<span class='description'>ASST. PUB. DEF. BOYLE, JAMES JOSEPH</span> entered 08/05/2015.", "entry_date": "8/5/2015"}, {"date": "8/5/2015", "number": "29", "contents": "<span class='description'>ASST. STATE ATTY. KITE, LONDON MAHOGANY</span> entered 08/05/2015.", "entry_date": "8/5/2015"}, {"date": "8/5/2015", "number": "28", "contents": "<span class='description'>JUDGE BORELLO, MARK</span> entered 08/05/2015.", "entry_date": "8/5/2015"}, {"date": "8/4/2015", "number": "27", "contents": "<span class='description'>COURT DATE PREVIOUSLY SET 08/05/15 ARR</span> entered 08/04/2015.", "entry_date": "8/4/2015"}, {"date": "8/4/2015", "number": "26", "contents": "<span class='description'>DEFENDANT PRESENT IN JAIL</span> entered 08/04/2015.", "entry_date": "8/4/2015"}, {"date": "8/4/2015", "number": "25", "contents": "<span class='description'>ASST. PUB. DEF. BOYLE, JAMES JOSEPH</span> entered 08/04/2015.", "entry_date": "8/4/2015"}, {"date": "8/4/2015", "number": "24", "contents": "<span class='description'>ASST. STATE ATTY. KITE, LONDON MAHOGANY</span> entered 08/04/2015.", "entry_date": "8/4/2015"}, {"date": "8/4/2015", "number": "23", "contents": "<span class='description'>JUDGE BORELLO, MARK</span> entered 08/04/2015.", "entry_date": "8/4/2015"}, {"link_viewer": "https://www.docketalarm.com/cases/Florida_State_Duval_County_Fourth_Circuit_Court/2015-CF-006276/ARSENIO_JAVON_DOBY_JAMES/22/", "number": "22", "link": "https://www.docketalarm.com/cases/Florida_State_Duval_County_Fourth_Circuit_Court/2015-CF-006276/ARSENIO_JAVON_DOBY_JAMES/docs/22.pdf", "entry_date": "8/4/2015", "date": "8/3/2015", "contents": "<a href=\"/cases/Florida_State_Duval_County_Fourth_Circuit_Court/2015-CF-006276/ARSENIO_JAVON_DOBY_JAMES/22/\"><span class='description'>REGIONAL CONFLICT COUNSEL RESPONSE - DECLINE</span></a> entered 08/04/2015."}, {"link_viewer": "https://www.docketalarm.com/cases/Florida_State_Duval_County_Fourth_Circuit_Court/2015-CF-006276/ARSENIO_JAVON_DOBY_JAMES/21/", "number": "21", "link": "https://www.docketalarm.com/cases/Florida_State_Duval_County_Fourth_Circuit_Court/2015-CF-006276/ARSENIO_JAVON_DOBY_JAMES/docs/21.pdf", "entry_date": "8/3/2015", "date": "8/3/2015", "contents": "<a href=\"/cases/Florida_State_Duval_County_Fourth_Circuit_Court/2015-CF-006276/ARSENIO_JAVON_DOBY_JAMES/21/\"><span class='description'>NOTIFICATION OF ATTORNEY CONFLICT</span></a> entered 08/03/2015."}, {"date": "7/31/2015", "number": "20", "contents": "<span class='description'>CERTIFICATE OF CONFLICT &amp; MOTION TO WITHDRAW</span> entered 08/03/2015.", "entry_date": "8/3/2015"}, {"date": "7/31/2015", "number": "19", "contents": "<span class='description'>PER EMAIL MEMO</span> entered 07/31/2015.", "entry_date": "7/31/2015"}, {"date": "7/31/2015", "number": "18", "contents": "<span class='description'>HEARING ON MOTION (TO BE SET) 08/04/2015 9:00 AM - 308 3RD FLOOR, 501 W ADAMS ST JACKSONVILLE FL 32202</span> entered 07/31/2015.", "entry_date": "7/31/2015"}, {"date": "7/30/2015", "number": "17", "contents": "<span class='description'>ARRAIGNMENT DATE 08/05/2015 9:00 AM - 308 3RD FLOOR, 501 W ADAMS ST JACKSONVILLE FL 32202</span> entered 07/31/2015.", "entry_date": "7/31/2015"}, {"date": "7/30/2015", "number": "16", "contents": "<span class='description'>INFORMATION FILED S790.23(1)(A) POSSESSION OF A FIREARM OR WEAPON BY ACONVICTED FELON</span> entered 07/31/2015.", "entry_date": "7/31/2015"}, {"date": "7/30/2015", "number": "15", "contents": "<span class='description'>INFORMATION FILED S782.04(2) MURDER IN THE SECOND DEGREE WITH A WEAPON</span> entered 07/31/2015.", "entry_date": "7/31/2015"}, {"date": "7/30/2015", "number": "14", "contents": "<span class='description'>INFORMATION</span> entered 07/31/2015.", "entry_date": "7/31/2015"}, {"date": "7/22/2015", "number": "13", "contents": "<span class='description'>TRIAL ASSISTANT STATE ATTORNEY CHANGED TO Kite, London Mahogany PER SAO</span> entered 07/22/2015.", "entry_date": "7/22/2015"}, {"date": "7/17/2015", "number": "12", "contents": "<span class='description'>NOTICE OF DISCOVERY &amp; SPECIFIC DEMAND FOR INFORMATION</span> entered 07/19/2015.", "entry_date": "7/19/2015"}, {"date": "7/17/2015", "number": "11", "contents": "<span class='description'>MOTION FOR STATEMENT OF PARTICULARS</span> entered 07/19/2015.", "entry_date": "7/19/2015"}, {"date": "7/15/2015", "number": "10", "contents": "<span class='description'>ARRAIGNMENT COURT DATE: SUBJECT TO CHANGE. CALL FOR VERIFICATION</span> entered 07/16/2015.", "entry_date": "7/16/2015"}, {"date": "7/15/2015", "number": "9", "contents": "<span class='description'>MOTION TO SET BOND</span> entered 07/16/2015.", "entry_date": "7/16/2015"}, {"link_viewer": "https://www.docketalarm.com/cases/Florida_State_Duval_County_Fourth_Circuit_Court/2015-CF-006276/ARSENIO_JAVON_DOBY_JAMES/8/", "number": "8", "link": "https://www.docketalarm.com/cases/Florida_State_Duval_County_Fourth_Circuit_Court/2015-CF-006276/ARSENIO_JAVON_DOBY_JAMES/docs/8.pdf", "entry_date": "7/16/2015", "date": "7/15/2015", "contents": "<a href=\"/cases/Florida_State_Duval_County_Fourth_Circuit_Court/2015-CF-006276/ARSENIO_JAVON_DOBY_JAMES/8/\"><span class='description'>FINDING OF PROBABLE CAUSE ,</span></a> entered 07/16/2015."}, {"link_viewer": "https://www.docketalarm.com/cases/Florida_State_Duval_County_Fourth_Circuit_Court/2015-CF-006276/ARSENIO_JAVON_DOBY_JAMES/7/", "number": "7", "link": "https://www.docketalarm.com/cases/Florida_State_Duval_County_Fourth_Circuit_Court/2015-CF-006276/ARSENIO_JAVON_DOBY_JAMES/docs/7.pdf", "entry_date": "7/16/2015", "date": "7/15/2015", "contents": "<a href=\"/cases/Florida_State_Duval_County_Fourth_Circuit_Court/2015-CF-006276/ARSENIO_JAVON_DOBY_JAMES/7/\"><span class='description'>APPLICATION FOR CRIMINAL INDIGENT STATUS - FILED</span></a> entered 07/16/2015."}, {"link_viewer": "https://www.docketalarm.com/cases/Florida_State_Duval_County_Fourth_Circuit_Court/2015-CF-006276/ARSENIO_JAVON_DOBY_JAMES/6/", "number": "6", "link": "https://www.docketalarm.com/cases/Florida_State_Duval_County_Fourth_Circuit_Court/2015-CF-006276/ARSENIO_JAVON_DOBY_JAMES/docs/6.pdf", "entry_date": "7/16/2015", "date": "7/15/2015", "contents": "<a href=\"/cases/Florida_State_Duval_County_Fourth_Circuit_Court/2015-CF-006276/ARSENIO_JAVON_DOBY_JAMES/6/\"><span class='description'>DEFENDANT DECLARED INDIGENT, ORDER APPOINTING PUBLIC DEFENDER - FILED</span></a> entered 07/16/2015."}, {"date": "7/15/2015", "number": "5", "contents": "<span class='description'>FEES DUE: 7/16/2015</span> entered 07/16/2015.", "entry_date": "7/16/2015"}, {"date": "7/15/2015", "number": "4", "contents": "<span class='description'>PD APP FEE 50.00 IMPOSED</span> entered 07/16/2015.", "entry_date": "7/16/2015"}, {"date": "7/15/2015", "number": "3", "contents": "<span class='description'>BOND SET AT NONE</span> entered 07/16/2015.", "entry_date": "7/16/2015"}, {"date": "7/15/2015", "number": "2", "contents": "<span class='description'>S782.04 MURDER</span> entered 07/16/2015.", "entry_date": "7/16/2015"}, {"date": "7/15/2015", "number": "1", "contents": "<span class='description'>ARREST &amp; BOOKING REPORT 2014-029393 10/31/2014</span> entered 07/16/2015.", "entry_date": "7/16/2015"}], "analyze": {"last_analyze": "6/22/2020"}, "success": true, "parties": [{"race": "B", "name_normalized": "Arsenio Javon Doby James", "name": "ARSENIO JAVON DOBY JAMES", "sex": "Male", "other": [], "type": "Defendant"}]}