{"info": {"status": "OPEN", "division": "CR-H", "judges": ["AHO, MARIANNE"], "court": "Florida State, Duval County, Fourth Circuit Court", "title": "BARBARA KAY KENDRICK", "date_filed": "3/8/2017", "link": "https://www.docketalarm.com/cases/Florida_State_Duval_County_Fourth_Circuit_Court/2017-CF-002266/BARBARA_KAY_KENDRICK/", "judges_normalized": ["Aho Marianne"], "judge": "AHO, MARIANNE", "type": "Circuit Criminal", "docket": "2017-CF-002266"}, "docket_report": [{"date": "4/1/2020", "number": "339", "contents": "<span class='description'>PER JA EMAIL</span> entered 04/01/2020.", "entry_date": "4/1/2020"}, {"date": "4/1/2020", "number": "338", "contents": "<span class='description'>SENTENCING - TO BE SET 09/14/2020 9:00 AM - 305 3RD FLOOR, 501 W ADAMS ST JACKSONVILLE FL 32202</span> entered 04/01/2020.", "entry_date": "4/1/2020"}, {"date": "4/1/2020", "number": "337", "contents": "<span class='description'>&gt; CANCEL REASON - PER JA EMAIL</span> entered 04/01/2020.", "entry_date": "4/1/2020"}, {"date": "4/1/2020", "number": "336", "contents": "<span class='description'>CANCELLED SENTENCING - TO BE SET ON 4/13/2020 9:00:00 AM</span> entered 04/01/2020.", "entry_date": "4/1/2020"}, {"date": "3/17/2020", "number": "335", "contents": "<span class='description'>PER JA E-MAIL</span> entered 03/17/2020.", "entry_date": "3/17/2020"}, {"date": "3/17/2020", "number": "334", "contents": "<span class='description'>SENTENCING - TO BE SET 04/13/2020 9:00 AM - 305 3RD FLOOR, 501 W ADAMS ST JACKSONVILLE FL 32202</span> entered 03/17/2020.", "entry_date": "3/17/2020"}, {"date": "3/17/2020", "number": "333", "contents": "<span class='description'>&gt; CANCEL REASON - PER JA E-MAIL</span> entered 03/17/2020.", "entry_date": "3/17/2020"}, {"date": "3/17/2020", "number": "332", "contents": "<span class='description'>CANCELLED SENTENCING ON 3/27/2020 9:00:00 AM</span> entered 03/17/2020.", "entry_date": "3/17/2020"}, {"date": "1/7/2020", "number": "331", "contents": "<span class='description'>ACKNOWLEDGE. OF RIGHTS &amp; VOLUNTARINESS OF ENTRY OF PLEA</span> entered 01/08/2020.", "entry_date": "1/8/2020"}, {"date": "1/7/2020", "number": "330", "contents": "<span class='description'>@9:30AM - 1:00PM</span> entered 01/07/2020.", "entry_date": "1/7/2020"}, {"date": "1/7/2020", "number": "329", "contents": "<span class='description'>SENTENCING 03/27/2020 9:00 AM - 305 3RD FLOOR, 501 W ADAMS ST JACKSONVILLE FL 32202</span> entered 01/07/2020.", "entry_date": "1/7/2020"}, {"date": "1/7/2020", "number": "328", "contents": "<span class='description'>PSI ORDERED - DUE BY 02/07/2020</span> entered 01/07/2020.", "entry_date": "1/7/2020"}, {"date": "1/7/2020", "number": "327", "contents": "<span class='description'>DEFENDANT PLEAD GUILTY</span> entered 01/07/2020.", "entry_date": "1/7/2020"}, {"date": "1/7/2020", "number": "326", "contents": "<span class='description'>REDUCED S782.04(2) MURDER - SECOND DEGREE</span> entered 01/07/2020.", "entry_date": "1/7/2020"}, {"date": "1/7/2020", "number": "325", "contents": "<span class='description'>DEF. PERMITTED TO W/D PLEA OF NOT GUILTY TO GUILTY TO LESSER INCLUDED OFFENSE ON CT 1</span> entered 01/07/2020.", "entry_date": "1/7/2020"}, {"date": "1/7/2020", "number": "324", "contents": "<span class='description'>DEFENDANT PRESENT IN JAIL</span> entered 01/07/2020.", "entry_date": "1/7/2020"}, {"date": "1/7/2020", "number": "323", "contents": "<span class='description'>ATTY. FOR DEF. SANFORD-SOLES, BRITNEY ROSE</span> entered 01/07/2020.", "entry_date": "1/7/2020"}, {"date": "1/7/2020", "number": "322", "contents": "<span class='description'>ASST. STATE ATTY. NEWMAN, ADAIR CHRISTINE</span> entered 01/07/2020.", "entry_date": "1/7/2020"}, {"date": "1/7/2020", "number": "321", "contents": "<span class='description'>JUDGE AHO, MARIANNE</span> entered 01/07/2020.", "entry_date": "1/7/2020"}, {"date": "12/16/2019", "number": "320", "contents": "<span class='description'>PER JA E-MAIL</span> entered 12/16/2019.", "entry_date": "12/16/2019"}, {"date": "12/16/2019", "number": "319", "contents": "<span class='description'>PRETRIAL 01/07/2020 9:00 AM - 305 3RD FLOOR, 501 W ADAMS ST JACKSONVILLE FL 32202</span> entered 12/16/2019.", "entry_date": "12/16/2019"}, {"date": "12/16/2019", "number": "318", "contents": "<span class='description'>&gt; CANCEL REASON - PER JA E-MAIL</span> entered 12/16/2019.", "entry_date": "12/16/2019"}, {"date": "12/16/2019", "number": "317", "contents": "<span class='description'>CANCELLED PRETRIAL ON 12/17/2019 9:00:00 AM</span> entered 12/16/2019.", "entry_date": "12/16/2019"}, {"date": "12/6/2019", "number": "316", "contents": "<span class='description'>PER JA EMAIL</span> entered 12/06/2019.", "entry_date": "12/6/2019"}, {"date": "12/6/2019", "number": "315", "contents": "<span class='description'>PRETRIAL 12/17/2019 9:00 AM - 305 3RD FLOOR, 501 W ADAMS ST JACKSONVILLE FL 32202</span> entered 12/06/2019.", "entry_date": "12/6/2019"}, {"date": "12/6/2019", "number": "314", "contents": "<span class='description'>&gt; CANCEL REASON - PER JA EMAIL</span> entered 12/06/2019.", "entry_date": "12/6/2019"}, {"date": "12/6/2019", "number": "313", "contents": "<span class='description'>CANCELLED PRETRIAL ON 12/18/2019 9:00:00 AM</span> entered 12/06/2019.", "entry_date": "12/6/2019"}, {"date": "12/6/2019", "number": "312", "contents": "<span class='description'>PER JA EMAIL</span> entered 12/06/2019.", "entry_date": "12/6/2019"}, {"date": "12/6/2019", "number": "311", "contents": "<span class='description'>PRETRIAL 12/18/2019 9:00 AM - 305 3RD FLOOR, 501 W ADAMS ST JACKSONVILLE FL 32202</span> entered 12/06/2019.", "entry_date": "12/6/2019"}, {"date": "12/6/2019", "number": "310", "contents": "<span class='description'>&gt; CANCEL REASON - PER JA EMAIL</span> entered 12/06/2019.", "entry_date": "12/6/2019"}, {"date": "12/6/2019", "number": "309", "contents": "<span class='description'>CANCELLED PRETRIAL ON 12/9/2019 9:00:00 AM</span> entered 12/06/2019.", "entry_date": "12/6/2019"}, {"date": "10/15/2019", "number": "308", "contents": "<span class='description'>RECEIPT FOR CIVIL PROCESS, JAIL, WARRANTS</span> entered 10/15/2019.", "entry_date": "10/15/2019"}, {"date": "10/14/2019", "number": "307", "contents": "<span class='description'>ORDER TO TRANSPORT INMATE</span> entered 10/14/2019.", "entry_date": "10/14/2019"}, {"date": "10/14/2019", "number": "306", "contents": "<span class='description'>NOTICE OF TAKING DEPOSITION</span> entered 10/14/2019.", "entry_date": "10/14/2019"}, {"date": "10/7/2019", "number": "305", "contents": "<span class='description'>MOTION TO TRANSPORT INMATE FOR DEPOSITION</span> entered 10/08/2019.", "entry_date": "10/8/2019"}, {"date": "10/2/2019", "number": "304", "contents": "<span class='description'>STATE'S SIXTH SUPPLEMENTAL DISCOVERY EXHIBIT</span> entered 10/03/2019.", "entry_date": "10/3/2019"}, {"date": "9/30/2019", "number": "303", "contents": "<span class='description'>PRETRIAL 12/09/2019 9:00 AM - 305 3RD FLOOR, 501 W ADAMS ST JACKSONVILLE FL 32202</span> entered 10/01/2019.", "entry_date": "10/1/2019"}, {"date": "9/30/2019", "number": "301", "contents": "<span class='description'>CLERKS EXHIBIT MEMO</span> entered 10/01/2019.", "entry_date": "10/1/2019"}, {"date": "9/30/2019", "number": "300", "contents": "<span class='description'>ORDER ADJUDGING DEF. MENTALLY COMPETENT</span> entered 10/01/2019.", "entry_date": "10/1/2019"}, {"date": "9/30/2019", "number": "299", "contents": "<span class='description'>DEF. ADJUDGED COMPETENT</span> entered 10/01/2019.", "entry_date": "10/1/2019"}, {"date": "9/30/2019", "number": "298", "contents": "<span class='description'>DEF. W/TEST. &amp; ACCEPTS FINDINGS OF PSYCHIATRIST DR. DREW. DR. BLOOMFIELD, DR. MEADOWS (STATE STIPULATES)(DEFENSE STIPULATES)(FILED AS COURT (COMPOOSITE) EXHIBIT NUMBER 1)</span> entered 10/01/2019.", "entry_date": "10/1/2019"}, {"date": "9/30/2019", "number": "297", "contents": "<span class='description'>OTHERS PRESENT: R. PELLENER FOR B. SOLES</span> entered 10/01/2019.", "entry_date": "10/1/2019"}, {"date": "9/30/2019", "number": "296", "contents": "<span class='description'>DEFENDANT PRESENT IN JAIL</span> entered 10/01/2019.", "entry_date": "10/1/2019"}, {"date": "9/30/2019", "number": "295", "contents": "<span class='description'>ATTY. FOR DEF. SANFORD-SOLES, BRITNEY ROSE</span> entered 10/01/2019.", "entry_date": "10/1/2019"}, {"date": "9/30/2019", "number": "294", "contents": "<span class='description'>ASST. STATE ATTY. NEWMAN, ADAIR CHRISTINE</span> entered 10/01/2019.", "entry_date": "10/1/2019"}, {"date": "9/30/2019", "number": "293", "contents": "<span class='description'>JUDGE AHO, MARIANNE</span> entered 10/01/2019.", "entry_date": "10/1/2019"}, {"date": "9/30/2019", "number": "292", "contents": "<span class='description'>OTHERS PRESENT: MR PELLITIER FOR B SOLES</span> entered 09/30/2019.", "entry_date": "9/30/2019"}, {"date": "9/30/2019", "number": "291", "contents": "<span class='description'>DEFENDANT PRESENT IN JAIL</span> entered 09/30/2019.", "entry_date": "9/30/2019"}, {"date": "9/30/2019", "number": "290", "contents": "<span class='description'>ATTY. FOR DEF. SANFORD-SOLES, BRITNEY ROSE</span> entered 09/30/2019.", "entry_date": "9/30/2019"}, {"date": "9/30/2019", "number": "289", "contents": "<span class='description'>ASST. STATE ATTY. NEWMAN, ADAIR CHRISTINE</span> entered 09/30/2019.", "entry_date": "9/30/2019"}, {"date": "9/30/2019", "number": "288", "contents": "<span class='description'>JUDGE AHO, MARIANNE</span> entered 09/30/2019.", "entry_date": "9/30/2019"}, {"date": "9/9/2019", "number": "287", "contents": "<span class='description'>STATES FIFTH SUPPLEMENTAL DISCOVERY EXHIBIT</span> entered 09/09/2019.", "entry_date": "9/9/2019"}, {"date": "8/20/2019", "number": "286", "contents": "<span class='description'>ORDER APPT. EXPERT TO EXAM. DEFt.</span> entered 08/20/2019.", "entry_date": "8/20/2019"}, {"date": "8/20/2019", "number": "285", "contents": "<span class='description'>REVIEW HEARING 09/30/2019 9:00 AM - 305 3RD FLOOR, 501 W ADAMS ST JACKSONVILLE FL 32202</span> entered 08/20/2019.", "entry_date": "8/20/2019"}, {"date": "8/20/2019", "number": "284", "contents": "<span class='description'>DEFENDANT APPEARANCE WAIVED</span> entered 08/20/2019.", "entry_date": "8/20/2019"}, {"date": "8/20/2019", "number": "283", "contents": "<span class='description'>ATTY. FOR DEF. SANFORD-SOLES, BRITNEY ROSE</span> entered 08/20/2019.", "entry_date": "8/20/2019"}, {"date": "8/20/2019", "number": "282", "contents": "<span class='description'>ASST. STATE ATTY. NEWMAN, ADAIR CHRISTINE</span> entered 08/20/2019.", "entry_date": "8/20/2019"}, {"date": "8/20/2019", "number": "281", "contents": "<span class='description'>JUDGE AHO, MARIANNE</span> entered 08/20/2019.", "entry_date": "8/20/2019"}, {"date": "8/8/2019", "number": "280", "contents": "<span class='description'>(COMPETENCY HEARING)</span> entered 08/08/2019.", "entry_date": "8/8/2019"}, {"date": "8/8/2019", "number": "279", "contents": "<span class='description'>REVIEW HEARING 08/20/2019 9:00 AM - 305 3RD FLOOR, 501 W ADAMS ST JACKSONVILLE FL 32202</span> entered 08/08/2019.", "entry_date": "8/8/2019"}, {"date": "8/8/2019", "number": "278", "contents": "<span class='description'>DEFENDANT APPEARANCE WAIVED</span> entered 08/08/2019.", "entry_date": "8/8/2019"}, {"date": "8/8/2019", "number": "277", "contents": "<span class='description'>ATTY. FOR DEF. SANFORD-SOLES, BRITNEY ROSE</span> entered 08/08/2019.", "entry_date": "8/8/2019"}, {"date": "8/8/2019", "number": "276", "contents": "<span class='description'>ASST. STATE ATTY. NEWMAN, ADAIR CHRISTINE</span> entered 08/08/2019.", "entry_date": "8/8/2019"}, {"date": "8/8/2019", "number": "275", "contents": "<span class='description'>JUDGE AHO, MARIANNE</span> entered 08/08/2019.", "entry_date": "8/8/2019"}, {"date": "7/22/2019", "number": "274", "contents": "<span class='description'>REVIEW HEARING 08/08/2019 9:00 AM - 305 3RD FLOOR, 501 W ADAMS ST JACKSONVILLE FL 32202</span> entered 07/22/2019.", "entry_date": "7/22/2019"}, {"date": "7/22/2019", "number": "273", "contents": "<span class='description'>OTHERS PRESENT: C WAUGH FOR ADAIR NEWMAN</span> entered 07/22/2019.", "entry_date": "7/22/2019"}, {"date": "7/22/2019", "number": "272", "contents": "<span class='description'>DEFENDANT APPEARANCE WAIVED</span> entered 07/22/2019.", "entry_date": "7/22/2019"}, {"date": "7/22/2019", "number": "271", "contents": "<span class='description'>ATTY. FOR DEF. SANFORD-SOLES, BRITNEY ROSE</span> entered 07/22/2019.", "entry_date": "7/22/2019"}, {"date": "7/22/2019", "number": "270", "contents": "<span class='description'>ASST. STATE ATTY. NEWMAN, ADAIR CHRISTINE</span> entered 07/22/2019.", "entry_date": "7/22/2019"}, {"date": "7/22/2019", "number": "269", "contents": "<span class='description'>JUDGE AHO, MARIANNE</span> entered 07/22/2019.", "entry_date": "7/22/2019"}, {"date": "7/16/2019", "number": "268", "contents": "<span class='description'>MOTION FOR COMPETENCY EXAMINATION</span> entered 07/16/2019.", "entry_date": "7/16/2019"}, {"date": "7/1/2019", "number": "267", "contents": "<span class='description'>CT.2$151CAM; PER JA E-MAIL</span> entered 07/01/2019.", "entry_date": "7/1/2019"}, {"date": "7/1/2019", "number": "266", "contents": "<span class='description'>REVIEW HEARING 07/22/2019 9:00 AM - 305 3RD FLOOR, 501 W ADAMS ST JACKSONVILLE FL 32202</span> entered 07/01/2019.", "entry_date": "7/1/2019"}, {"date": "7/1/2019", "number": "265", "contents": "<span class='description'>&gt; CANCEL REASON - PER JA E-MAIL</span> entered 07/01/2019.", "entry_date": "7/1/2019"}, {"date": "7/1/2019", "number": "264", "contents": "<span class='description'>CANCELLED PRETRIAL ON 7/2/2019 9:00:00 AM</span> entered 07/01/2019.", "entry_date": "7/1/2019"}, {"date": "6/21/2019", "number": "263", "contents": "<span class='description'>COURT ORDER FOR COMPETENCY EXAMINATION</span> entered 06/26/2019.", "entry_date": "6/26/2019"}, {"date": "6/21/2019", "number": "262", "contents": "<span class='description'>MOTION FOR COMPETENCY EXAMINTATION</span> entered 06/24/2019.", "entry_date": "6/24/2019"}, {"date": "6/11/2019", "number": "261", "contents": "<span class='description'>CT.2$151CAM</span> entered 06/27/2019.", "entry_date": "6/27/2019"}, {"date": "6/11/2019", "number": "260", "contents": "<span class='description'>DEF. W/TEST. &amp; ACCEPTS FINDINGS OF PSYCHIATRIST DR. STEPHEN BLOOMFIELD, ED.D 05/24/2019</span> entered 06/11/2019.", "entry_date": "6/11/2019"}, {"date": "6/11/2019", "number": "259", "contents": "<span class='description'>CLERKS EXHIBIT MEMO</span> entered 06/11/2019.", "entry_date": "6/11/2019"}, {"date": "6/11/2019", "number": "258", "contents": "<span class='description'>PRETRIAL 07/02/2019 9:00 AM - 305 3RD FLOOR, 501 W ADAMS ST JACKSONVILLE FL 32202</span> entered 06/11/2019.", "entry_date": "6/11/2019"}, {"date": "6/11/2019", "number": "257", "contents": "<span class='description'>DEFENDANT APPEARANCE WAIVED</span> entered 06/11/2019.", "entry_date": "6/11/2019"}, {"date": "6/11/2019", "number": "256", "contents": "<span class='description'>ATTY. FOR DEF. SANFORD-SOLES, BRITNEY ROSE</span> entered 06/11/2019.", "entry_date": "6/11/2019"}, {"date": "6/11/2019", "number": "255", "contents": "<span class='description'>ASST. STATE ATTY. NEWMAN, ADAIR CHRISTINE</span> entered 06/11/2019.", "entry_date": "6/11/2019"}, {"date": "6/11/2019", "number": "254", "contents": "<span class='description'>JUDGE AHO, MARIANNE</span> entered 06/11/2019.", "entry_date": "6/11/2019"}, {"date": "5/31/2019", "number": "253", "contents": "<span class='description'>CT 2 $151.00 CAM; PER JA E-MAIL</span> entered 05/31/2019.", "entry_date": "5/31/2019"}, {"date": "5/31/2019", "number": "252", "contents": "<span class='description'>REVIEW HEARING 06/11/2019 9:00 AM - 305 3RD FLOOR, 501 W ADAMS ST JACKSONVILLE FL 32202</span> entered 05/31/2019.", "entry_date": "5/31/2019"}, {"date": "5/31/2019", "number": "251", "contents": "<span class='description'>&gt; CANCEL REASON - PER JA E-MAIL</span> entered 05/31/2019.", "entry_date": "5/31/2019"}, {"date": "5/31/2019", "number": "250", "contents": "<span class='description'>CANCELLED REVIEW HEARING ON 6/3/2019 9:00:00 AM</span> entered 05/31/2019.", "entry_date": "5/31/2019"}, {"date": "5/14/2019", "number": "249", "contents": "<span class='description'>CT 2 $151.00 CAM</span> entered 05/14/2019.", "entry_date": "5/14/2019"}, {"date": "5/14/2019", "number": "248", "contents": "<span class='description'>REVIEW HEARING 06/03/2019 9:00 AM - 305 3RD FLOOR, 501 W ADAMS ST JACKSONVILLE FL 32202</span> entered 05/14/2019.", "entry_date": "5/14/2019"}, {"date": "5/14/2019", "number": "247", "contents": "<span class='description'>DEFENDANT APPEARANCE WAIVED</span> entered 05/14/2019.", "entry_date": "5/14/2019"}, {"date": "5/14/2019", "number": "246", "contents": "<span class='description'>ATTY. FOR DEF. SANFORD-SOLES, BRITNEY ROSE</span> entered 05/14/2019.", "entry_date": "5/14/2019"}, {"date": "5/14/2019", "number": "245", "contents": "<span class='description'>ASST. STATE ATTY. NEWMAN, ADAIR CHRISTINE</span> entered 05/14/2019.", "entry_date": "5/14/2019"}, {"date": "5/14/2019", "number": "244", "contents": "<span class='description'>JUDGE AHO, MARIANNE</span> entered 05/14/2019.", "entry_date": "5/14/2019"}, {"date": "5/7/2019", "number": "243", "contents": "<span class='description'>PER JA E-MAIL: CT 2 - $151.00 CAM</span> entered 05/13/2019.", "entry_date": "5/13/2019"}, {"date": "5/7/2019", "number": "242", "contents": "<span class='description'>REVIEW HEARING 05/14/2019 9:00 AM - 305 3RD FLOOR, 501 W ADAMS ST JACKSONVILLE FL 32202</span> entered 05/07/2019.", "entry_date": "5/7/2019"}, {"date": "5/7/2019", "number": "241", "contents": "<span class='description'>&gt; CANCEL REASON - PER JA E-MAIL</span> entered 05/07/2019.", "entry_date": "5/7/2019"}, {"date": "5/7/2019", "number": "240", "contents": "<span class='description'>CANCELLED REVIEW HEARING ON 5/13/2019 9:00:00 AM</span> entered 05/07/2019.", "entry_date": "5/7/2019"}, {"date": "4/22/2019", "number": "239", "contents": "<span class='description'>REVIEW HEARING 05/13/2019 9:00 AM - 305 3RD FLOOR, 501 W ADAMS ST JACKSONVILLE FL 32202</span> entered 04/22/2019.", "entry_date": "4/22/2019"}, {"date": "4/22/2019", "number": "238", "contents": "<span class='description'>MOTION FOR CONTINUANCE (DEFENSE) - GRANTED W/OUT OBJECTION - STRIKE 05/06/19 FPT &amp; 05/13/19 JS</span> entered 04/22/2019.", "entry_date": "4/22/2019"}, {"date": "4/22/2019", "number": "237", "contents": "<span class='description'>DEFENDANT PRESENT IN JAIL</span> entered 04/22/2019.", "entry_date": "4/22/2019"}, {"date": "4/22/2019", "number": "236", "contents": "<span class='description'>ATTY. FOR DEF. SANFORD-SOLES, BRITNEY ROSE</span> entered 04/22/2019.", "entry_date": "4/22/2019"}, {"date": "4/22/2019", "number": "235", "contents": "<span class='description'>ASST. STATE ATTY. NEWMAN, ADAIR CHRISTINE</span> entered 04/22/2019.", "entry_date": "4/22/2019"}, {"date": "4/22/2019", "number": "234", "contents": "<span class='description'>JUDGE AHO, MARIANNE</span> entered 04/22/2019.", "entry_date": "4/22/2019"}, {"date": "4/16/2019", "number": "233", "contents": "<span class='description'>MOTION FOR CONTINUANCE</span> entered 04/18/2019.", "entry_date": "4/18/2019"}, {"date": "4/2/2019", "number": "232", "contents": "<span class='description'>STATE'S FOURTH SUPPLEMENTAL DISCOVERY EXHIBIT</span> entered 04/03/2019.", "entry_date": "4/3/2019"}, {"date": "3/25/2019", "number": "231", "contents": "<span class='description'>NOTICE OF TAKING DEPOSITION</span> entered 03/26/2019.", "entry_date": "3/26/2019"}, {"date": "3/25/2019", "number": "230", "contents": "<span class='description'>05/06/19 FPT; 05/13/19 JS - CT 2 $201 DOBS, $151 RCTF</span> entered 04/19/2019.", "entry_date": "4/19/2019"}, {"date": "3/25/2019", "number": "229", "contents": "<span class='description'>HEARING ON MOTION (TO BE SET) 04/22/2019 9:00 AM - 305 3RD FLOOR, 501 W ADAMS ST JACKSONVILLE FL 32202</span> entered 03/25/2019.", "entry_date": "3/25/2019"}, {"date": "3/25/2019", "number": "228", "contents": "<span class='description'>DEFENDANT PRESENT IN JAIL</span> entered 03/25/2019.", "entry_date": "3/25/2019"}, {"date": "3/25/2019", "number": "227", "contents": "<span class='description'>ATTY. FOR DEF. SANFORD-SOLES, BRITNEY ROSE</span> entered 03/25/2019.", "entry_date": "3/25/2019"}, {"date": "3/25/2019", "number": "226", "contents": "<span class='description'>ASST. STATE ATTY. NEWMAN, ADAIR CHRISTINE</span> entered 03/25/2019.", "entry_date": "3/25/2019"}, {"date": "3/25/2019", "number": "225", "contents": "<span class='description'>JUDGE AHO, MARIANNE</span> entered 03/25/2019.", "entry_date": "3/25/2019"}, {"date": "3/1/2019", "number": "224", "contents": "<span class='description'>NOTICE OF TAKING DEPOSITION</span> entered 03/04/2019.", "entry_date": "3/4/2019"}, {"date": "2/28/2019", "number": "223", "contents": "<span class='description'>DEFENDANT'S DISCLOSURE TO PROSECUTION</span> entered 02/28/2019.", "entry_date": "2/28/2019"}, {"date": "2/4/2019", "number": "222", "contents": "<span class='description'>05/06/19 FPT; 05/13/19 JS</span> entered 02/04/2019.", "entry_date": "2/4/2019"}, {"date": "2/4/2019", "number": "221", "contents": "<span class='description'>HEARING ON MOTION (TO BE SET) 03/25/2019 9:00 AM - 305 3RD FLOOR, 501 W ADAMS ST JACKSONVILLE FL 32202</span> entered 02/04/2019.", "entry_date": "2/4/2019"}, {"date": "2/4/2019", "number": "220", "contents": "<span class='description'>DEFENDANT PRESENT IN JAIL</span> entered 02/04/2019.", "entry_date": "2/4/2019"}, {"date": "2/4/2019", "number": "219", "contents": "<span class='description'>ATTY. FOR DEF. SANFORD-SOLES, BRITNEY ROSE</span> entered 02/04/2019.", "entry_date": "2/4/2019"}, {"date": "2/4/2019", "number": "218", "contents": "<span class='description'>ASST. STATE ATTY. NEWMAN, ADAIR CHRISTINE</span> entered 02/04/2019.", "entry_date": "2/4/2019"}, {"date": "2/4/2019", "number": "217", "contents": "<span class='description'>JUDGE AHO, MARIANNE</span> entered 02/04/2019.", "entry_date": "2/4/2019"}, {"date": "1/29/2019", "number": "216", "contents": "<span class='description'>STATE'S FIRST AMENDED DISCOVERY EXHIBIT</span> entered 01/30/2019.", "entry_date": "1/30/2019"}, {"date": "1/22/2019", "number": "215", "contents": "<span class='description'>HEARING ON MOTION 02/04/2019 9:00 AM - 305 3RD FLOOR, 501 W ADAMS ST JACKSONVILLE FL 32202</span> entered 01/22/2019.", "entry_date": "1/22/2019"}, {"date": "1/22/2019", "number": "214", "contents": "<span class='description'>DEFENDANT APPEARANCE WAIVED</span> entered 01/22/2019.", "entry_date": "1/22/2019"}, {"date": "1/22/2019", "number": "213", "contents": "<span class='description'>ATTY. FOR DEF. SANFORD-SOLES, BRITNEY ROSE</span> entered 01/22/2019.", "entry_date": "1/22/2019"}, {"date": "1/22/2019", "number": "212", "contents": "<span class='description'>OTHERS PRESENT: P HAZEL FOR A NEWMAN</span> entered 01/22/2019.", "entry_date": "1/22/2019"}, {"date": "1/22/2019", "number": "211", "contents": "<span class='description'>ASST. STATE ATTY. NEWMAN, ADAIR CHRISTINE</span> entered 01/22/2019.", "entry_date": "1/22/2019"}, {"date": "1/22/2019", "number": "210", "contents": "<span class='description'>JUDGE AHO, MARIANNE</span> entered 01/22/2019.", "entry_date": "1/22/2019"}, {"date": "11/26/2018", "number": "209", "contents": "<span class='description'>05/06/19 FPT; 05/13/19 JS</span> entered 11/26/2018.", "entry_date": "11/26/2018"}, {"date": "11/26/2018", "number": "208", "contents": "<span class='description'>HEARING ON MOTION (TO BE SET) 01/22/2019 9:00 AM - 305 3RD FLOOR, 501 W ADAMS ST JACKSONVILLE FL 32202</span> entered 11/26/2018.", "entry_date": "11/26/2018"}, {"date": "11/26/2018", "number": "207", "contents": "<span class='description'>DEFENDANT APPEARANCE WAIVED</span> entered 11/26/2018.", "entry_date": "11/26/2018"}, {"date": "11/26/2018", "number": "206", "contents": "<span class='description'>ATTY. FOR DEF. SANFORD-SOLES, BRITNEY ROSE</span> entered 11/26/2018.", "entry_date": "11/26/2018"}, {"date": "11/26/2018", "number": "205", "contents": "<span class='description'>ASST. STATE ATTY. NEWMAN, ADAIR CHRISTINE</span> entered 11/26/2018.", "entry_date": "11/26/2018"}, {"date": "11/26/2018", "number": "204", "contents": "<span class='description'>JUDGE AHO, MARIANNE</span> entered 11/26/2018.", "entry_date": "11/26/2018"}, {"date": "11/16/2018", "number": "203", "contents": "<span class='description'>STATES# THIRD SUPPLEMENTAL DISCOVERY EXHIBIT</span> entered 11/16/2018.", "entry_date": "11/16/2018"}, {"date": "10/31/2018", "number": "202", "contents": "<span class='description'>STATE'S SECOND SUPPLEMENTAL DISCOVERY EXHIBIT</span> entered 10/31/2018.", "entry_date": "10/31/2018"}, {"date": "10/29/2018", "number": "201", "contents": "<span class='description'>05/06/19 FPT; 05/13/19 JS</span> entered 10/29/2018.", "entry_date": "10/29/2018"}, {"date": "10/29/2018", "number": "200", "contents": "<span class='description'>PRETRIAL 11/26/2018 9:00 AM - 408 4TH FLOOR, 501 W ADAMS ST JACKSONVILLE FL 32202</span> entered 10/29/2018.", "entry_date": "10/29/2018"}, {"date": "10/29/2018", "number": "199", "contents": "<span class='description'>DEFENDANT PRESENT IN JAIL</span> entered 10/29/2018.", "entry_date": "10/29/2018"}, {"date": "10/29/2018", "number": "198", "contents": "<span class='description'>ATTY. FOR DEF. SANFORD-SOLES, BRITNEY ROSE</span> entered 10/29/2018.", "entry_date": "10/29/2018"}, {"date": "10/29/2018", "number": "197", "contents": "<span class='description'>ASST. STATE ATTY. NEWMAN, ADAIR CHRISTINE</span> entered 10/29/2018.", "entry_date": "10/29/2018"}, {"date": "10/29/2018", "number": "196", "contents": "<span class='description'>JUDGE AHO, MARIANNE</span> entered 10/29/2018.", "entry_date": "10/29/2018"}, {"date": "10/3/2018", "number": "195", "contents": "<span class='description'>COURT ORDER GRANTING AMENDED MOTION TO ADJUDGE THE DEFENDANT INSOLVENT AND FOR APPOINTMENT OF MENTAL HEALTH EXPERT TO EVALUATE DEFENDANT AND REPORT TO DEFENDANT'S ATTORNEY AND DUE PROCESS FEES</span> entered 10/08/2018.", "entry_date": "10/8/2018"}, {"date": "9/24/2018", "number": "194", "contents": "<span class='description'>HEARING ON MOTION (TO BE SET) 10/29/2018 9:00 AM - 408 4TH FLOOR, 501 W ADAMS ST JACKSONVILLE FL 32202</span> entered 09/24/2018.", "entry_date": "9/24/2018"}, {"date": "9/24/2018", "number": "193", "contents": "<span class='description'>DEFENDANT APPEARANCE WAIVED</span> entered 09/24/2018.", "entry_date": "9/24/2018"}, {"date": "9/24/2018", "number": "192", "contents": "<span class='description'>ATTY. FOR DEF. SANFORD-SOLES, BRITNEY ROSE</span> entered 09/24/2018.", "entry_date": "9/24/2018"}, {"date": "9/24/2018", "number": "191", "contents": "<span class='description'>ASST. STATE ATTY. NEWMAN, ADAIR CHRISTINE</span> entered 09/24/2018.", "entry_date": "9/24/2018"}, {"date": "9/24/2018", "number": "190", "contents": "<span class='description'>JUDGE AHO, MARIANNE</span> entered 09/24/2018.", "entry_date": "9/24/2018"}, {"date": "9/21/2018", "number": "189", "contents": "<span class='description'>MOTION TO SUPPRESS CONFESSION/ADMISSION</span> entered 09/24/2018.", "entry_date": "9/24/2018"}, {"date": "9/21/2018", "number": "188", "contents": "<span class='description'>NOTICE OF CONFIDENTIAL INFORMATION WITHIN COURT FILING</span> entered 09/24/2018.", "entry_date": "9/24/2018"}, {"date": "9/21/2018", "number": "187", "contents": "<span class='description'>MOTION TO ADJUDGE THE DEFENDANT INSOLVENT AND FOR APPOINTMENT OF MENTAL HEALTH EXPERT TO EVALUATE DEFENDANT AND REPORT TO DEFENDANT'S ATTORNEY AND DUE PROCESS FEES (AMENDED)</span> entered 09/21/2018.", "entry_date": "9/21/2018"}, {"date": "9/19/2018", "number": "186", "contents": "<span class='description'>PSYCHOLOGICAL REPORT OR EVALUATION</span> entered 09/19/2018.", "entry_date": "9/19/2018"}, {"date": "8/30/2018", "number": "185", "contents": "<span class='description'>ORDER FOR PSYCHIATRIC EXAMINATION</span> entered 08/30/2018.", "entry_date": "8/30/2018"}, {"date": "8/28/2018", "number": "184", "contents": "<span class='description'>MOTION FOR COMPETENCY EXAMINATION</span> entered 08/29/2018.", "entry_date": "8/29/2018"}, {"date": "8/16/2018", "number": "183", "contents": "<span class='description'>PRETRIAL 09/24/2018 9:00 AM - 408 4TH FLOOR, 501 W ADAMS ST JACKSONVILLE FL 32202</span> entered 08/16/2018.", "entry_date": "8/16/2018"}, {"date": "8/16/2018", "number": "182", "contents": "<span class='description'>DEFENDANT PRESENT IN JAIL</span> entered 08/16/2018.", "entry_date": "8/16/2018"}, {"date": "8/16/2018", "number": "181", "contents": "<span class='description'>ATTY. FOR DEF. SANFORD-SOLES, BRITNEY ROSE</span> entered 08/16/2018.", "entry_date": "8/16/2018"}, {"date": "8/16/2018", "number": "180", "contents": "<span class='description'>ASST. STATE ATTY. NEWMAN, ADAIR CHRISTINE</span> entered 08/16/2018.", "entry_date": "8/16/2018"}, {"date": "8/16/2018", "number": "179", "contents": "<span class='description'>JUDGE AHO, MARIANNE</span> entered 08/16/2018.", "entry_date": "8/16/2018"}, {"date": "7/18/2018", "number": "178", "contents": "<span class='description'>PRETRIAL 08/16/2018 9:00 AM - 408 4TH FLOOR, 501 W ADAMS ST JACKSONVILLE FL 32202</span> entered 07/18/2018.", "entry_date": "7/18/2018"}, {"date": "7/18/2018", "number": "177", "contents": "<span class='description'>DEFENDANT PRESENT IN JAIL</span> entered 07/18/2018.", "entry_date": "7/18/2018"}, {"date": "7/18/2018", "number": "176", "contents": "<span class='description'>ATTY. FOR DEF. SANFORD-SOLES, BRITNEY ROSE</span> entered 07/18/2018.", "entry_date": "7/18/2018"}, {"date": "7/18/2018", "number": "175", "contents": "<span class='description'>ASST. STATE ATTY. NEWMAN, ADAIR CHRISTINE</span> entered 07/18/2018.", "entry_date": "7/18/2018"}, {"date": "7/18/2018", "number": "174", "contents": "<span class='description'>SITTING JUDGE - WHITTINGTON, STEVEN B</span> entered 07/18/2018.", "entry_date": "7/18/2018"}, {"date": "7/18/2018", "number": "173", "contents": "<span class='description'>JUDGE AHO, MARIANNE</span> entered 07/18/2018.", "entry_date": "7/18/2018"}, {"date": "6/14/2018", "number": "172", "contents": "<span class='description'>PRETRIAL 07/18/2018 9:00 AM - 408 4TH FLOOR, 501 W ADAMS ST JACKSONVILLE FL 32202</span> entered 06/14/2018.", "entry_date": "6/14/2018"}, {"date": "6/14/2018", "number": "171", "contents": "<span class='description'>PLEA OF NOT GUILTY</span> entered 06/14/2018.", "entry_date": "6/14/2018"}, {"date": "6/14/2018", "number": "170", "contents": "<span class='description'>PLEA OF NOT GUILTY</span> entered 06/14/2018.", "entry_date": "6/14/2018"}, {"date": "6/14/2018", "number": "169", "contents": "<span class='description'>DEFENDANT WAIVED READING OF INDICTMENT AND PLEAD NOT GUILTY</span> entered 06/14/2018.", "entry_date": "6/14/2018"}, {"date": "6/14/2018", "number": "168", "contents": "<span class='description'>DEFENDANT PRESENT IN JAIL</span> entered 06/14/2018.", "entry_date": "6/14/2018"}, {"date": "6/14/2018", "number": "167", "contents": "<span class='description'>ATTY. FOR DEF. SANFORD-SOLES, BRITNEY ROSE</span> entered 06/14/2018.", "entry_date": "6/14/2018"}, {"date": "6/14/2018", "number": "166", "contents": "<span class='description'>ASST. STATE ATTY. NEWMAN, ADAIR CHRISTINE</span> entered 06/14/2018.", "entry_date": "6/14/2018"}, {"date": "6/14/2018", "number": "165", "contents": "<span class='description'>JUDGE AHO, MARIANNE</span> entered 06/14/2018.", "entry_date": "6/14/2018"}, {"date": "6/6/2018", "number": "164", "contents": "<span class='description'>PRETRIAL 06/14/2018 9:00 AM - 408 4TH FLOOR, 501 W ADAMS ST JACKSONVILLE FL 32202</span> entered 06/06/2018.", "entry_date": "6/6/2018"}, {"date": "6/6/2018", "number": "163", "contents": "<span class='description'>&gt; CANCEL REASON - PER JA</span> entered 06/06/2018.", "entry_date": "6/6/2018"}, {"date": "6/6/2018", "number": "162", "contents": "<span class='description'>CANCELLED PRETRIAL ON 6/11/2018 9:00:00 AM</span> entered 06/06/2018.", "entry_date": "6/6/2018"}, {"date": "5/9/2018", "number": "161", "contents": "<span class='description'>NOTICE OF TAKING DEPOSITION</span> entered 05/11/2018.", "entry_date": "5/11/2018"}, {"date": "5/9/2018", "number": "160", "contents": "<span class='description'>NOTICE OF TAKING DEPOSITION</span> entered 05/11/2018.", "entry_date": "5/11/2018"}, {"date": "4/13/2018", "number": "159", "contents": "<span class='description'>FINDING OF PROBABLE CAUSE ,</span> entered 04/23/2018.", "entry_date": "4/23/2018"}, {"date": "4/13/2018", "number": "158", "contents": "<span class='description'>ARREST &amp; BOOKING REPORT 2017-006195 04/13/2018</span> entered 04/23/2018.", "entry_date": "4/23/2018"}, {"date": "4/12/2018", "number": "157", "contents": "<span class='description'>INDICTMENT FILED FOR S827.03(1)(A) AGGRAVATED CHILD ABUSE</span> entered 04/13/2018.", "entry_date": "4/13/2018"}, {"date": "4/12/2018", "number": "156", "contents": "<span class='description'>INDICTMENT FILED FOR S782.04(1)(A) MURDER IN THE FIRST DEGREE</span> entered 04/13/2018.", "entry_date": "4/13/2018"}, {"date": "4/3/2018", "number": "155", "contents": "<span class='description'>MOTION FOR CONTINUANCE</span> entered 04/03/2018.", "entry_date": "4/3/2018"}, {"date": "4/3/2018", "number": "154", "contents": "<span class='description'>PRETRIAL 06/11/2018 9:00 AM - 408 4TH FLOOR, 501 W ADAMS ST JACKSONVILLE FL 32202</span> entered 04/03/2018.", "entry_date": "4/3/2018"}, {"date": "4/3/2018", "number": "153", "contents": "<span class='description'>MOTION FOR CONTINUANCE (DEFENSE) - FILED - GRANTED W/OUT OBJECTION - STRIKE 05/15/18 FPT &amp; 05/18/18 JS</span> entered 04/03/2018.", "entry_date": "4/3/2018"}, {"date": "4/3/2018", "number": "152", "contents": "<span class='description'>DEFENDANT PRESENT IN JAIL</span> entered 04/03/2018.", "entry_date": "4/3/2018"}, {"date": "4/3/2018", "number": "151", "contents": "<span class='description'>ATTY. FOR DEF. SANFORD-SOLES, BRITNEY ROSE</span> entered 04/03/2018.", "entry_date": "4/3/2018"}, {"date": "4/3/2018", "number": "150", "contents": "<span class='description'>ASST. STATE ATTY. NEWMAN, ADAIR CHRISTINE</span> entered 04/03/2018.", "entry_date": "4/3/2018"}, {"date": "4/3/2018", "number": "149", "contents": "<span class='description'>JUDGE AHO, MARIANNE</span> entered 04/03/2018.", "entry_date": "4/3/2018"}, {"date": "3/20/2018", "number": "148", "contents": "<span class='description'>TRIAL ASSISTANT STATE ATTORNEY CHANGED TO Newman, Adair Christine PER SAO</span> entered 03/20/2018.", "entry_date": "3/20/2018"}, {"date": "3/20/2018", "number": "147", "contents": "<span class='description'>5/15 FPT AND 5/21 JS</span> entered 03/20/2018.", "entry_date": "3/20/2018"}, {"date": "3/20/2018", "number": "146", "contents": "<span class='description'>PRETRIAL 04/03/2018 9:00 AM - 408 4TH FLOOR, 501 W ADAMS ST JACKSONVILLE FL 32202</span> entered 03/20/2018.", "entry_date": "3/20/2018"}, {"date": "3/20/2018", "number": "145", "contents": "<span class='description'>DEFENDANT PRESENT IN JAIL</span> entered 03/20/2018.", "entry_date": "3/20/2018"}, {"date": "3/20/2018", "number": "144", "contents": "<span class='description'>ATTY. FOR DEF. SANFORD-SOLES, BRITNEY ROSE</span> entered 03/20/2018.", "entry_date": "3/20/2018"}, {"date": "3/20/2018", "number": "143", "contents": "<span class='description'>ASST. STATE ATTY. DIXON, JUSTIN WADE</span> entered 03/20/2018.", "entry_date": "3/20/2018"}, {"date": "3/20/2018", "number": "142", "contents": "<span class='description'>JUDGE AHO, MARIANNE</span> entered 03/20/2018.", "entry_date": "3/20/2018"}, {"date": "3/12/2018", "number": "141", "contents": "<span class='description'>05/15/18 FPT; 05/21/18 JS</span> entered 03/12/2018.", "entry_date": "3/12/2018"}, {"date": "3/12/2018", "number": "140", "contents": "<span class='description'>PRETRIAL 03/20/2018 9:00 AM - 408 4TH FLOOR, 501 W ADAMS ST JACKSONVILLE FL 32202</span> entered 03/12/2018.", "entry_date": "3/12/2018"}, {"date": "3/12/2018", "number": "139", "contents": "<span class='description'>&gt; CANCEL REASON - PER JA</span> entered 03/12/2018.", "entry_date": "3/12/2018"}, {"date": "3/12/2018", "number": "138", "contents": "<span class='description'>CANCELLED PRETRIAL ON 3/14/2018 9:00:00 AM</span> entered 03/12/2018.", "entry_date": "3/12/2018"}, {"date": "3/1/2018", "number": "137", "contents": "<span class='description'>05/15/18 FPT; 05/21/18 JS</span> entered 03/01/2018.", "entry_date": "3/1/2018"}, {"date": "3/1/2018", "number": "136", "contents": "<span class='description'>PRETRIAL 03/14/2018 9:00 AM - 408 4TH FLOOR, 501 W ADAMS ST JACKSONVILLE FL 32202</span> entered 03/01/2018.", "entry_date": "3/1/2018"}, {"date": "3/1/2018", "number": "135", "contents": "<span class='description'>DEFENDANT PRESENT IN JAIL</span> entered 03/01/2018.", "entry_date": "3/1/2018"}, {"date": "3/1/2018", "number": "134", "contents": "<span class='description'>OTHERS PRESENT: MR HAMPTON FOR B SOLES</span> entered 03/01/2018.", "entry_date": "3/1/2018"}, {"date": "3/1/2018", "number": "133", "contents": "<span class='description'>ATTY. FOR DEF. SANFORD-SOLES, BRITNEY ROSE</span> entered 03/01/2018.", "entry_date": "3/1/2018"}, {"date": "3/1/2018", "number": "132", "contents": "<span class='description'>OTHERS PRESENT: E WHITE FOR J DIXON</span> entered 03/01/2018.", "entry_date": "3/1/2018"}, {"date": "3/1/2018", "number": "131", "contents": "<span class='description'>ASST. STATE ATTY. DIXON, JUSTIN WADE</span> entered 03/01/2018.", "entry_date": "3/1/2018"}, {"date": "3/1/2018", "number": "130", "contents": "<span class='description'>JUDGE AHO, MARIANNE</span> entered 03/01/2018.", "entry_date": "3/1/2018"}, {"date": "2/2/2018", "number": "129", "contents": "<span class='description'>STATES# FIRST SUPPLEMENTAL DISCOVERY EXHIBIT</span> entered 02/05/2018.", "entry_date": "2/5/2018"}, {"date": "2/1/2018", "number": "128", "contents": "<span class='description'>STATES# FIRST SUPPLEMENTAL DISCOVERY EXHIBIT</span> entered 02/01/2018.", "entry_date": "2/1/2018"}, {"date": "2/1/2018", "number": "127", "contents": "<span class='description'>PRETRIAL 03/01/2018 9:00 AM - 408 4TH FLOOR, 501 W ADAMS ST JACKSONVILLE FL 32202</span> entered 02/01/2018.", "entry_date": "2/1/2018"}, {"date": "2/1/2018", "number": "126", "contents": "<span class='description'>DEFENDANT PRESENT IN JAIL</span> entered 02/01/2018.", "entry_date": "2/1/2018"}, {"date": "2/1/2018", "number": "125", "contents": "<span class='description'>ATTY. FOR DEF. ZEIGERMAN, MICHAEL JONATHAN</span> entered 02/01/2018.", "entry_date": "2/1/2018"}, {"date": "2/1/2018", "number": "124", "contents": "<span class='description'>ASST. STATE ATTY. DIXON, JUSTIN WADE</span> entered 02/01/2018.", "entry_date": "2/1/2018"}, {"date": "2/1/2018", "number": "123", "contents": "<span class='description'>JUDGE AHO, MARIANNE</span> entered 02/01/2018.", "entry_date": "2/1/2018"}, {"date": "1/31/2018", "number": "122", "contents": "<span class='description'>NOTICE OF TAKING DEPOSITION</span> entered 02/01/2018.", "entry_date": "2/1/2018"}, {"date": "1/18/2018", "number": "121", "contents": "<span class='description'>05/15/18 FPT; 05/21/18 JS</span> entered 01/18/2018.", "entry_date": "1/18/2018"}, {"date": "1/18/2018", "number": "120", "contents": "<span class='description'>PRETRIAL 02/01/2018 9:00 AM - 408 4TH FLOOR, 501 W ADAMS ST JACKSONVILLE FL 32202</span> entered 01/18/2018.", "entry_date": "1/18/2018"}, {"date": "1/18/2018", "number": "119", "contents": "<span class='description'>DEFENDANT PRESENT IN JAIL</span> entered 01/18/2018.", "entry_date": "1/18/2018"}, {"date": "1/18/2018", "number": "118", "contents": "<span class='description'>ATTY. FOR DEF. ZEIGERMAN, MICHAEL JONATHAN</span> entered 01/18/2018.", "entry_date": "1/18/2018"}, {"date": "1/18/2018", "number": "117", "contents": "<span class='description'>ASST. STATE ATTY. DIXON, JUSTIN WADE</span> entered 01/18/2018.", "entry_date": "1/18/2018"}, {"date": "1/18/2018", "number": "116", "contents": "<span class='description'>JUDGE AHO, MARIANNE</span> entered 01/18/2018.", "entry_date": "1/18/2018"}, {"date": "12/12/2017", "number": "115", "contents": "<span class='description'>05/15/18 FPT; 05/21/18 JS</span> entered 12/12/2017.", "entry_date": "12/12/2017"}, {"date": "12/12/2017", "number": "114", "contents": "<span class='description'>PRETRIAL 01/18/2018 9:00 AM - 408 4TH FLOOR, 501 W ADAMS ST JACKSONVILLE FL 32202</span> entered 12/12/2017.", "entry_date": "12/12/2017"}, {"date": "12/12/2017", "number": "113", "contents": "<span class='description'>DEFENDANT APPEARANCE WAIVED</span> entered 12/12/2017.", "entry_date": "12/12/2017"}, {"date": "12/12/2017", "number": "112", "contents": "<span class='description'>ATTY. FOR DEF. ZEIGERMAN, MICHAEL JONATHAN</span> entered 12/12/2017.", "entry_date": "12/12/2017"}, {"date": "12/12/2017", "number": "111", "contents": "<span class='description'>ASST. STATE ATTY. DIXON, JUSTIN WADE</span> entered 12/12/2017.", "entry_date": "12/12/2017"}, {"date": "12/12/2017", "number": "110", "contents": "<span class='description'>JUDGE AHO, MARIANNE</span> entered 12/12/2017.", "entry_date": "12/12/2017"}, {"date": "11/16/2017", "number": "109", "contents": "<span class='description'>STATE'S DISCOVERY EXHIBIT AND DEMAND FOR RECIPROCAL DISCOVERY</span> entered 11/16/2017.", "entry_date": "11/16/2017"}, {"date": "11/15/2017", "number": "108", "contents": "<span class='description'>PRETRIAL 12/12/2017 9:00 AM - 408 4TH FLOOR, 501 W ADAMS ST JACKSONVILLE FL 32202</span> entered 11/15/2017.", "entry_date": "11/15/2017"}, {"date": "11/15/2017", "number": "107", "contents": "<span class='description'>DEFENDANT APPEARANCE WAIVED</span> entered 11/15/2017.", "entry_date": "11/15/2017"}, {"date": "11/15/2017", "number": "106", "contents": "<span class='description'>ATTY. FOR DEF. ZEIGERMAN, MICHAEL JONATHAN</span> entered 11/15/2017.", "entry_date": "11/15/2017"}, {"date": "11/15/2017", "number": "105", "contents": "<span class='description'>ASST. STATE ATTY. DIXON, JUSTIN WADE</span> entered 11/15/2017.", "entry_date": "11/15/2017"}, {"date": "11/15/2017", "number": "104", "contents": "<span class='description'>JUDGE AHO, MARIANNE</span> entered 11/15/2017.", "entry_date": "11/15/2017"}, {"date": "11/14/2017", "number": "103", "contents": "<span class='description'>TRIAL ASSISTANT STATE ATTORNEY CHANGED TO Dixon, Justin Wade PER SAO</span> entered 11/14/2017.", "entry_date": "11/14/2017"}, {"date": "11/7/2017", "number": "102", "contents": "<span class='description'>PRETRIAL 11/15/2017 9:00 AM - 408 4TH FLOOR, 501 W ADAMS ST JACKSONVILLE FL 32202</span> entered 11/07/2017.", "entry_date": "11/7/2017"}, {"date": "11/7/2017", "number": "101", "contents": "<span class='description'>&gt; CANCEL REASON - PER JA</span> entered 11/07/2017.", "entry_date": "11/7/2017"}, {"date": "11/7/2017", "number": "100", "contents": "<span class='description'>CANCELLED PRETRIAL ON 11/13/2017 9:00:00 AM</span> entered 11/07/2017.", "entry_date": "11/7/2017"}, {"date": "10/5/2017", "number": "99", "contents": "<span class='description'>ORDER TO COMPEL ANY AND ALL HANDWRITING EXEMPLARS</span> entered 10/06/2017.", "entry_date": "10/6/2017"}, {"date": "10/5/2017", "number": "98", "contents": "<span class='description'>MOTION TO COMPEL HANDWRITING EXEMPLARS</span> entered 10/05/2017.", "entry_date": "10/5/2017"}, {"date": "10/5/2017", "number": "97", "contents": "<span class='description'>PRETRIAL 11/13/2017 9:00 AM - 408 4TH FLOOR, 501 W ADAMS ST JACKSONVILLE FL 32202</span> entered 10/05/2017.", "entry_date": "10/5/2017"}, {"date": "10/5/2017", "number": "96", "contents": "<span class='description'>DEFENDANT PRESENT IN JAIL</span> entered 10/05/2017.", "entry_date": "10/5/2017"}, {"date": "10/5/2017", "number": "95", "contents": "<span class='description'>ATTY. FOR DEF. ZEIGERMAN, MICHAEL JONATHAN</span> entered 10/05/2017.", "entry_date": "10/5/2017"}, {"date": "10/5/2017", "number": "94", "contents": "<span class='description'>ASST. STATE ATTY. POLIMENI, MATTHEW JOSEPH</span> entered 10/05/2017.", "entry_date": "10/5/2017"}, {"date": "10/5/2017", "number": "93", "contents": "<span class='description'>JUDGE AHO, MARIANNE</span> entered 10/05/2017.", "entry_date": "10/5/2017"}, {"date": "10/3/2017", "number": "92", "contents": "<span class='description'>PRETRIAL 10/05/2017 9:00 AM - 408 4TH FLOOR, 501 W ADAMS ST JACKSONVILLE FL 32202</span> entered 10/03/2017.", "entry_date": "10/3/2017"}, {"date": "10/3/2017", "number": "91", "contents": "<span class='description'>DEFENDANT APPEARANCE WAIVED</span> entered 10/03/2017.", "entry_date": "10/3/2017"}, {"date": "10/3/2017", "number": "90", "contents": "<span class='description'>ATTY. FOR DEF. ZEIGERMAN, MICHAEL JONATHAN</span> entered 10/03/2017.", "entry_date": "10/3/2017"}, {"date": "10/3/2017", "number": "89", "contents": "<span class='description'>ASST. STATE ATTY. POLIMENI, MATTHEW JOSEPH</span> entered 10/03/2017.", "entry_date": "10/3/2017"}, {"date": "10/3/2017", "number": "88", "contents": "<span class='description'>JUDGE AHO, MARIANNE</span> entered 10/03/2017.", "entry_date": "10/3/2017"}, {"date": "9/7/2017", "number": "87", "contents": "<span class='description'>COURT ORDER FOR DUE PROCESS FEES</span> entered 09/19/2017.", "entry_date": "9/19/2017"}, {"date": "9/7/2017", "number": "86", "contents": "<span class='description'>ORDER APPT. EXPERT TO EXAM. DEF. &amp; REPORT TO DEF. ATTY.</span> entered 09/19/2017.", "entry_date": "9/19/2017"}, {"date": "9/7/2017", "number": "85", "contents": "<span class='description'>PRETRIAL 10/03/2017 9:00 AM - 408 4TH FLOOR, 501 W ADAMS ST JACKSONVILLE FL 32202</span> entered 09/07/2017.", "entry_date": "9/7/2017"}, {"date": "9/7/2017", "number": "84", "contents": "<span class='description'>DEFENDANT APPEARANCE WAIVED</span> entered 09/07/2017.", "entry_date": "9/7/2017"}, {"date": "9/7/2017", "number": "83", "contents": "<span class='description'>ATTY. FOR DEF. ZEIGERMAN, MICHAEL JONATHAN</span> entered 09/07/2017.", "entry_date": "9/7/2017"}, {"date": "9/7/2017", "number": "82", "contents": "<span class='description'>ASST. STATE ATTY. POLIMENI, MATTHEW JOSEPH</span> entered 09/07/2017.", "entry_date": "9/7/2017"}, {"date": "9/7/2017", "number": "81", "contents": "<span class='description'>JUDGE AHO, MARIANNE</span> entered 09/07/2017.", "entry_date": "9/7/2017"}, {"date": "8/11/2017", "number": "80", "contents": "<span class='description'>APPLICATION FOR DETERMINATION OF CRIMINAL INDIGENCE</span> entered 08/14/2017.", "entry_date": "8/14/2017"}, {"date": "8/11/2017", "number": "79", "contents": "<span class='description'>AFFIDAVIT OF INSOLVENCY</span> entered 08/14/2017.", "entry_date": "8/14/2017"}, {"date": "8/11/2017", "number": "78", "contents": "<span class='description'>MOTION FOR DUE PROCESS FESS</span> entered 08/14/2017.", "entry_date": "8/14/2017"}, {"date": "8/11/2017", "number": "77", "contents": "<span class='description'>MOTION TO ADJUDGE THE DEFENDANT INDIGENT FOR COSTS AND FOR APPOINTMENT OF MENTAL HEALTH PROFESSIONAL TO EVALUATE DEFENDANT'S COMPETENCY AND REPORT TO DEFENANT'S ATTORNEY</span> entered 08/14/2017.", "entry_date": "8/14/2017"}, {"date": "8/11/2017", "number": "76", "contents": "<span class='description'>LETTER FROM DEFENDANT TO JUDGE</span> entered 08/14/2017.", "entry_date": "8/14/2017"}, {"date": "8/4/2017", "number": "75", "contents": "<span class='description'>PRETRIAL 09/07/2017 9:00 AM - 408 4TH FLOOR, 501 W ADAMS ST JACKSONVILLE FL 32202</span> entered 08/04/2017.", "entry_date": "8/4/2017"}, {"date": "8/4/2017", "number": "74", "contents": "<span class='description'>** WAIVER OF SPEEDY TRIAL **</span> entered 08/04/2017.", "entry_date": "8/4/2017"}, {"date": "8/4/2017", "number": "73", "contents": "<span class='description'>OTHERS PRESENT: ASA- J LICANDRO FOR M POLIMENI</span> entered 08/04/2017.", "entry_date": "8/4/2017"}, {"date": "8/4/2017", "number": "72", "contents": "<span class='description'>DEFENDANT PRESENT IN JAIL</span> entered 08/04/2017.", "entry_date": "8/4/2017"}, {"date": "8/4/2017", "number": "71", "contents": "<span class='description'>ATTY. FOR DEF. ZEIGERMAN, MICHAEL JONATHAN</span> entered 08/04/2017.", "entry_date": "8/4/2017"}, {"date": "8/4/2017", "number": "70", "contents": "<span class='description'>ASST. STATE ATTY. POLIMENI, MATTHEW JOSEPH</span> entered 08/04/2017.", "entry_date": "8/4/2017"}, {"date": "8/4/2017", "number": "69", "contents": "<span class='description'>JUDGE AHO, MARIANNE</span> entered 08/04/2017.", "entry_date": "8/4/2017"}, {"date": "7/21/2017", "number": "68", "contents": "<span class='description'>ORDER PERT. TO PAYMENT OF COSTS ADJUDGING THE DEFENDANT INDIGENT FOR COSTS AND FOR AUTHORIZATION TO INCURE COSTS OF INVESTIGATION AND DISCOVERY DEPOSITIONS</span> entered 07/24/2017.", "entry_date": "7/24/2017"}, {"date": "7/20/2017", "number": "67", "contents": "<span class='description'>PRETRIAL 08/04/2017 9:00 AM - 408 4TH FLOOR, 501 W ADAMS ST JACKSONVILLE FL 32202</span> entered 07/20/2017.", "entry_date": "7/20/2017"}, {"date": "7/20/2017", "number": "66", "contents": "<span class='description'>&gt; CANCEL REASON - PER JA</span> entered 07/20/2017.", "entry_date": "7/20/2017"}, {"date": "7/20/2017", "number": "65", "contents": "<span class='description'>CANCELLED PRETRIAL ON 8/3/2017 9:00:00 AM</span> entered 07/20/2017.", "entry_date": "7/20/2017"}, {"date": "7/20/2017", "number": "64", "contents": "<span class='description'>PRETRIAL 08/03/2017 9:00 AM - 408 4TH FLOOR, 501 W ADAMS ST JACKSONVILLE FL 32202</span> entered 07/20/2017.", "entry_date": "7/20/2017"}, {"date": "7/20/2017", "number": "63", "contents": "<span class='description'>DEFENDANT APPEARANCE WAIVED</span> entered 07/20/2017.", "entry_date": "7/20/2017"}, {"date": "7/20/2017", "number": "62", "contents": "<span class='description'>ATTY. FOR DEF. ZEIGERMAN, MICHAEL JONATHAN</span> entered 07/20/2017.", "entry_date": "7/20/2017"}, {"date": "7/20/2017", "number": "61", "contents": "<span class='description'>PUBLIC DEFENDER PERMITTED TO WITHDRAW AS COUNSEL FOR DEF.</span> entered 07/20/2017.", "entry_date": "7/20/2017"}, {"date": "7/20/2017", "number": "60", "contents": "<span class='description'>ASST. PUB. DEF. YOUNG, SANDRA KAYE</span> entered 07/20/2017.", "entry_date": "7/20/2017"}, {"date": "7/20/2017", "number": "59", "contents": "<span class='description'>ASST. STATE ATTY. POLIMENI, MATTHEW JOSEPH</span> entered 07/20/2017.", "entry_date": "7/20/2017"}, {"date": "7/20/2017", "number": "58", "contents": "<span class='description'>SITTING JUDGE - HEALEY, RUSSELL L.</span> entered 07/20/2017.", "entry_date": "7/20/2017"}, {"date": "7/20/2017", "number": "57", "contents": "<span class='description'>JUDGE AHO, MARIANNE</span> entered 07/20/2017.", "entry_date": "7/20/2017"}, {"date": "7/17/2017", "number": "56", "contents": "<span class='description'>APPLICATION FOR CRIMINAL INDIGENT STATUS - FILED</span> entered 07/18/2017.", "entry_date": "7/18/2017"}, {"date": "7/17/2017", "number": "55", "contents": "<span class='description'>AFFIDAVIT OF INSOLVENCY</span> entered 07/18/2017.", "entry_date": "7/18/2017"}, {"date": "7/17/2017", "number": "54", "contents": "<span class='description'>MOTION TO ADJUDGE THE DEFENDANT INDIGENT FOR COSTS AND FOR AUTHORIZATION TO INCUR COSTS OF INVESTIGATION AND DISCOVERY DEPOSITIONS</span> entered 07/18/2017.", "entry_date": "7/18/2017"}, {"date": "7/17/2017", "number": "53", "contents": "<span class='description'>NOTICE OF DISCOVERY</span> entered 07/18/2017.", "entry_date": "7/18/2017"}, {"date": "7/17/2017", "number": "52", "contents": "<span class='description'>NOTICE OF APPEARANCE ZEIGERMAN, MICHAEL JONATHAN</span> entered 07/18/2017.", "entry_date": "7/18/2017"}, {"date": "6/29/2017", "number": "51", "contents": "<span class='description'>PRETRIAL 07/20/2017 9:00 AM - 408 4TH FLOOR, 501 W ADAMS ST JACKSONVILLE FL 32202</span> entered 06/29/2017.", "entry_date": "6/29/2017"}, {"date": "6/29/2017", "number": "50", "contents": "<span class='description'>DEFENDANT PRESENT IN JAIL</span> entered 06/29/2017.", "entry_date": "6/29/2017"}, {"date": "6/29/2017", "number": "49", "contents": "<span class='description'>ASST. PUB. DEF. YOUNG, SANDRA KAYE</span> entered 06/29/2017.", "entry_date": "6/29/2017"}, {"date": "6/29/2017", "number": "48", "contents": "<span class='description'>ASST. STATE ATTY. POLIMENI, MATTHEW JOSEPH</span> entered 06/29/2017.", "entry_date": "6/29/2017"}, {"date": "6/29/2017", "number": "47", "contents": "<span class='description'>JUDGE AHO, MARIANNE</span> entered 06/29/2017.", "entry_date": "6/29/2017"}, {"date": "6/22/2017", "number": "46", "contents": "<span class='description'>AMENDED MOTION TO COMPEL RESPONSE TO DISCOVERY</span> entered 06/23/2017.", "entry_date": "6/23/2017"}, {"date": "6/21/2017", "number": "45", "contents": "<span class='description'>MOTION TO COMPEL RESPONSE TO DISCOVERY</span> entered 06/23/2017.", "entry_date": "6/23/2017"}, {"date": "6/13/2017", "number": "44", "contents": "<span class='description'>PRETRIAL 06/29/2017 9:00 AM - 408 4TH FLOOR, 501 W ADAMS ST JACKSONVILLE FL 32202</span> entered 06/13/2017.", "entry_date": "6/13/2017"}, {"date": "6/13/2017", "number": "43", "contents": "<span class='description'>DEFENDANT APPEARANCE WAIVED</span> entered 06/13/2017.", "entry_date": "6/13/2017"}, {"date": "6/13/2017", "number": "42", "contents": "<span class='description'>OTHERS PRESENT: M BATEH FOR S YOUNG</span> entered 06/13/2017.", "entry_date": "6/13/2017"}, {"date": "6/13/2017", "number": "41", "contents": "<span class='description'>ASST. PUB. DEF. YOUNG, SANDRA KAYE</span> entered 06/13/2017.", "entry_date": "6/13/2017"}, {"date": "6/13/2017", "number": "40", "contents": "<span class='description'>OTHERS PRESENT: G HILL FOR M POLIMENI</span> entered 06/13/2017.", "entry_date": "6/13/2017"}, {"date": "6/13/2017", "number": "39", "contents": "<span class='description'>ASST. STATE ATTY. POLIMENI, MATTHEW JOSEPH</span> entered 06/13/2017.", "entry_date": "6/13/2017"}, {"date": "6/13/2017", "number": "38", "contents": "<span class='description'>JUDGE AHO, MARIANNE</span> entered 06/13/2017.", "entry_date": "6/13/2017"}, {"date": "5/30/2017", "number": "37", "contents": "<span class='description'>DEMAND FOR SPECIFIC DISCOVERY</span> entered 06/01/2017.", "entry_date": "6/1/2017"}, {"date": "5/16/2017", "number": "36", "contents": "<span class='description'>PRETRIAL 06/13/2017 9:00 AM - 408 4TH FLOOR, 501 W ADAMS ST JACKSONVILLE FL 32202</span> entered 05/16/2017.", "entry_date": "5/16/2017"}, {"date": "5/16/2017", "number": "35", "contents": "<span class='description'>DEFENDANT PRESENT IN JAIL</span> entered 05/16/2017.", "entry_date": "5/16/2017"}, {"date": "5/16/2017", "number": "34", "contents": "<span class='description'>&gt; BY M. BATEH</span> entered 05/16/2017.", "entry_date": "5/16/2017"}, {"date": "5/16/2017", "number": "33", "contents": "<span class='description'>ASST. PUB. DEF. YOUNG, SANDRA KAYE</span> entered 05/16/2017.", "entry_date": "5/16/2017"}, {"date": "5/16/2017", "number": "32", "contents": "<span class='description'>ASST. STATE ATTY. POLIMENI, MATTHEW JOSEPH</span> entered 05/16/2017.", "entry_date": "5/16/2017"}, {"date": "5/16/2017", "number": "31", "contents": "<span class='description'>JUDGE AHO, MARIANNE</span> entered 05/16/2017.", "entry_date": "5/16/2017"}, {"date": "4/19/2017", "number": "30", "contents": "<span class='description'>PRETRIAL 05/16/2017 9:00 AM - 408 4TH FLOOR, 501 W ADAMS ST JACKSONVILLE FL 32202</span> entered 04/19/2017.", "entry_date": "4/19/2017"}, {"date": "4/19/2017", "number": "29", "contents": "<span class='description'>PLEA OF NOT GUILTY</span> entered 04/19/2017.", "entry_date": "4/19/2017"}, {"date": "4/19/2017", "number": "28", "contents": "<span class='description'>PLEA OF NOT GUILTY</span> entered 04/19/2017.", "entry_date": "4/19/2017"}, {"date": "4/19/2017", "number": "27", "contents": "<span class='description'>DEF. W/READING OF INFO &amp; PLEAD NOT GUILTY</span> entered 04/19/2017.", "entry_date": "4/19/2017"}, {"date": "4/19/2017", "number": "26", "contents": "<span class='description'>DEFENDANT PRESENT IN JAIL</span> entered 04/19/2017.", "entry_date": "4/19/2017"}, {"date": "4/19/2017", "number": "25", "contents": "<span class='description'>ASST. PUB. DEF. YOUNG, SANDRA KAYE</span> entered 04/19/2017.", "entry_date": "4/19/2017"}, {"date": "4/19/2017", "number": "24", "contents": "<span class='description'>ASST. STATE ATTY. POLIMENI, MATTHEW JOSEPH</span> entered 04/19/2017.", "entry_date": "4/19/2017"}, {"date": "4/19/2017", "number": "23", "contents": "<span class='description'>SITTING JUDGE - COX, ANGELA M.</span> entered 04/19/2017.", "entry_date": "4/19/2017"}, {"date": "4/19/2017", "number": "22", "contents": "<span class='description'>JUDGE AHO, MARIANNE</span> entered 04/19/2017.", "entry_date": "4/19/2017"}, {"date": "4/17/2017", "number": "21", "contents": "<span class='description'>ARRAIGNMENT DATE 04/19/2017 9:00 AM - 408 4TH FLOOR, 501 W ADAMS ST JACKSONVILLE FL 32202</span> entered 04/17/2017.", "entry_date": "4/17/2017"}, {"date": "4/17/2017", "number": "20", "contents": "<span class='description'>INFORMATION FILED S827.03(1)(A) AGGRAVATED CHILD ABUSE</span> entered 04/17/2017.", "entry_date": "4/17/2017"}, {"date": "4/17/2017", "number": "19", "contents": "<span class='description'>INFORMATION FILED S782.04(2) MURDER - SECOND DEGREE</span> entered 04/17/2017.", "entry_date": "4/17/2017"}, {"date": "4/17/2017", "number": "18", "contents": "<span class='description'>INFORMATION</span> entered 04/17/2017.", "entry_date": "4/17/2017"}, {"date": "4/13/2017", "number": "17", "contents": "<span class='description'>TRIAL ASSISTANT STATE ATTORNEY CHANGED TO Polimeni, Matthew Joseph PER SAO</span> entered 04/13/2017.", "entry_date": "4/13/2017"}, {"date": "4/11/2017", "number": "16", "contents": "<span class='description'>ARRAIGNMENT COURT DATE: 04/19/2017 SUBJECT TO CHANGE. CALL FOR VERIFICATION</span> entered 04/11/2017.", "entry_date": "4/11/2017"}, {"date": "4/4/2017", "number": "15", "contents": "<span class='description'>ARRAIGNMENT COURT DATE: 04/12/2017 SUBJECT TO CHANGE. CALL FOR VERIFICATION</span> entered 04/04/2017.", "entry_date": "4/4/2017"}, {"date": "3/28/2017", "number": "14", "contents": "<span class='description'>ARRAIGNMENT COURT DATE: 04/05/2017 SUBJECT TO CHANGE. CALL FOR VERIFICATION</span> entered 03/28/2017.", "entry_date": "3/28/2017"}, {"date": "3/10/2017", "number": "13", "contents": "<span class='description'>ARREST &amp; BOOKING REPORT 2017-006195 03/09/2017</span> entered 07/14/2017.", "entry_date": "7/14/2017"}, {"date": "3/10/2017", "number": "12", "contents": "<span class='description'>BOND SET AT NONE</span> entered 07/14/2017.", "entry_date": "7/14/2017"}, {"date": "3/8/2017", "number": "11", "contents": "<span class='description'>ARRAIGNMENT COURT DATE: 03/29/2017 SUBJECT TO CHANGE. CALL FOR VERIFICATION</span> entered 03/09/2017.", "entry_date": "3/9/2017"}, {"date": "3/8/2017", "number": "10", "contents": "<span class='description'>FINDING OF PROBABLE CAUSE ,</span> entered 03/09/2017.", "entry_date": "3/9/2017"}, {"date": "3/8/2017", "number": "9", "contents": "<span class='description'>APPLICATION FOR CRIMINAL INDIGENT STATUS - FILED</span> entered 03/09/2017.", "entry_date": "3/9/2017"}, {"date": "3/8/2017", "number": "8", "contents": "<span class='description'>DEFENDANT DECLARED INDIGENT, ORDER APPOINTING PUBLIC DEFENDER - FILED</span> entered 03/09/2017.", "entry_date": "3/9/2017"}, {"date": "3/8/2017", "number": "7", "contents": "<span class='description'>FEES DUE: 3/9/2017</span> entered 03/09/2017.", "entry_date": "3/9/2017"}, {"date": "3/8/2017", "number": "6", "contents": "<span class='description'>PD APP FEE 50.00 IMPOSED</span> entered 03/09/2017.", "entry_date": "3/9/2017"}, {"date": "3/8/2017", "number": "5", "contents": "<span class='description'>NO VICTIM CONTACT OR VICTIM FAMILY</span> entered 03/09/2017.", "entry_date": "3/9/2017"}, {"date": "3/8/2017", "number": "4", "contents": "<span class='description'>BOND SET AT $500,003.00</span> entered 03/09/2017.", "entry_date": "3/9/2017"}, {"date": "3/8/2017", "number": "3", "contents": "<span class='description'>S827.03(1)(A) AGGRAVATED CHILD ABUSE</span> entered 03/09/2017.", "entry_date": "3/9/2017"}, {"date": "3/8/2017", "number": "2", "contents": "<span class='description'>S782.04 MURDER</span> entered 07/14/2017.", "entry_date": "7/14/2017"}, {"date": "3/8/2017", "number": "1", "contents": "<span class='description'>ARREST &amp; BOOKING REPORT 2017-006195 3/7/2017</span> entered 03/09/2017.", "entry_date": "3/9/2017"}], "success": true, "parties": [{"race": "W", "name_normalized": "Barbara Kay Kendrick", "name": "BARBARA KAY KENDRICK", "sex": "Female", "other": [], "type": "Defendant"}], "analyze": {"last_analyze": "6/22/2020"}, "deadlines_docs": {"09/14/2020": [1]}}