{"info": {"status": "DISPOSED", "division": "CR-B", "judges": ["BASS, LESTER B."], "court": "Florida State, Duval County, Fourth Circuit Court", "title": "ADAM CHRISTOPHER LAWSON JR", "date_filed": "4/3/2017", "link": "https://www.docketalarm.com/cases/Florida_State_Duval_County_Fourth_Circuit_Court/2017-CF-003064/ADAM_CHRISTOPHER_LAWSON_JR/", "judges_normalized": ["Bass Lester B."], "judge": "BASS, LESTER B.", "type": "Circuit Criminal", "docket": "2017-CF-003064"}, "docket_report": [{"date": "2/25/2019", "number": "280", "contents": "<span class='description'>RECEIPT FOR CIVIL PROCESS, JAIL, WARRANTS</span> entered 02/26/2019.", "entry_date": "2/26/2019"}, {"date": "2/22/2019", "number": "278", "contents": "<span class='description'>CERTIFICATE OF SERVICE FOR JUDGMENT AND SENTENCE</span> entered 02/22/2019.", "entry_date": "2/22/2019"}, {"link_viewer": "https://www.docketalarm.com/cases/Florida_State_Duval_County_Fourth_Circuit_Court/2017-CF-003064/ADAM_CHRISTOPHER_LAWSON_JR/277/", "number": "277", "link": "https://www.docketalarm.com/cases/Florida_State_Duval_County_Fourth_Circuit_Court/2017-CF-003064/ADAM_CHRISTOPHER_LAWSON_JR/docs/277.pdf", "entry_date": "2/22/2019", "date": "2/22/2019", "contents": "<a href=\"/cases/Florida_State_Duval_County_Fourth_Circuit_Court/2017-CF-003064/ADAM_CHRISTOPHER_LAWSON_JR/277/\"><span class='description'>UNIFORM COMMITMENT TO CUSTODY OF DEPT. OF CORRECTIONS</span></a> entered 02/22/2019."}, {"link_viewer": "https://www.docketalarm.com/cases/Florida_State_Duval_County_Fourth_Circuit_Court/2017-CF-003064/ADAM_CHRISTOPHER_LAWSON_JR/276/", "number": "276", "link": "https://www.docketalarm.com/cases/Florida_State_Duval_County_Fourth_Circuit_Court/2017-CF-003064/ADAM_CHRISTOPHER_LAWSON_JR/docs/276.pdf", "entry_date": "2/22/2019", "date": "2/22/2019", "contents": "<a href=\"/cases/Florida_State_Duval_County_Fourth_Circuit_Court/2017-CF-003064/ADAM_CHRISTOPHER_LAWSON_JR/276/\"><span class='description'>COMMITMENT CHECKLIST SENT</span></a> entered 02/22/2019."}, {"date": "2/22/2019", "number": "274", "contents": "<span class='description'>&gt; CANCEL REASON - CASE DISPOSED</span> entered 02/22/2019.", "entry_date": "2/22/2019"}, {"date": "2/22/2019", "number": "273", "contents": "<span class='description'>CANCELLED PRETRIAL ON 2/25/2019 9:00:00 AM</span> entered 02/22/2019.", "entry_date": "2/22/2019"}, {"date": "2/21/2019", "number": "272", "contents": "<span class='description'>RESTITUTION ORDER CREATED FOR: $ $217.00 BOOK 18701 PAGE 788-789</span> entered 02/22/2019.", "entry_date": "2/22/2019"}, {"date": "2/21/2019", "number": "270", "contents": "<span class='description'>CLERKS MEMO OF HEARING</span> entered 02/22/2019.", "entry_date": "2/22/2019"}, {"link_viewer": "https://www.docketalarm.com/cases/Florida_State_Duval_County_Fourth_Circuit_Court/2017-CF-003064/ADAM_CHRISTOPHER_LAWSON_JR/269/", "number": "269", "link": "https://www.docketalarm.com/cases/Florida_State_Duval_County_Fourth_Circuit_Court/2017-CF-003064/ADAM_CHRISTOPHER_LAWSON_JR/docs/269.pdf", "entry_date": "2/22/2019", "date": "2/21/2019", "contents": "<a href=\"/cases/Florida_State_Duval_County_Fourth_Circuit_Court/2017-CF-003064/ADAM_CHRISTOPHER_LAWSON_JR/269/\"><span class='description'>COURT ORDERED COSTS/FINES/FEES BOOK 18701 PAGE 790-791</span></a> entered 02/22/2019."}, {"date": "2/21/2019", "number": "268", "contents": "<span class='description'>SENTENCING GUIDELINES</span> entered 02/22/2019.", "entry_date": "2/22/2019"}, {"link_viewer": "https://www.docketalarm.com/cases/Florida_State_Duval_County_Fourth_Circuit_Court/2017-CF-003064/ADAM_CHRISTOPHER_LAWSON_JR/267/", "number": "267", "link": "https://www.docketalarm.com/cases/Florida_State_Duval_County_Fourth_Circuit_Court/2017-CF-003064/ADAM_CHRISTOPHER_LAWSON_JR/docs/267.pdf", "entry_date": "2/22/2019", "date": "2/21/2019", "contents": "<a href=\"/cases/Florida_State_Duval_County_Fourth_Circuit_Court/2017-CF-003064/ADAM_CHRISTOPHER_LAWSON_JR/267/\"><span class='description'>PAYMENT AUTHORIZATION SHEET</span></a> entered 02/22/2019."}, {"date": "2/21/2019", "number": "265", "contents": "<span class='description'>CREDIT TIME: 690 DAYS</span> entered 02/22/2019.", "entry_date": "2/22/2019"}, {"date": "2/21/2019", "number": "264", "contents": "<span class='description'>JUDGMENT AND SENTENCE TO STATE PRISON FOR 15 YEARS</span> entered 02/22/2019.", "entry_date": "2/22/2019"}, {"date": "2/21/2019", "number": "263", "contents": "<span class='description'>DEF. ADJUDGED GUILTY - FINGERPRINTS TAKEN</span> entered 02/22/2019.", "entry_date": "2/22/2019"}, {"date": "2/21/2019", "number": "262", "contents": "<span class='description'>DEFENDANT PLEAD GUILTY</span> entered 02/22/2019.", "entry_date": "2/22/2019"}, {"date": "2/21/2019", "number": "261", "contents": "<span class='description'>CREDIT TIME: 690 DAYS</span> entered 02/22/2019.", "entry_date": "2/22/2019"}, {"date": "2/21/2019", "number": "260", "contents": "<span class='description'>JUDGMENT AND SENTENCE TO STATE PRISON FOR 5 YEARS</span> entered 02/22/2019.", "entry_date": "2/22/2019"}, {"date": "2/21/2019", "number": "259", "contents": "<span class='description'>DEF. ADJUDGED GUILTY - FINGERPRINTS TAKEN</span> entered 02/22/2019.", "entry_date": "2/22/2019"}, {"date": "2/21/2019", "number": "258", "contents": "<span class='description'>DEFENDANT PLEAD GUILTY</span> entered 02/22/2019.", "entry_date": "2/22/2019"}, {"date": "2/21/2019", "number": "257", "contents": "<span class='description'>JUDGMENT AND SENTENCE TO STATE PRISON FOR LIFE</span> entered 02/22/2019.", "entry_date": "2/22/2019"}, {"date": "2/21/2019", "number": "256", "contents": "<span class='description'>CREDIT TIME: 690 DAYS</span> entered 02/22/2019.", "entry_date": "2/22/2019"}, {"date": "2/21/2019", "number": "255", "contents": "<span class='description'>DEF. ADJUDGED GUILTY - FINGERPRINTS TAKEN</span> entered 02/22/2019.", "entry_date": "2/22/2019"}, {"date": "2/21/2019", "number": "254", "contents": "<span class='description'>DEFENDANT PLEAD GUILTY</span> entered 02/22/2019.", "entry_date": "2/22/2019"}, {"date": "2/21/2019", "number": "253", "contents": "<span class='description'>FEES DUE: 5/21/9999</span> entered 02/22/2019.", "entry_date": "2/22/2019"}, {"date": "2/21/2019", "number": "252", "contents": "<span class='description'>CSTF 20.00 IMPOSED</span> entered 02/22/2019.", "entry_date": "2/22/2019"}, {"date": "2/21/2019", "number": "251", "contents": "<span class='description'>SAIEF 100.00 IMPOSED</span> entered 02/22/2019.", "entry_date": "2/22/2019"}, {"date": "2/21/2019", "number": "250", "contents": "<span class='description'>AACC 65.00 IMPOSED</span> entered 02/22/2019.", "entry_date": "2/22/2019"}, {"date": "2/21/2019", "number": "249", "contents": "<span class='description'>TNC 3.00 IMPOSED</span> entered 02/22/2019.", "entry_date": "2/22/2019"}, {"date": "2/21/2019", "number": "248", "contents": "<span class='description'>LGTF 225.00 IMPOSED</span> entered 02/22/2019.", "entry_date": "2/22/2019"}, {"date": "2/21/2019", "number": "247", "contents": "<span class='description'>CCT 50.00 IMPOSED</span> entered 02/22/2019.", "entry_date": "2/22/2019"}, {"date": "2/21/2019", "number": "246", "contents": "<span class='description'>RCC 100.00 IMPOSED</span> entered 02/22/2019.", "entry_date": "2/22/2019"}, {"date": "2/21/2019", "number": "245", "contents": "<span class='description'>COST OF COURT 50.00 IMPOSED</span> entered 02/22/2019.", "entry_date": "2/22/2019"}, {"date": "2/21/2019", "number": "244", "contents": "<span class='description'>LEEA 5.00 IMPOSED</span> entered 02/22/2019.", "entry_date": "2/22/2019"}, {"date": "2/21/2019", "number": "243", "contents": "<span class='description'>JUDGMENT AND SENTENCE TO STATE PRISON FOR LIFE</span> entered 02/22/2019.", "entry_date": "2/22/2019"}, {"date": "2/21/2019", "number": "242", "contents": "<span class='description'>LIFE MINIMUM MANDATORY AS TO COUNT 1; PER FS:775.087</span> entered 02/22/2019.", "entry_date": "2/22/2019"}, {"date": "2/21/2019", "number": "241", "contents": "<span class='description'>STATE WAIVES THE NOTICE OF INTENT TO SEEK DEATH PENALTY&amp; AGGRAVATING FACTORS</span> entered 02/22/2019.", "entry_date": "2/22/2019"}, {"date": "2/21/2019", "number": "240", "contents": "<span class='description'>COUNTS 1-4 SHALL RUN CONCURRENT</span> entered 02/22/2019.", "entry_date": "2/22/2019"}, {"date": "2/21/2019", "number": "239", "contents": "<span class='description'>CREDIT TIME: 690 DAYS</span> entered 02/22/2019.", "entry_date": "2/22/2019"}, {"link_viewer": "https://www.docketalarm.com/cases/Florida_State_Duval_County_Fourth_Circuit_Court/2017-CF-003064/ADAM_CHRISTOPHER_LAWSON_JR/238/", "number": "238", "link": "https://www.docketalarm.com/cases/Florida_State_Duval_County_Fourth_Circuit_Court/2017-CF-003064/ADAM_CHRISTOPHER_LAWSON_JR/docs/238.pdf", "entry_date": "2/22/2019", "date": "2/21/2019", "contents": "<a href=\"/cases/Florida_State_Duval_County_Fourth_Circuit_Court/2017-CF-003064/ADAM_CHRISTOPHER_LAWSON_JR/238/\"><span class='description'>JUDGMENT AND SENTENCE TO STATE PRISON FOR LIFE BOOK 18701 PAGE 792-800</span></a> entered 02/22/2019."}, {"date": "2/21/2019", "number": "237", "contents": "<span class='description'>DEFENDANT PLEAD GUILTY</span> entered 02/22/2019.", "entry_date": "2/22/2019"}, {"date": "2/21/2019", "number": "236", "contents": "<span class='description'>SENTENCING HEARING HELD IN FULL</span> entered 02/22/2019.", "entry_date": "2/22/2019"}, {"date": "2/21/2019", "number": "235", "contents": "<span class='description'>ACKNOWLEDGE. OF RIGHTS &amp; VOLUNTARINESS OF ENTRY OF PLEA</span> entered 02/22/2019.", "entry_date": "2/22/2019"}, {"date": "2/21/2019", "number": "234", "contents": "<span class='description'>DEF. PERMITTED TO W/D PLEA OF NOTGUILTY/GUILTY</span> entered 02/22/2019.", "entry_date": "2/22/2019"}, {"date": "2/21/2019", "number": "233", "contents": "<span class='description'>DEFENDANT PRESENT IN JAIL</span> entered 02/22/2019.", "entry_date": "2/22/2019"}, {"date": "2/21/2019", "number": "232", "contents": "<span class='description'>ATTY. FOR DEF. ABEL, JANET LYNN</span> entered 02/22/2019.", "entry_date": "2/22/2019"}, {"date": "2/21/2019", "number": "231", "contents": "<span class='description'>ASST. STATE ATTY. HAZEL, PAMELA J</span> entered 02/22/2019.", "entry_date": "2/22/2019"}, {"date": "2/21/2019", "number": "230", "contents": "<span class='description'>JUDGE BASS, LESTER B.</span> entered 02/22/2019.", "entry_date": "2/22/2019"}, {"date": "2/20/2019", "number": "229", "contents": "<span class='description'>PLEA &amp; SENTENCING PER JA EMAIL</span> entered 02/20/2019.", "entry_date": "2/20/2019"}, {"date": "2/20/2019", "number": "228", "contents": "<span class='description'>SENTENCING 02/21/2019 9:00 AM - 408 4TH FLOOR, 501 W ADAMS ST JACKSONVILLE FL 32202</span> entered 02/20/2019.", "entry_date": "2/20/2019"}, {"date": "2/15/2019", "number": "227", "contents": "<span class='description'>STATES# SECOND SUPPLEMENTAL DISCOVERY EXHIBIT</span> entered 02/15/2019.", "entry_date": "2/15/2019"}, {"date": "2/8/2019", "number": "226", "contents": "<span class='description'>PER JA EMAIL 10/28/19 FPT; 11/4/19 JS &amp; 11/12/19 PENALTY PHASE</span> entered 02/08/2019.", "entry_date": "2/8/2019"}, {"date": "2/8/2019", "number": "225", "contents": "<span class='description'>PRETRIAL 02/25/2019 9:00 AM - 408 4TH FLOOR, 501 W ADAMS ST JACKSONVILLE FL 32202</span> entered 02/08/2019.", "entry_date": "2/8/2019"}, {"date": "2/8/2019", "number": "224", "contents": "<span class='description'>&gt; CANCEL REASON -</span> entered 02/08/2019.", "entry_date": "2/8/2019"}, {"date": "2/8/2019", "number": "223", "contents": "<span class='description'>CANCELLED PRETRIAL ON 2/11/2019 9:00:00 AM</span> entered 02/08/2019.", "entry_date": "2/8/2019"}, {"date": "2/5/2019", "number": "222", "contents": "<span class='description'>10/28/19 FPT; 11/4/19 JS &amp; 11/12/19 PENALTY PHASE</span> entered 02/05/2019.", "entry_date": "2/5/2019"}, {"date": "2/5/2019", "number": "221", "contents": "<span class='description'>PRETRIAL 02/11/2019 9:00 AM - 408 4TH FLOOR, 501 W ADAMS ST JACKSONVILLE FL 32202</span> entered 02/05/2019.", "entry_date": "2/5/2019"}, {"date": "2/5/2019", "number": "220", "contents": "<span class='description'>OTHERS PRESENT: R. RICHARDSON FOR J. ABEL</span> entered 02/05/2019.", "entry_date": "2/5/2019"}, {"date": "2/5/2019", "number": "219", "contents": "<span class='description'>DEFENDANT PRESENT IN JAIL</span> entered 02/05/2019.", "entry_date": "2/5/2019"}, {"date": "2/5/2019", "number": "218", "contents": "<span class='description'>ATTY. FOR DEF. ABEL, JANET LYNN</span> entered 02/05/2019.", "entry_date": "2/5/2019"}, {"date": "2/5/2019", "number": "217", "contents": "<span class='description'>ASST. STATE ATTY. HAZEL, PAMELA J</span> entered 02/05/2019.", "entry_date": "2/5/2019"}, {"date": "2/5/2019", "number": "216", "contents": "<span class='description'>JUDGE BASS, LESTER B.</span> entered 02/05/2019.", "entry_date": "2/5/2019"}, {"date": "1/8/2019", "number": "215", "contents": "<span class='description'>10/28/19 FPT; 11/4/19 JS &amp; 11/12/19 PENALTY PHASE</span> entered 01/08/2019.", "entry_date": "1/8/2019"}, {"date": "1/8/2019", "number": "214", "contents": "<span class='description'>PRETRIAL 02/05/2019 9:00 AM - 408 4TH FLOOR, 501 W ADAMS ST JACKSONVILLE FL 32202</span> entered 01/08/2019.", "entry_date": "1/8/2019"}, {"date": "1/8/2019", "number": "213", "contents": "<span class='description'>DEFENDANT PRESENT IN JAIL</span> entered 01/08/2019.", "entry_date": "1/8/2019"}, {"date": "1/8/2019", "number": "212", "contents": "<span class='description'>ATTY. FOR DEF. ABEL, JANET LYNN</span> entered 01/08/2019.", "entry_date": "1/8/2019"}, {"date": "1/8/2019", "number": "211", "contents": "<span class='description'>ASST. STATE ATTY. HAZEL, PAMELA J</span> entered 01/08/2019.", "entry_date": "1/8/2019"}, {"date": "1/8/2019", "number": "210", "contents": "<span class='description'>JUDGE BASS, LESTER B.</span> entered 01/08/2019.", "entry_date": "1/8/2019"}, {"date": "1/1/2019", "number": "209", "contents": "<span class='description'>Courtroom change effective 01/01/2019; PRETRIAL scheduled for 1/8/2019 at 9:00 AM moved from 605 6th Floor to 408 4th Floor.</span> entered 12/28/2018.", "entry_date": "12/28/2018"}, {"date": "11/27/2018", "number": "208", "contents": "<span class='description'>STANDING ORDER GOVERNING PRE-TRIAL PROCEDURES AND THE TRIAL OF ALL CRIMINAL ACTIONS IN THE DIVISION AMENDED OF THE CIRCUIT COURT OF THE FOURTH JUDICIAL CIRCUIT</span> entered 11/27/2018.", "entry_date": "11/27/2018"}, {"date": "11/19/2018", "number": "207", "contents": "<span class='description'>FPT 10/28/19; 11/4/19 JS &amp; 11/12/19 PENALTY PHASE</span> entered 11/27/2018.", "entry_date": "11/27/2018"}, {"date": "11/19/2018", "number": "206", "contents": "<span class='description'>11/4/19 JS &amp; 11/12/19 PENALTY PHASE</span> entered 11/19/2018.", "entry_date": "11/19/2018"}, {"date": "11/19/2018", "number": "205", "contents": "<span class='description'>PRETRIAL 01/08/2019 9:00 AM - 605 6TH FLOOR, 501 W ADAMS ST JACKSONVILLE FL 32202</span> entered 11/19/2018.", "entry_date": "11/19/2018"}, {"date": "11/19/2018", "number": "204", "contents": "<span class='description'>DEFENDANT PRESENT IN JAIL</span> entered 11/19/2018.", "entry_date": "11/19/2018"}, {"date": "11/19/2018", "number": "203", "contents": "<span class='description'>ATTY. FOR DEF. RICHARDSON, RANDALL HARVEY</span> entered 11/19/2018.", "entry_date": "11/19/2018"}, {"date": "11/19/2018", "number": "202", "contents": "<span class='description'>ASST. STATE ATTY. HAZEL, PAMELA J</span> entered 11/19/2018.", "entry_date": "11/19/2018"}, {"date": "11/19/2018", "number": "201", "contents": "<span class='description'>JUDGE MCCALLUM, LINDA F.</span> entered 11/19/2018.", "entry_date": "11/19/2018"}, {"date": "11/8/2018", "number": "200", "contents": "<span class='description'>PRETRIAL 11/19/2018 9:00 AM - 605 6TH FLOOR, 501 W ADAMS ST JACKSONVILLE FL 32202</span> entered 11/08/2018.", "entry_date": "11/8/2018"}, {"date": "11/8/2018", "number": "199", "contents": "<span class='description'>DEFENDANT PRESENT IN JAIL</span> entered 11/08/2018.", "entry_date": "11/8/2018"}, {"date": "11/8/2018", "number": "198", "contents": "<span class='description'>ATTY. FOR DEF. ABEL, JANET LYNN</span> entered 11/08/2018.", "entry_date": "11/8/2018"}, {"date": "11/8/2018", "number": "197", "contents": "<span class='description'>ASST. STATE ATTY. HAZEL, PAMELA J</span> entered 11/08/2018.", "entry_date": "11/8/2018"}, {"date": "11/8/2018", "number": "196", "contents": "<span class='description'>JUDGE MCCALLUM, LINDA F.</span> entered 11/08/2018.", "entry_date": "11/8/2018"}, {"date": "11/5/2018", "number": "195", "contents": "<span class='description'>PER JA EMAIL</span> entered 11/05/2018.", "entry_date": "11/5/2018"}, {"date": "11/5/2018", "number": "194", "contents": "<span class='description'>PRETRIAL 11/08/2018 9:00 AM - 605 6TH FLOOR, 501 W ADAMS ST JACKSONVILLE FL 32202</span> entered 11/05/2018.", "entry_date": "11/5/2018"}, {"date": "11/5/2018", "number": "193", "contents": "<span class='description'>&gt; CANCEL REASON -</span> entered 11/05/2018.", "entry_date": "11/5/2018"}, {"date": "11/5/2018", "number": "192", "contents": "<span class='description'>CANCELLED PRETRIAL ON 11/14/2018 9:00:00 AM</span> entered 11/05/2018.", "entry_date": "11/5/2018"}, {"date": "10/17/2018", "number": "191", "contents": "<span class='description'>PER JA EMAIL</span> entered 10/17/2018.", "entry_date": "10/17/2018"}, {"date": "10/17/2018", "number": "190", "contents": "<span class='description'>PRETRIAL 11/14/2018 9:00 AM - 605 6TH FLOOR, 501 W ADAMS ST JACKSONVILLE FL 32202</span> entered 10/17/2018.", "entry_date": "10/17/2018"}, {"date": "10/17/2018", "number": "189", "contents": "<span class='description'>&gt; CANCEL REASON -</span> entered 10/17/2018.", "entry_date": "10/17/2018"}, {"date": "10/17/2018", "number": "188", "contents": "<span class='description'>CANCELLED PRETRIAL ON 11/13/2018 9:00:00 AM</span> entered 10/17/2018.", "entry_date": "10/17/2018"}, {"date": "10/17/2018", "number": "187", "contents": "<span class='description'>PER JA EMAIL</span> entered 10/17/2018.", "entry_date": "10/17/2018"}, {"date": "10/17/2018", "number": "186", "contents": "<span class='description'>PRETRIAL 11/13/2018 9:00 AM - 605 6TH FLOOR, 501 W ADAMS ST JACKSONVILLE FL 32202</span> entered 10/17/2018.", "entry_date": "10/17/2018"}, {"date": "10/17/2018", "number": "185", "contents": "<span class='description'>&gt; CANCEL REASON -</span> entered 10/17/2018.", "entry_date": "10/17/2018"}, {"date": "10/17/2018", "number": "184", "contents": "<span class='description'>CANCELLED PRETRIAL ON 10/18/2018 9:00:00 AM</span> entered 10/17/2018.", "entry_date": "10/17/2018"}, {"date": "10/9/2018", "number": "183", "contents": "<span class='description'>PRETRIAL 10/18/2018 9:00 AM - 605 6TH FLOOR, 501 W ADAMS ST JACKSONVILLE FL 32202</span> entered 10/09/2018.", "entry_date": "10/9/2018"}, {"date": "10/9/2018", "number": "182", "contents": "<span class='description'>DEFENDANT PRESENT IN JAIL</span> entered 10/09/2018.", "entry_date": "10/9/2018"}, {"date": "10/9/2018", "number": "181", "contents": "<span class='description'>ATTY. FOR DEF. ABEL, JANET LYNN</span> entered 10/09/2018.", "entry_date": "10/9/2018"}, {"date": "10/9/2018", "number": "180", "contents": "<span class='description'>OTHERS PRESENT: ASA: C. STIFLER FOR P. HAZEL</span> entered 10/09/2018.", "entry_date": "10/9/2018"}, {"date": "10/9/2018", "number": "179", "contents": "<span class='description'>ASST. STATE ATTY. HAZEL, PAMELA J</span> entered 10/09/2018.", "entry_date": "10/9/2018"}, {"date": "10/9/2018", "number": "178", "contents": "<span class='description'>JUDGE MCCALLUM, LINDA F.</span> entered 10/09/2018.", "entry_date": "10/9/2018"}, {"date": "8/28/2018", "number": "177", "contents": "<span class='description'>PRETRIAL 10/09/2018 9:00 AM - 605 6TH FLOOR, 501 W ADAMS ST JACKSONVILLE FL 32202</span> entered 08/28/2018.", "entry_date": "8/28/2018"}, {"date": "8/28/2018", "number": "176", "contents": "<span class='description'>OTHERS PRESENT: RCC: J. ABEL</span> entered 08/28/2018.", "entry_date": "8/28/2018"}, {"date": "8/28/2018", "number": "175", "contents": "<span class='description'>DEFENDANT PRESENT IN JAIL</span> entered 08/28/2018.", "entry_date": "8/28/2018"}, {"date": "8/28/2018", "number": "174", "contents": "<span class='description'>ATTY. FOR DEF. JAMIESON, STEPHANIE NICOLE</span> entered 08/28/2018.", "entry_date": "8/28/2018"}, {"date": "8/28/2018", "number": "173", "contents": "<span class='description'>ASST. STATE ATTY. HAZEL, PAMELA J</span> entered 08/28/2018.", "entry_date": "8/28/2018"}, {"date": "8/28/2018", "number": "172", "contents": "<span class='description'>JUDGE MCCALLUM, LINDA F.</span> entered 08/28/2018.", "entry_date": "8/28/2018"}, {"date": "7/31/2018", "number": "171", "contents": "<span class='description'>PRETRIAL 08/28/2018 9:00 AM - 605 6TH FLOOR, 501 W ADAMS ST JACKSONVILLE FL 32202</span> entered 07/31/2018.", "entry_date": "7/31/2018"}, {"date": "7/31/2018", "number": "170", "contents": "<span class='description'>DEFENDANT APPEARANCE WAIVED</span> entered 07/31/2018.", "entry_date": "7/31/2018"}, {"date": "7/31/2018", "number": "169", "contents": "<span class='description'>ATTY. FOR DEF. JAMIESON, STEPHANIE NICOLE</span> entered 07/31/2018.", "entry_date": "7/31/2018"}, {"date": "7/31/2018", "number": "168", "contents": "<span class='description'>ASST. STATE ATTY. HAZEL, PAMELA J</span> entered 07/31/2018.", "entry_date": "7/31/2018"}, {"date": "7/31/2018", "number": "167", "contents": "<span class='description'>JUDGE MCCALLUM, LINDA F.</span> entered 07/31/2018.", "entry_date": "7/31/2018"}, {"date": "6/14/2018", "number": "166", "contents": "<span class='description'>ORDER FOR SUBPOENA DUCES TECUM</span> entered 06/15/2018.", "entry_date": "6/15/2018"}, {"date": "6/14/2018", "number": "165", "contents": "<span class='description'>PRETRIAL 07/31/2018 9:00 AM - 605 6TH FLOOR, 501 W ADAMS ST JACKSONVILLE FL 32202</span> entered 06/14/2018.", "entry_date": "6/14/2018"}, {"date": "6/14/2018", "number": "164", "contents": "<span class='description'>DEFENDANT PRESENT IN JAIL</span> entered 06/14/2018.", "entry_date": "6/14/2018"}, {"date": "6/14/2018", "number": "163", "contents": "<span class='description'>OTHERS PRESENT: RCC: J. ABEL</span> entered 06/14/2018.", "entry_date": "6/14/2018"}, {"date": "6/14/2018", "number": "162", "contents": "<span class='description'>ATTY. FOR DEF. JAMIESON, STEPHANIE NICOLE</span> entered 06/14/2018.", "entry_date": "6/14/2018"}, {"date": "6/14/2018", "number": "161", "contents": "<span class='description'>ASST. STATE ATTY. HAZEL, PAMELA J</span> entered 06/14/2018.", "entry_date": "6/14/2018"}, {"date": "6/14/2018", "number": "160", "contents": "<span class='description'>JUDGE MCCALLUM, LINDA F.</span> entered 06/14/2018.", "entry_date": "6/14/2018"}, {"date": "6/8/2018", "number": "159", "contents": "<span class='description'>NOTICE OF TAKING DEPOSITION</span> entered 06/08/2018.", "entry_date": "6/8/2018"}, {"date": "5/30/2018", "number": "158", "contents": "<span class='description'>APPLICATION FOR SUBPOENA DUCES TECUM</span> entered 06/01/2018.", "entry_date": "6/1/2018"}, {"date": "5/22/2018", "number": "157", "contents": "<span class='description'>NOTICE OF TAKING DEPOSITION</span> entered 05/22/2018.", "entry_date": "5/22/2018"}, {"date": "5/22/2018", "number": "156", "contents": "<span class='description'>NOTICE OF TAKING DEPOSITION</span> entered 05/22/2018.", "entry_date": "5/22/2018"}, {"date": "5/14/2018", "number": "155", "contents": "<span class='description'>PRETRIAL 06/14/2018 9:00 AM - 605 6TH FLOOR, 501 W ADAMS ST JACKSONVILLE FL 32202</span> entered 05/14/2018.", "entry_date": "5/14/2018"}, {"date": "5/14/2018", "number": "154", "contents": "<span class='description'>PLEA OF NOT GUILTY</span> entered 05/14/2018.", "entry_date": "5/14/2018"}, {"date": "5/14/2018", "number": "153", "contents": "<span class='description'>PLEA OF NOT GUILTY</span> entered 05/14/2018.", "entry_date": "5/14/2018"}, {"date": "5/14/2018", "number": "152", "contents": "<span class='description'>PLEA OF NOT GUILTY</span> entered 05/14/2018.", "entry_date": "5/14/2018"}, {"date": "5/14/2018", "number": "151", "contents": "<span class='description'>PLEA OF NOT GUILTY</span> entered 05/14/2018.", "entry_date": "5/14/2018"}, {"date": "5/14/2018", "number": "150", "contents": "<span class='description'>DEFENDANT WAIVED READING OF AMENDED INDICTMENT AND PLEAD NOT GUILTY</span> entered 05/14/2018.", "entry_date": "5/14/2018"}, {"date": "5/14/2018", "number": "149", "contents": "<span class='description'>OTHERS PRESENT: RCC: J. ABEL FOR S. JAMIESON</span> entered 05/14/2018.", "entry_date": "5/14/2018"}, {"date": "5/14/2018", "number": "148", "contents": "<span class='description'>DEFENDANT PRESENT IN JAIL</span> entered 05/14/2018.", "entry_date": "5/14/2018"}, {"date": "5/14/2018", "number": "147", "contents": "<span class='description'>ATTY. FOR DEF. JAMIESON, STEPHANIE NICOLE</span> entered 05/14/2018.", "entry_date": "5/14/2018"}, {"date": "5/14/2018", "number": "146", "contents": "<span class='description'>ASST. STATE ATTY. HAZEL, PAMELA J</span> entered 05/14/2018.", "entry_date": "5/14/2018"}, {"date": "5/14/2018", "number": "145", "contents": "<span class='description'>JUDGE MCCALLUM, LINDA F.</span> entered 05/14/2018.", "entry_date": "5/14/2018"}, {"date": "4/18/2018", "number": "144", "contents": "<span class='description'>STATES# FIRST SUPPLEMENTAL DISCOVERY EXHIBIT</span> entered 04/19/2018.", "entry_date": "4/19/2018"}, {"date": "4/17/2018", "number": "143", "contents": "<span class='description'>MOTION TO WITHDRAW</span> entered 04/18/2018.", "entry_date": "4/18/2018"}, {"date": "4/14/2018", "number": "142", "contents": "<span class='description'>PD APP FEE 50.00 IMPOSED</span> entered 04/17/2018.", "entry_date": "4/17/2018"}, {"link_viewer": "https://www.docketalarm.com/cases/Florida_State_Duval_County_Fourth_Circuit_Court/2017-CF-003064/ADAM_CHRISTOPHER_LAWSON_JR/141/", "number": "141", "link": "https://www.docketalarm.com/cases/Florida_State_Duval_County_Fourth_Circuit_Court/2017-CF-003064/ADAM_CHRISTOPHER_LAWSON_JR/docs/141.pdf", "entry_date": "4/17/2018", "date": "4/14/2018", "contents": "<a href=\"/cases/Florida_State_Duval_County_Fourth_Circuit_Court/2017-CF-003064/ADAM_CHRISTOPHER_LAWSON_JR/141/\"><span class='description'>FINDING OF PROBABLE CAUSE ,</span></a> entered 04/17/2018."}, {"link_viewer": "https://www.docketalarm.com/cases/Florida_State_Duval_County_Fourth_Circuit_Court/2017-CF-003064/ADAM_CHRISTOPHER_LAWSON_JR/140/", "number": "140", "link": "https://www.docketalarm.com/cases/Florida_State_Duval_County_Fourth_Circuit_Court/2017-CF-003064/ADAM_CHRISTOPHER_LAWSON_JR/docs/140.pdf", "entry_date": "4/17/2018", "date": "4/14/2018", "contents": "<a href=\"/cases/Florida_State_Duval_County_Fourth_Circuit_Court/2017-CF-003064/ADAM_CHRISTOPHER_LAWSON_JR/140/\"><span class='description'>DEFENDANT DECLARED INDIGENT, ORDER APPOINTING PUBLIC DEFENDER - FILED</span></a> entered 04/17/2018."}, {"link_viewer": "https://www.docketalarm.com/cases/Florida_State_Duval_County_Fourth_Circuit_Court/2017-CF-003064/ADAM_CHRISTOPHER_LAWSON_JR/139/", "number": "139", "link": "https://www.docketalarm.com/cases/Florida_State_Duval_County_Fourth_Circuit_Court/2017-CF-003064/ADAM_CHRISTOPHER_LAWSON_JR/docs/139.pdf", "entry_date": "4/17/2018", "date": "4/14/2018", "contents": "<a href=\"/cases/Florida_State_Duval_County_Fourth_Circuit_Court/2017-CF-003064/ADAM_CHRISTOPHER_LAWSON_JR/139/\"><span class='description'>APPLICATION FOR CRIMINAL INDIGENT STATUS FILED - NO DETERMINATION MADE AT THIS HEARING</span></a> entered 04/17/2018."}, {"date": "4/14/2018", "number": "138", "contents": "<span class='description'>ARREST &amp; BOOKING REPORT 2017-008512 04/02/2017 GRAND JURY INDICTMENT</span> entered 04/17/2018.", "entry_date": "4/17/2018"}, {"date": "4/13/2018", "number": "137", "contents": "<span class='description'>NOTICE OF INTENT TO SEEK DEATH PENALTY AND AGGRAVATING FACTORS</span> entered 04/16/2018.", "entry_date": "4/16/2018"}, {"date": "4/12/2018", "number": "136", "contents": "<span class='description'>INDICTMENT FILED FOR S790.23(1)(A) POSSESSION OF A FIREARM BY A CONVICTED FELON</span> entered 04/13/2018.", "entry_date": "4/13/2018"}, {"date": "4/12/2018", "number": "135", "contents": "<span class='description'>INDICTMENT FILED FOR S812.014(2)(C)6 GRAND THEFT AUTO</span> entered 04/13/2018.", "entry_date": "4/13/2018"}, {"date": "4/12/2018", "number": "134", "contents": "<span class='description'>INDICTMENT FILED FOR S810.02(2)(B) ARMED BURGLARY WITH ASSAULT OR BATTERY</span> entered 04/13/2018.", "entry_date": "4/13/2018"}, {"date": "4/12/2018", "number": "133", "contents": "<span class='description'>INDICTMENT FILED FOR S782.04(1)(A) MURDER IN THE FIRST DEGREE</span> entered 04/13/2018.", "entry_date": "4/13/2018"}, {"date": "4/2/2018", "number": "132", "contents": "<span class='description'>PRETRIAL 05/14/2018 9:00 AM - 605 6TH FLOOR, 501 W ADAMS ST JACKSONVILLE FL 32202</span> entered 04/02/2018.", "entry_date": "4/2/2018"}, {"date": "4/2/2018", "number": "131", "contents": "<span class='description'>DEFENDANT PRESENT IN JAIL</span> entered 04/02/2018.", "entry_date": "4/2/2018"}, {"date": "4/2/2018", "number": "130", "contents": "<span class='description'>OTHERS PRESENT ASA: C.A. WEAVER FOR P. HAZEL AND RCC: S. N. JAMIESON FOR J. ABEL</span> entered 04/02/2018.", "entry_date": "4/2/2018"}, {"date": "4/2/2018", "number": "129", "contents": "<span class='description'>ATTY. FOR DEF. ABEL, JANET LYNN</span> entered 04/02/2018.", "entry_date": "4/2/2018"}, {"date": "4/2/2018", "number": "128", "contents": "<span class='description'>ASST. STATE ATTY. HAZEL, PAMELA J</span> entered 04/02/2018.", "entry_date": "4/2/2018"}, {"date": "4/2/2018", "number": "127", "contents": "<span class='description'>JUDGE MCCALLUM, LINDA F.</span> entered 04/02/2018.", "entry_date": "4/2/2018"}, {"date": "3/19/2018", "number": "126", "contents": "<span class='description'>TRIAL ASSISTANT STATE ATTORNEY CHANGED TO Hazel, Pamela J PER SAO</span> entered 03/19/2018.", "entry_date": "3/19/2018"}, {"date": "3/1/2018", "number": "125", "contents": "<span class='description'>PRETRIAL 04/02/2018 9:00 AM - 605 6TH FLOOR, 501 W ADAMS ST JACKSONVILLE FL 32202</span> entered 03/01/2018.", "entry_date": "3/1/2018"}, {"date": "3/1/2018", "number": "124", "contents": "<span class='description'>DEFENDANT PRESENT IN JAIL</span> entered 03/01/2018.", "entry_date": "3/1/2018"}, {"date": "3/1/2018", "number": "123", "contents": "<span class='description'>ATTY. FOR DEF. ABEL, JANET LYNN</span> entered 03/01/2018.", "entry_date": "3/1/2018"}, {"date": "3/1/2018", "number": "122", "contents": "<span class='description'>ASST. STATE ATTY. MOODY, JEFFREY MITCHELL</span> entered 03/01/2018.", "entry_date": "3/1/2018"}, {"date": "3/1/2018", "number": "121", "contents": "<span class='description'>JUDGE MCCALLUM, LINDA F.</span> entered 03/01/2018.", "entry_date": "3/1/2018"}, {"date": "1/26/2018", "number": "120", "contents": "<span class='description'>NOTICE OF TAKING DEPOSITION</span> entered 01/26/2018.", "entry_date": "1/26/2018"}, {"date": "1/26/2018", "number": "119", "contents": "<span class='description'>NOTICE OF TAKING DEPOSITION</span> entered 01/26/2018.", "entry_date": "1/26/2018"}, {"date": "1/23/2018", "number": "118", "contents": "<span class='description'>PRETRIAL 03/01/2018 9:00 AM - 605 6TH FLOOR, 501 W ADAMS ST JACKSONVILLE FL 32202</span> entered 01/23/2018.", "entry_date": "1/23/2018"}, {"date": "1/23/2018", "number": "117", "contents": "<span class='description'>OTHERS PRESENT: RCC: RANDALL RICHARDSON FOR J. ABEL</span> entered 01/23/2018.", "entry_date": "1/23/2018"}, {"date": "1/23/2018", "number": "116", "contents": "<span class='description'>DEFENDANT PRESENT IN JAIL</span> entered 01/23/2018.", "entry_date": "1/23/2018"}, {"date": "1/23/2018", "number": "115", "contents": "<span class='description'>ATTY. FOR DEF. ABEL, JANET LYNN</span> entered 01/23/2018.", "entry_date": "1/23/2018"}, {"date": "1/23/2018", "number": "114", "contents": "<span class='description'>ASST. STATE ATTY. MOODY, JEFFREY MITCHELL</span> entered 01/23/2018.", "entry_date": "1/23/2018"}, {"date": "1/23/2018", "number": "113", "contents": "<span class='description'>JUDGE MCCALLUM, LINDA F.</span> entered 01/23/2018.", "entry_date": "1/23/2018"}, {"date": "12/4/2017", "number": "112", "contents": "<span class='description'>ORDER ADJUDGING DEF. MENTALLY COMPETENT</span> entered 12/06/2017.", "entry_date": "12/6/2017"}, {"date": "12/4/2017", "number": "111", "contents": "<span class='description'>PRETRIAL 01/23/2018 9:00 AM - 605 6TH FLOOR, 501 W ADAMS ST JACKSONVILLE FL 32202</span> entered 12/04/2017.", "entry_date": "12/4/2017"}, {"date": "12/4/2017", "number": "110", "contents": "<span class='description'>COURT EXHIBITS #1 EVALUATION</span> entered 12/06/2017.", "entry_date": "12/6/2017"}, {"date": "12/4/2017", "number": "109", "contents": "<span class='description'>CLERKS EXHIBIT MEMO</span> entered 12/04/2017.", "entry_date": "12/4/2017"}, {"date": "12/4/2017", "number": "108", "contents": "<span class='description'>DEF. W/TEST. &amp; ACCEPTS FINDINGS OF PSYCHIATRIST (9/1/17, WILLIAM R. MEADOWS, PH.D.) **BOTH PARTIES STIPULATE** FILED AS COURT EXHIBIT 1</span> entered 12/04/2017.", "entry_date": "12/4/2017"}, {"date": "12/4/2017", "number": "107", "contents": "<span class='description'>DEF. ADJUDGED COMPETENT</span> entered 12/04/2017.", "entry_date": "12/4/2017"}, {"date": "12/4/2017", "number": "106", "contents": "<span class='description'>DEFENDANT PRESENT IN JAIL</span> entered 12/04/2017.", "entry_date": "12/4/2017"}, {"date": "12/4/2017", "number": "105", "contents": "<span class='description'>ATTY. FOR DEF. ABEL, JANET LYNN</span> entered 12/04/2017.", "entry_date": "12/4/2017"}, {"date": "12/4/2017", "number": "104", "contents": "<span class='description'>ASST. STATE ATTY. MOODY, JEFFREY MITCHELL</span> entered 12/04/2017.", "entry_date": "12/4/2017"}, {"date": "12/4/2017", "number": "103", "contents": "<span class='description'>JUDGE MCCALLUM, LINDA F.</span> entered 12/04/2017.", "entry_date": "12/4/2017"}, {"date": "11/7/2017", "number": "102", "contents": "<span class='description'>(HRNG. ON COMPETENCY)</span> entered 11/07/2017.", "entry_date": "11/7/2017"}, {"date": "11/7/2017", "number": "101", "contents": "<span class='description'>HEARING ON MOTION (TO BE SET) 12/04/2017 9:00 AM - 605 6TH FLOOR, 501 W ADAMS ST JACKSONVILLE FL 32202</span> entered 11/07/2017.", "entry_date": "11/7/2017"}, {"date": "11/7/2017", "number": "100", "contents": "<span class='description'>DEFENDANT APPEARANCE WAIVED</span> entered 11/07/2017.", "entry_date": "11/7/2017"}, {"date": "11/7/2017", "number": "99", "contents": "<span class='description'>ATTY. FOR DEF. ABEL, JANET LYNN</span> entered 11/07/2017.", "entry_date": "11/7/2017"}, {"date": "11/7/2017", "number": "98", "contents": "<span class='description'>ASST. STATE ATTY. MOODY, JEFFREY MITCHELL</span> entered 11/07/2017.", "entry_date": "11/7/2017"}, {"date": "11/7/2017", "number": "97", "contents": "<span class='description'>JUDGE MCCALLUM, LINDA F.</span> entered 11/07/2017.", "entry_date": "11/7/2017"}, {"date": "10/24/2017", "number": "96", "contents": "<span class='description'>PRETRIAL 11/07/2017 9:00 AM - 605 6TH FLOOR, 501 W ADAMS ST JACKSONVILLE FL 32202</span> entered 10/24/2017.", "entry_date": "10/24/2017"}, {"date": "10/24/2017", "number": "95", "contents": "<span class='description'>DEFENDANT PRESENT IN JAIL</span> entered 10/24/2017.", "entry_date": "10/24/2017"}, {"date": "10/24/2017", "number": "94", "contents": "<span class='description'>ATTY. FOR DEF. ABEL, JANET LYNN</span> entered 10/24/2017.", "entry_date": "10/24/2017"}, {"date": "10/24/2017", "number": "93", "contents": "<span class='description'>ASST. STATE ATTY. MOODY, JEFFREY MITCHELL</span> entered 10/24/2017.", "entry_date": "10/24/2017"}, {"date": "10/24/2017", "number": "92", "contents": "<span class='description'>SITTING JUDGE - AHO, MARIANNE</span> entered 10/24/2017.", "entry_date": "10/24/2017"}, {"date": "10/24/2017", "number": "91", "contents": "<span class='description'>JUDGE MCCALLUM, LINDA F.</span> entered 10/24/2017.", "entry_date": "10/24/2017"}, {"date": "9/26/2017", "number": "90", "contents": "<span class='description'>*RESULTS OF EVAL.*</span> entered 09/26/2017.", "entry_date": "9/26/2017"}, {"date": "9/26/2017", "number": "89", "contents": "<span class='description'>PRETRIAL 10/24/2017 9:00 AM - 605 6TH FLOOR, 501 W ADAMS ST JACKSONVILLE FL 32202</span> entered 09/26/2017.", "entry_date": "9/26/2017"}, {"date": "9/26/2017", "number": "88", "contents": "<span class='description'>DEFENDANT PRESENT IN JAIL</span> entered 09/26/2017.", "entry_date": "9/26/2017"}, {"date": "9/26/2017", "number": "87", "contents": "<span class='description'>ATTY. FOR DEF. ABEL, JANET LYNN</span> entered 09/26/2017.", "entry_date": "9/26/2017"}, {"date": "9/26/2017", "number": "86", "contents": "<span class='description'>ASST. STATE ATTY. MOODY, JEFFREY MITCHELL</span> entered 09/26/2017.", "entry_date": "9/26/2017"}, {"date": "9/26/2017", "number": "85", "contents": "<span class='description'>JUDGE MCCALLUM, LINDA F.</span> entered 09/26/2017.", "entry_date": "9/26/2017"}, {"date": "9/5/2017", "number": "84", "contents": "<span class='description'>**RESULTS OF EVAL.**</span> entered 09/05/2017.", "entry_date": "9/5/2017"}, {"date": "9/5/2017", "number": "83", "contents": "<span class='description'>PRETRIAL 09/26/2017 9:00 AM - 605 6TH FLOOR, 501 W ADAMS ST JACKSONVILLE FL 32202</span> entered 09/05/2017.", "entry_date": "9/5/2017"}, {"date": "9/5/2017", "number": "82", "contents": "<span class='description'>ORAL MOTION (DEFENSE) FOR CONTINUANCE- GRANTED WITHOUT OBJECTION **STRIKE 9/11/17 JS**</span> entered 09/05/2017.", "entry_date": "9/5/2017"}, {"date": "9/5/2017", "number": "81", "contents": "<span class='description'>OTHERS PRESENT: ASA: C. ZOMORODIAN FOR J. MOODY</span> entered 09/05/2017.", "entry_date": "9/5/2017"}, {"date": "9/5/2017", "number": "80", "contents": "<span class='description'>DEFENDANT APPEARANCE WAIVED</span> entered 09/05/2017.", "entry_date": "9/5/2017"}, {"date": "9/5/2017", "number": "79", "contents": "<span class='description'>ATTY. FOR DEF. ABEL, JANET LYNN</span> entered 09/05/2017.", "entry_date": "9/5/2017"}, {"date": "9/5/2017", "number": "78", "contents": "<span class='description'>ASST. STATE ATTY. MOODY, JEFFREY MITCHELL</span> entered 09/05/2017.", "entry_date": "9/5/2017"}, {"date": "9/5/2017", "number": "77", "contents": "<span class='description'>JUDGE MCCALLUM, LINDA F.</span> entered 09/05/2017.", "entry_date": "9/5/2017"}, {"date": "8/22/2017", "number": "76", "contents": "<span class='description'>9/11/17 JS</span> entered 08/22/2017.", "entry_date": "8/22/2017"}, {"date": "8/22/2017", "number": "75", "contents": "<span class='description'>FINAL PRETRIAL 09/05/2017 9:00 AM - 605 6TH FLOOR, 501 W ADAMS ST JACKSONVILLE FL 32202</span> entered 08/22/2017.", "entry_date": "8/22/2017"}, {"date": "8/22/2017", "number": "74", "contents": "<span class='description'>DEFENDANT PRESENT IN JAIL</span> entered 08/22/2017.", "entry_date": "8/22/2017"}, {"date": "8/22/2017", "number": "73", "contents": "<span class='description'>ATTY. FOR DEF. ABEL, JANET LYNN</span> entered 08/22/2017.", "entry_date": "8/22/2017"}, {"date": "8/22/2017", "number": "72", "contents": "<span class='description'>ASST. STATE ATTY. MOODY, JEFFREY MITCHELL</span> entered 08/22/2017.", "entry_date": "8/22/2017"}, {"date": "8/22/2017", "number": "71", "contents": "<span class='description'>JUDGE MCCALLUM, LINDA F.</span> entered 08/22/2017.", "entry_date": "8/22/2017"}, {"date": "8/2/2017", "number": "70", "contents": "<span class='description'>*RESULTS OF EVAL.* (9/05/17 FPT; 9/11/17 JS)</span> entered 08/02/2017.", "entry_date": "8/2/2017"}, {"date": "8/2/2017", "number": "69", "contents": "<span class='description'>DOCTOR'S REPORT 08/22/2017 9:00 AM - 605 6TH FLOOR, 501 W ADAMS ST JACKSONVILLE FL 32202</span> entered 08/02/2017.", "entry_date": "8/2/2017"}, {"date": "8/2/2017", "number": "68", "contents": "<span class='description'>&gt; CANCEL REASON - PER JUDGE</span> entered 08/02/2017.", "entry_date": "8/2/2017"}, {"date": "8/2/2017", "number": "67", "contents": "<span class='description'>CANCELLED STATUS CONFERENCE ON 8/21/2017 9:00:00 AM</span> entered 08/02/2017.", "entry_date": "8/2/2017"}, {"date": "8/2/2017", "number": "66", "contents": "<span class='description'>PSYCHOLOGICAL REPORT OR EVALUATION (7/19/17, DR. BLOOMFIELD)- FILED</span> entered 08/02/2017.", "entry_date": "8/2/2017"}, {"date": "8/2/2017", "number": "65", "contents": "<span class='description'>DEFENDANT PRESENT IN JAIL</span> entered 08/02/2017.", "entry_date": "8/2/2017"}, {"date": "8/2/2017", "number": "64", "contents": "<span class='description'>ATTY. FOR DEF. ABEL, JANET LYNN</span> entered 08/02/2017.", "entry_date": "8/2/2017"}, {"date": "8/2/2017", "number": "63", "contents": "<span class='description'>ASST. STATE ATTY. MOODY, JEFFREY MITCHELL</span> entered 08/02/2017.", "entry_date": "8/2/2017"}, {"date": "8/2/2017", "number": "62", "contents": "<span class='description'>JUDGE MCCALLUM, LINDA F.</span> entered 08/02/2017.", "entry_date": "8/2/2017"}, {"date": "7/13/2017", "number": "61", "contents": "<span class='description'>8/21/17 STATUS CONF. (9/05/17 FPT; 9/11/17 JS)</span> entered 07/13/2017.", "entry_date": "7/13/2017"}, {"date": "7/13/2017", "number": "60", "contents": "<span class='description'>PRETRIAL 08/02/2017 9:00 AM - 605 6TH FLOOR, 501 W ADAMS ST JACKSONVILLE FL 32202</span> entered 07/13/2017.", "entry_date": "7/13/2017"}, {"date": "7/13/2017", "number": "59", "contents": "<span class='description'>OTHERS PRESENT: RCC: P. KYSER FOR J. ABEL</span> entered 07/13/2017.", "entry_date": "7/13/2017"}, {"date": "7/13/2017", "number": "58", "contents": "<span class='description'>DEFENDANT PRESENT IN JAIL</span> entered 07/13/2017.", "entry_date": "7/13/2017"}, {"date": "7/13/2017", "number": "57", "contents": "<span class='description'>ATTY. FOR DEF. ABEL, JANET LYNN</span> entered 07/13/2017.", "entry_date": "7/13/2017"}, {"date": "7/13/2017", "number": "56", "contents": "<span class='description'>ASST. STATE ATTY. MOODY, JEFFREY MITCHELL</span> entered 07/13/2017.", "entry_date": "7/13/2017"}, {"date": "7/13/2017", "number": "55", "contents": "<span class='description'>JUDGE MCCALLUM, LINDA F.</span> entered 07/13/2017.", "entry_date": "7/13/2017"}, {"date": "6/29/2017", "number": "54", "contents": "<span class='description'>AND HEAR ALL MOTIONS TO BE SET ONE DAY THIS WEEK; 9/05/17 FPT; 9/11/17 JS</span> entered 06/29/2017.", "entry_date": "6/29/2017"}, {"date": "6/29/2017", "number": "53", "contents": "<span class='description'>STATUS CONFERENCE 08/21/2017 9:00 AM - 605 6TH FLOOR, 501 W ADAMS ST JACKSONVILLE FL 32202</span> entered 06/29/2017.", "entry_date": "6/29/2017"}, {"date": "6/29/2017", "number": "52", "contents": "<span class='description'>STANDING ORDER GOVERNING PRE-TRIAL PROCEDURES AND THE TRIAL OF ALL CRIMINAL ACTIONS IN THE DIVISION OF THE CIRCUIT COURT OF THE FOURTH JUDICIAL CIRCUIT</span> entered 06/29/2017.", "entry_date": "6/29/2017"}, {"date": "6/28/2017", "number": "51", "contents": "<span class='description'>8/21/17 STATUS CONF. (9/05/17 FPT; 9/11/17 JS)</span> entered 07/12/2017.", "entry_date": "7/12/2017"}, {"date": "6/28/2017", "number": "50", "contents": "<span class='description'>PRETRIAL 07/13/2017 9:00 AM - 605 6TH FLOOR, 501 W ADAMS ST JACKSONVILLE FL 32202</span> entered 06/28/2017.", "entry_date": "6/28/2017"}, {"date": "6/28/2017", "number": "49", "contents": "<span class='description'>DEFENDANT PRESENT IN JAIL</span> entered 06/28/2017.", "entry_date": "6/28/2017"}, {"date": "6/28/2017", "number": "48", "contents": "<span class='description'>ATTY. FOR DEF. ABEL, JANET LYNN</span> entered 06/28/2017.", "entry_date": "6/28/2017"}, {"date": "6/28/2017", "number": "47", "contents": "<span class='description'>ASST. STATE ATTY. MOODY, JEFFREY MITCHELL</span> entered 06/28/2017.", "entry_date": "6/28/2017"}, {"date": "6/28/2017", "number": "46", "contents": "<span class='description'>JUDGE MCCALLUM, LINDA F.</span> entered 06/28/2017.", "entry_date": "6/28/2017"}, {"date": "5/31/2017", "number": "45", "contents": "<span class='description'>PRETRIAL 06/28/2017 9:00 AM - 605 6TH FLOOR, 501 W ADAMS ST JACKSONVILLE FL 32202</span> entered 05/31/2017.", "entry_date": "5/31/2017"}, {"date": "5/31/2017", "number": "44", "contents": "<span class='description'>DEFENDANT PRESENT IN JAIL</span> entered 05/31/2017.", "entry_date": "5/31/2017"}, {"date": "5/31/2017", "number": "43", "contents": "<span class='description'>ATTY. FOR DEF. ABEL, JANET LYNN</span> entered 05/31/2017.", "entry_date": "5/31/2017"}, {"date": "5/31/2017", "number": "42", "contents": "<span class='description'>ASST. STATE ATTY. MOODY, JEFFREY MITCHELL</span> entered 05/31/2017.", "entry_date": "5/31/2017"}, {"date": "5/31/2017", "number": "41", "contents": "<span class='description'>JUDGE MCCALLUM, LINDA F.</span> entered 05/31/2017.", "entry_date": "5/31/2017"}, {"date": "5/30/2017", "number": "40", "contents": "<span class='description'>STATE'S DISCOVERY EXHIBIT AND DEMAND FOR RECIPROCAL DISCOVERY</span> entered 05/31/2017.", "entry_date": "5/31/2017"}, {"date": "5/2/2017", "number": "39", "contents": "<span class='description'>PRETRIAL 05/31/2017 9:00 AM - 605 6TH FLOOR, 501 W ADAMS ST JACKSONVILLE FL 32202</span> entered 05/02/2017.", "entry_date": "5/2/2017"}, {"date": "5/2/2017", "number": "38", "contents": "<span class='description'>PLEA OF NOT GUILTY</span> entered 05/02/2017.", "entry_date": "5/2/2017"}, {"date": "5/2/2017", "number": "37", "contents": "<span class='description'>PLEA OF NOT GUILTY</span> entered 05/02/2017.", "entry_date": "5/2/2017"}, {"date": "5/2/2017", "number": "36", "contents": "<span class='description'>PLEA OF NOT GUILTY</span> entered 05/02/2017.", "entry_date": "5/2/2017"}, {"date": "5/2/2017", "number": "35", "contents": "<span class='description'>PLEA OF NOT GUILTY</span> entered 05/02/2017.", "entry_date": "5/2/2017"}, {"date": "5/2/2017", "number": "34", "contents": "<span class='description'>DEF. W/READING OF INFO &amp; PLEAD NOT GUILTY</span> entered 05/02/2017.", "entry_date": "5/2/2017"}, {"date": "5/2/2017", "number": "33", "contents": "<span class='description'>DEFENDANT PRESENT IN JAIL</span> entered 05/02/2017.", "entry_date": "5/2/2017"}, {"date": "5/2/2017", "number": "32", "contents": "<span class='description'>ATTY. FOR DEF. ABEL, JANET LYNN</span> entered 05/02/2017.", "entry_date": "5/2/2017"}, {"date": "5/2/2017", "number": "31", "contents": "<span class='description'>ASST. STATE ATTY. MOODY, JEFFREY MITCHELL</span> entered 05/02/2017.", "entry_date": "5/2/2017"}, {"date": "5/2/2017", "number": "30", "contents": "<span class='description'>JUDGE MCCALLUM, LINDA F.</span> entered 05/02/2017.", "entry_date": "5/2/2017"}, {"date": "4/26/2017", "number": "29", "contents": "<span class='description'>ARRAIGNMENT DATE 05/02/2017 9:00 AM - 605 6TH FLOOR, 501 W ADAMS ST JACKSONVILLE FL 32202</span> entered 04/26/2017.", "entry_date": "4/26/2017"}, {"date": "4/26/2017", "number": "28", "contents": "<span class='description'>INFORMATION FILED S790.23(1)(A) POSSESSION OF A FIREARM OR WEAPON BY ACONVICTED FELON</span> entered 04/26/2017.", "entry_date": "4/26/2017"}, {"date": "4/26/2017", "number": "27", "contents": "<span class='description'>INFORMATION FILED S810.02(2)(B) BURGLARY - ARMED/BECOMES ARMED WITH DANGEROUS WEAPON</span> entered 04/26/2017.", "entry_date": "4/26/2017"}, {"date": "4/26/2017", "number": "26", "contents": "<span class='description'>INFORMATION FILED S812.014(2)(C)6 GRAND THEFT AUTO</span> entered 04/26/2017.", "entry_date": "4/26/2017"}, {"date": "4/26/2017", "number": "25", "contents": "<span class='description'>INFORMATION FILED S782.04(2) MURDER - SECOND DEGREE</span> entered 04/26/2017.", "entry_date": "4/26/2017"}, {"date": "4/26/2017", "number": "24", "contents": "<span class='description'>INFORMATION</span> entered 04/26/2017.", "entry_date": "4/26/2017"}, {"date": "4/25/2017", "number": "23", "contents": "<span class='description'>TRIAL ASSISTANT STATE ATTORNEY CHANGED TO Moody, Jeffrey Mitchell PER SAO</span> entered 04/25/2017.", "entry_date": "4/25/2017"}, {"date": "4/24/2017", "number": "22", "contents": "<span class='description'>ARRAIGNMENT COURT DATE: 05/02/2017 SUBJECT TO CHANGE. CALL FOR VERIFICATION</span> entered 04/24/2017.", "entry_date": "4/24/2017"}, {"link_viewer": "https://www.docketalarm.com/cases/Florida_State_Duval_County_Fourth_Circuit_Court/2017-CF-003064/ADAM_CHRISTOPHER_LAWSON_JR/21/", "number": "21", "link": "https://www.docketalarm.com/cases/Florida_State_Duval_County_Fourth_Circuit_Court/2017-CF-003064/ADAM_CHRISTOPHER_LAWSON_JR/docs/21.pdf", "entry_date": "4/11/2017", "date": "4/10/2017", "contents": "<a href=\"/cases/Florida_State_Duval_County_Fourth_Circuit_Court/2017-CF-003064/ADAM_CHRISTOPHER_LAWSON_JR/21/\"><span class='description'>ORDER ALLOWING PUBLIC DEFENDER TO WITHDRAW AND APPOINTING ATTORNEY REGIONAL CONFLICT COUNSEL</span></a> entered 04/11/2017."}, {"date": "4/10/2017", "number": "20", "contents": "<span class='description'>NOTICE OF DISCOVERY &amp; SPECIFIC DEMAND FOR INFORMATION</span> entered 04/11/2017.", "entry_date": "4/11/2017"}, {"link_viewer": "https://www.docketalarm.com/cases/Florida_State_Duval_County_Fourth_Circuit_Court/2017-CF-003064/ADAM_CHRISTOPHER_LAWSON_JR/19/", "number": "19", "link": "https://www.docketalarm.com/cases/Florida_State_Duval_County_Fourth_Circuit_Court/2017-CF-003064/ADAM_CHRISTOPHER_LAWSON_JR/docs/19.pdf", "entry_date": "4/10/2017", "date": "4/10/2017", "contents": "<a href=\"/cases/Florida_State_Duval_County_Fourth_Circuit_Court/2017-CF-003064/ADAM_CHRISTOPHER_LAWSON_JR/19/\"><span class='description'>REGIONAL CONFLICT COUNSEL RESPONSE - ACCEPT</span></a> entered 04/10/2017."}, {"link_viewer": "https://www.docketalarm.com/cases/Florida_State_Duval_County_Fourth_Circuit_Court/2017-CF-003064/ADAM_CHRISTOPHER_LAWSON_JR/18/", "number": "18", "link": "https://www.docketalarm.com/cases/Florida_State_Duval_County_Fourth_Circuit_Court/2017-CF-003064/ADAM_CHRISTOPHER_LAWSON_JR/docs/18.pdf", "entry_date": "4/10/2017", "date": "4/10/2017", "contents": "<a href=\"/cases/Florida_State_Duval_County_Fourth_Circuit_Court/2017-CF-003064/ADAM_CHRISTOPHER_LAWSON_JR/18/\"><span class='description'>NOTIFICATION OF ATTORNEY CONFLICT</span></a> entered 04/10/2017."}, {"date": "4/7/2017", "number": "17", "contents": "<span class='description'>CERTIFICATE OF CONFLICT &amp; MOTION TO WITHDRAW</span> entered 04/10/2017.", "entry_date": "4/10/2017"}, {"date": "4/3/2017", "number": "15", "contents": "<span class='description'>ARRAIGNMENT COURT DATE: 04/25/2017 SUBJECT TO CHANGE. CALL FOR VERIFICATION</span> entered 04/04/2017.", "entry_date": "4/4/2017"}, {"link_viewer": "https://www.docketalarm.com/cases/Florida_State_Duval_County_Fourth_Circuit_Court/2017-CF-003064/ADAM_CHRISTOPHER_LAWSON_JR/14/", "number": "14", "link": "https://www.docketalarm.com/cases/Florida_State_Duval_County_Fourth_Circuit_Court/2017-CF-003064/ADAM_CHRISTOPHER_LAWSON_JR/docs/14.pdf", "entry_date": "4/4/2017", "date": "4/3/2017", "contents": "<a href=\"/cases/Florida_State_Duval_County_Fourth_Circuit_Court/2017-CF-003064/ADAM_CHRISTOPHER_LAWSON_JR/14/\"><span class='description'>FINDING OF PROBABLE CAUSE ,</span></a> entered 04/04/2017."}, {"link_viewer": "https://www.docketalarm.com/cases/Florida_State_Duval_County_Fourth_Circuit_Court/2017-CF-003064/ADAM_CHRISTOPHER_LAWSON_JR/13/", "number": "13", "link": "https://www.docketalarm.com/cases/Florida_State_Duval_County_Fourth_Circuit_Court/2017-CF-003064/ADAM_CHRISTOPHER_LAWSON_JR/docs/13.pdf", "entry_date": "4/4/2017", "date": "4/3/2017", "contents": "<a href=\"/cases/Florida_State_Duval_County_Fourth_Circuit_Court/2017-CF-003064/ADAM_CHRISTOPHER_LAWSON_JR/13/\"><span class='description'>APPLICATION FOR CRIMINAL INDIGENT STATUS - FILED</span></a> entered 04/04/2017."}, {"link_viewer": "https://www.docketalarm.com/cases/Florida_State_Duval_County_Fourth_Circuit_Court/2017-CF-003064/ADAM_CHRISTOPHER_LAWSON_JR/12/", "number": "12", "link": "https://www.docketalarm.com/cases/Florida_State_Duval_County_Fourth_Circuit_Court/2017-CF-003064/ADAM_CHRISTOPHER_LAWSON_JR/docs/12.pdf", "entry_date": "4/4/2017", "date": "4/3/2017", "contents": "<a href=\"/cases/Florida_State_Duval_County_Fourth_Circuit_Court/2017-CF-003064/ADAM_CHRISTOPHER_LAWSON_JR/12/\"><span class='description'>DEFENDANT DECLARED INDIGENT, ORDER APPOINTING PUBLIC DEFENDER - FILED</span></a> entered 04/04/2017."}, {"date": "4/3/2017", "number": "11", "contents": "<span class='description'>FEES DUE: 4/4/2017</span> entered 04/04/2017.", "entry_date": "4/4/2017"}, {"date": "4/3/2017", "number": "10", "contents": "<span class='description'>PD APP FEE 50.00 IMPOSED</span> entered 04/04/2017.", "entry_date": "4/4/2017"}, {"date": "4/3/2017", "number": "9", "contents": "<span class='description'>BOND SET AT $50,003.00</span> entered 04/04/2017.", "entry_date": "4/4/2017"}, {"date": "4/3/2017", "number": "8", "contents": "<span class='description'>BOND SET AT $100,003.00</span> entered 04/04/2017.", "entry_date": "4/4/2017"}, {"date": "4/3/2017", "number": "7", "contents": "<span class='description'>BOND SET AT $25,003.00</span> entered 04/04/2017.", "entry_date": "4/4/2017"}, {"date": "4/3/2017", "number": "6", "contents": "<span class='description'>BOND SET AT NONE</span> entered 04/04/2017.", "entry_date": "4/4/2017"}, {"date": "4/3/2017", "number": "5", "contents": "<span class='description'>S790.23(1)(A) POSSESSION OF A FIREARM, WEAPON OR AMMUNITION BY A CONVICTED FELON</span> entered 04/04/2017.", "entry_date": "4/4/2017"}, {"date": "4/3/2017", "number": "4", "contents": "<span class='description'>S810.02(2)(B) BURGLARY - ARMED/BECOMES ARMED WITH DANGEROUS WEAPON</span> entered 04/04/2017.", "entry_date": "4/4/2017"}, {"date": "4/3/2017", "number": "3", "contents": "<span class='description'>S812.014(2)(C)6 THEFT OF MOTOR VEHICLE - LESS THAN $100,000</span> entered 04/04/2017.", "entry_date": "4/4/2017"}, {"date": "4/3/2017", "number": "2", "contents": "<span class='description'>S782.04(1)(A) MURDER - FIRST DEGREE</span> entered 04/04/2017.", "entry_date": "4/4/2017"}, {"date": "4/3/2017", "number": "1", "contents": "<span class='description'>ARREST &amp; BOOKING REPORT 2017-008512 4/3/2017</span> entered 04/04/2017.", "entry_date": "4/4/2017"}], "analyze": {"last_analyze": "6/22/2020"}, "success": true, "parties": [{"race": "B", "name_normalized": "Adam Christopher Lawson JR", "name": "ADAM CHRISTOPHER LAWSON JR", "sex": "Male", "other": [], "type": "Defendant"}]}