{"info": {"status": "OPEN", "division": "CR-A", "judges": ["Anderson Jr, Bruce R"], "court": "Florida State, Duval County, Fourth Circuit Court", "title": "BOBBY LEWIS", "date_filed": "6/22/1976", "link": "https://www.docketalarm.com/cases/Florida_State_Duval_County_Fourth_Circuit_Court/1976-CF-001161/BOBBY_LEWIS/", "judges_normalized": ["Anderson R"], "judge": "Anderson Jr, Bruce R", "type": "Circuit Criminal", "docket": "1976-CF-001161"}, "docket_report": [{"date": "7/24/1986", "number": "8", "contents": "<span class='description'>FOR WRIT OF HABEAS CORPUS</span> entered 08/18/1986.", "entry_date": "8/18/1986"}, {"date": "7/24/1986", "number": "7", "contents": "<span class='description'>VOLUNTARY DISMISAL OF PETITION</span> entered 08/18/1986.", "entry_date": "8/18/1986"}, {"date": "6/27/1986", "number": "6", "contents": "<span class='description'>CORPUS</span> entered 08/18/1986.", "entry_date": "8/18/1986"}, {"date": "6/27/1986", "number": "5", "contents": "<span class='description'>PETITION FOR WRIT OR HABEAS</span> entered 08/18/1986.", "entry_date": "8/18/1986"}, {"date": "6/22/1976", "number": "4", "contents": "<span class='description'>76-2706-0</span> entered 08/18/1986.", "entry_date": "8/18/1986"}, {"date": "6/22/1976", "number": "3", "contents": "<span class='description'>ARREST AND BOOKING REPORT</span> entered 08/18/1986.", "entry_date": "8/18/1986"}, {"date": "6/22/1976", "number": "2", "contents": "<span class='description'>BOND SET AT 0.00</span> entered 08/18/1986.", "entry_date": "8/18/1986"}, {"date": "6/22/1976", "number": "1", "contents": "<span class='description'>INDICTMENT FILED FOR MURDER - 1</span> entered 08/18/1986.", "entry_date": "8/18/1986"}], "analyze": {"last_analyze": "6/22/2020"}, "success": true, "parties": [{"race": "B", "name_normalized": "Bobby Lewis", "name": "BOBBY LEWIS", "sex": "Male", "other": [], "type": "Defendant"}]}