{"info": {"status": "OPEN", "division": "CR-E", "judges": ["SALVADOR, TATIANA"], "court": "Florida State, Duval County, Fourth Circuit Court", "title": "JECORIAN LEON MCCRAY", "date_filed": "9/24/2016", "link": "https://www.docketalarm.com/cases/Florida_State_Duval_County_Fourth_Circuit_Court/2016-CF-008506/JECORIAN_LEON_MCCRAY/", "judges_normalized": ["Salvador Tatiana"], "judge": "SALVADOR, TATIANA", "type": "Circuit Criminal", "docket": "2016-CF-008506"}, "docket_report": [{"date": "6/17/2020", "number": "405", "contents": "<span class='description'>ORDER APPOINTING A NEUROPSYCHOLOGIST</span> entered 06/18/2020.", "entry_date": "6/18/2020"}, {"date": "6/17/2020", "number": "404", "contents": "<span class='description'>COURT ORDER SETTING HEARING ON MT. FOR PAYMENT OF INTERIM ATTORNEY'S FEES</span> entered 06/17/2020.", "entry_date": "6/17/2020"}, {"date": "6/16/2020", "number": "403", "contents": "<span class='description'>COURT ORDER APPOINTING DR MARK RUBINO</span> entered 06/17/2020.", "entry_date": "6/17/2020"}, {"date": "6/16/2020", "number": "402", "contents": "<span class='description'>10/12/2020 FPT &amp; 10/19/2020 JS</span> entered 06/16/2020.", "entry_date": "6/16/2020"}, {"date": "6/16/2020", "number": "401", "contents": "<span class='description'>PRETRIAL 06/23/2020 9:00 AM - 307 3RD FLOOR, 501 W ADAMS ST JACKSONVILLE FL 32202</span> entered 06/16/2020.", "entry_date": "6/16/2020"}, {"date": "6/16/2020", "number": "400", "contents": "<span class='description'>DEFENDANT PRESENT IN JAIL</span> entered 06/16/2020.", "entry_date": "6/16/2020"}, {"date": "6/16/2020", "number": "399", "contents": "<span class='description'>ATTY. FOR DEF. SCHLAX, JULIE AGENT</span> entered 06/16/2020.", "entry_date": "6/16/2020"}, {"date": "6/16/2020", "number": "398", "contents": "<span class='description'>ASST. STATE ATTY. COOPER, JOEL C JR</span> entered 06/16/2020.", "entry_date": "6/16/2020"}, {"date": "6/16/2020", "number": "397", "contents": "<span class='description'>JUDGE SALVADOR, TATIANA</span> entered 06/16/2020.", "entry_date": "6/16/2020"}, {"date": "6/11/2020", "number": "396", "contents": "<span class='description'>PRETRIAL 06/16/2020 9:00 AM - 307 3RD FLOOR, 501 W ADAMS ST JACKSONVILLE FL 32202</span> entered 06/11/2020.", "entry_date": "6/11/2020"}, {"date": "6/11/2020", "number": "395", "contents": "<span class='description'>OTHERS PRESENT: ASA: C. FRENCH FOR J. COOPER</span> entered 06/11/2020.", "entry_date": "6/11/2020"}, {"date": "6/11/2020", "number": "394", "contents": "<span class='description'>DEFENDANT APPEARANCE WAIVED</span> entered 06/11/2020.", "entry_date": "6/11/2020"}, {"date": "6/11/2020", "number": "393", "contents": "<span class='description'>ATTY. FOR DEF. SCHLAX, JULIE AGENT</span> entered 06/11/2020.", "entry_date": "6/11/2020"}, {"date": "6/11/2020", "number": "392", "contents": "<span class='description'>ASST. STATE ATTY. COOPER, JOEL C JR</span> entered 06/11/2020.", "entry_date": "6/11/2020"}, {"date": "6/11/2020", "number": "391", "contents": "<span class='description'>JUDGE SALVADOR, TATIANA</span> entered 06/11/2020.", "entry_date": "6/11/2020"}, {"date": "6/4/2020", "number": "390", "contents": "<span class='description'>MOTION FOR PAYMENT OF INTERIM ATTORNEY FEES, IN EXCESS OF THE STATUTORY CAP PURSUANT TO SECTION 27.5304(12) OF THE F.S.</span> entered 06/04/2020.", "entry_date": "6/4/2020"}, {"date": "5/18/2020", "number": "389", "contents": "<span class='description'>PER JA EMAIL</span> entered 05/18/2020.", "entry_date": "5/18/2020"}, {"date": "5/18/2020", "number": "388", "contents": "<span class='description'>PRETRIAL 06/11/2020 9:00 AM - 307 3RD FLOOR, 501 W ADAMS ST JACKSONVILLE FL 32202</span> entered 05/18/2020.", "entry_date": "5/18/2020"}, {"date": "5/18/2020", "number": "387", "contents": "<span class='description'>&gt; CANCEL REASON - PER JA EMAIL</span> entered 05/18/2020.", "entry_date": "5/18/2020"}, {"date": "5/18/2020", "number": "386", "contents": "<span class='description'>CANCELLED PRETRIAL ON 5/27/2020 9:00:00 AM</span> entered 05/18/2020.", "entry_date": "5/18/2020"}, {"date": "5/6/2020", "number": "385", "contents": "<span class='description'>MOTION TO APPOINTMENT OF NEUROLOGIST</span> entered 05/07/2020.", "entry_date": "5/7/2020"}, {"date": "4/21/2020", "number": "384", "contents": "<span class='description'>PER JA EMAIL</span> entered 04/21/2020.", "entry_date": "4/21/2020"}, {"date": "4/21/2020", "number": "383", "contents": "<span class='description'>PRETRIAL 05/27/2020 9:00 AM - 307 3RD FLOOR, 501 W ADAMS ST JACKSONVILLE FL 32202</span> entered 04/21/2020.", "entry_date": "4/21/2020"}, {"date": "4/21/2020", "number": "382", "contents": "<span class='description'>&gt; CANCEL REASON - PER JA EMAIL</span> entered 04/21/2020.", "entry_date": "4/21/2020"}, {"date": "4/21/2020", "number": "381", "contents": "<span class='description'>CANCELLED PRETRIAL ON 4/28/2020 9:00:00 AM</span> entered 04/21/2020.", "entry_date": "4/21/2020"}, {"date": "4/1/2020", "number": "380", "contents": "<span class='description'>PER JA EMAIL</span> entered 04/01/2020.", "entry_date": "4/1/2020"}, {"date": "4/1/2020", "number": "379", "contents": "<span class='description'>PRETRIAL 04/28/2020 9:00 AM - 307 3RD FLOOR, 501 W ADAMS ST JACKSONVILLE FL 32202</span> entered 04/01/2020.", "entry_date": "4/1/2020"}, {"date": "4/1/2020", "number": "378", "contents": "<span class='description'>&gt; CANCEL REASON - PER JA EMAIL</span> entered 04/01/2020.", "entry_date": "4/1/2020"}, {"date": "4/1/2020", "number": "377", "contents": "<span class='description'>CANCELLED PRETRIAL ON 4/7/2020 9:00:00 AM</span> entered 04/01/2020.", "entry_date": "4/1/2020"}, {"date": "3/16/2020", "number": "376", "contents": "<span class='description'>10/12/20 FINAL PRETRIAL, 10/29/20 JS PENALTY PHASE 10/26/20 (PER JA EMAIL)</span> entered 03/16/2020.", "entry_date": "3/16/2020"}, {"date": "3/16/2020", "number": "375", "contents": "<span class='description'>PRETRIAL 04/07/2020 9:00 AM - 307 3RD FLOOR, 501 W ADAMS ST JACKSONVILLE FL 32202</span> entered 03/16/2020.", "entry_date": "3/16/2020"}, {"date": "3/16/2020", "number": "374", "contents": "<span class='description'>&gt; CANCEL REASON - PER JA EMAIL</span> entered 03/16/2020.", "entry_date": "3/16/2020"}, {"date": "3/16/2020", "number": "373", "contents": "<span class='description'>CANCELLED PRETRIAL ON 3/24/2020 9:00:00 AM</span> entered 03/16/2020.", "entry_date": "3/16/2020"}, {"date": "3/11/2020", "number": "372", "contents": "<span class='description'>MOTION FOR APPOINTMENT OF A NEUROPSYCHOLOGIST</span> entered 03/12/2020.", "entry_date": "3/12/2020"}, {"date": "1/27/2020", "number": "371", "contents": "<span class='description'>10/12/20 FINAL PRETRIAL, 10/29/20 JS PENALTY PHASE 10/26/20</span> entered 01/27/2020.", "entry_date": "1/27/2020"}, {"date": "1/27/2020", "number": "370", "contents": "<span class='description'>PRETRIAL 03/24/2020 9:00 AM - 307 3RD FLOOR, 501 W ADAMS ST JACKSONVILLE FL 32202</span> entered 01/27/2020.", "entry_date": "1/27/2020"}, {"date": "1/27/2020", "number": "369", "contents": "<span class='description'>DEFENDANT PRESENT IN JAIL</span> entered 01/27/2020.", "entry_date": "1/27/2020"}, {"date": "1/27/2020", "number": "368", "contents": "<span class='description'>ATTY. FOR DEF. SCHLAX, JULIE AGENT</span> entered 01/27/2020.", "entry_date": "1/27/2020"}, {"date": "1/27/2020", "number": "367", "contents": "<span class='description'>ASST. STATE ATTY. COOPER, JOEL C JR</span> entered 01/27/2020.", "entry_date": "1/27/2020"}, {"date": "1/27/2020", "number": "366", "contents": "<span class='description'>JUDGE SALVADOR, TATIANA</span> entered 01/27/2020.", "entry_date": "1/27/2020"}, {"date": "1/6/2020", "number": "365", "contents": "<span class='description'>STATES# TWENTY-FIRST SUPPLEMENTAL DISCOVERY EXHIBIT</span> entered 01/06/2020.", "entry_date": "1/6/2020"}, {"date": "12/11/2019", "number": "364", "contents": "<span class='description'>STATES TWENTIETH SUPPLEMENTAL DISCOVERY EXHIBIT</span> entered 12/16/2019.", "entry_date": "12/16/2019"}, {"date": "12/10/2019", "number": "363", "contents": "<span class='description'>PRETRIAL 01/27/2020 9:00 AM - 307 3RD FLOOR, 501 W ADAMS ST JACKSONVILLE FL 32202</span> entered 12/12/2019.", "entry_date": "12/12/2019"}, {"date": "12/10/2019", "number": "362", "contents": "<span class='description'>OTHERS PRESENT: BOSSEN WITH SCHLAX</span> entered 12/10/2019.", "entry_date": "12/10/2019"}, {"date": "12/10/2019", "number": "361", "contents": "<span class='description'>DEFENDANT PRESENT IN JAIL</span> entered 12/10/2019.", "entry_date": "12/10/2019"}, {"date": "12/10/2019", "number": "360", "contents": "<span class='description'>ATTY. FOR DEF. SCHLAX, JULIE AGENT</span> entered 12/10/2019.", "entry_date": "12/10/2019"}, {"date": "12/10/2019", "number": "359", "contents": "<span class='description'>ASST. STATE ATTY. COOPER, JOEL C JR</span> entered 12/10/2019.", "entry_date": "12/10/2019"}, {"date": "12/10/2019", "number": "358", "contents": "<span class='description'>JUDGE SALVADOR, TATIANA</span> entered 12/10/2019.", "entry_date": "12/10/2019"}, {"date": "12/4/2019", "number": "357", "contents": "<span class='description'>PRETRIAL 12/10/2019 9:00 AM - 307 3RD FLOOR, 501 W ADAMS ST JACKSONVILLE FL 32202</span> entered 12/04/2019.", "entry_date": "12/4/2019"}, {"date": "12/4/2019", "number": "356", "contents": "<span class='description'>&gt; ATTORNEY NOT PRESENT</span> entered 12/04/2019.", "entry_date": "12/4/2019"}, {"date": "12/4/2019", "number": "355", "contents": "<span class='description'>DEFENDANT NOT PRESENT</span> entered 12/04/2019.", "entry_date": "12/4/2019"}, {"date": "12/4/2019", "number": "354", "contents": "<span class='description'>ATTY. FOR DEF. SCHLAX, JULIE AGENT</span> entered 12/04/2019.", "entry_date": "12/4/2019"}, {"date": "12/4/2019", "number": "353", "contents": "<span class='description'>ASST. STATE ATTY. COOPER, JOEL C JR</span> entered 12/04/2019.", "entry_date": "12/4/2019"}, {"date": "12/4/2019", "number": "352", "contents": "<span class='description'>JUDGE SALVADOR, TATIANA</span> entered 12/04/2019.", "entry_date": "12/4/2019"}, {"date": "11/8/2019", "number": "351", "contents": "<span class='description'>PRETRIAL 12/04/2019 9:00 AM - 307 3RD FLOOR, 501 W ADAMS ST JACKSONVILLE FL 32202</span> entered 11/08/2019.", "entry_date": "11/8/2019"}, {"date": "11/8/2019", "number": "350", "contents": "<span class='description'>HEARING ON MOTION TO PRECULED CIRCUMSTANCE ON CRIMINAL GANG MEMBER HELD IN FULL AND TAKEN UNDER ADVISEMENT</span> entered 11/08/2019.", "entry_date": "11/8/2019"}, {"date": "11/8/2019", "number": "349", "contents": "<span class='description'>HEARING ON MOTION IN LIMINE HELD IN FULL AND TAKEN UNDER ADVISEMENT</span> entered 11/08/2019.", "entry_date": "11/8/2019"}, {"date": "11/8/2019", "number": "348", "contents": "<span class='description'>HEARING ON MOTION PRECLUDE PROPER ARGUMENTS AND TACTICS HELD IN FULL AND TAKEN UNDER ADVISEMENT</span> entered 11/08/2019.", "entry_date": "11/8/2019"}, {"date": "11/8/2019", "number": "347", "contents": "<span class='description'>HEARING ON MOTION TO BAR EXECUTION BY LETHAL INJECTION HELD IN FULL AND TAKEN UNDER ADVISEMENT</span> entered 11/08/2019.", "entry_date": "11/8/2019"}, {"date": "11/8/2019", "number": "346", "contents": "<span class='description'>HEARING ON MOTION TO EXCLUDE EVIDENCE OR ARGUMENT DESIGNED TO CREATE SYMPATHY FOR THE DECEASED HELD IN FULL AND DENIED</span> entered 11/08/2019.", "entry_date": "11/8/2019"}, {"date": "11/8/2019", "number": "345", "contents": "<span class='description'>HEARING ON MOTION FO PROSECUTURIAL INVESTIGATIONS OF PROSPECTIVE JURORS HELD IN FULL AND TAKEN UNDER ADVISEMENT</span> entered 11/08/2019.", "entry_date": "11/8/2019"}, {"date": "11/8/2019", "number": "344", "contents": "<span class='description'>HEARING ON MOTION TO DECLARE SECTION 921.141 FLORIDA STATUTE UNCONSTITUTIONAL BECAUSE IT PRECUDES CONSIDERATION OF MITIGATION BY IMPOSING IMPROPER BURDENS OF PROOF OR PERSUASION HELD IN FULL AND TAKEN UNDER ADVISEMENT</span> entered 11/08/2019.", "entry_date": "11/8/2019"}, {"date": "11/8/2019", "number": "343", "contents": "<span class='description'>HEARING ON CAPITAL CASE MOTION HELD IN FULL AND TAKEN UNDER ADVISEMENT</span> entered 11/08/2019.", "entry_date": "11/8/2019"}, {"date": "11/8/2019", "number": "342", "contents": "<span class='description'>OTHERS PRESENT: M BOSSEN FOR DEFENSE</span> entered 11/08/2019.", "entry_date": "11/8/2019"}, {"date": "11/8/2019", "number": "341", "contents": "<span class='description'>DEFENDANT PRESENT IN JAIL</span> entered 11/08/2019.", "entry_date": "11/8/2019"}, {"date": "11/8/2019", "number": "340", "contents": "<span class='description'>ATTY. FOR DEF. SCHLAX, JULIE AGENT</span> entered 11/08/2019.", "entry_date": "11/8/2019"}, {"date": "11/8/2019", "number": "339", "contents": "<span class='description'>ASST. STATE ATTY. COOPER, JOEL C JR</span> entered 11/08/2019.", "entry_date": "11/8/2019"}, {"date": "11/8/2019", "number": "338", "contents": "<span class='description'>JUDGE SALVADOR, TATIANA</span> entered 11/08/2019.", "entry_date": "11/8/2019"}, {"date": "11/4/2019", "number": "337", "contents": "<span class='description'>10AM</span> entered 11/04/2019.", "entry_date": "11/4/2019"}, {"date": "11/4/2019", "number": "336", "contents": "<span class='description'>HEARING ON MOTION 11/08/2019 9:00 AM - 307 3RD FLOOR, 501 W ADAMS ST JACKSONVILLE FL 32202</span> entered 11/04/2019.", "entry_date": "11/4/2019"}, {"date": "11/4/2019", "number": "335", "contents": "<span class='description'>DEFENDANT PRESENT IN JAIL</span> entered 11/04/2019.", "entry_date": "11/4/2019"}, {"date": "11/4/2019", "number": "334", "contents": "<span class='description'>ATTY. FOR DEF. SCHLAX, JULIE AGENT</span> entered 11/04/2019.", "entry_date": "11/4/2019"}, {"date": "11/4/2019", "number": "333", "contents": "<span class='description'>ASST. STATE ATTY. COOPER, JOEL C JR</span> entered 11/04/2019.", "entry_date": "11/4/2019"}, {"date": "11/4/2019", "number": "332", "contents": "<span class='description'>JUDGE SALVADOR, TATIANA</span> entered 11/04/2019.", "entry_date": "11/4/2019"}, {"date": "8/30/2019", "number": "331", "contents": "<span class='description'>COURT ORDER ON MOTION FOR APPOINTMENT OF BEHAVIORAL PSYCHOLOGIST</span> entered 09/06/2019.", "entry_date": "9/6/2019"}, {"date": "8/28/2019", "number": "330", "contents": "<span class='description'>HEARING ON MOTION (TO BE SET) 11/04/2019 9:00 AM - 307 3RD FLOOR, 501 W ADAMS ST JACKSONVILLE FL 32202</span> entered 08/28/2019.", "entry_date": "8/28/2019"}, {"date": "8/28/2019", "number": "329", "contents": "<span class='description'>OTHERS PRESENT M BOSSEN W DEFENSE</span> entered 08/28/2019.", "entry_date": "8/28/2019"}, {"date": "8/28/2019", "number": "328", "contents": "<span class='description'>DEFENDANT PRESENT IN JAIL</span> entered 08/28/2019.", "entry_date": "8/28/2019"}, {"date": "8/28/2019", "number": "327", "contents": "<span class='description'>ATTY. FOR DEF. SCHLAX, JULIE AGENT</span> entered 08/28/2019.", "entry_date": "8/28/2019"}, {"date": "8/28/2019", "number": "326", "contents": "<span class='description'>ASST. STATE ATTY. COOPER, JOEL C JR</span> entered 08/28/2019.", "entry_date": "8/28/2019"}, {"date": "8/28/2019", "number": "325", "contents": "<span class='description'>JUDGE SALVADOR, TATIANA</span> entered 08/28/2019.", "entry_date": "8/28/2019"}, {"date": "8/27/2019", "number": "324", "contents": "<span class='description'>COURT ORDER DENYING MOTION FOR APPOINTMENT OF A CRIMINOLOGIST</span> entered 08/27/2019.", "entry_date": "8/27/2019"}, {"date": "8/20/2019", "number": "323", "contents": "<span class='description'>COURT ORDER GRANTING MOTION TO INCUR COSTS OF SELECT DEPOSITION TRANSCRIPTS</span> entered 08/21/2019.", "entry_date": "8/21/2019"}, {"date": "8/20/2019", "number": "322", "contents": "<span class='description'>COURT DATE PREVIOUSLY SET 08/28/19 TO REMAIN ON CALENDAR</span> entered 08/20/2019.", "entry_date": "8/20/2019"}, {"date": "8/20/2019", "number": "321", "contents": "<span class='description'>HEARING ON JAC RESPONSE FOR FUNDING HELD IN FULL AND TAKEN UNDER ADVISEMENT</span> entered 08/20/2019.", "entry_date": "8/20/2019"}, {"date": "8/20/2019", "number": "320", "contents": "<span class='description'>HEARING ON MOTION FOR APPOINTMENT OF A BEHAVIORAL PSYCHOLOGIST HELD IN FULL AND TAKEN UNDER ADVISEMENT</span> entered 08/20/2019.", "entry_date": "8/20/2019"}, {"date": "8/20/2019", "number": "319", "contents": "<span class='description'>OTHERS PRESENT: CHRISTIAN LAKE WITH JAC APPEARED TELEPHONICALLY</span> entered 08/20/2019.", "entry_date": "8/20/2019"}, {"date": "8/20/2019", "number": "318", "contents": "<span class='description'>DEFENDANT PRESENT IN JAIL</span> entered 08/20/2019.", "entry_date": "8/20/2019"}, {"date": "8/20/2019", "number": "317", "contents": "<span class='description'>ATTY. FOR DEF. SCHLAX, JULIE AGENT</span> entered 08/20/2019.", "entry_date": "8/20/2019"}, {"date": "8/20/2019", "number": "316", "contents": "<span class='description'>ASST. STATE ATTY. COOPER, JOEL C JR</span> entered 08/20/2019.", "entry_date": "8/20/2019"}, {"date": "8/20/2019", "number": "315", "contents": "<span class='description'>JUDGE SALVADOR, TATIANA</span> entered 08/20/2019.", "entry_date": "8/20/2019"}, {"date": "7/23/2019", "number": "314", "contents": "<span class='description'>NOTICE OF HEARING</span> entered 07/24/2019.", "entry_date": "7/24/2019"}, {"date": "7/23/2019", "number": "313", "contents": "<span class='description'>JUSTICE ADMINISTRATIVE COMMISSION'S RESPONSE TO MOTION FOR APPOINTMENT OF A BEHAVOIRAL PSYCHOLOGIST AND REQUEST TO APPEAR TELEPHONICALLY</span> entered 07/23/2019.", "entry_date": "7/23/2019"}, {"date": "7/23/2019", "number": "312", "contents": "<span class='description'>1:30PM</span> entered 07/23/2019.", "entry_date": "7/23/2019"}, {"date": "7/23/2019", "number": "311", "contents": "<span class='description'>PRETRIAL 08/28/2019 9:00 AM - 307 3RD FLOOR, 501 W ADAMS ST JACKSONVILLE FL 32202</span> entered 07/23/2019.", "entry_date": "7/23/2019"}, {"date": "7/23/2019", "number": "310", "contents": "<span class='description'>HEARING ON MOTION 08/20/2019 9:00 AM - 307 3RD FLOOR, 501 W ADAMS ST JACKSONVILLE FL 32202</span> entered 07/23/2019.", "entry_date": "7/23/2019"}, {"date": "7/23/2019", "number": "309", "contents": "<span class='description'>OTHERS PRESENT: M BOSSEN W DEFENSE</span> entered 07/23/2019.", "entry_date": "7/23/2019"}, {"date": "7/23/2019", "number": "308", "contents": "<span class='description'>DEFENDANT PRESENT IN JAIL</span> entered 07/23/2019.", "entry_date": "7/23/2019"}, {"date": "7/23/2019", "number": "307", "contents": "<span class='description'>ATTY. FOR DEF. SCHLAX, JULIE AGENT</span> entered 07/23/2019.", "entry_date": "7/23/2019"}, {"date": "7/23/2019", "number": "306", "contents": "<span class='description'>ASST. STATE ATTY. COOPER, JOEL C JR</span> entered 07/23/2019.", "entry_date": "7/23/2019"}, {"date": "7/23/2019", "number": "305", "contents": "<span class='description'>JUDGE SALVADOR, TATIANA</span> entered 07/23/2019.", "entry_date": "7/23/2019"}, {"date": "7/22/2019", "number": "304", "contents": "<span class='description'>MOTION FOR APPOINTMENT OF A BEHAVIORAL PSYCHOLOGIST</span> entered 07/22/2019.", "entry_date": "7/22/2019"}, {"date": "7/15/2019", "number": "303", "contents": "<span class='description'>PRETRIAL 07/23/2019 9:00 AM - 307 3RD FLOOR, 501 W ADAMS ST JACKSONVILLE FL 32202</span> entered 07/15/2019.", "entry_date": "7/15/2019"}, {"date": "7/15/2019", "number": "302", "contents": "<span class='description'>&gt; ATTORNEY NOT PRESENT</span> entered 07/15/2019.", "entry_date": "7/15/2019"}, {"date": "7/15/2019", "number": "301", "contents": "<span class='description'>DEFENDANT NOT PRESENT</span> entered 07/15/2019.", "entry_date": "7/15/2019"}, {"date": "7/15/2019", "number": "300", "contents": "<span class='description'>ATTY. FOR DEF. SCHLAX, JULIE AGENT</span> entered 07/15/2019.", "entry_date": "7/15/2019"}, {"date": "7/15/2019", "number": "299", "contents": "<span class='description'>ASST. STATE ATTY. COOPER, JOEL C JR</span> entered 07/15/2019.", "entry_date": "7/15/2019"}, {"date": "7/15/2019", "number": "298", "contents": "<span class='description'>JUDGE SALVADOR, TATIANA</span> entered 07/15/2019.", "entry_date": "7/15/2019"}, {"date": "6/3/2019", "number": "297", "contents": "<span class='description'>PRETRIAL 07/15/2019 9:00 AM - 307 3RD FLOOR, 501 W ADAMS ST JACKSONVILLE FL 32202</span> entered 06/03/2019.", "entry_date": "6/3/2019"}, {"date": "6/3/2019", "number": "296", "contents": "<span class='description'>DEFENDANT PRESENT IN JAIL</span> entered 06/03/2019.", "entry_date": "6/3/2019"}, {"date": "6/3/2019", "number": "295", "contents": "<span class='description'>ATTY. FOR DEF. SCHLAX, JULIE AGENT</span> entered 06/03/2019.", "entry_date": "6/3/2019"}, {"date": "6/3/2019", "number": "294", "contents": "<span class='description'>ASST. STATE ATTY. COOPER, JOEL C JR</span> entered 06/03/2019.", "entry_date": "6/3/2019"}, {"date": "6/3/2019", "number": "293", "contents": "<span class='description'>JUDGE SALVADOR, TATIANA</span> entered 06/03/2019.", "entry_date": "6/3/2019"}, {"date": "5/8/2019", "number": "292", "contents": "<span class='description'>COURT ORDER DENYING MOTION FOR APPOINTMENT OF A CRIMINLOGIST</span> entered 05/08/2019.", "entry_date": "5/8/2019"}, {"date": "5/1/2019", "number": "291", "contents": "<span class='description'>COURT ORDER DENYING MT. TO INCUR COSTS OF SELECT DEPOSITION TRANSCRIPTS</span> entered 05/01/2019.", "entry_date": "5/1/2019"}, {"date": "4/24/2019", "number": "290", "contents": "<span class='description'>PRETRIAL 06/03/2019 9:00 AM - 307 3RD FLOOR, 501 W ADAMS ST JACKSONVILLE FL 32202</span> entered 04/24/2019.", "entry_date": "4/24/2019"}, {"date": "4/24/2019", "number": "289", "contents": "<span class='description'>OTHERS PRESENT: M BOSSEN</span> entered 04/24/2019.", "entry_date": "4/24/2019"}, {"date": "4/24/2019", "number": "288", "contents": "<span class='description'>DEFENDANT PRESENT IN JAIL</span> entered 04/24/2019.", "entry_date": "4/24/2019"}, {"date": "4/24/2019", "number": "287", "contents": "<span class='description'>ATTY. FOR DEF. SCHLAX, JULIE AGENT</span> entered 04/24/2019.", "entry_date": "4/24/2019"}, {"date": "4/24/2019", "number": "286", "contents": "<span class='description'>ASST. STATE ATTY. COOPER, JOEL C JR</span> entered 04/24/2019.", "entry_date": "4/24/2019"}, {"date": "4/24/2019", "number": "285", "contents": "<span class='description'>JUDGE SALVADOR, TATIANA</span> entered 04/24/2019.", "entry_date": "4/24/2019"}, {"date": "4/15/2019", "number": "284", "contents": "<span class='description'>PER JA E-MAIL</span> entered 04/15/2019.", "entry_date": "4/15/2019"}, {"date": "4/15/2019", "number": "283", "contents": "<span class='description'>PRETRIAL 04/24/2019 9:00 AM - 307 3RD FLOOR, 501 W ADAMS ST JACKSONVILLE FL 32202</span> entered 04/15/2019.", "entry_date": "4/15/2019"}, {"date": "4/15/2019", "number": "282", "contents": "<span class='description'>&gt; CANCEL REASON -</span> entered 04/15/2019.", "entry_date": "4/15/2019"}, {"date": "4/15/2019", "number": "281", "contents": "<span class='description'>CANCELLED PRETRIAL ON 4/17/2019 9:00:00 AM</span> entered 04/15/2019.", "entry_date": "4/15/2019"}, {"date": "3/28/2019", "number": "280", "contents": "<span class='description'>MOTION TO INCUR COSTS OF SELECT DEPOSITION TRANSCRIPTS</span> entered 04/01/2019.", "entry_date": "4/1/2019"}, {"date": "3/28/2019", "number": "279", "contents": "<span class='description'>JUSTICE ADMINISTRATIVE COMMISSION'S RESPONSE TO MOTION (EX PARTE) FOR APPOINTMENT OF CRIMINOLOGIST AND REQUEST TO APPEAR TELEPHONICALLY</span> entered 03/28/2019.", "entry_date": "3/28/2019"}, {"date": "3/27/2019", "number": "278", "contents": "<span class='description'>MOTION FOR APPOITNTMENT OF CRIMINOLOGIST</span> entered 03/28/2019.", "entry_date": "3/28/2019"}, {"date": "2/26/2019", "number": "277", "contents": "<span class='description'>PRETRIAL 04/17/2019 9:00 AM - 307 3RD FLOOR, 501 W ADAMS ST JACKSONVILLE FL 32202</span> entered 02/26/2019.", "entry_date": "2/26/2019"}, {"date": "2/26/2019", "number": "276", "contents": "<span class='description'>OTHERS PRESENT: M BOSSEN</span> entered 02/26/2019.", "entry_date": "2/26/2019"}, {"date": "2/26/2019", "number": "275", "contents": "<span class='description'>DEFENDANT PRESENT IN JAIL</span> entered 02/26/2019.", "entry_date": "2/26/2019"}, {"date": "2/26/2019", "number": "274", "contents": "<span class='description'>ATTY. FOR DEF. SCHLAX, JULIE AGENT</span> entered 02/26/2019.", "entry_date": "2/26/2019"}, {"date": "2/26/2019", "number": "273", "contents": "<span class='description'>ASST. STATE ATTY. COOPER, JOEL C JR</span> entered 02/26/2019.", "entry_date": "2/26/2019"}, {"date": "2/26/2019", "number": "272", "contents": "<span class='description'>JUDGE SALVADOR, TATIANA</span> entered 02/26/2019.", "entry_date": "2/26/2019"}, {"date": "2/20/2019", "number": "271", "contents": "<span class='description'>NOTICE OF TAKING DEPOSITION</span> entered 02/22/2019.", "entry_date": "2/22/2019"}, {"date": "2/12/2019", "number": "270", "contents": "<span class='description'>STATE'S NINETEENTH SUPPLEMENTAL DISCOVERY EXHIBIT</span> entered 02/13/2019.", "entry_date": "2/13/2019"}, {"date": "1/24/2019", "number": "269", "contents": "<span class='description'>PRETRIAL 02/26/2019 9:00 AM - 307 3RD FLOOR, 501 W ADAMS ST JACKSONVILLE FL 32202</span> entered 01/24/2019.", "entry_date": "1/24/2019"}, {"date": "1/24/2019", "number": "268", "contents": "<span class='description'>OTHERS PRESENT: M BOSSEN FOR PD</span> entered 01/24/2019.", "entry_date": "1/24/2019"}, {"date": "1/24/2019", "number": "267", "contents": "<span class='description'>DEFENDANT PRESENT IN JAIL</span> entered 01/24/2019.", "entry_date": "1/24/2019"}, {"date": "1/24/2019", "number": "266", "contents": "<span class='description'>ATTY. FOR DEF. SCHLAX, JULIE AGENT</span> entered 01/24/2019.", "entry_date": "1/24/2019"}, {"date": "1/24/2019", "number": "265", "contents": "<span class='description'>ASST. STATE ATTY. COOPER, JOEL C JR</span> entered 01/24/2019.", "entry_date": "1/24/2019"}, {"date": "1/24/2019", "number": "264", "contents": "<span class='description'>JUDGE SALVADOR, TATIANA</span> entered 01/24/2019.", "entry_date": "1/24/2019"}, {"date": "1/22/2019", "number": "263", "contents": "<span class='description'>MOTION TO PRECLUDE AGGRAVATING CIRCUMSTANCE OF \"CRIMINAL GANG MEMBER\"</span> entered 01/22/2019.", "entry_date": "1/22/2019"}, {"date": "1/22/2019", "number": "262", "contents": "<span class='description'>MOTION IN LIMINE TO PROHIBIT PROSECUTION FROM CHALLENGING CERTAIN POTENTIAL JURORS FOR CAUSE</span> entered 01/22/2019.", "entry_date": "1/22/2019"}, {"date": "1/22/2019", "number": "261", "contents": "<span class='description'>MOTION TO PRECLUDE IMPROPER ARGUMENT &amp; TACTICS</span> entered 01/22/2019.", "entry_date": "1/22/2019"}, {"date": "1/22/2019", "number": "260", "contents": "<span class='description'>MOTION TO BAR EXECUTION BY LETHAL INJECTION</span> entered 01/22/2019.", "entry_date": "1/22/2019"}, {"date": "1/22/2019", "number": "259", "contents": "<span class='description'>MOTION TO EXLUDE EVIDENCE OR ARGUMENT DESIGNED TO CREATE SYMPATHY FOR THE DECEASED</span> entered 01/22/2019.", "entry_date": "1/22/2019"}, {"date": "1/22/2019", "number": "258", "contents": "<span class='description'>MOTION FOR DISCOVERY OF PROSECUTORIAL INVESTIGATIONS OF PROSPECTIVE JURORS</span> entered 01/22/2019.", "entry_date": "1/22/2019"}, {"date": "1/22/2019", "number": "257", "contents": "<span class='description'>MOTION TO DECLARE SECTIONS 921.141 AND/OR 921.141(5)(d) F.S. AND/OR (5)(D) STANDARD INTRUCTION UNCONSTITUTIONAL FACIALLY &amp; AS APPLIED &amp; TO PRECLUDE THEIR APPLICATION AT BAR</span> entered 01/22/2019.", "entry_date": "1/22/2019"}, {"date": "1/22/2019", "number": "256", "contents": "<span class='description'>MOTION</span> entered 01/22/2019.", "entry_date": "1/22/2019"}, {"date": "1/22/2019", "number": "255", "contents": "<span class='description'>MOTION</span> entered 01/22/2019.", "entry_date": "1/22/2019"}, {"date": "1/22/2019", "number": "254", "contents": "<span class='description'>CAPITAL CASE MOTION INDEX</span> entered 01/22/2019.", "entry_date": "1/22/2019"}, {"date": "12/6/2018", "number": "253", "contents": "<span class='description'>PRETRIAL 01/24/2019 9:00 AM - 307 3RD FLOOR, 501 W ADAMS ST JACKSONVILLE FL 32202</span> entered 12/06/2018.", "entry_date": "12/6/2018"}, {"date": "12/6/2018", "number": "252", "contents": "<span class='description'>DEFENDANT PRESENT IN JAIL</span> entered 12/06/2018.", "entry_date": "12/6/2018"}, {"date": "12/6/2018", "number": "251", "contents": "<span class='description'>ATTY. FOR DEF. SCHLAX, JULIE AGENT</span> entered 12/06/2018.", "entry_date": "12/6/2018"}, {"date": "12/6/2018", "number": "250", "contents": "<span class='description'>ASST. STATE ATTY. COOPER, JOEL C JR</span> entered 12/06/2018.", "entry_date": "12/6/2018"}, {"date": "12/6/2018", "number": "249", "contents": "<span class='description'>JUDGE WHITTINGTON, STEVEN B</span> entered 12/06/2018.", "entry_date": "12/6/2018"}, {"date": "11/5/2018", "number": "248", "contents": "<span class='description'>PRETRIAL 12/06/2018 9:00 AM - 307 3RD FLOOR, 501 W ADAMS ST JACKSONVILLE FL 32202</span> entered 11/05/2018.", "entry_date": "11/5/2018"}, {"date": "11/5/2018", "number": "247", "contents": "<span class='description'>DEFENSE/STATE'S ORAL MOTION FOR CONTINUANCE BY DEFENSE GRANTED WITH NO OBJECTION STRIKE 11/26/18 FPT &amp; 12/03/18 JS AMD 12/10/18 JS</span> entered 11/05/2018.", "entry_date": "11/5/2018"}, {"date": "11/5/2018", "number": "246", "contents": "<span class='description'>DEFENDANT PRESENT IN JAIL</span> entered 11/05/2018.", "entry_date": "11/5/2018"}, {"date": "11/5/2018", "number": "245", "contents": "<span class='description'>ATTY. FOR DEF. SCHLAX, JULIE AGENT</span> entered 11/05/2018.", "entry_date": "11/5/2018"}, {"date": "11/5/2018", "number": "244", "contents": "<span class='description'>ASST. STATE ATTY. COOPER, JOEL C JR</span> entered 11/05/2018.", "entry_date": "11/5/2018"}, {"date": "11/5/2018", "number": "243", "contents": "<span class='description'>JUDGE WHITTINGTON, STEVEN B</span> entered 11/05/2018.", "entry_date": "11/5/2018"}, {"date": "10/8/2018", "number": "242", "contents": "<span class='description'>DOCUMENTS - E-MAIL IN REFERENCE TO JAC</span> entered 10/08/2018.", "entry_date": "10/8/2018"}, {"date": "10/8/2018", "number": "241", "contents": "<span class='description'>COURT ORDER AMENDED APPOINTING PRISON EXPERT</span> entered 10/08/2018.", "entry_date": "10/8/2018"}, {"date": "10/4/2018", "number": "240", "contents": "<span class='description'>AMENDED MOTION FOR APPOINTMENT OF PRISON EXPERT</span> entered 10/05/2018.", "entry_date": "10/5/2018"}, {"date": "9/27/2018", "number": "239", "contents": "<span class='description'>COURT ORDER ON DEFT'S MOTION TO REVEAL INDUCEMNTS, PROMISES, REWARDS, BENEFITS, UNDERSTANDINGS OR OTHER ENTICEMENTS</span> entered 09/27/2018.", "entry_date": "9/27/2018"}, {"date": "9/26/2018", "number": "238", "contents": "<span class='description'>11/26/18 FPT &amp; 12/03/18 JS &amp; 12/10/18 PENALTY PHASE</span> entered 09/26/2018.", "entry_date": "9/26/2018"}, {"date": "9/26/2018", "number": "237", "contents": "<span class='description'>PRETRIAL 11/05/2018 9:00 AM - 307 3RD FLOOR, 501 W ADAMS ST JACKSONVILLE FL 32202</span> entered 09/26/2018.", "entry_date": "9/26/2018"}, {"date": "9/26/2018", "number": "236", "contents": "<span class='description'>DEFENDANT PRESENT IN JAIL</span> entered 09/26/2018.", "entry_date": "9/26/2018"}, {"date": "9/26/2018", "number": "235", "contents": "<span class='description'>ATTY. FOR DEF. SCHLAX, JULIE AGENT</span> entered 09/26/2018.", "entry_date": "9/26/2018"}, {"date": "9/26/2018", "number": "234", "contents": "<span class='description'>ASST. STATE ATTY. COOPER, JOEL C JR</span> entered 09/26/2018.", "entry_date": "9/26/2018"}, {"date": "9/26/2018", "number": "233", "contents": "<span class='description'>JUDGE WHITTINGTON, STEVEN B</span> entered 09/26/2018.", "entry_date": "9/26/2018"}, {"date": "9/20/2018", "number": "232", "contents": "<span class='description'>PRETRIAL 09/26/2018 9:00 AM - 307 3RD FLOOR, 501 W ADAMS ST JACKSONVILLE FL 32202</span> entered 09/20/2018.", "entry_date": "9/20/2018"}, {"date": "9/20/2018", "number": "231", "contents": "<span class='description'>DEFENDANT APPEARANCE WAIVED</span> entered 09/20/2018.", "entry_date": "9/20/2018"}, {"date": "9/20/2018", "number": "230", "contents": "<span class='description'>ATTY. FOR DEF. SCHLAX, JULIE AGENT</span> entered 09/20/2018.", "entry_date": "9/20/2018"}, {"date": "9/20/2018", "number": "229", "contents": "<span class='description'>ASST. STATE ATTY. COOPER, JOEL C JR</span> entered 09/20/2018.", "entry_date": "9/20/2018"}, {"date": "9/20/2018", "number": "228", "contents": "<span class='description'>JUDGE WHITTINGTON, STEVEN B</span> entered 09/20/2018.", "entry_date": "9/20/2018"}, {"date": "8/23/2018", "number": "227", "contents": "<span class='description'>COURT ORDER APPOINTING PRISON EXPERT</span> entered 08/23/2018.", "entry_date": "8/23/2018"}, {"date": "8/23/2018", "number": "226", "contents": "<span class='description'>LETTER (E-MAIL IN REFERENCE TO JAC)</span> entered 08/23/2018.", "entry_date": "8/23/2018"}, {"date": "8/23/2018", "number": "225", "contents": "<span class='description'>MOTION FOR APPOINTMENT OF PRISON EXPERT</span> entered 08/23/2018.", "entry_date": "8/23/2018"}, {"date": "8/23/2018", "number": "224", "contents": "<span class='description'>MOTION TO REVEAL INDUCEMENTS, PROMISES, REWARDS, BENEFITS, UNDERSTANDINGS OR OTHER ENTICEMENTS</span> entered 08/23/2018.", "entry_date": "8/23/2018"}, {"date": "8/13/2018", "number": "223", "contents": "<span class='description'>ORDER TO APPEAR FOR VIOLATION OF PROBATION/COMMUNITY CONTROL</span> entered 08/13/2018.", "entry_date": "8/13/2018"}, {"date": "8/13/2018", "number": "222", "contents": "<span class='description'>11/26/18 FPT &amp; 12/03/18 JS &amp; 12/10/18 PENALTY PHASE</span> entered 08/13/2018.", "entry_date": "8/13/2018"}, {"date": "8/13/2018", "number": "221", "contents": "<span class='description'>PRETRIAL 09/20/2018 9:00 AM - 307 3RD FLOOR, 501 W ADAMS ST JACKSONVILLE FL 32202</span> entered 08/13/2018.", "entry_date": "8/13/2018"}, {"date": "8/13/2018", "number": "220", "contents": "<span class='description'>DEFENSE/STATE'S ORAL MOTION FOR CONTINUANCE BY DEFENSE GRANTED</span> entered 08/13/2018.", "entry_date": "8/13/2018"}, {"date": "8/13/2018", "number": "219", "contents": "<span class='description'>DEFENDANT PRESENT IN JAIL</span> entered 08/13/2018.", "entry_date": "8/13/2018"}, {"date": "8/13/2018", "number": "218", "contents": "<span class='description'>ATTY. FOR DEF. SCHLAX, JULIE AGENT</span> entered 08/13/2018.", "entry_date": "8/13/2018"}, {"date": "8/13/2018", "number": "217", "contents": "<span class='description'>ASST. STATE ATTY. COOPER, JOEL C JR</span> entered 08/13/2018.", "entry_date": "8/13/2018"}, {"date": "8/13/2018", "number": "216", "contents": "<span class='description'>JUDGE WHITTINGTON, STEVEN B</span> entered 08/13/2018.", "entry_date": "8/13/2018"}, {"date": "8/8/2018", "number": "215", "contents": "<span class='description'>STATES# EIGHTEENTH SUPPLEMENTAL DISCOVERY EXHIBIT</span> entered 08/09/2018.", "entry_date": "8/9/2018"}, {"date": "8/8/2018", "number": "214", "contents": "<span class='description'>STATES# SEVENTEENTH SUPPLEMENTAL DISCOVERY EXHIBIT</span> entered 08/08/2018.", "entry_date": "8/8/2018"}, {"date": "7/3/2018", "number": "213", "contents": "<span class='description'>LETTER - E-MAIL IN REFERENCE TO JAC</span> entered 07/03/2018.", "entry_date": "7/3/2018"}, {"date": "7/3/2018", "number": "212", "contents": "<span class='description'>COURT ORDER APPOINTING PHARMACOLOGIST</span> entered 07/03/2018.", "entry_date": "7/3/2018"}, {"date": "6/27/2018", "number": "211", "contents": "<span class='description'>MOTION FOR APPOINTMENT OF A PHARMACOLOGIST</span> entered 06/27/2018.", "entry_date": "6/27/2018"}, {"date": "6/12/2018", "number": "210", "contents": "<span class='description'>(8/20/18 FPT; 8/27/18 JS) (9/04/18 PENALTY PHASE)</span> entered 06/12/2018.", "entry_date": "6/12/2018"}, {"date": "6/12/2018", "number": "209", "contents": "<span class='description'>PRETRIAL 08/13/2018 9:00 AM - 307 3RD FLOOR, 501 W ADAMS ST JACKSONVILLE FL 32202</span> entered 06/12/2018.", "entry_date": "6/12/2018"}, {"date": "6/12/2018", "number": "208", "contents": "<span class='description'>&gt; ATTORNEY NOT PRESENT</span> entered 06/12/2018.", "entry_date": "6/12/2018"}, {"date": "6/12/2018", "number": "207", "contents": "<span class='description'>DEFENDANT APPEARANCE WAIVED</span> entered 06/12/2018.", "entry_date": "6/12/2018"}, {"date": "6/12/2018", "number": "206", "contents": "<span class='description'>ATTY. FOR DEF. SCHLAX, JULIE AGENT</span> entered 06/12/2018.", "entry_date": "6/12/2018"}, {"date": "6/12/2018", "number": "205", "contents": "<span class='description'>ASST. STATE ATTY. COOPER, JOEL C JR</span> entered 06/12/2018.", "entry_date": "6/12/2018"}, {"date": "6/12/2018", "number": "204", "contents": "<span class='description'>JUDGE WHITTINGTON, STEVEN B</span> entered 06/12/2018.", "entry_date": "6/12/2018"}, {"date": "5/24/2018", "number": "203", "contents": "<span class='description'>(8/20/18 FPT; 8/27/18 JS) (9/04/18 PENALTY PHASE)</span> entered 05/24/2018.", "entry_date": "5/24/2018"}, {"date": "5/24/2018", "number": "202", "contents": "<span class='description'>PRETRIAL 06/12/2018 9:00 AM - 307 3RD FLOOR, 501 W ADAMS ST JACKSONVILLE FL 32202</span> entered 05/24/2018.", "entry_date": "5/24/2018"}, {"date": "5/24/2018", "number": "201", "contents": "<span class='description'>DEFENDANT PRESENT IN JAIL</span> entered 05/24/2018.", "entry_date": "5/24/2018"}, {"date": "5/24/2018", "number": "200", "contents": "<span class='description'>ATTY. FOR DEF. SCHLAX, JULIE AGENT</span> entered 05/24/2018.", "entry_date": "5/24/2018"}, {"date": "5/24/2018", "number": "199", "contents": "<span class='description'>ASST. STATE ATTY. COOPER, JOEL C JR</span> entered 05/24/2018.", "entry_date": "5/24/2018"}, {"date": "5/24/2018", "number": "198", "contents": "<span class='description'>JUDGE WHITTINGTON, STEVEN B</span> entered 05/24/2018.", "entry_date": "5/24/2018"}, {"date": "5/11/2018", "number": "197", "contents": "<span class='description'>OTHER - IN REFERENCE TO JAC</span> entered 05/11/2018.", "entry_date": "5/11/2018"}, {"date": "5/11/2018", "number": "196", "contents": "<span class='description'>COURT ORDER APPOINTING PRIVATE INVESTIGATOR</span> entered 05/11/2018.", "entry_date": "5/11/2018"}, {"date": "5/11/2018", "number": "195", "contents": "<span class='description'>COURT ORDER ON DEFT'S MOTION TO APPOINT MENTAL HEALTH EXPERT FOR COMPETENCY DETERMINATION</span> entered 05/11/2018.", "entry_date": "5/11/2018"}, {"date": "5/9/2018", "number": "194", "contents": "<span class='description'>MOTION TO APPOINTMENT OF OF A PRIVATE INVESTIGATOR</span> entered 05/11/2018.", "entry_date": "5/11/2018"}, {"date": "5/9/2018", "number": "193", "contents": "<span class='description'>MOTION TO APPOINT EXPERT OF MENTAL HEALTH EXPERT TO EVALUATE DEFT.</span> entered 05/11/2018.", "entry_date": "5/11/2018"}, {"date": "4/26/2018", "number": "192", "contents": "<span class='description'>(08/20/18 FPT; 08/27/18 JS) (9/04/18 PENALTY PHASE)</span> entered 04/26/2018.", "entry_date": "4/26/2018"}, {"date": "4/26/2018", "number": "191", "contents": "<span class='description'>PRETRIAL 05/24/2018 9:00 AM - 307 3RD FLOOR, 501 W ADAMS ST JACKSONVILLE FL 32202</span> entered 04/26/2018.", "entry_date": "4/26/2018"}, {"date": "4/26/2018", "number": "190", "contents": "<span class='description'>OTHERS PRESENT: PA: J. SCHLAX</span> entered 04/26/2018.", "entry_date": "4/26/2018"}, {"date": "4/26/2018", "number": "189", "contents": "<span class='description'>DEFENDANT APPEARANCE WAIVED</span> entered 04/26/2018.", "entry_date": "4/26/2018"}, {"date": "4/26/2018", "number": "188", "contents": "<span class='description'>ATTY. FOR DEF. BOSSEN, MICHAEL S</span> entered 04/26/2018.", "entry_date": "4/26/2018"}, {"date": "4/26/2018", "number": "187", "contents": "<span class='description'>ASST. STATE ATTY. COOPER, JOEL C JR</span> entered 04/26/2018.", "entry_date": "4/26/2018"}, {"date": "4/26/2018", "number": "186", "contents": "<span class='description'>JUDGE WHITTINGTON, STEVEN B</span> entered 04/26/2018.", "entry_date": "4/26/2018"}, {"date": "4/13/2018", "number": "185", "contents": "<span class='description'>STATES# SIXTEENTH SUPPLEMENTAL DISCOVERY EXHIBIT</span> entered 04/16/2018.", "entry_date": "4/16/2018"}, {"date": "3/5/2018", "number": "184", "contents": "<span class='description'>STATES# FIFTEENTH SUPPLEMENTAL DISCOVERY EXHIBIT</span> entered 03/05/2018.", "entry_date": "3/5/2018"}, {"date": "3/1/2018", "number": "183", "contents": "<span class='description'>(08/20/18 FPT; 08/27/18 JS) (9/04/18 PENALTY PHASE)</span> entered 04/25/2018.", "entry_date": "4/25/2018"}, {"date": "3/1/2018", "number": "182", "contents": "<span class='description'>PRETRIAL 04/26/2018 9:00 AM - 307 3RD FLOOR, 501 W ADAMS ST JACKSONVILLE FL 32202</span> entered 03/01/2018.", "entry_date": "3/1/2018"}, {"date": "3/1/2018", "number": "181", "contents": "<span class='description'>DEFENDANT PRESENT IN JAIL</span> entered 03/01/2018.", "entry_date": "3/1/2018"}, {"date": "3/1/2018", "number": "180", "contents": "<span class='description'>ATTY. FOR DEF. BOSSEN, MICHAEL S</span> entered 03/01/2018.", "entry_date": "3/1/2018"}, {"date": "3/1/2018", "number": "179", "contents": "<span class='description'>ASST. STATE ATTY. COOPER, JOEL C JR</span> entered 03/01/2018.", "entry_date": "3/1/2018"}, {"date": "3/1/2018", "number": "178", "contents": "<span class='description'>JUDGE WHITTINGTON, STEVEN B</span> entered 03/01/2018.", "entry_date": "3/1/2018"}, {"date": "2/2/2018", "number": "177", "contents": "<span class='description'>STANDING ORDER GOVERNING PRE-TRIAL PROCEDURES AND THE TRIAL OF ALL CRIMINAL ACTIONS IN THE DIVISION OF THE CIRCUIT COURT OF THE FOURTH JUDICIAL CIRCUIT</span> entered 02/02/2018.", "entry_date": "2/2/2018"}, {"date": "1/31/2018", "number": "176", "contents": "<span class='description'>08/20/18 FPT &amp; 08/27/18 JS &amp; 09/04/18 PENALTY PHASE</span> entered 01/31/2018.", "entry_date": "1/31/2018"}, {"date": "1/31/2018", "number": "175", "contents": "<span class='description'>PRETRIAL 03/01/2018 9:00 AM - 307 3RD FLOOR, 501 W ADAMS ST JACKSONVILLE FL 32202</span> entered 01/31/2018.", "entry_date": "1/31/2018"}, {"date": "1/31/2018", "number": "174", "contents": "<span class='description'>DEFENDANT PRESENT IN JAIL</span> entered 01/31/2018.", "entry_date": "1/31/2018"}, {"date": "1/31/2018", "number": "173", "contents": "<span class='description'>ATTY. FOR DEF. BOSSEN, MICHAEL S</span> entered 01/31/2018.", "entry_date": "1/31/2018"}, {"date": "1/31/2018", "number": "172", "contents": "<span class='description'>ASST. STATE ATTY. COOPER, JOEL C JR</span> entered 01/31/2018.", "entry_date": "1/31/2018"}, {"date": "1/31/2018", "number": "171", "contents": "<span class='description'>JUDGE WHITTINGTON, STEVEN B</span> entered 01/31/2018.", "entry_date": "1/31/2018"}, {"date": "1/30/2018", "number": "170", "contents": "<span class='description'>PRETRIAL 01/31/2018 9:00 AM - 307 3RD FLOOR, 501 W ADAMS ST JACKSONVILLE FL 32202</span> entered 01/30/2018.", "entry_date": "1/30/2018"}, {"date": "1/30/2018", "number": "169", "contents": "<span class='description'>DEFENDANT NOT PRESENT</span> entered 01/30/2018.", "entry_date": "1/30/2018"}, {"date": "1/30/2018", "number": "168", "contents": "<span class='description'>ATTY. FOR DEF. BOSSEN, MICHAEL S</span> entered 01/30/2018.", "entry_date": "1/30/2018"}, {"date": "1/30/2018", "number": "167", "contents": "<span class='description'>ASST. STATE ATTY. COOPER, JOEL C JR</span> entered 01/30/2018.", "entry_date": "1/30/2018"}, {"date": "1/30/2018", "number": "166", "contents": "<span class='description'>JUDGE WHITTINGTON, STEVEN B</span> entered 01/30/2018.", "entry_date": "1/30/2018"}, {"date": "1/24/2018", "number": "165", "contents": "<span class='description'>PRETRIAL 01/30/2018 9:00 AM - 307 3RD FLOOR, 501 W ADAMS ST JACKSONVILLE FL 32202</span> entered 01/24/2018.", "entry_date": "1/24/2018"}, {"date": "1/24/2018", "number": "164", "contents": "<span class='description'>&gt; ATTORNEY NOT PRESENT</span> entered 01/24/2018.", "entry_date": "1/24/2018"}, {"date": "1/24/2018", "number": "163", "contents": "<span class='description'>ATTY. FOR DEF. BOSSEN, MICHAEL S</span> entered 01/24/2018.", "entry_date": "1/24/2018"}, {"date": "1/24/2018", "number": "162", "contents": "<span class='description'>ASST. STATE ATTY. COOPER, JOEL C JR</span> entered 01/24/2018.", "entry_date": "1/24/2018"}, {"date": "1/24/2018", "number": "161", "contents": "<span class='description'>JUDGE WHITTINGTON, STEVEN B</span> entered 01/24/2018.", "entry_date": "1/24/2018"}, {"date": "1/16/2018", "number": "160", "contents": "<span class='description'>RESPONSE</span> entered 01/17/2018.", "entry_date": "1/17/2018"}, {"date": "1/16/2018", "number": "159", "contents": "<span class='description'>ORDER OF APPOINTMENT AND AUTHORITY TO INCUR COSTS OF MITIGATION COORDINATOR/INVESTIGATOR AND MITIGATION EXPENSES</span> entered 01/17/2018.", "entry_date": "1/17/2018"}, {"date": "1/12/2018", "number": "158", "contents": "<span class='description'>MOTION FOR APPOINTMENT AND AUTHORITY TO INCUR COSTS OF MITIGATION COORDINATOR/INVESTIGATOR AND MITIGATION EXPENSES</span> entered 01/16/2018.", "entry_date": "1/16/2018"}, {"date": "1/4/2018", "number": "157", "contents": "<span class='description'>PRETRIAL 01/24/2018 9:00 AM - 307 3RD FLOOR, 501 W ADAMS ST JACKSONVILLE FL 32202</span> entered 01/04/2018.", "entry_date": "1/4/2018"}, {"date": "1/4/2018", "number": "156", "contents": "<span class='description'>DEFENDANT PRESENT IN JAIL</span> entered 01/04/2018.", "entry_date": "1/4/2018"}, {"date": "1/4/2018", "number": "155", "contents": "<span class='description'>ATTY. FOR DEF. BOSSEN, MICHAEL S</span> entered 01/04/2018.", "entry_date": "1/4/2018"}, {"date": "1/4/2018", "number": "154", "contents": "<span class='description'>ASST. STATE ATTY. COOPER, JOEL C JR</span> entered 01/04/2018.", "entry_date": "1/4/2018"}, {"date": "1/4/2018", "number": "153", "contents": "<span class='description'>JUDGE WHITTINGTON, STEVEN B</span> entered 01/04/2018.", "entry_date": "1/4/2018"}, {"date": "12/20/2017", "number": "152", "contents": "<span class='description'>AFFIDAVIT/RETURN OF SERVICE</span> entered 12/27/2017.", "entry_date": "12/27/2017"}, {"date": "12/7/2017", "number": "151", "contents": "<span class='description'>AFFIDAVIT/RETURN OF SERVICE</span> entered 12/12/2017.", "entry_date": "12/12/2017"}, {"date": "12/5/2017", "number": "150", "contents": "<span class='description'>DEFENDANT'S NOTICE OF TAKING DEPOSITION</span> entered 12/05/2017.", "entry_date": "12/5/2017"}, {"link_viewer": "https://www.docketalarm.com/cases/Florida_State_Duval_County_Fourth_Circuit_Court/2016-CF-008506/JECORIAN_LEON_MCCRAY/149/", "number": "149", "link": "https://www.docketalarm.com/cases/Florida_State_Duval_County_Fourth_Circuit_Court/2016-CF-008506/JECORIAN_LEON_MCCRAY/docs/149.pdf", "entry_date": "12/1/2017", "date": "12/1/2017", "contents": "<a href=\"/cases/Florida_State_Duval_County_Fourth_Circuit_Court/2016-CF-008506/JECORIAN_LEON_MCCRAY/149/\"><span class='description'>ORDER APPOINTING ATTORNEY</span></a> entered 12/01/2017."}, {"date": "11/30/2017", "number": "148", "contents": "<span class='description'>PRETRIAL 01/04/2018 9:00 AM - 308 3RD FLOOR, 501 W ADAMS ST JACKSONVILLE FL 32202</span> entered 11/30/2017.", "entry_date": "11/30/2017"}, {"date": "11/30/2017", "number": "147", "contents": "<span class='description'>DEFENDANT PRESENT IN JAIL</span> entered 11/30/2017.", "entry_date": "11/30/2017"}, {"date": "11/30/2017", "number": "146", "contents": "<span class='description'>ATTY. FOR DEF. BOSSEN, MICHAEL S</span> entered 11/30/2017.", "entry_date": "11/30/2017"}, {"date": "11/30/2017", "number": "145", "contents": "<span class='description'>ASST. STATE ATTY. COOPER, JOEL C JR</span> entered 11/30/2017.", "entry_date": "11/30/2017"}, {"date": "11/30/2017", "number": "144", "contents": "<span class='description'>JUDGE WHITTINGTON, STEVEN B</span> entered 11/30/2017.", "entry_date": "11/30/2017"}, {"date": "11/29/2017", "number": "143", "contents": "<span class='description'>PRETRIAL 11/30/2017 9:00 AM - 308 3RD FLOOR, 501 W ADAMS ST JACKSONVILLE FL 32202</span> entered 11/29/2017.", "entry_date": "11/29/2017"}, {"date": "11/29/2017", "number": "142", "contents": "<span class='description'>&gt; ATTORNEY NOT PRESENT</span> entered 11/29/2017.", "entry_date": "11/29/2017"}, {"date": "11/29/2017", "number": "141", "contents": "<span class='description'>DEFENDANT PRESENT IN JAIL</span> entered 11/29/2017.", "entry_date": "11/29/2017"}, {"date": "11/29/2017", "number": "140", "contents": "<span class='description'>ATTY. FOR DEF. BOSSEN, MICHAEL S</span> entered 11/29/2017.", "entry_date": "11/29/2017"}, {"date": "11/29/2017", "number": "139", "contents": "<span class='description'>ASST. STATE ATTY. COOPER, JOEL C JR</span> entered 11/29/2017.", "entry_date": "11/29/2017"}, {"date": "11/29/2017", "number": "138", "contents": "<span class='description'>JUDGE WHITTINGTON, STEVEN B</span> entered 11/29/2017.", "entry_date": "11/29/2017"}, {"date": "10/26/2017", "number": "137", "contents": "<span class='description'>NOTICE OF DISCOVERY</span> entered 10/26/2017.", "entry_date": "10/26/2017"}, {"date": "10/18/2017", "number": "136", "contents": "<span class='description'>PRETRIAL 11/29/2017 9:00 AM - 308 3RD FLOOR, 501 W ADAMS ST JACKSONVILLE FL 32202</span> entered 10/18/2017.", "entry_date": "10/18/2017"}, {"date": "10/18/2017", "number": "135", "contents": "<span class='description'>DEFENDANT PRESENT IN JAIL</span> entered 10/18/2017.", "entry_date": "10/18/2017"}, {"date": "10/18/2017", "number": "134", "contents": "<span class='description'>ATTY. FOR DEF. BOSSEN, MICHAEL S</span> entered 10/18/2017.", "entry_date": "10/18/2017"}, {"date": "10/18/2017", "number": "133", "contents": "<span class='description'>ASST. STATE ATTY. COOPER, JOEL C JR</span> entered 10/18/2017.", "entry_date": "10/18/2017"}, {"date": "10/18/2017", "number": "132", "contents": "<span class='description'>JUDGE WHITTINGTON, STEVEN B</span> entered 10/18/2017.", "entry_date": "10/18/2017"}, {"date": "9/20/2017", "number": "131", "contents": "<span class='description'>PRETRIAL 10/18/2017 9:00 AM - 308 3RD FLOOR, 501 W ADAMS ST JACKSONVILLE FL 32202</span> entered 09/20/2017.", "entry_date": "9/20/2017"}, {"date": "9/20/2017", "number": "130", "contents": "<span class='description'>DEFENSE/STATE'S ORAL MOTION FOR CONTINUANCE BY DEFENSE GRANTED W/O OBJECTION STRIKE 10/30/17 FPT &amp; 11/06/17</span> entered 09/20/2017.", "entry_date": "9/20/2017"}, {"date": "9/20/2017", "number": "129", "contents": "<span class='description'>NOTICE OF INTENT TO SEEK DEATH PENALTY SERVED TO DEFENDANT IN OPEN COURT AND PUBLISHED</span> entered 09/20/2017.", "entry_date": "9/20/2017"}, {"date": "9/20/2017", "number": "128", "contents": "<span class='description'>DEFENDANT PRESENT IN JAIL</span> entered 09/20/2017.", "entry_date": "9/20/2017"}, {"date": "9/20/2017", "number": "127", "contents": "<span class='description'>ATTY. FOR DEF. BOSSEN, MICHAEL S</span> entered 09/20/2017.", "entry_date": "9/20/2017"}, {"date": "9/20/2017", "number": "126", "contents": "<span class='description'>ASST. STATE ATTY. COOPER, JOEL C JR</span> entered 09/20/2017.", "entry_date": "9/20/2017"}, {"date": "9/20/2017", "number": "125", "contents": "<span class='description'>JUDGE WHITTINGTON, STEVEN B</span> entered 09/20/2017.", "entry_date": "9/20/2017"}, {"date": "9/15/2017", "number": "124", "contents": "<span class='description'>10/30/17 FPT &amp; 11/6/17 JS; PER COURT/ HURRICANE IRMA</span> entered 09/15/2017.", "entry_date": "9/15/2017"}, {"date": "9/15/2017", "number": "123", "contents": "<span class='description'>PRETRIAL 09/20/2017 9:00 AM - 308 3RD FLOOR, 501 W ADAMS ST JACKSONVILLE FL 32202</span> entered 09/15/2017.", "entry_date": "9/15/2017"}, {"date": "9/15/2017", "number": "122", "contents": "<span class='description'>&gt; CANCEL REASON - PER COURT - HURRICANE IRMA</span> entered 09/15/2017.", "entry_date": "9/15/2017"}, {"date": "9/15/2017", "number": "121", "contents": "<span class='description'>CANCELLED PRETRIAL ON 9/15/2017 9:00:00 AM</span> entered 09/15/2017.", "entry_date": "9/15/2017"}, {"date": "9/14/2017", "number": "120", "contents": "<span class='description'>NOTICE OF INTENT TO SEEK DEATH PENALTY AND NOTICE OF AGGRAVATING FACTORS</span> entered 09/18/2017.", "entry_date": "9/18/2017"}, {"date": "9/13/2017", "number": "119", "contents": "<span class='description'>10/30/17 FPT &amp; 11/6/17 JS; PER COURT/ HURRICANE IRMA</span> entered 09/13/2017.", "entry_date": "9/13/2017"}, {"date": "9/13/2017", "number": "118", "contents": "<span class='description'>PRETRIAL 09/15/2017 9:00 AM - 308 3RD FLOOR, 501 W ADAMS ST JACKSONVILLE FL 32202</span> entered 09/13/2017.", "entry_date": "9/13/2017"}, {"date": "9/13/2017", "number": "117", "contents": "<span class='description'>&gt; CANCEL REASON - PER COURT/ HURRICANE IRMA</span> entered 09/13/2017.", "entry_date": "9/13/2017"}, {"date": "9/13/2017", "number": "116", "contents": "<span class='description'>CANCELLED PRETRIAL ON 9/13/2017 9:00:00 AM</span> entered 09/13/2017.", "entry_date": "9/13/2017"}, {"date": "8/25/2017", "number": "115", "contents": "<span class='description'>STATE'S FOURTEENTH SUPPLEMENTAL DISCOVERY EXHIBIT</span> entered 08/25/2017.", "entry_date": "8/25/2017"}, {"date": "8/22/2017", "number": "114", "contents": "<span class='description'>10/30/17 FPT &amp; 11/06/17</span> entered 08/22/2017.", "entry_date": "8/22/2017"}, {"date": "8/22/2017", "number": "113", "contents": "<span class='description'>PRETRIAL 09/13/2017 9:00 AM - 308 3RD FLOOR, 501 W ADAMS ST JACKSONVILLE FL 32202</span> entered 08/22/2017.", "entry_date": "8/22/2017"}, {"date": "8/22/2017", "number": "112", "contents": "<span class='description'>DEFENDANT WAIVED READING OF INDICTMENT AND PLEAD N/A-DEFENSE STOOD SILENT-COURT ENTERED PLEA OF NOT GUILTY ON BEHALF OF THE DEFENDANT</span> entered 08/22/2017.", "entry_date": "8/22/2017"}, {"date": "8/22/2017", "number": "111", "contents": "<span class='description'>DEFENDANT PRESENT IN JAIL</span> entered 08/22/2017.", "entry_date": "8/22/2017"}, {"date": "8/22/2017", "number": "110", "contents": "<span class='description'>ATTY. FOR DEF. BOSSEN, MICHAEL S</span> entered 08/22/2017.", "entry_date": "8/22/2017"}, {"date": "8/22/2017", "number": "109", "contents": "<span class='description'>ASST. STATE ATTY. COOPER, JOEL C JR</span> entered 08/22/2017.", "entry_date": "8/22/2017"}, {"date": "8/22/2017", "number": "108", "contents": "<span class='description'>JUDGE WHITTINGTON, STEVEN B</span> entered 08/22/2017.", "entry_date": "8/22/2017"}, {"link_viewer": "https://www.docketalarm.com/cases/Florida_State_Duval_County_Fourth_Circuit_Court/2016-CF-008506/JECORIAN_LEON_MCCRAY/107/", "number": "107", "link": "https://www.docketalarm.com/cases/Florida_State_Duval_County_Fourth_Circuit_Court/2016-CF-008506/JECORIAN_LEON_MCCRAY/docs/107.pdf", "entry_date": "8/22/2017", "date": "8/17/2017", "contents": "<a href=\"/cases/Florida_State_Duval_County_Fourth_Circuit_Court/2016-CF-008506/JECORIAN_LEON_MCCRAY/107/\"><span class='description'>FINDING OF PROBABLE CAUSE ,</span></a> entered 08/22/2017."}, {"date": "8/17/2017", "number": "106", "contents": "<span class='description'>ARREST &amp; BOOKING REPORT 2015-002737 08/16/2017 *INDICTMENT*</span> entered 08/22/2017.", "entry_date": "8/22/2017"}, {"date": "8/15/2017", "number": "105", "contents": "<span class='description'>INDICTMENT FILED FOR S914.22(1) TAMPERING WITH A WITNESS, VICTIM OR INFORMANT</span> entered 08/16/2017.", "entry_date": "8/16/2017"}, {"date": "8/15/2017", "number": "104", "contents": "<span class='description'>INDICTMENT FILED FOR S777.04(3) CONSPIRACY TO COMMIT MURDER</span> entered 08/16/2017.", "entry_date": "8/16/2017"}, {"date": "8/15/2017", "number": "103", "contents": "<span class='description'>INDICTMENT FILED FOR S782.04(1)(A) MURDER IN THE FIRST DEGREE</span> entered 08/16/2017.", "entry_date": "8/16/2017"}, {"date": "7/31/2017", "number": "102", "contents": "<span class='description'>STATES# THIRTEENTH SUPPLEMENTAL DISCOVERY EXHIBIT</span> entered 08/02/2017.", "entry_date": "8/2/2017"}, {"date": "7/17/2017", "number": "101", "contents": "<span class='description'>STATES# TWELFTH SUPPLEMENTAL DISCOVERY EXHIBIT</span> entered 07/18/2017.", "entry_date": "7/18/2017"}, {"date": "7/17/2017", "number": "100", "contents": "<span class='description'>10/30/17 FPT &amp; 11/06/17</span> entered 07/17/2017.", "entry_date": "7/17/2017"}, {"date": "7/17/2017", "number": "99", "contents": "<span class='description'>PRETRIAL 08/22/2017 9:00 AM - 308 3RD FLOOR, 501 W ADAMS ST JACKSONVILLE FL 32202</span> entered 07/17/2017.", "entry_date": "7/17/2017"}, {"date": "7/17/2017", "number": "98", "contents": "<span class='description'>DEFENDANT PRESENT IN JAIL</span> entered 07/17/2017.", "entry_date": "7/17/2017"}, {"date": "7/17/2017", "number": "97", "contents": "<span class='description'>ATTY. FOR DEF. BOSSEN, MICHAEL S</span> entered 07/17/2017.", "entry_date": "7/17/2017"}, {"date": "7/17/2017", "number": "96", "contents": "<span class='description'>ASST. STATE ATTY. COOPER, JOEL C JR</span> entered 07/17/2017.", "entry_date": "7/17/2017"}, {"date": "7/17/2017", "number": "95", "contents": "<span class='description'>JUDGE WHITTINGTON, STEVEN B</span> entered 07/17/2017.", "entry_date": "7/17/2017"}, {"date": "6/8/2017", "number": "94", "contents": "<span class='description'>10/30/17 FPT &amp; 11/06/17</span> entered 06/08/2017.", "entry_date": "6/8/2017"}, {"date": "6/8/2017", "number": "93", "contents": "<span class='description'>PRETRIAL 07/17/2017 9:00 AM - 308 3RD FLOOR, 501 W ADAMS ST JACKSONVILLE FL 32202</span> entered 06/08/2017.", "entry_date": "6/8/2017"}, {"date": "6/8/2017", "number": "92", "contents": "<span class='description'>DEFENDANT PRESENT IN JAIL</span> entered 06/08/2017.", "entry_date": "6/8/2017"}, {"date": "6/8/2017", "number": "91", "contents": "<span class='description'>ATTY. FOR DEF. BOSSEN, MICHAEL S</span> entered 06/08/2017.", "entry_date": "6/8/2017"}, {"date": "6/8/2017", "number": "90", "contents": "<span class='description'>ASST. STATE ATTY. COOPER, JOEL C JR</span> entered 06/08/2017.", "entry_date": "6/8/2017"}, {"date": "6/8/2017", "number": "89", "contents": "<span class='description'>JUDGE WHITTINGTON, STEVEN B</span> entered 06/08/2017.", "entry_date": "6/8/2017"}, {"date": "5/19/2017", "number": "88", "contents": "<span class='description'>STATE'S ELEVENTH SUPPLEMENTAL DISCOVERY EXHIBIT</span> entered 05/22/2017.", "entry_date": "5/22/2017"}, {"date": "5/18/2017", "number": "87", "contents": "<span class='description'>10/30/17 FPT &amp; 11/06/17</span> entered 05/18/2017.", "entry_date": "5/18/2017"}, {"date": "5/18/2017", "number": "86", "contents": "<span class='description'>PRETRIAL 06/08/2017 9:00 AM - 308 3RD FLOOR, 501 W ADAMS ST JACKSONVILLE FL 32202</span> entered 05/18/2017.", "entry_date": "5/18/2017"}, {"date": "5/18/2017", "number": "85", "contents": "<span class='description'>DEFENDANT PRESENT IN JAIL</span> entered 05/18/2017.", "entry_date": "5/18/2017"}, {"date": "5/18/2017", "number": "84", "contents": "<span class='description'>ATTY. FOR DEF. BOSSEN, MICHAEL S</span> entered 05/18/2017.", "entry_date": "5/18/2017"}, {"date": "5/18/2017", "number": "83", "contents": "<span class='description'>ASST. STATE ATTY. COOPER, JOEL C JR</span> entered 05/18/2017.", "entry_date": "5/18/2017"}, {"date": "5/18/2017", "number": "82", "contents": "<span class='description'>JUDGE WHITTINGTON, STEVEN B</span> entered 05/18/2017.", "entry_date": "5/18/2017"}, {"date": "3/30/2017", "number": "81", "contents": "<span class='description'>10/30/17 FPT &amp; 11/06/17 JS; PER EMAIL</span> entered 03/30/2017.", "entry_date": "3/30/2017"}, {"date": "3/30/2017", "number": "80", "contents": "<span class='description'>PRETRIAL 05/18/2017 9:00 AM - 308 3RD FLOOR, 501 W ADAMS ST JACKSONVILLE FL 32202</span> entered 03/30/2017.", "entry_date": "3/30/2017"}, {"date": "3/30/2017", "number": "79", "contents": "<span class='description'>OTHERS PRESENT: HILL FOR COOPER</span> entered 03/30/2017.", "entry_date": "3/30/2017"}, {"date": "3/30/2017", "number": "78", "contents": "<span class='description'>DEFENDANT PRESENT IN JAIL</span> entered 03/30/2017.", "entry_date": "3/30/2017"}, {"date": "3/30/2017", "number": "77", "contents": "<span class='description'>ATTY. FOR DEF. BOSSEN, MICHAEL S</span> entered 03/30/2017.", "entry_date": "3/30/2017"}, {"date": "3/30/2017", "number": "76", "contents": "<span class='description'>ASST. STATE ATTY. COOPER, JOEL C JR</span> entered 03/30/2017.", "entry_date": "3/30/2017"}, {"date": "3/30/2017", "number": "75", "contents": "<span class='description'>JUDGE WHITTINGTON, STEVEN B</span> entered 03/30/2017.", "entry_date": "3/30/2017"}, {"date": "3/8/2017", "number": "74", "contents": "<span class='description'>10/30/17 FPT &amp; 11/06/17 JS; PER EMAIL</span> entered 03/08/2017.", "entry_date": "3/8/2017"}, {"date": "3/8/2017", "number": "73", "contents": "<span class='description'>PRETRIAL 03/30/2017 9:00 AM - 308 3RD FLOOR, 501 W ADAMS ST JACKSONVILLE FL 32202</span> entered 03/08/2017.", "entry_date": "3/8/2017"}, {"date": "3/8/2017", "number": "72", "contents": "<span class='description'>&gt; CANCEL REASON -</span> entered 03/08/2017.", "entry_date": "3/8/2017"}, {"date": "3/8/2017", "number": "71", "contents": "<span class='description'>CANCELLED PRETRIAL ON 3/9/2017 9:00:00 AM</span> entered 03/08/2017.", "entry_date": "3/8/2017"}, {"date": "2/21/2017", "number": "70", "contents": "<span class='description'>10/30/17 FPT &amp; 11/06/17 JS</span> entered 02/21/2017.", "entry_date": "2/21/2017"}, {"date": "2/21/2017", "number": "69", "contents": "<span class='description'>PRETRIAL 03/09/2017 9:00 AM - 308 3RD FLOOR, 501 W ADAMS ST JACKSONVILLE FL 32202</span> entered 02/21/2017.", "entry_date": "2/21/2017"}, {"date": "2/21/2017", "number": "68", "contents": "<span class='description'>DEFENDANT PRESENT IN JAIL</span> entered 02/21/2017.", "entry_date": "2/21/2017"}, {"date": "2/21/2017", "number": "67", "contents": "<span class='description'>ATTY. FOR DEF. BOSSEN, MICHAEL S</span> entered 02/21/2017.", "entry_date": "2/21/2017"}, {"date": "2/21/2017", "number": "66", "contents": "<span class='description'>ASST. STATE ATTY. COOPER, JOEL C JR</span> entered 02/21/2017.", "entry_date": "2/21/2017"}, {"date": "2/21/2017", "number": "65", "contents": "<span class='description'>JUDGE SALVADOR, TATIANA</span> entered 02/21/2017.", "entry_date": "2/21/2017"}, {"date": "2/14/2017", "number": "64", "contents": "<span class='description'>STATE'S TENTH SUPPLEMENTAL DISCOVERY EXHIBIT</span> entered 02/19/2017.", "entry_date": "2/19/2017"}, {"date": "2/10/2017", "number": "63", "contents": "<span class='description'>ORDER SETTING JURY TRIAL AND PRE-TRIAL DEADLINES</span> entered 02/13/2017.", "entry_date": "2/13/2017"}, {"date": "2/9/2017", "number": "62", "contents": "<span class='description'>10/30/17 FPT &amp; 11/06/17 JS</span> entered 02/09/2017.", "entry_date": "2/9/2017"}, {"date": "2/9/2017", "number": "61", "contents": "<span class='description'>PRETRIAL 02/21/2017 9:00 AM - 308 3RD FLOOR, 501 W ADAMS ST JACKSONVILLE FL 32202</span> entered 02/09/2017.", "entry_date": "2/9/2017"}, {"date": "2/9/2017", "number": "60", "contents": "<span class='description'>** WAIVER OF SPEEDY TRIAL **</span> entered 02/09/2017.", "entry_date": "2/9/2017"}, {"date": "2/9/2017", "number": "59", "contents": "<span class='description'>DEFENDANT PRESENT IN JAIL</span> entered 02/09/2017.", "entry_date": "2/9/2017"}, {"date": "2/9/2017", "number": "58", "contents": "<span class='description'>ATTY. FOR DEF. BOSSEN, MICHAEL S</span> entered 02/09/2017.", "entry_date": "2/9/2017"}, {"date": "2/9/2017", "number": "57", "contents": "<span class='description'>ASST. STATE ATTY. COOPER, JOEL C JR</span> entered 02/09/2017.", "entry_date": "2/9/2017"}, {"date": "2/9/2017", "number": "56", "contents": "<span class='description'>JUDGE WHITTINGTON, STEVEN B</span> entered 02/09/2017.", "entry_date": "2/9/2017"}, {"date": "1/30/2017", "number": "55", "contents": "<span class='description'>STATES# NINTH SUPPLEMENTAL DISCOVERY EXHIBIT</span> entered 02/02/2017.", "entry_date": "2/2/2017"}, {"date": "1/25/2017", "number": "54", "contents": "<span class='description'>STATE'S EIGHTH SUPPLEMENTAL DISCOVERY EXHIBIT</span> entered 01/26/2017.", "entry_date": "1/26/2017"}, {"date": "1/12/2017", "number": "53", "contents": "<span class='description'>STATE'S SEVENTH SUPPLEMENTAL DISCOVERY EXHIBIT</span> entered 01/15/2017.", "entry_date": "1/15/2017"}, {"date": "1/12/2017", "number": "52", "contents": "<span class='description'>PRETRIAL 02/09/2017 9:00 AM - 308 3RD FLOOR, 501 W ADAMS ST JACKSONVILLE FL 32202</span> entered 01/12/2017.", "entry_date": "1/12/2017"}, {"date": "1/12/2017", "number": "51", "contents": "<span class='description'>DEFENDANT PRESENT IN JAIL</span> entered 01/12/2017.", "entry_date": "1/12/2017"}, {"date": "1/12/2017", "number": "50", "contents": "<span class='description'>ATTY. FOR DEF. BOSSEN, MICHAEL S</span> entered 01/12/2017.", "entry_date": "1/12/2017"}, {"date": "1/12/2017", "number": "49", "contents": "<span class='description'>ASST. STATE ATTY. COOPER, JOEL C JR</span> entered 01/12/2017.", "entry_date": "1/12/2017"}, {"date": "1/12/2017", "number": "48", "contents": "<span class='description'>JUDGE WHITTINGTON, STEVEN B</span> entered 01/12/2017.", "entry_date": "1/12/2017"}, {"date": "1/6/2017", "number": "47", "contents": "<span class='description'>STATES# SIXTH SUPPLEMENTAL DISCOVERY EXHIBIT</span> entered 01/07/2017.", "entry_date": "1/7/2017"}, {"date": "1/5/2017", "number": "46", "contents": "<span class='description'>PRETRIAL 01/12/2017 9:00 AM - 308 3RD FLOOR, 501 W ADAMS ST JACKSONVILLE FL 32202</span> entered 01/05/2017.", "entry_date": "1/5/2017"}, {"date": "1/5/2017", "number": "45", "contents": "<span class='description'>DEFENDANT PRESENT IN JAIL</span> entered 01/05/2017.", "entry_date": "1/5/2017"}, {"date": "1/5/2017", "number": "44", "contents": "<span class='description'>ATTY. FOR DEF. BOSSEN, MICHAEL S</span> entered 01/05/2017.", "entry_date": "1/5/2017"}, {"date": "1/5/2017", "number": "43", "contents": "<span class='description'>ASST. STATE ATTY. COOPER, JOEL C JR</span> entered 01/05/2017.", "entry_date": "1/5/2017"}, {"date": "1/5/2017", "number": "42", "contents": "<span class='description'>JUDGE WHITTINGTON, STEVEN B</span> entered 01/05/2017.", "entry_date": "1/5/2017"}, {"date": "1/4/2017", "number": "41", "contents": "<span class='description'>STATE'S FIFTH SUPPLEMENTAL DISCOVERY EXHIBIT</span> entered 01/04/2017.", "entry_date": "1/4/2017"}, {"date": "12/15/2016", "number": "40", "contents": "<span class='description'>STATE'S FOURTH SUPPLEMENTAL DISCOVERY EXHIBIT</span> entered 12/15/2016.", "entry_date": "12/15/2016"}, {"date": "12/1/2016", "number": "39", "contents": "<span class='description'>PRETRIAL 01/05/2017 9:00 AM - 308 3RD FLOOR, 501 W ADAMS ST JACKSONVILLE FL 32202</span> entered 12/01/2016.", "entry_date": "12/1/2016"}, {"date": "12/1/2016", "number": "38", "contents": "<span class='description'>DEFENDANT PRESENT IN JAIL</span> entered 12/01/2016.", "entry_date": "12/1/2016"}, {"date": "12/1/2016", "number": "37", "contents": "<span class='description'>ATTY. FOR DEF. BOSSEN, MICHAEL S</span> entered 12/01/2016.", "entry_date": "12/1/2016"}, {"date": "12/1/2016", "number": "36", "contents": "<span class='description'>ASST. STATE ATTY. COOPER, JOEL C JR</span> entered 12/01/2016.", "entry_date": "12/1/2016"}, {"date": "12/1/2016", "number": "35", "contents": "<span class='description'>JUDGE WHITTINGTON, STEVEN B</span> entered 12/01/2016.", "entry_date": "12/1/2016"}, {"date": "11/9/2016", "number": "34", "contents": "<span class='description'>PRETRIAL 12/01/2016 9:00 AM - 308 3RD FLOOR, 501 W ADAMS ST JACKSONVILLE FL 32202</span> entered 11/09/2016.", "entry_date": "11/9/2016"}, {"date": "11/9/2016", "number": "33", "contents": "<span class='description'>DEFENDANT PRESENT IN JAIL</span> entered 11/09/2016.", "entry_date": "11/9/2016"}, {"date": "11/9/2016", "number": "32", "contents": "<span class='description'>ATTY. FOR DEF. BOSSEN, MICHAEL S</span> entered 11/09/2016.", "entry_date": "11/9/2016"}, {"date": "11/9/2016", "number": "31", "contents": "<span class='description'>ASST. STATE ATTY. COOPER, JOEL C JR</span> entered 11/09/2016.", "entry_date": "11/9/2016"}, {"date": "11/9/2016", "number": "30", "contents": "<span class='description'>JUDGE WHITTINGTON, STEVEN B</span> entered 11/09/2016.", "entry_date": "11/9/2016"}, {"date": "11/2/2016", "number": "29", "contents": "<span class='description'>STATES# THIRD SUPPLEMENTAL DISCOVERY EXHIBIT</span> entered 11/03/2016.", "entry_date": "11/3/2016"}, {"date": "10/31/2016", "number": "28", "contents": "<span class='description'>STATES SECOND SUPPLEMENTAL DISCOVERY EXHIBIT</span> entered 11/01/2016.", "entry_date": "11/1/2016"}, {"date": "10/27/2016", "number": "27", "contents": "<span class='description'>NOTICE OF DISCOVERY</span> entered 10/31/2016.", "entry_date": "10/31/2016"}, {"link_viewer": "https://www.docketalarm.com/cases/Florida_State_Duval_County_Fourth_Circuit_Court/2016-CF-008506/JECORIAN_LEON_MCCRAY/26/", "number": "26", "link": "https://www.docketalarm.com/cases/Florida_State_Duval_County_Fourth_Circuit_Court/2016-CF-008506/JECORIAN_LEON_MCCRAY/docs/26.pdf", "entry_date": "10/31/2016", "date": "10/27/2016", "contents": "<a href=\"/cases/Florida_State_Duval_County_Fourth_Circuit_Court/2016-CF-008506/JECORIAN_LEON_MCCRAY/26/\"><span class='description'>NOTICE OF APPEARANCE BOSSEN, MICHAEL S AND PLEA OF NOT GUILTY</span></a> entered 10/31/2016."}, {"date": "10/25/2016", "number": "25", "contents": "<span class='description'>STATES# FIRST SUPPLEMENTAL DISCOVERY EXHIBIT</span> entered 10/26/2016.", "entry_date": "10/26/2016"}, {"date": "10/24/2016", "number": "24", "contents": "<span class='description'>STATE'S DISCOVERY EXHIBIT AND DEMAND FOR RECIPROCAL DISCOVERY</span> entered 10/24/2016.", "entry_date": "10/24/2016"}, {"link_viewer": "https://www.docketalarm.com/cases/Florida_State_Duval_County_Fourth_Circuit_Court/2016-CF-008506/JECORIAN_LEON_MCCRAY/23/", "number": "23", "link": "https://www.docketalarm.com/cases/Florida_State_Duval_County_Fourth_Circuit_Court/2016-CF-008506/JECORIAN_LEON_MCCRAY/docs/23.pdf", "entry_date": "10/19/2016", "date": "10/18/2016", "contents": "<a href=\"/cases/Florida_State_Duval_County_Fourth_Circuit_Court/2016-CF-008506/JECORIAN_LEON_MCCRAY/23/\"><span class='description'>ORDER APPOINTING ATTORNEY</span></a> entered 10/19/2016."}, {"date": "10/18/2016", "number": "22", "contents": "<span class='description'>PRETRIAL 11/09/2016 9:00 AM - 308 3RD FLOOR, 501 W ADAMS ST JACKSONVILLE FL 32202</span> entered 10/18/2016.", "entry_date": "10/18/2016"}, {"date": "10/18/2016", "number": "21", "contents": "<span class='description'>PLEA OF NOT GUILTY</span> entered 10/18/2016.", "entry_date": "10/18/2016"}, {"date": "10/18/2016", "number": "20", "contents": "<span class='description'>PLEA OF NOT GUILTY</span> entered 10/18/2016.", "entry_date": "10/18/2016"}, {"date": "10/18/2016", "number": "19", "contents": "<span class='description'>DEF. W/READING OF INFO &amp; PLEAD NG</span> entered 10/18/2016.", "entry_date": "10/18/2016"}, {"date": "10/18/2016", "number": "18", "contents": "<span class='description'>DEFENDANT PRESENT IN JAIL</span> entered 10/18/2016.", "entry_date": "10/18/2016"}, {"date": "10/18/2016", "number": "17", "contents": "<span class='description'>ATTY. FOR DEF. BOSSEN, MICHAEL S</span> entered 10/18/2016.", "entry_date": "10/18/2016"}, {"date": "10/18/2016", "number": "16", "contents": "<span class='description'>ORDER ALLOWING PUBLIC DEFENDER TO WITHDRAW AND APPOINTING ATTORNEY -ORDER TO BE ENTERED</span> entered 10/18/2016.", "entry_date": "10/18/2016"}, {"date": "10/18/2016", "number": "15", "contents": "<span class='description'>REGIONAL CONFLICT COUNSEL PERMITTED TO WITHDRAW AS COUNSEL FOR DEFENDANT -CONFLICT</span> entered 10/18/2016.", "entry_date": "10/18/2016"}, {"date": "10/18/2016", "number": "14", "contents": "<span class='description'>PUBLIC DEFENDER PERMITTED TO WITHDRAW AS COUNSEL FOR DEF. CONFLICT</span> entered 10/18/2016.", "entry_date": "10/18/2016"}, {"date": "10/18/2016", "number": "13", "contents": "<span class='description'>ASST. PUB. DEF. PUBLIC DEFENDER ASSIGNED</span> entered 10/18/2016.", "entry_date": "10/18/2016"}, {"date": "10/18/2016", "number": "12", "contents": "<span class='description'>ASST. STATE ATTY. COOPER, JOEL C JR</span> entered 10/18/2016.", "entry_date": "10/18/2016"}, {"date": "10/18/2016", "number": "11", "contents": "<span class='description'>JUDGE WHITTINGTON, STEVEN B</span> entered 10/18/2016.", "entry_date": "10/18/2016"}, {"date": "10/13/2016", "number": "10", "contents": "<span class='description'>ARRAIGNMENT DATE 10/18/2016 9:00 AM - 308 3RD FLOOR, 501 W ADAMS ST JACKSONVILLE FL 32202</span> entered 10/13/2016.", "entry_date": "10/13/2016"}, {"date": "10/13/2016", "number": "9", "contents": "<span class='description'>INFORMATION FILED S914.22(1) TAMPERING WITH WITNESS, VICTIM OR INFORMANT IN A 2ND DEGREE FELONY PROCEEDING</span> entered 10/13/2016.", "entry_date": "10/13/2016"}, {"date": "10/13/2016", "number": "8", "contents": "<span class='description'>INFORMATION FILED S782.04(2) MURDER - SECOND DEGREE</span> entered 10/13/2016.", "entry_date": "10/13/2016"}, {"date": "10/13/2016", "number": "7", "contents": "<span class='description'>INFORMATION</span> entered 10/13/2016.", "entry_date": "10/13/2016"}, {"date": "10/12/2016", "number": "6", "contents": "<span class='description'>TRIAL ASSISTANT STATE ATTORNEY CHANGED TO Cooper, Joel C Jr PER SAO</span> entered 10/12/2016.", "entry_date": "10/12/2016"}, {"date": "9/24/2016", "number": "5", "contents": "<span class='description'>BOND SET AT NONE</span> entered 09/26/2016.", "entry_date": "9/26/2016"}, {"date": "9/24/2016", "number": "4", "contents": "<span class='description'>ARRAIGNMENT COURT DATE: 10/17/2016 SUBJECT TO CHANGE. CALL FOR VERIFICATION</span> entered 09/26/2016.", "entry_date": "9/26/2016"}, {"link_viewer": "https://www.docketalarm.com/cases/Florida_State_Duval_County_Fourth_Circuit_Court/2016-CF-008506/JECORIAN_LEON_MCCRAY/3/", "number": "3", "link": "https://www.docketalarm.com/cases/Florida_State_Duval_County_Fourth_Circuit_Court/2016-CF-008506/JECORIAN_LEON_MCCRAY/docs/3.pdf", "entry_date": "9/26/2016", "date": "9/24/2016", "contents": "<a href=\"/cases/Florida_State_Duval_County_Fourth_Circuit_Court/2016-CF-008506/JECORIAN_LEON_MCCRAY/3/\"><span class='description'>FINDING OF PROBABLE CAUSE ,</span></a> entered 09/26/2016."}, {"date": "9/24/2016", "number": "2", "contents": "<span class='description'>S782.04 MURDER</span> entered 09/26/2016.", "entry_date": "9/26/2016"}, {"date": "9/24/2016", "number": "1", "contents": "<span class='description'>ARREST &amp; BOOKING REPORT 2015-002737 1/29/2015</span> entered 09/26/2016.", "entry_date": "9/26/2016"}], "success": true, "parties": [{"race": "B", "name_normalized": "Jecorian Leon McCray", "name": "JECORIAN LEON MCCRAY", "sex": "Male", "other": [], "type": "Defendant"}], "analyze": {"last_analyze": "6/22/2020"}, "deadlines_docs": {"06/23/2020": [4], "10/12/2020": [3, 29, 34], "10/19/2020": [3], "10/29/2020": [29, 34], "10/26/2020": [29, 34]}}