{"info": {"status": "DISPOSED", "division": "CR-D", "judges": ["BORELLO, MARK"], "court": "Florida State, Duval County, Fourth Circuit Court", "title": "JAROD MATTHEW MILLER", "date_filed": "9/17/2015", "link": "https://www.docketalarm.com/cases/Florida_State_Duval_County_Fourth_Circuit_Court/2015-CF-008206/JAROD_MATTHEW_MILLER/", "judges_normalized": ["Borello Mark"], "judge": "BORELLO, MARK", "type": "Circuit Criminal", "docket": "2015-CF-008206"}, "docket_report": [{"date": "11/18/2016", "number": "179", "contents": "<span class='description'>RESTITUTION ORDER CREATED FOR: $ $5,000.00 BOOK 17782 PAGE 590-591</span> entered 11/18/2016.", "entry_date": "11/18/2016"}, {"date": "10/31/2016", "number": "178", "contents": "<span class='description'>RECEIPT FOR CIVIL PROCESS, JAIL, WARRANTS</span> entered 11/03/2016.", "entry_date": "11/3/2016"}, {"link_viewer": "https://www.docketalarm.com/cases/Florida_State_Duval_County_Fourth_Circuit_Court/2015-CF-008206/JAROD_MATTHEW_MILLER/177/", "number": "177", "link": "https://www.docketalarm.com/cases/Florida_State_Duval_County_Fourth_Circuit_Court/2015-CF-008206/JAROD_MATTHEW_MILLER/docs/177.pdf", "entry_date": "10/28/2016", "date": "10/28/2016", "contents": "<a href=\"/cases/Florida_State_Duval_County_Fourth_Circuit_Court/2015-CF-008206/JAROD_MATTHEW_MILLER/177/\"><span class='description'>COMMITMENT CHECKLIST SENT</span></a> entered 10/28/2016."}, {"link_viewer": "https://www.docketalarm.com/cases/Florida_State_Duval_County_Fourth_Circuit_Court/2015-CF-008206/JAROD_MATTHEW_MILLER/176/", "number": "176", "link": "https://www.docketalarm.com/cases/Florida_State_Duval_County_Fourth_Circuit_Court/2015-CF-008206/JAROD_MATTHEW_MILLER/docs/176.pdf", "entry_date": "10/28/2016", "date": "10/28/2016", "contents": "<a href=\"/cases/Florida_State_Duval_County_Fourth_Circuit_Court/2015-CF-008206/JAROD_MATTHEW_MILLER/176/\"><span class='description'>UNIFORM COMMITMENT TO CUSTODY OF DEPT. OF CORRECTIONS</span></a> entered 10/28/2016."}, {"date": "10/28/2016", "number": "175", "contents": "<span class='description'>CERTIFICATE OF SERVICE FOR JUDGMENT AND SENTENCE</span> entered 10/28/2016.", "entry_date": "10/28/2016"}, {"date": "10/28/2016", "number": "174", "contents": "<span class='description'>REDUCED S782.04(2) MURDER IN THE SECOND DEGREE WITH A WEAPON</span> entered 10/28/2016.", "entry_date": "10/28/2016"}, {"date": "10/27/2016", "number": "173", "contents": "<span class='description'>CLERKS EXHIBIT MEMO</span> entered 11/03/2016.", "entry_date": "11/3/2016"}, {"date": "10/27/2016", "number": "171", "contents": "<span class='description'>CLERKS MEMO OF HEARING</span> entered 10/28/2016.", "entry_date": "10/28/2016"}, {"date": "10/27/2016", "number": "170", "contents": "<span class='description'>SENTENCING HEARING HELD IN FULL</span> entered 10/28/2016.", "entry_date": "10/28/2016"}, {"date": "10/27/2016", "number": "168", "contents": "<span class='description'>SENTENCING GUIDELINES</span> entered 10/28/2016.", "entry_date": "10/28/2016"}, {"link_viewer": "https://www.docketalarm.com/cases/Florida_State_Duval_County_Fourth_Circuit_Court/2015-CF-008206/JAROD_MATTHEW_MILLER/167/", "number": "167", "link": "https://www.docketalarm.com/cases/Florida_State_Duval_County_Fourth_Circuit_Court/2015-CF-008206/JAROD_MATTHEW_MILLER/docs/167.pdf", "entry_date": "10/28/2016", "date": "10/27/2016", "contents": "<a href=\"/cases/Florida_State_Duval_County_Fourth_Circuit_Court/2015-CF-008206/JAROD_MATTHEW_MILLER/167/\"><span class='description'>PAYMENT AUTHORIZATION SHEET</span></a> entered 10/28/2016."}, {"link_viewer": "https://www.docketalarm.com/cases/Florida_State_Duval_County_Fourth_Circuit_Court/2015-CF-008206/JAROD_MATTHEW_MILLER/166/", "number": "166", "link": "https://www.docketalarm.com/cases/Florida_State_Duval_County_Fourth_Circuit_Court/2015-CF-008206/JAROD_MATTHEW_MILLER/docs/166.pdf", "entry_date": "10/28/2016", "date": "10/27/2016", "contents": "<a href=\"/cases/Florida_State_Duval_County_Fourth_Circuit_Court/2015-CF-008206/JAROD_MATTHEW_MILLER/166/\"><span class='description'>COURT ORDERED COSTS/FINES/FEES BOOK 17757 PAGE 2367-2368</span></a> entered 10/28/2016."}, {"date": "10/27/2016", "number": "165", "contents": "<span class='description'>NOL PROS (CODE 30) S790.19 SHOOTING OR THROWING DEADLY MISSILE</span> entered 10/28/2016.", "entry_date": "10/28/2016"}, {"date": "10/27/2016", "number": "164", "contents": "<span class='description'>SEE COUNT 1</span> entered 10/28/2016.", "entry_date": "10/28/2016"}, {"date": "10/27/2016", "number": "163", "contents": "<span class='description'>CREDIT TIME: 407 DAYS</span> entered 10/28/2016.", "entry_date": "10/28/2016"}, {"date": "10/27/2016", "number": "162", "contents": "<span class='description'>JUDGMENT AND SENTENCE TO STATE PRISON FOR 40 YEARS</span> entered 10/28/2016.", "entry_date": "10/28/2016"}, {"date": "10/27/2016", "number": "161", "contents": "<span class='description'>DEF. ADJUDGED GUILTY - FINGERPRINTS TAKEN</span> entered 10/28/2016.", "entry_date": "10/28/2016"}, {"date": "10/27/2016", "number": "160", "contents": "<span class='description'>DEFENDANT PLEAD GUILTY</span> entered 10/28/2016.", "entry_date": "10/28/2016"}, {"date": "10/27/2016", "number": "159", "contents": "<span class='description'>FEES DUE: 10/29/2057</span> entered 10/28/2016.", "entry_date": "10/28/2016"}, {"date": "10/27/2016", "number": "158", "contents": "<span class='description'>CSTF 20.00 IMPOSED</span> entered 10/28/2016.", "entry_date": "10/28/2016"}, {"date": "10/27/2016", "number": "157", "contents": "<span class='description'>SAIEF 100.00 IMPOSED</span> entered 10/28/2016.", "entry_date": "10/28/2016"}, {"date": "10/27/2016", "number": "156", "contents": "<span class='description'>AACC 65.00 IMPOSED</span> entered 10/28/2016.", "entry_date": "10/28/2016"}, {"date": "10/27/2016", "number": "155", "contents": "<span class='description'>TNC 3.00 IMPOSED</span> entered 10/28/2016.", "entry_date": "10/28/2016"}, {"date": "10/27/2016", "number": "154", "contents": "<span class='description'>PD FEE 100.00 IMPOSED</span> entered 10/28/2016.", "entry_date": "10/28/2016"}, {"date": "10/27/2016", "number": "153", "contents": "<span class='description'>LGTF 225.00 IMPOSED</span> entered 10/28/2016.", "entry_date": "10/28/2016"}, {"date": "10/27/2016", "number": "152", "contents": "<span class='description'>CCT 50.00 IMPOSED</span> entered 10/28/2016.", "entry_date": "10/28/2016"}, {"date": "10/27/2016", "number": "151", "contents": "<span class='description'>COST OF COURT 50.00 IMPOSED</span> entered 10/28/2016.", "entry_date": "10/28/2016"}, {"date": "10/27/2016", "number": "150", "contents": "<span class='description'>LEEA 5.00 IMPOSED</span> entered 10/28/2016.", "entry_date": "10/28/2016"}, {"date": "10/27/2016", "number": "149", "contents": "<span class='description'>40 YEAR MINIMUM MANDATORY SENTENCE IMPOSED PER F.S. 775.087(1) AS TO COUNTS 1 &amp; 2- CONCURRENT EACH COUNT</span> entered 10/28/2016.", "entry_date": "10/28/2016"}, {"date": "10/27/2016", "number": "148", "contents": "<span class='description'>JURISDICTION RESERVED TO DETERMINE RESTITUTION FOR: 60 DAYS</span> entered 10/28/2016.", "entry_date": "10/28/2016"}, {"date": "10/27/2016", "number": "147", "contents": "<span class='description'>CONCURRENT WITH COUNT/S 1-2</span> entered 10/28/2016.", "entry_date": "10/28/2016"}, {"date": "10/27/2016", "number": "146", "contents": "<span class='description'>CREDIT TIME: 407 DAYS</span> entered 10/28/2016.", "entry_date": "10/28/2016"}, {"link_viewer": "https://www.docketalarm.com/cases/Florida_State_Duval_County_Fourth_Circuit_Court/2015-CF-008206/JAROD_MATTHEW_MILLER/145/", "number": "145", "link": "https://www.docketalarm.com/cases/Florida_State_Duval_County_Fourth_Circuit_Court/2015-CF-008206/JAROD_MATTHEW_MILLER/docs/145.pdf", "entry_date": "10/28/2016", "date": "10/27/2016", "contents": "<a href=\"/cases/Florida_State_Duval_County_Fourth_Circuit_Court/2015-CF-008206/JAROD_MATTHEW_MILLER/145/\"><span class='description'>JUDGMENT AND SENTENCE TO STATE PRISON FOR 40 YEARS BOOK 17757 PAGE 2322-2328</span></a> entered 10/28/2016."}, {"date": "10/27/2016", "number": "144", "contents": "<span class='description'>DEF. ADJUDGED GUILTY - FINGERPRINTS TAKEN</span> entered 10/28/2016.", "entry_date": "10/28/2016"}, {"date": "10/27/2016", "number": "143", "contents": "<span class='description'>DEFENDANT PLEAD GUILTY</span> entered 10/28/2016.", "entry_date": "10/28/2016"}, {"date": "10/27/2016", "number": "142", "contents": "<span class='description'>ACKNOWLEDGE. OF RIGHTS &amp; VOLUNTARINESS OF ENTRY OF PLEA</span> entered 10/28/2016.", "entry_date": "10/28/2016"}, {"date": "10/27/2016", "number": "141", "contents": "<span class='description'>DEF. PERMITTED TO W/D PLEA OF NOT GUILTY PLEAD GUILTY</span> entered 10/28/2016.", "entry_date": "10/28/2016"}, {"date": "10/27/2016", "number": "140", "contents": "<span class='description'>DEFENDANT PRESENT</span> entered 10/28/2016.", "entry_date": "10/28/2016"}, {"date": "10/27/2016", "number": "139", "contents": "<span class='description'>ASST. PUB. DEF. BEDELL, H KATE</span> entered 10/28/2016.", "entry_date": "10/28/2016"}, {"date": "10/27/2016", "number": "138", "contents": "<span class='description'>ASST. STATE ATTY. KALINOWSKI, JOHN GARDINER</span> entered 10/28/2016.", "entry_date": "10/28/2016"}, {"date": "10/27/2016", "number": "137", "contents": "<span class='description'>JUDGE BORELLO, MARK</span> entered 10/28/2016.", "entry_date": "10/28/2016"}, {"date": "10/4/2016", "number": "136", "contents": "<span class='description'>PER JA E-MAIL</span> entered 10/04/2016.", "entry_date": "10/4/2016"}, {"date": "10/4/2016", "number": "135", "contents": "<span class='description'>PRETRIAL 10/27/2016 9:00 AM - 306 3RD FLOOR, 501 W ADAMS ST JACKSONVILLE FL 32202</span> entered 10/04/2016.", "entry_date": "10/4/2016"}, {"date": "10/4/2016", "number": "134", "contents": "<span class='description'>&gt; CANCEL REASON -</span> entered 10/04/2016.", "entry_date": "10/4/2016"}, {"date": "10/4/2016", "number": "133", "contents": "<span class='description'>CANCELLED PRETRIAL ON 10/6/2016 9:00:00 AM</span> entered 10/04/2016.", "entry_date": "10/4/2016"}, {"date": "9/15/2016", "number": "132", "contents": "<span class='description'>PRETRIAL 10/06/2016 9:00 AM - 306 3RD FLOOR, 501 W ADAMS ST JACKSONVILLE FL 32202</span> entered 09/15/2016.", "entry_date": "9/15/2016"}, {"date": "9/15/2016", "number": "131", "contents": "<span class='description'>MOTION --- STATES ORAL MOTION FOR CONTINUANCE - GRANTED.</span> entered 09/15/2016.", "entry_date": "9/15/2016"}, {"date": "9/15/2016", "number": "130", "contents": "<span class='description'>OTHERS PRESENT: P. HAZEL FOR J. KALINOWSKI</span> entered 09/15/2016.", "entry_date": "9/15/2016"}, {"date": "9/15/2016", "number": "129", "contents": "<span class='description'>DEFENDANT PRESENT IN JAIL</span> entered 09/15/2016.", "entry_date": "9/15/2016"}, {"date": "9/15/2016", "number": "128", "contents": "<span class='description'>ASST. PUB. DEF. BEDELL, H KATE</span> entered 09/15/2016.", "entry_date": "9/15/2016"}, {"date": "9/15/2016", "number": "127", "contents": "<span class='description'>ASST. STATE ATTY. KALINOWSKI, JOHN GARDINER</span> entered 09/15/2016.", "entry_date": "9/15/2016"}, {"date": "9/15/2016", "number": "126", "contents": "<span class='description'>JUDGE BORELLO, MARK</span> entered 09/15/2016.", "entry_date": "9/15/2016"}, {"date": "9/14/2016", "number": "125", "contents": "<span class='description'>MOTION FOR CONTINUANCE</span> entered 09/15/2016.", "entry_date": "9/15/2016"}, {"date": "9/6/2016", "number": "124", "contents": "<span class='description'>SUBPOENA FOR DEPOSITION</span> entered 09/08/2016.", "entry_date": "9/8/2016"}, {"date": "8/11/2016", "number": "123", "contents": "<span class='description'>AMENDED NOTICE OF TAKING DEPOSITION (AMENDED)</span> entered 08/12/2016.", "entry_date": "8/12/2016"}, {"date": "8/10/2016", "number": "122", "contents": "<span class='description'>9/19/16 JS</span> entered 08/10/2016.", "entry_date": "8/10/2016"}, {"date": "8/10/2016", "number": "121", "contents": "<span class='description'>FINAL PRETRIAL 09/15/2016 9:00 AM - 306 3RD FLOOR, 501 W ADAMS ST JACKSONVILLE FL 32202</span> entered 08/10/2016.", "entry_date": "8/10/2016"}, {"date": "8/10/2016", "number": "120", "contents": "<span class='description'>DEFENDANT PRESENT IN JAIL</span> entered 08/10/2016.", "entry_date": "8/10/2016"}, {"date": "8/10/2016", "number": "119", "contents": "<span class='description'>ASST. PUB. DEF. BEDELL, H KATE</span> entered 08/10/2016.", "entry_date": "8/10/2016"}, {"date": "8/10/2016", "number": "118", "contents": "<span class='description'>ASST. STATE ATTY. KALINOWSKI, JOHN GARDINER</span> entered 08/10/2016.", "entry_date": "8/10/2016"}, {"date": "8/10/2016", "number": "117", "contents": "<span class='description'>JUDGE BORELLO, MARK</span> entered 08/10/2016.", "entry_date": "8/10/2016"}, {"date": "8/8/2016", "number": "116", "contents": "<span class='description'>NOTICE OF TAKING DEPOSITION</span> entered 08/09/2016.", "entry_date": "8/9/2016"}, {"date": "7/14/2016", "number": "115", "contents": "<span class='description'>9/15/16 FPT, 9/19/16 JS</span> entered 07/14/2016.", "entry_date": "7/14/2016"}, {"date": "7/14/2016", "number": "114", "contents": "<span class='description'>PRETRIAL 08/10/2016 9:00 AM - 306 3RD FLOOR, 501 W ADAMS ST JACKSONVILLE FL 32202</span> entered 07/14/2016.", "entry_date": "7/14/2016"}, {"date": "7/14/2016", "number": "113", "contents": "<span class='description'>DEFENDANT PRESENT IN JAIL</span> entered 07/14/2016.", "entry_date": "7/14/2016"}, {"date": "7/14/2016", "number": "112", "contents": "<span class='description'>ASST. PUB. DEF. BEDELL, H KATE</span> entered 07/14/2016.", "entry_date": "7/14/2016"}, {"date": "7/14/2016", "number": "111", "contents": "<span class='description'>ASST. STATE ATTY. KALINOWSKI, JOHN GARDINER</span> entered 07/14/2016.", "entry_date": "7/14/2016"}, {"date": "7/14/2016", "number": "110", "contents": "<span class='description'>JUDGE BORELLO, MARK</span> entered 07/14/2016.", "entry_date": "7/14/2016"}, {"date": "6/17/2016", "number": "109", "contents": "<span class='description'>SUBPOENA FOR DEPOSITION</span> entered 06/21/2016.", "entry_date": "6/21/2016"}, {"date": "6/13/2016", "number": "108", "contents": "<span class='description'>NOTICE OF TAKING DEPOSITION</span> entered 06/14/2016.", "entry_date": "6/14/2016"}, {"date": "6/7/2016", "number": "107", "contents": "<span class='description'>9/15/16 FPT, 9/19/16 JS</span> entered 06/07/2016.", "entry_date": "6/7/2016"}, {"date": "6/7/2016", "number": "106", "contents": "<span class='description'>PRETRIAL 07/14/2016 9:00 AM - 306 3RD FLOOR, 501 W ADAMS ST JACKSONVILLE FL 32202</span> entered 06/07/2016.", "entry_date": "6/7/2016"}, {"date": "6/7/2016", "number": "105", "contents": "<span class='description'>DEFENDANT PRESENT IN JAIL</span> entered 06/07/2016.", "entry_date": "6/7/2016"}, {"date": "6/7/2016", "number": "104", "contents": "<span class='description'>ASST. PUB. DEF. BEDELL, H KATE</span> entered 06/07/2016.", "entry_date": "6/7/2016"}, {"date": "6/7/2016", "number": "103", "contents": "<span class='description'>ASST. STATE ATTY. KALINOWSKI, JOHN GARDINER</span> entered 06/07/2016.", "entry_date": "6/7/2016"}, {"date": "6/7/2016", "number": "102", "contents": "<span class='description'>JUDGE BORELLO, MARK</span> entered 06/07/2016.", "entry_date": "6/7/2016"}, {"date": "5/16/2016", "number": "101", "contents": "<span class='description'>SUBPOENA FOR DEPOSITION (DEFENSE)</span> entered 05/17/2016.", "entry_date": "5/17/2016"}, {"date": "5/11/2016", "number": "100", "contents": "<span class='description'>SUBPOENA FOR DEPOSITION (DEFENSE)</span> entered 05/12/2016.", "entry_date": "5/12/2016"}, {"date": "5/10/2016", "number": "99", "contents": "<span class='description'>TRIAL ASSISTANT STATE ATTORNEY CHANGED TO Kalinowski, John Gardiner PER SAO</span> entered 05/10/2016.", "entry_date": "5/10/2016"}, {"date": "5/10/2016", "number": "98", "contents": "<span class='description'>NOTICE OF TAKING DEPOSITION</span> entered 05/10/2016.", "entry_date": "5/10/2016"}, {"date": "5/9/2016", "number": "97", "contents": "<span class='description'>TRIAL ASSISTANT STATE ATTORNEY CHANGED TO Kirch, Janeen Marie PER SAO</span> entered 05/09/2016.", "entry_date": "5/9/2016"}, {"date": "4/22/2016", "number": "96", "contents": "<span class='description'>SUBPOENA FOR DEPOSITION</span> entered 04/25/2016.", "entry_date": "4/25/2016"}, {"date": "4/21/2016", "number": "95", "contents": "<span class='description'>SUBPOENA FOR DEPOSITION - 6 ATTACHED (DEFENSE)</span> entered 04/22/2016.", "entry_date": "4/22/2016"}, {"date": "4/19/2016", "number": "94", "contents": "<span class='description'>NOTICE OF TAKING DEPOSITION</span> entered 04/19/2016.", "entry_date": "4/19/2016"}, {"date": "3/30/2016", "number": "93", "contents": "<span class='description'>DEMAND FOR DISCOVERY (SUPPLEMENTAL)</span> entered 03/30/2016.", "entry_date": "3/30/2016"}, {"date": "3/29/2016", "number": "92", "contents": "<span class='description'>9/15/16 FPR, 9/19/16 JS</span> entered 03/29/2016.", "entry_date": "3/29/2016"}, {"date": "3/29/2016", "number": "91", "contents": "<span class='description'>PRETRIAL 06/07/2016 9:00 AM - 306 3RD FLOOR, 501 W ADAMS ST JACKSONVILLE FL 32202</span> entered 03/29/2016.", "entry_date": "3/29/2016"}, {"date": "3/29/2016", "number": "90", "contents": "<span class='description'>DEFENDANT PRESENT IN JAIL</span> entered 03/29/2016.", "entry_date": "3/29/2016"}, {"date": "3/29/2016", "number": "89", "contents": "<span class='description'>ASST. PUB. DEF. BEDELL, H KATE</span> entered 03/29/2016.", "entry_date": "3/29/2016"}, {"date": "3/29/2016", "number": "88", "contents": "<span class='description'>ASST. STATE ATTY. KALINOWSKI, JOHN GARDINER</span> entered 03/29/2016.", "entry_date": "3/29/2016"}, {"date": "3/29/2016", "number": "87", "contents": "<span class='description'>JUDGE BORELLO, MARK</span> entered 03/29/2016.", "entry_date": "3/29/2016"}, {"date": "3/3/2016", "number": "86", "contents": "<span class='description'>SUBPOENA FOR DEPOSITION</span> entered 03/04/2016.", "entry_date": "3/4/2016"}, {"date": "3/2/2016", "number": "85", "contents": "<span class='description'>SUBPOENA FOR DEPOSITION</span> entered 03/03/2016.", "entry_date": "3/3/2016"}, {"date": "3/1/2016", "number": "84", "contents": "<span class='description'>NOTICE OF TAKING DEPOSITION</span> entered 03/02/2016.", "entry_date": "3/2/2016"}, {"date": "2/9/2016", "number": "83", "contents": "<span class='description'>PRETRIAL 03/29/2016 9:00 AM - 306 3RD FLOOR, 501 W ADAMS ST JACKSONVILLE FL 32202</span> entered 02/09/2016.", "entry_date": "2/9/2016"}, {"date": "2/9/2016", "number": "82", "contents": "<span class='description'>DEFENDANT APPEARANCE WAIVED</span> entered 02/09/2016.", "entry_date": "2/9/2016"}, {"date": "2/9/2016", "number": "81", "contents": "<span class='description'>DEFENDANT PRESENT IN JAIL</span> entered 02/09/2016.", "entry_date": "2/9/2016"}, {"date": "2/9/2016", "number": "80", "contents": "<span class='description'>ASST. PUB. DEF. BEDELL, H KATE</span> entered 02/09/2016.", "entry_date": "2/9/2016"}, {"date": "2/9/2016", "number": "79", "contents": "<span class='description'>ASST. STATE ATTY. KALINOWSKI, JOHN GARDINER</span> entered 02/09/2016.", "entry_date": "2/9/2016"}, {"date": "2/9/2016", "number": "78", "contents": "<span class='description'>JUDGE BORELLO, MARK</span> entered 02/09/2016.", "entry_date": "2/9/2016"}, {"date": "1/26/2016", "number": "77", "contents": "<span class='description'>STATES THIRD SUPPLEMENTAL DISCOVERY EXHIBIT</span> entered 01/26/2016.", "entry_date": "1/26/2016"}, {"date": "1/12/2016", "number": "76", "contents": "<span class='description'>PRETRIAL 02/09/2016 9:00 AM - 308 3RD FLOOR, 501 W ADAMS ST JACKSONVILLE FL 32202</span> entered 01/12/2016.", "entry_date": "1/12/2016"}, {"date": "1/12/2016", "number": "75", "contents": "<span class='description'>DEFENDANT PRESENT IN JAIL</span> entered 01/12/2016.", "entry_date": "1/12/2016"}, {"date": "1/12/2016", "number": "74", "contents": "<span class='description'>ASST. PUB. DEF. BEDELL, H KATE</span> entered 01/12/2016.", "entry_date": "1/12/2016"}, {"date": "1/12/2016", "number": "73", "contents": "<span class='description'>ASST. STATE ATTY. KALINOWSKI, JOHN GARDINER</span> entered 01/12/2016.", "entry_date": "1/12/2016"}, {"date": "1/12/2016", "number": "72", "contents": "<span class='description'>JUDGE BORELLO, MARK</span> entered 01/12/2016.", "entry_date": "1/12/2016"}, {"date": "12/15/2015", "number": "71", "contents": "<span class='description'>PRETRIAL 01/12/2016 9:00 AM - 605 6TH FLOOR, 501 W ADAMS ST JACKSONVILLE FL 32202</span> entered 12/15/2015.", "entry_date": "12/15/2015"}, {"link_viewer": "https://www.docketalarm.com/cases/Florida_State_Duval_County_Fourth_Circuit_Court/2015-CF-008206/JAROD_MATTHEW_MILLER/70/", "number": "70", "link": "https://www.docketalarm.com/cases/Florida_State_Duval_County_Fourth_Circuit_Court/2015-CF-008206/JAROD_MATTHEW_MILLER/docs/70.pdf", "entry_date": "12/15/2015", "date": "12/15/2015", "contents": "<a href=\"/cases/Florida_State_Duval_County_Fourth_Circuit_Court/2015-CF-008206/JAROD_MATTHEW_MILLER/70/\"><span class='description'>** WAIVER OF SPEEDY TRIAL **</span></a> entered 12/15/2015."}, {"date": "12/15/2015", "number": "69", "contents": "<span class='description'>DEFENDANT PRESENT IN JAIL</span> entered 12/15/2015.", "entry_date": "12/15/2015"}, {"date": "12/15/2015", "number": "68", "contents": "<span class='description'>ASST. PUB. DEF. BEDELL, H KATE</span> entered 12/15/2015.", "entry_date": "12/15/2015"}, {"date": "12/15/2015", "number": "67", "contents": "<span class='description'>ASST. STATE ATTY. KALINOWSKI, JOHN GARDINER</span> entered 12/15/2015.", "entry_date": "12/15/2015"}, {"date": "12/15/2015", "number": "66", "contents": "<span class='description'>JUDGE COOPER, MALLORY</span> entered 12/15/2015.", "entry_date": "12/15/2015"}, {"date": "12/8/2015", "number": "65", "contents": "<span class='description'>PRETRIAL 12/15/2015 9:00 AM - 605 6TH FLOOR, 501 W ADAMS ST JACKSONVILLE FL 32202</span> entered 12/08/2015.", "entry_date": "12/8/2015"}, {"date": "12/8/2015", "number": "64", "contents": "<span class='description'>PLEA OF NOT GUILTY</span> entered 12/08/2015.", "entry_date": "12/8/2015"}, {"date": "12/8/2015", "number": "63", "contents": "<span class='description'>PLEA OF NOT GUILTY</span> entered 12/08/2015.", "entry_date": "12/8/2015"}, {"date": "12/8/2015", "number": "62", "contents": "<span class='description'>PLEA OF NOT GUILTY</span> entered 12/08/2015.", "entry_date": "12/8/2015"}, {"date": "12/8/2015", "number": "61", "contents": "<span class='description'>DEFENDANT WAIVED READING OF INDICTMENT AND PLEAD NOT GUILTY TO COUNTS 1-2</span> entered 12/08/2015.", "entry_date": "12/8/2015"}, {"date": "12/8/2015", "number": "60", "contents": "<span class='description'>DEFENDANT PRESENT IN JAIL</span> entered 12/08/2015.", "entry_date": "12/8/2015"}, {"date": "12/8/2015", "number": "59", "contents": "<span class='description'>ASST. PUB. DEF. BEDELL, H KATE</span> entered 12/08/2015.", "entry_date": "12/8/2015"}, {"date": "12/8/2015", "number": "58", "contents": "<span class='description'>ASST. STATE ATTY. KALINOWSKI, JOHN GARDINER</span> entered 12/08/2015.", "entry_date": "12/8/2015"}, {"date": "12/8/2015", "number": "57", "contents": "<span class='description'>JUDGE COOPER, MALLORY</span> entered 12/08/2015.", "entry_date": "12/8/2015"}, {"date": "11/23/2015", "number": "56", "contents": "<span class='description'>FEES DUE: 11/24/2015</span> entered 11/24/2015.", "entry_date": "11/24/2015"}, {"date": "11/23/2015", "number": "55", "contents": "<span class='description'>PD APP FEE 50.00 IMPOSED</span> entered 11/24/2015.", "entry_date": "11/24/2015"}, {"date": "11/23/2015", "number": "54", "contents": "<span class='description'>MOTION ON BOND</span> entered 11/24/2015.", "entry_date": "11/24/2015"}, {"link_viewer": "https://www.docketalarm.com/cases/Florida_State_Duval_County_Fourth_Circuit_Court/2015-CF-008206/JAROD_MATTHEW_MILLER/53/", "number": "53", "link": "https://www.docketalarm.com/cases/Florida_State_Duval_County_Fourth_Circuit_Court/2015-CF-008206/JAROD_MATTHEW_MILLER/docs/53.pdf", "entry_date": "11/24/2015", "date": "11/23/2015", "contents": "<a href=\"/cases/Florida_State_Duval_County_Fourth_Circuit_Court/2015-CF-008206/JAROD_MATTHEW_MILLER/53/\"><span class='description'>DEFENDANT DECLARED INDIGENT, ORDER APPOINTING PUBLIC DEFENDER - FILED</span></a> entered 11/24/2015."}, {"link_viewer": "https://www.docketalarm.com/cases/Florida_State_Duval_County_Fourth_Circuit_Court/2015-CF-008206/JAROD_MATTHEW_MILLER/52/", "number": "52", "link": "https://www.docketalarm.com/cases/Florida_State_Duval_County_Fourth_Circuit_Court/2015-CF-008206/JAROD_MATTHEW_MILLER/docs/52.pdf", "entry_date": "11/24/2015", "date": "11/23/2015", "contents": "<a href=\"/cases/Florida_State_Duval_County_Fourth_Circuit_Court/2015-CF-008206/JAROD_MATTHEW_MILLER/52/\"><span class='description'>APPLICATION FOR CRIMINAL INDIGENT STATUS - FILED</span></a> entered 11/24/2015."}, {"date": "11/23/2015", "number": "51", "contents": "<span class='description'>ARREST &amp; BOOKING REPORT 2015-025081 11/20/2015 ADD ON DOCKET</span> entered 11/24/2015.", "entry_date": "11/24/2015"}, {"date": "11/19/2015", "number": "50", "contents": "<span class='description'>INDICTMENT FILED FOR S782.04(1)(A) MURDER - FIRST DEGREE</span> entered 05/30/2018.", "entry_date": "5/30/2018"}, {"date": "11/19/2015", "number": "49", "contents": "<span class='description'>INDICTMENT FILED FOR S790.19 SHOOTING OR THROWING DEADLY MISSILE</span> entered 11/19/2015.", "entry_date": "11/19/2015"}, {"date": "11/19/2015", "number": "48", "contents": "<span class='description'>INDICTMENT FILED FOR S810.02(2)(B) BURGLARY - ARMED WITH EXPLOSIVES OR A DANGEROUS WEAPON</span> entered 11/19/2015.", "entry_date": "11/19/2015"}, {"date": "11/19/2015", "number": "47", "contents": "<span class='description'>INDICTMENT FILED FOR S782.04(1)(A) MURDER - FIRST DEGREE</span> entered 11/19/2015.", "entry_date": "11/19/2015"}, {"date": "11/18/2015", "number": "46", "contents": "<span class='description'>PRETRIAL 12/08/2015 9:00 AM - 605 6TH FLOOR, 501 W ADAMS ST JACKSONVILLE FL 32202</span> entered 11/18/2015.", "entry_date": "11/18/2015"}, {"date": "11/18/2015", "number": "45", "contents": "<span class='description'>OTHERS PRESENT: PD: L. HASKINS FOR K. BEDELL</span> entered 11/18/2015.", "entry_date": "11/18/2015"}, {"date": "11/18/2015", "number": "44", "contents": "<span class='description'>DEFENDANT NOT PRESENT (IN HOSPITAL)</span> entered 11/18/2015.", "entry_date": "11/18/2015"}, {"date": "11/18/2015", "number": "43", "contents": "<span class='description'>ASST. PUB. DEF. BEDELL, H KATE</span> entered 11/18/2015.", "entry_date": "11/18/2015"}, {"date": "11/18/2015", "number": "42", "contents": "<span class='description'>ASST. STATE ATTY. KALINOWSKI, JOHN GARDINER</span> entered 11/18/2015.", "entry_date": "11/18/2015"}, {"date": "11/18/2015", "number": "41", "contents": "<span class='description'>JUDGE COOPER, MALLORY</span> entered 11/18/2015.", "entry_date": "11/18/2015"}, {"date": "11/6/2015", "number": "40", "contents": "<span class='description'>STATE'S SECOND ADDITIONAL DISCOVERY EXHIBIT</span> entered 11/06/2015.", "entry_date": "11/6/2015"}, {"date": "10/30/2015", "number": "39", "contents": "<span class='description'>STATES 1ST SUPPLEMENTAL DISCOVERY EXHIBIT</span> entered 10/30/2015.", "entry_date": "10/30/2015"}, {"date": "10/27/2015", "number": "38", "contents": "<span class='description'>PRETRIAL 11/18/2015 9:00 AM - 605 6TH FLOOR, 501 W ADAMS ST JACKSONVILLE FL 32202</span> entered 10/27/2015.", "entry_date": "10/27/2015"}, {"date": "10/27/2015", "number": "37", "contents": "<span class='description'>DEFENDANT NOT PRESENT (IN HOSPITAL)</span> entered 10/27/2015.", "entry_date": "10/27/2015"}, {"date": "10/27/2015", "number": "36", "contents": "<span class='description'>ASST. PUB. DEF. BEDELL, H KATE</span> entered 10/27/2015.", "entry_date": "10/27/2015"}, {"date": "10/27/2015", "number": "35", "contents": "<span class='description'>ASST. STATE ATTY. KALINOWSKI, JOHN GARDINER</span> entered 10/27/2015.", "entry_date": "10/27/2015"}, {"date": "10/27/2015", "number": "34", "contents": "<span class='description'>JUDGE COOPER, MALLORY</span> entered 10/27/2015.", "entry_date": "10/27/2015"}, {"date": "10/22/2015", "number": "33", "contents": "<span class='description'>PLEA OF NOT GUILTY</span> entered 10/27/2015.", "entry_date": "10/27/2015"}, {"date": "10/22/2015", "number": "32", "contents": "<span class='description'>PLEA OF NOT GUILTY</span> entered 10/27/2015.", "entry_date": "10/27/2015"}, {"date": "10/22/2015", "number": "31", "contents": "<span class='description'>PLEA OF NOT GUILTY</span> entered 10/27/2015.", "entry_date": "10/27/2015"}, {"date": "10/22/2015", "number": "30", "contents": "<span class='description'>STATE'S DISCOVERY EXHIBIT AND DEMAND FOR RECIPROCAL DISCOVERY</span> entered 10/23/2015.", "entry_date": "10/23/2015"}, {"date": "10/22/2015", "number": "29", "contents": "<span class='description'>WAIVER OF APPEARANCE AND PLEA NOT GUILTY</span> entered 10/23/2015.", "entry_date": "10/23/2015"}, {"date": "10/22/2015", "number": "28", "contents": "<span class='description'>WAIVER OF APPEARANCE AND PLEA NOT GUILTY</span> entered 10/22/2015.", "entry_date": "10/22/2015"}, {"date": "10/21/2015", "number": "27", "contents": "<span class='description'>STATE'S DISCOVERY EXHIBIT AND DEMAND FOR RECIPROCAL DISCOVERY</span> entered 10/22/2015.", "entry_date": "10/22/2015"}, {"date": "10/8/2015", "number": "26", "contents": "<span class='description'>ARRAIGNMENT 10/27/2015 9:00 AM - 605 6TH FLOOR, 501 W ADAMS ST JACKSONVILLE FL 32202</span> entered 10/08/2015.", "entry_date": "10/8/2015"}, {"date": "10/8/2015", "number": "25", "contents": "<span class='description'>DEFENDANT NOT PRESENT (HOSPITAL)</span> entered 10/08/2015.", "entry_date": "10/8/2015"}, {"date": "10/8/2015", "number": "24", "contents": "<span class='description'>ASST. PUB. DEF. BEDELL, H KATE</span> entered 10/08/2015.", "entry_date": "10/8/2015"}, {"date": "10/8/2015", "number": "23", "contents": "<span class='description'>ASST. STATE ATTY. KALINOWSKI, JOHN GARDINER</span> entered 10/08/2015.", "entry_date": "10/8/2015"}, {"date": "10/8/2015", "number": "22", "contents": "<span class='description'>JUDGE COOPER, MALLORY</span> entered 10/08/2015.", "entry_date": "10/8/2015"}, {"date": "9/29/2015", "number": "21", "contents": "<span class='description'>ARRAIGNMENT DATE 10/08/2015 9:00 AM - 605 6TH FLOOR, 501 W ADAMS ST JACKSONVILLE FL 32202</span> entered 09/30/2015.", "entry_date": "9/30/2015"}, {"date": "9/29/2015", "number": "20", "contents": "<span class='description'>INFORMATION FILED S790.19 SHOOTING OR THROWING DEADLY MISSILE</span> entered 09/30/2015.", "entry_date": "9/30/2015"}, {"date": "9/29/2015", "number": "19", "contents": "<span class='description'>INFORMATION FILED S810.02(2)(B) BURGLARY - ARMED WITH EXPLOSIVES OR A DANGEROUS WEAPON</span> entered 09/30/2015.", "entry_date": "9/30/2015"}, {"date": "9/29/2015", "number": "18", "contents": "<span class='description'>INFORMATION FILED S782.04(2) MURDER - SECOND DEGREE</span> entered 09/30/2015.", "entry_date": "9/30/2015"}, {"date": "9/29/2015", "number": "17", "contents": "<span class='description'>INFORMATION</span> entered 09/30/2015.", "entry_date": "9/30/2015"}, {"date": "9/28/2015", "number": "16", "contents": "<span class='description'>TRIAL ASSISTANT STATE ATTORNEY CHANGED TO Kalinowski, John Gardiner PER SAO</span> entered 09/28/2015.", "entry_date": "9/28/2015"}, {"date": "9/21/2015", "number": "15", "contents": "<span class='description'>NOTICE OF DISCOVERY</span> entered 09/22/2015.", "entry_date": "9/22/2015"}, {"date": "9/21/2015", "number": "14", "contents": "<span class='description'>MOTION FOR STATEMENT OF PARTICULARS</span> entered 09/22/2015.", "entry_date": "9/22/2015"}, {"date": "9/17/2015", "number": "13", "contents": "<span class='description'>ARRAIGNMENT COURT DATE: 10/08/2015 SUBJECT TO CHANGE. CALL FOR VERIFICATION</span> entered 09/18/2015.", "entry_date": "9/18/2015"}, {"date": "9/17/2015", "number": "12", "contents": "<span class='description'>MOTION TO SET BOND</span> entered 09/18/2015.", "entry_date": "9/18/2015"}, {"link_viewer": "https://www.docketalarm.com/cases/Florida_State_Duval_County_Fourth_Circuit_Court/2015-CF-008206/JAROD_MATTHEW_MILLER/11/", "number": "11", "link": "https://www.docketalarm.com/cases/Florida_State_Duval_County_Fourth_Circuit_Court/2015-CF-008206/JAROD_MATTHEW_MILLER/docs/11.pdf", "entry_date": "9/18/2015", "date": "9/17/2015", "contents": "<a href=\"/cases/Florida_State_Duval_County_Fourth_Circuit_Court/2015-CF-008206/JAROD_MATTHEW_MILLER/11/\"><span class='description'>DEFENDANT DECLARED INDIGENT, ORDER APPOINTING PUBLIC DEFENDER - FILED</span></a> entered 09/18/2015."}, {"link_viewer": "https://www.docketalarm.com/cases/Florida_State_Duval_County_Fourth_Circuit_Court/2015-CF-008206/JAROD_MATTHEW_MILLER/10/", "number": "10", "link": "https://www.docketalarm.com/cases/Florida_State_Duval_County_Fourth_Circuit_Court/2015-CF-008206/JAROD_MATTHEW_MILLER/docs/10.pdf", "entry_date": "9/18/2015", "date": "9/17/2015", "contents": "<a href=\"/cases/Florida_State_Duval_County_Fourth_Circuit_Court/2015-CF-008206/JAROD_MATTHEW_MILLER/10/\"><span class='description'>APPLICATION FOR CRIMINAL INDIGENT STATUS - FILED</span></a> entered 09/18/2015."}, {"date": "9/17/2015", "number": "9", "contents": "<span class='description'>FEES DUE: 9/18/2015</span> entered 09/18/2015.", "entry_date": "9/18/2015"}, {"date": "9/17/2015", "number": "8", "contents": "<span class='description'>PD APP FEE 50.00 IMPOSED</span> entered 09/18/2015.", "entry_date": "9/18/2015"}, {"date": "9/17/2015", "number": "7", "contents": "<span class='description'>BOND SET AT $50,003.00</span> entered 09/18/2015.", "entry_date": "9/18/2015"}, {"date": "9/17/2015", "number": "6", "contents": "<span class='description'>BOND SET AT NONE</span> entered 09/18/2015.", "entry_date": "9/18/2015"}, {"date": "9/17/2015", "number": "5", "contents": "<span class='description'>BOND SET AT NONE</span> entered 09/18/2015.", "entry_date": "9/18/2015"}, {"date": "9/17/2015", "number": "4", "contents": "<span class='description'>S790.19 SHOOTING/THROWING DEADLY MISSILES INTO DWELLING, PUBLIC/PRIVATE BLDG</span> entered 09/18/2015.", "entry_date": "9/18/2015"}, {"date": "9/17/2015", "number": "3", "contents": "<span class='description'>S810.02(2)(B) BURGLARY - ARMED/BECOMES ARMED WITH DANGEROUS WEAPON</span> entered 09/18/2015.", "entry_date": "9/18/2015"}, {"date": "9/17/2015", "number": "2", "contents": "<span class='description'>S782.04 MURDER</span> entered 09/18/2015.", "entry_date": "9/18/2015"}, {"date": "9/17/2015", "number": "1", "contents": "<span class='description'>ARREST &amp; BOOKING REPORT 2015-025081 9/16/2015</span> entered 09/18/2015.", "entry_date": "9/18/2015"}], "analyze": {"last_analyze": "6/22/2020"}, "success": true, "parties": [{"race": "W", "name_normalized": "Jarod Matthew Miller", "name": "JAROD MATTHEW MILLER", "sex": "Male", "other": [], "type": "Defendant"}]}