{"info": {"status": "DISPOSED", "division": "CR-C", "judges": ["COX, ANGELA M."], "court": "Florida State, Duval County, Fourth Circuit Court", "title": "JOHNIE LEWIS MILLER", "date_filed": "7/27/2017", "link": "https://www.docketalarm.com/cases/Florida_State_Duval_County_Fourth_Circuit_Court/2017-CF-006918/JOHNIE_LEWIS_MILLER/", "judges_normalized": ["Cox Angela M."], "judge": "COX, ANGELA M.", "type": "Circuit Criminal", "docket": "2017-CF-006918"}, "docket_report": [{"date": "6/29/2019", "number": "126", "contents": "<span class='description'>PROCESSED RECALL FROM COLLECTIONS FROM MUNICIPAL SERVICES BUREAU (MSB)</span> entered 06/29/2019.", "entry_date": "6/29/2019"}, {"date": "6/1/2019", "number": "125", "contents": "<span class='description'>Fees Recalled from Collections Due to Termination of Vendor Contract with Municipal Services Bureau (MSB)</span> entered 06/01/2019.", "entry_date": "6/1/2019"}, {"date": "10/25/2018", "number": "124", "contents": "<span class='description'>CASE FEES $521.00 SENT TO COLLECTIONS ON 10/25/2018 AGENCY MUNICIPAL SERVICES BUREAU (MSB)</span> entered 10/25/2018.", "entry_date": "10/25/2018"}, {"date": "6/29/2018", "number": "123", "contents": "<span class='description'>ORDER BOOK 18441 PAGE 2475-2476</span> entered 06/29/2018.", "entry_date": "6/29/2018"}, {"date": "6/28/2018", "number": "122", "contents": "<span class='description'>DOCUMENTS - OF DEFENSE COSTS</span> entered 07/02/2018.", "entry_date": "7/2/2018"}, {"date": "4/26/2018", "number": "121", "contents": "<span class='description'>CERTIFICATE OF SERVICE FOR JUDGMENT AND SENTENCE</span> entered 04/26/2018.", "entry_date": "4/26/2018"}, {"date": "4/25/2018", "number": "120", "contents": "<span class='description'>CLERKS EXHIBIT MEMO</span> entered 05/04/2018.", "entry_date": "5/4/2018"}, {"date": "4/25/2018", "number": "119", "contents": "<span class='description'>MEMORANDUM FROM STATE ATTORNEY</span> entered 04/27/2018.", "entry_date": "4/27/2018"}, {"link_viewer": "https://www.docketalarm.com/cases/Florida_State_Duval_County_Fourth_Circuit_Court/2017-CF-006918/JOHNIE_LEWIS_MILLER/117/", "number": "117", "link": "https://www.docketalarm.com/cases/Florida_State_Duval_County_Fourth_Circuit_Court/2017-CF-006918/JOHNIE_LEWIS_MILLER/docs/117.pdf", "entry_date": "4/26/2018", "date": "4/25/2018", "contents": "<a href=\"/cases/Florida_State_Duval_County_Fourth_Circuit_Court/2017-CF-006918/JOHNIE_LEWIS_MILLER/117/\"><span class='description'>WAIVER OF PRE-SENTENCE INVESTIGATION</span></a> entered 04/26/2018."}, {"link_viewer": "https://www.docketalarm.com/cases/Florida_State_Duval_County_Fourth_Circuit_Court/2017-CF-006918/JOHNIE_LEWIS_MILLER/116/", "number": "116", "link": "https://www.docketalarm.com/cases/Florida_State_Duval_County_Fourth_Circuit_Court/2017-CF-006918/JOHNIE_LEWIS_MILLER/docs/116.pdf", "entry_date": "4/26/2018", "date": "4/25/2018", "contents": "<a href=\"/cases/Florida_State_Duval_County_Fourth_Circuit_Court/2017-CF-006918/JOHNIE_LEWIS_MILLER/116/\"><span class='description'>PAYMENT AUTHORIZATION SHEET</span></a> entered 04/26/2018."}, {"link_viewer": "https://www.docketalarm.com/cases/Florida_State_Duval_County_Fourth_Circuit_Court/2017-CF-006918/JOHNIE_LEWIS_MILLER/115/", "number": "115", "link": "https://www.docketalarm.com/cases/Florida_State_Duval_County_Fourth_Circuit_Court/2017-CF-006918/JOHNIE_LEWIS_MILLER/docs/115.pdf", "entry_date": "4/26/2018", "date": "4/25/2018", "contents": "<a href=\"/cases/Florida_State_Duval_County_Fourth_Circuit_Court/2017-CF-006918/JOHNIE_LEWIS_MILLER/115/\"><span class='description'>COURT ORDERED COSTS/FINES/FEES BOOK 18365 PAGE 694-695</span></a> entered 04/26/2018."}, {"date": "4/25/2018", "number": "114", "contents": "<span class='description'>FEES DUE: 7/27/2018</span> entered 04/26/2018.", "entry_date": "4/26/2018"}, {"date": "4/25/2018", "number": "113", "contents": "<span class='description'>CSTF 20.00 IMPOSED</span> entered 04/26/2018.", "entry_date": "4/26/2018"}, {"date": "4/25/2018", "number": "112", "contents": "<span class='description'>AACC 65.00 IMPOSED</span> entered 04/26/2018.", "entry_date": "4/26/2018"}, {"date": "4/25/2018", "number": "111", "contents": "<span class='description'>TNC 3.00 IMPOSED</span> entered 04/26/2018.", "entry_date": "4/26/2018"}, {"date": "4/25/2018", "number": "110", "contents": "<span class='description'>LGTF 225.00 IMPOSED</span> entered 04/26/2018.", "entry_date": "4/26/2018"}, {"date": "4/25/2018", "number": "109", "contents": "<span class='description'>CCT 50.00 IMPOSED</span> entered 04/26/2018.", "entry_date": "4/26/2018"}, {"date": "4/25/2018", "number": "108", "contents": "<span class='description'>COST OF COURT 50.00 IMPOSED</span> entered 04/26/2018.", "entry_date": "4/26/2018"}, {"date": "4/25/2018", "number": "107", "contents": "<span class='description'>LEEA 3.00 IMPOSED</span> entered 04/26/2018.", "entry_date": "4/26/2018"}, {"date": "4/25/2018", "number": "106", "contents": "<span class='description'>5% CVC 5.00 IMPOSED</span> entered 04/26/2018.", "entry_date": "4/26/2018"}, {"date": "4/25/2018", "number": "105", "contents": "<span class='description'>BASE FINE 100.00 IMPOSED</span> entered 04/26/2018.", "entry_date": "4/26/2018"}, {"date": "4/25/2018", "number": "104", "contents": "<span class='description'>CREDIT TIME: 344 DAYS</span> entered 04/26/2018.", "entry_date": "4/26/2018"}, {"link_viewer": "https://www.docketalarm.com/cases/Florida_State_Duval_County_Fourth_Circuit_Court/2017-CF-006918/JOHNIE_LEWIS_MILLER/103/", "number": "103", "link": "https://www.docketalarm.com/cases/Florida_State_Duval_County_Fourth_Circuit_Court/2017-CF-006918/JOHNIE_LEWIS_MILLER/docs/103.pdf", "entry_date": "4/26/2018", "date": "4/25/2018", "contents": "<a href=\"/cases/Florida_State_Duval_County_Fourth_Circuit_Court/2017-CF-006918/JOHNIE_LEWIS_MILLER/103/\"><span class='description'>JUDGMENT AND SENTENCE TO COUNTY JAIL FOR 344 DAYS BOOK 18365 PAGE 683-688</span></a> entered 04/26/2018."}, {"date": "4/25/2018", "number": "102", "contents": "<span class='description'>DEF. ADJUDGED GUILTY - FINGERPRINTS TAKEN</span> entered 04/26/2018.", "entry_date": "4/26/2018"}, {"date": "4/25/2018", "number": "101", "contents": "<span class='description'>DEFENDANT PLEAD GUILTY</span> entered 04/26/2018.", "entry_date": "4/26/2018"}, {"date": "4/25/2018", "number": "100", "contents": "<span class='description'>REDUCED S782.04(2) MURDER - SECOND DEGREE</span> entered 04/26/2018.", "entry_date": "4/26/2018"}, {"date": "4/25/2018", "number": "99", "contents": "<span class='description'>ACKNOWLEDGE. OF RIGHTS &amp; VOLUNTARINESS OF ENTRY OF PLEA</span> entered 04/26/2018.", "entry_date": "4/26/2018"}, {"date": "4/25/2018", "number": "98", "contents": "<span class='description'>DEF. W/READING OF INFO &amp; PLEAD GUILTY</span> entered 04/26/2018.", "entry_date": "4/26/2018"}, {"date": "4/25/2018", "number": "97", "contents": "<span class='description'>DEFENDANT PRESENT IN JAIL</span> entered 04/26/2018.", "entry_date": "4/26/2018"}, {"date": "4/25/2018", "number": "96", "contents": "<span class='description'>ATTY. FOR DEF. ANDUX, GONZALO</span> entered 04/26/2018.", "entry_date": "4/26/2018"}, {"date": "4/25/2018", "number": "95", "contents": "<span class='description'>ASST. STATE ATTY. HAZEL, PAMELA J</span> entered 04/26/2018.", "entry_date": "4/26/2018"}, {"date": "4/25/2018", "number": "94", "contents": "<span class='description'>JUDGE COX, ANGELA M.</span> entered 04/26/2018.", "entry_date": "4/26/2018"}, {"date": "3/23/2018", "number": "93", "contents": "<span class='description'>PER JA E-MAIL</span> entered 03/23/2018.", "entry_date": "3/23/2018"}, {"date": "3/23/2018", "number": "92", "contents": "<span class='description'>PRETRIAL 04/25/2018 9:00 AM - 505 5TH FLOOR, 501 W ADAMS ST JACKSONVILLE FL 32202</span> entered 03/23/2018.", "entry_date": "3/23/2018"}, {"date": "3/23/2018", "number": "91", "contents": "<span class='description'>&gt; CANCEL REASON -</span> entered 03/23/2018.", "entry_date": "3/23/2018"}, {"date": "3/23/2018", "number": "90", "contents": "<span class='description'>CANCELLED PRETRIAL ON 3/28/2018 9:00:00 AM</span> entered 03/23/2018.", "entry_date": "3/23/2018"}, {"date": "2/28/2018", "number": "89", "contents": "<span class='description'>ORDER GRANTING DEFENDANTS MOTION TO INCUR COSTS OF MEDICAL EXAMINER DEPOSITION</span> entered 02/28/2018.", "entry_date": "2/28/2018"}, {"date": "2/27/2018", "number": "88", "contents": "<span class='description'>PRETRIAL 03/28/2018 9:00 AM - 505 5TH FLOOR, 501 W ADAMS ST JACKSONVILLE FL 32202</span> entered 02/27/2018.", "entry_date": "2/27/2018"}, {"date": "2/27/2018", "number": "87", "contents": "<span class='description'>MOTION (DEFENSE) TO INCUR COSTS OF MEDICAL EXAMINER DEPOSITION ( 1/26/18)-GRANTED/ ORDER TO BE ENTERED</span> entered 02/27/2018.", "entry_date": "2/27/2018"}, {"date": "2/27/2018", "number": "86", "contents": "<span class='description'>OTHERS PRESENT: PA: G. ANDUX AND STEVEN POWELL GENERAL COUNSEL OFFICE</span> entered 02/27/2018.", "entry_date": "2/27/2018"}, {"date": "2/27/2018", "number": "85", "contents": "<span class='description'>DEFENDANT PRESENT IN JAIL</span> entered 02/27/2018.", "entry_date": "2/27/2018"}, {"date": "2/27/2018", "number": "84", "contents": "<span class='description'>ATTY. FOR DEF. FINNELL, ANN ELIZABETH</span> entered 02/27/2018.", "entry_date": "2/27/2018"}, {"date": "2/27/2018", "number": "83", "contents": "<span class='description'>ASST. STATE ATTY. HAZEL, PAMELA J</span> entered 02/27/2018.", "entry_date": "2/27/2018"}, {"date": "2/27/2018", "number": "82", "contents": "<span class='description'>JUDGE COX, ANGELA M.</span> entered 02/27/2018.", "entry_date": "2/27/2018"}, {"date": "2/15/2018", "number": "81", "contents": "<span class='description'>RULING ON MOTION</span> entered 02/15/2018.", "entry_date": "2/15/2018"}, {"date": "2/15/2018", "number": "80", "contents": "<span class='description'>HEARING ON MOTION 02/27/2018 9:00 AM - 505 5TH FLOOR, 501 W ADAMS ST JACKSONVILLE FL 32202</span> entered 02/15/2018.", "entry_date": "2/15/2018"}, {"date": "2/15/2018", "number": "79", "contents": "<span class='description'>&gt; CANCEL REASON - PER COURT</span> entered 02/15/2018.", "entry_date": "2/15/2018"}, {"date": "2/15/2018", "number": "78", "contents": "<span class='description'>CANCELLED PRETRIAL ON 2/28/2018 9:00:00 AM</span> entered 02/15/2018.", "entry_date": "2/15/2018"}, {"date": "2/15/2018", "number": "77", "contents": "<span class='description'>HEARING ON MOTION TO INCUR CONST HELD IN PART AND TAKEN UNDER ADVISMENT</span> entered 02/15/2018.", "entry_date": "2/15/2018"}, {"date": "2/15/2018", "number": "76", "contents": "<span class='description'>OTHERS PRESENT: BRAD BISCHOFF VIA PHONE</span> entered 02/15/2018.", "entry_date": "2/15/2018"}, {"date": "2/15/2018", "number": "75", "contents": "<span class='description'>DEFENDANT PRESENT IN JAIL</span> entered 02/15/2018.", "entry_date": "2/15/2018"}, {"date": "2/15/2018", "number": "74", "contents": "<span class='description'>ATTY. FOR DEF. FINNELL, ANN ELIZABETH</span> entered 02/15/2018.", "entry_date": "2/15/2018"}, {"date": "2/15/2018", "number": "73", "contents": "<span class='description'>ASST. STATE ATTY. HAZEL, PAMELA J</span> entered 02/15/2018.", "entry_date": "2/15/2018"}, {"date": "2/15/2018", "number": "72", "contents": "<span class='description'>JUDGE COX, ANGELA M.</span> entered 02/15/2018.", "entry_date": "2/15/2018"}, {"date": "2/12/2018", "number": "71", "contents": "<span class='description'>NOTICE OF TAKING DEPOSITION</span> entered 02/12/2018.", "entry_date": "2/12/2018"}, {"date": "2/9/2018", "number": "70", "contents": "<span class='description'>NOTICE OF HEARING (TELEPHONIC)</span> entered 02/12/2018.", "entry_date": "2/12/2018"}, {"date": "2/8/2018", "number": "69", "contents": "<span class='description'>NOTICE OF HEARING</span> entered 02/08/2018.", "entry_date": "2/8/2018"}, {"date": "2/8/2018", "number": "68", "contents": "<span class='description'>MOTION TO INCUR COSTS OF MEDICAL EXAMINER DEPOSITION AND JAC'S RESPONSE/END OF CALENDAR; PER JA E-MAIL</span> entered 02/08/2018.", "entry_date": "2/8/2018"}, {"date": "2/8/2018", "number": "67", "contents": "<span class='description'>HEARING ON MOTION 02/15/2018 9:00 AM - 505 5TH FLOOR, 501 W ADAMS ST JACKSONVILLE FL 32202</span> entered 02/08/2018.", "entry_date": "2/8/2018"}, {"date": "1/31/2018", "number": "66", "contents": "<span class='description'>RESPONSE (JAC) TO MOTION TO INCUR COSTS OF MEDICAL EXAMINER DEPOSITION AND REQUEST TO APPEAR TELEPHONICALLY</span> entered 02/01/2018.", "entry_date": "2/1/2018"}, {"date": "1/31/2018", "number": "65", "contents": "<span class='description'>COURT ORDER GRANTING MOTION OF A FINGERPRINT EXPERT &amp; AUTHORITY TO INCUR EXPERT FEES AND EXPENSES</span> entered 01/31/2018.", "entry_date": "1/31/2018"}, {"date": "1/31/2018", "number": "64", "contents": "<span class='description'>PRETRIAL 02/28/2018 9:00 AM - 505 5TH FLOOR, 501 W ADAMS ST JACKSONVILLE FL 32202</span> entered 01/31/2018.", "entry_date": "1/31/2018"}, {"date": "1/31/2018", "number": "63", "contents": "<span class='description'>DEFENDANT PRESENT IN JAIL</span> entered 01/31/2018.", "entry_date": "1/31/2018"}, {"date": "1/31/2018", "number": "62", "contents": "<span class='description'>ATTY. FOR DEF. FINNELL, ANN ELIZABETH</span> entered 01/31/2018.", "entry_date": "1/31/2018"}, {"date": "1/31/2018", "number": "61", "contents": "<span class='description'>ASST. STATE ATTY. HAZEL, PAMELA J</span> entered 01/31/2018.", "entry_date": "1/31/2018"}, {"date": "1/31/2018", "number": "60", "contents": "<span class='description'>JUDGE COX, ANGELA M.</span> entered 01/31/2018.", "entry_date": "1/31/2018"}, {"date": "1/26/2018", "number": "59", "contents": "<span class='description'>MOTION TO INCUR COSTS OF MEDICAL EXAMINER DEPOSITION</span> entered 01/26/2018.", "entry_date": "1/26/2018"}, {"date": "1/26/2018", "number": "58", "contents": "<span class='description'>MOTION TO INCUR ADDITIONAL COSTS FOR FINGERPRINT EXPERT FOR PARTIALLY INDIGENT DEFENDANT</span> entered 01/26/2018.", "entry_date": "1/26/2018"}, {"date": "12/28/2017", "number": "57", "contents": "<span class='description'>AFFIDAVIT/RETURN OF SERVICE</span> entered 01/02/2018.", "entry_date": "1/2/2018"}, {"date": "12/28/2017", "number": "56", "contents": "<span class='description'>AFFIDAVIT/RETURN OF SERVICE</span> entered 01/02/2018.", "entry_date": "1/2/2018"}, {"date": "12/28/2017", "number": "55", "contents": "<span class='description'>AFFIDAVIT/RETURN OF SERVICE</span> entered 01/02/2018.", "entry_date": "1/2/2018"}, {"date": "12/22/2017", "number": "54", "contents": "<span class='description'>NOTICE OF TAKING DEPOSITION</span> entered 12/22/2017.", "entry_date": "12/22/2017"}, {"date": "12/18/2017", "number": "53", "contents": "<span class='description'>NOTICE OF TAKING DEPOSITIONS</span> entered 12/19/2017.", "entry_date": "12/19/2017"}, {"date": "12/18/2017", "number": "52", "contents": "<span class='description'>NOTICE OF TAKING DEPOSITIONS</span> entered 12/19/2017.", "entry_date": "12/19/2017"}, {"date": "11/21/2017", "number": "51", "contents": "<span class='description'>PRETRIAL 01/31/2018 9:00 AM - 505 5TH FLOOR, 501 W ADAMS ST JACKSONVILLE FL 32202</span> entered 11/21/2017.", "entry_date": "11/21/2017"}, {"link_viewer": "https://www.docketalarm.com/cases/Florida_State_Duval_County_Fourth_Circuit_Court/2017-CF-006918/JOHNIE_LEWIS_MILLER/50/", "number": "50", "link": "https://www.docketalarm.com/cases/Florida_State_Duval_County_Fourth_Circuit_Court/2017-CF-006918/JOHNIE_LEWIS_MILLER/docs/50.pdf", "entry_date": "11/21/2017", "date": "11/21/2017", "contents": "<a href=\"/cases/Florida_State_Duval_County_Fourth_Circuit_Court/2017-CF-006918/JOHNIE_LEWIS_MILLER/50/\"><span class='description'>** WAIVER OF SPEEDY TRIAL **</span></a> entered 11/21/2017."}, {"date": "11/21/2017", "number": "49", "contents": "<span class='description'>DEFENDANT PRESENT IN JAIL</span> entered 11/21/2017.", "entry_date": "11/21/2017"}, {"date": "11/21/2017", "number": "48", "contents": "<span class='description'>ATTY. FOR DEF. FINNELL, ANN ELIZABETH</span> entered 11/21/2017.", "entry_date": "11/21/2017"}, {"date": "11/21/2017", "number": "47", "contents": "<span class='description'>ASST. STATE ATTY. HAZEL, PAMELA J</span> entered 11/21/2017.", "entry_date": "11/21/2017"}, {"date": "11/21/2017", "number": "46", "contents": "<span class='description'>JUDGE COX, ANGELA M.</span> entered 11/21/2017.", "entry_date": "11/21/2017"}, {"date": "10/30/2017", "number": "45", "contents": "<span class='description'>ORDER PERT. TO PAYMENT OF CERTAIN SPECIFIED COSTS FOR PARTIALLY INDIGENT DEFT.</span> entered 10/30/2017.", "entry_date": "10/30/2017"}, {"date": "10/30/2017", "number": "44", "contents": "<span class='description'>PRETRIAL 11/21/2017 9:00 AM - 505 5TH FLOOR, 501 W ADAMS ST JACKSONVILLE FL 32202</span> entered 10/30/2017.", "entry_date": "10/30/2017"}, {"date": "10/30/2017", "number": "43", "contents": "<span class='description'>OTHERS PRESENT: PA: V. NEWTSOME FOR A. FINNELL</span> entered 10/30/2017.", "entry_date": "10/30/2017"}, {"date": "10/30/2017", "number": "42", "contents": "<span class='description'>DEFENDANT PRESENT IN JAIL</span> entered 10/30/2017.", "entry_date": "10/30/2017"}, {"date": "10/30/2017", "number": "41", "contents": "<span class='description'>ATTY. FOR DEF. FINNELL, ANN ELIZABETH</span> entered 10/30/2017.", "entry_date": "10/30/2017"}, {"date": "10/30/2017", "number": "40", "contents": "<span class='description'>ASST. STATE ATTY. HAZEL, PAMELA J</span> entered 10/30/2017.", "entry_date": "10/30/2017"}, {"date": "10/30/2017", "number": "39", "contents": "<span class='description'>JUDGE COX, ANGELA M.</span> entered 10/30/2017.", "entry_date": "10/30/2017"}, {"date": "10/26/2017", "number": "38", "contents": "<span class='description'>MOTION TO INCUR COSTS FOR DEPOSITION TRANSCRIPTS FOR PARTIALLY INDIGENT DEFENDANT</span> entered 10/26/2017.", "entry_date": "10/26/2017"}, {"date": "10/20/2017", "number": "37", "contents": "<span class='description'>NOTICE OF TAKING DEPOSITION</span> entered 10/23/2017.", "entry_date": "10/23/2017"}, {"date": "10/5/2017", "number": "36", "contents": "<span class='description'>COURT ORDER WAIVING PROCESS SERVICE FEES FOR PARTIALLY INDIGENT DEFT.</span> entered 10/05/2017.", "entry_date": "10/5/2017"}, {"date": "9/27/2017", "number": "35", "contents": "<span class='description'>NOTICE OF TAKING DEPOSITIONS</span> entered 09/27/2017.", "entry_date": "9/27/2017"}, {"date": "9/27/2017", "number": "34", "contents": "<span class='description'>MOTION TO WAIVE PROCESS SERVICE FEES FOR SUBPOENA SERVICE OF PARTIALLY INDIGENT DEFENDANT</span> entered 09/27/2017.", "entry_date": "9/27/2017"}, {"date": "9/26/2017", "number": "33", "contents": "<span class='description'>PRETRIAL 10/30/2017 9:00 AM - 505 5TH FLOOR, 501 W ADAMS ST JACKSONVILLE FL 32202</span> entered 09/26/2017.", "entry_date": "9/26/2017"}, {"date": "9/26/2017", "number": "32", "contents": "<span class='description'>OTHERS PRESENT: PA: G. ANDUX FOR A. FINNELL</span> entered 09/26/2017.", "entry_date": "9/26/2017"}, {"date": "9/26/2017", "number": "31", "contents": "<span class='description'>DEFENDANT PRESENT IN JAIL</span> entered 09/26/2017.", "entry_date": "9/26/2017"}, {"date": "9/26/2017", "number": "30", "contents": "<span class='description'>ATTY. FOR DEF. FINNELL, ANN ELIZABETH</span> entered 09/26/2017.", "entry_date": "9/26/2017"}, {"date": "9/26/2017", "number": "29", "contents": "<span class='description'>ASST. STATE ATTY. HAZEL, PAMELA J</span> entered 09/26/2017.", "entry_date": "9/26/2017"}, {"date": "9/26/2017", "number": "28", "contents": "<span class='description'>JUDGE COX, ANGELA M.</span> entered 09/26/2017.", "entry_date": "9/26/2017"}, {"date": "9/18/2017", "number": "27", "contents": "<span class='description'>STATE'S DISCOVERY EXHIBIT AND DEMAND FOR RECIPROCAL DISCOVERY</span> entered 09/19/2017.", "entry_date": "9/19/2017"}, {"date": "9/6/2017", "number": "26", "contents": "<span class='description'>ARRAIGNMENT COURT DATE: 09/14/2017 SUBJECT TO CHANGE. CALL FOR VERIFICATION</span> entered 09/06/2017.", "entry_date": "9/6/2017"}, {"date": "8/30/2017", "number": "25", "contents": "<span class='description'>ARRAIGNMENT COURT DATE: 09/07/2017 SUBJECT TO CHANGE. CALL FOR VERIFICATION</span> entered 08/30/2017.", "entry_date": "8/30/2017"}, {"date": "8/29/2017", "number": "24", "contents": "<span class='description'>ORDER AUTHORIZING THE INCURRING OF EXPENSES SPECIFIED COSTS FOR PARTIALLY INDIGENT DEFT.</span> entered 08/29/2017.", "entry_date": "8/29/2017"}, {"date": "8/28/2017", "number": "23", "contents": "<span class='description'>MOTION TO INCUR CERTAIN SPECIFIED COSTS FOR PARTIALLY INDIGENT DEFENDANT</span> entered 08/29/2017.", "entry_date": "8/29/2017"}, {"date": "8/23/2017", "number": "22", "contents": "<span class='description'>COURT ORDER ADJUDICATING DEFT. PARTIALLY INDIGENT FOR PURPOSE OF COSTS</span> entered 08/23/2017.", "entry_date": "8/23/2017"}, {"date": "8/23/2017", "number": "21", "contents": "<span class='description'>ARRAIGNMENT COURT DATE: 08/31/2017 SUBJECT TO CHANGE. CALL FOR VERIFICATION</span> entered 08/23/2017.", "entry_date": "8/23/2017"}, {"date": "8/18/2017", "number": "20", "contents": "<span class='description'>MOTION FOR DETERMINATION OF INDIGENCE AS TO COSTS</span> entered 08/18/2017.", "entry_date": "8/18/2017"}, {"date": "8/17/2017", "number": "19", "contents": "<span class='description'>PRETRIAL 09/26/2017 9:00 AM - 505 5TH FLOOR, 501 W ADAMS ST JACKSONVILLE FL 32202</span> entered 08/17/2017.", "entry_date": "8/17/2017"}, {"date": "8/17/2017", "number": "18", "contents": "<span class='description'>OTHERS PRESENT: PA: G. ANDUX FOR A. FINNELL</span> entered 08/17/2017.", "entry_date": "8/17/2017"}, {"date": "8/17/2017", "number": "17", "contents": "<span class='description'>DEF. W/READING OF INFO &amp; PLEAD (INDICTMENT) DEFENSE STOOD MUTE</span> entered 08/17/2017.", "entry_date": "8/17/2017"}, {"date": "8/17/2017", "number": "16", "contents": "<span class='description'>DEFENDANT PRESENT IN JAIL</span> entered 08/17/2017.", "entry_date": "8/17/2017"}, {"date": "8/17/2017", "number": "15", "contents": "<span class='description'>ATTY. FOR DEF. FINNELL, ANN ELIZABETH</span> entered 08/17/2017.", "entry_date": "8/17/2017"}, {"date": "8/17/2017", "number": "14", "contents": "<span class='description'>ASST. STATE ATTY. HAZEL, PAMELA J</span> entered 08/17/2017.", "entry_date": "8/17/2017"}, {"date": "8/17/2017", "number": "13", "contents": "<span class='description'>JUDGE COX, ANGELA M.</span> entered 08/17/2017.", "entry_date": "8/17/2017"}, {"date": "8/16/2017", "number": "12", "contents": "<span class='description'>ARREST &amp; BOOKING REPORT 2017-019099 08/15/2017 *INDICTMENT*</span> entered 01/02/2018.", "entry_date": "1/2/2018"}, {"date": "8/15/2017", "number": "11", "contents": "<span class='description'>ARRAIGNMENT DATE 08/17/2017 9:00 AM - 505 5TH FLOOR, 501 W ADAMS ST JACKSONVILLE FL 32202</span> entered 08/16/2017.", "entry_date": "8/16/2017"}, {"date": "8/15/2017", "number": "10", "contents": "<span class='description'>DROPPED/ABANDONED S812.13(2)(A) ATTEMPTED ARMED ROBBERY</span> entered 08/16/2017.", "entry_date": "8/16/2017"}, {"date": "8/15/2017", "number": "9", "contents": "<span class='description'>INDICTMENT FILED FOR S782.04(1)(A) MURDER IN THE FIRST DEGREE</span> entered 08/16/2017.", "entry_date": "8/16/2017"}, {"date": "8/6/2017", "number": "8", "contents": "<span class='description'>ARREST &amp; BOOKING REPORT 2017-019099 07/26/2017 CORRECTED DOCKET</span> entered 08/08/2017.", "entry_date": "8/8/2017"}, {"link_viewer": "https://www.docketalarm.com/cases/Florida_State_Duval_County_Fourth_Circuit_Court/2017-CF-006918/JOHNIE_LEWIS_MILLER/7/", "number": "7", "link": "https://www.docketalarm.com/cases/Florida_State_Duval_County_Fourth_Circuit_Court/2017-CF-006918/JOHNIE_LEWIS_MILLER/docs/7.pdf", "entry_date": "7/31/2017", "date": "7/28/2017", "contents": "<a href=\"/cases/Florida_State_Duval_County_Fourth_Circuit_Court/2017-CF-006918/JOHNIE_LEWIS_MILLER/7/\"><span class='description'>NOTICE OF APPEARANCE FINNELL, ANN ELIZABETH</span></a> entered 07/31/2017."}, {"date": "7/27/2017", "number": "6", "contents": "<span class='description'>ARRAIGNMENT COURT DATE: 08/17/2017 SUBJECT TO CHANGE. CALL FOR VERIFICATION</span> entered 07/28/2017.", "entry_date": "7/28/2017"}, {"date": "7/27/2017", "number": "5", "contents": "<span class='description'>BOND SET AT NONE</span> entered 07/28/2017.", "entry_date": "7/28/2017"}, {"date": "7/27/2017", "number": "4", "contents": "<span class='description'>BOND SET AT NONE</span> entered 07/28/2017.", "entry_date": "7/28/2017"}, {"date": "7/27/2017", "number": "3", "contents": "<span class='description'>S812.13(2)(A) ATTEMPTED ARMED ROBBERY</span> entered 07/28/2017.", "entry_date": "7/28/2017"}, {"date": "7/27/2017", "number": "2", "contents": "<span class='description'>S782.04(1)(A)2 MURDER - WHILE COMMITTING CERTAIN FELONY(S) - 1ST DEG.</span> entered 07/28/2017.", "entry_date": "7/28/2017"}, {"date": "7/27/2017", "number": "1", "contents": "<span class='description'>ARREST &amp; BOOKING REPORT 2017-019099 7/26/2017</span> entered 07/28/2017.", "entry_date": "7/28/2017"}], "analyze": {"last_analyze": "6/22/2020"}, "success": true, "parties": [{"race": "B", "name_normalized": "Johnie Lewis Miller", "name": "JOHNIE LEWIS MILLER", "sex": "Male", "other": [], "type": "Defendant"}]}