{"info": {"status": "DISPOSED", "division": "CR-G", "judges": ["SCHEMER, JACK M."], "court": "Florida State, Duval County, Fourth Circuit Court", "title": "CAMERON SNEED", "date_filed": "8/13/2015", "link": "https://www.docketalarm.com/cases/Florida_State_Duval_County_Fourth_Circuit_Court/2015-CF-007131/CAMERON_SNEED/", "judges_normalized": ["Schemer Jack M."], "judge": "SCHEMER, JACK M.", "type": "Circuit Criminal", "docket": "2015-CF-007131"}, "docket_report": [{"date": "11/1/2016", "number": "224", "contents": "<span class='description'>SUBPOENA FOR TRIAL - DEFENSE</span> entered 11/02/2016.", "entry_date": "11/2/2016"}, {"date": "10/26/2016", "number": "223", "contents": "<span class='description'>JUDGMENT OF NOT GUILTY</span> entered 10/27/2016.", "entry_date": "10/27/2016"}, {"date": "10/26/2016", "number": "222", "contents": "<span class='description'>DEF. FOUND NOT GUILTY</span> entered 10/27/2016.", "entry_date": "10/27/2016"}, {"date": "10/26/2016", "number": "221", "contents": "<span class='description'>DEF. FOUND NOT GUILTY</span> entered 10/27/2016.", "entry_date": "10/27/2016"}, {"date": "10/26/2016", "number": "220", "contents": "<span class='description'>DEF. FOUND NOT GUILTY</span> entered 10/27/2016.", "entry_date": "10/27/2016"}, {"date": "10/26/2016", "number": "219", "contents": "<span class='description'>JURY INSTRUCTIONS \u2013 FILED</span> entered 10/26/2016.", "entry_date": "10/26/2016"}, {"date": "10/26/2016", "number": "218", "contents": "<span class='description'>CLERKS MEMO OF TRIAL</span> entered 10/26/2016.", "entry_date": "10/26/2016"}, {"date": "10/26/2016", "number": "217", "contents": "<span class='description'>CLERKS EXHIBIT MEMO</span> entered 10/26/2016.", "entry_date": "10/26/2016"}, {"date": "10/26/2016", "number": "216", "contents": "<span class='description'>JURY DISCHARGED</span> entered 10/26/2016.", "entry_date": "10/26/2016"}, {"date": "10/26/2016", "number": "215", "contents": "<span class='description'>JURY POLLED</span> entered 10/26/2016.", "entry_date": "10/26/2016"}, {"date": "10/26/2016", "number": "214", "contents": "<span class='description'>VERDICT- NOT GUILTY</span> entered 10/26/2016.", "entry_date": "10/26/2016"}, {"date": "10/26/2016", "number": "213", "contents": "<span class='description'>VERDICT- NOT GUILTY</span> entered 10/26/2016.", "entry_date": "10/26/2016"}, {"date": "10/26/2016", "number": "212", "contents": "<span class='description'>VERDICT- NOT GUILTY</span> entered 10/26/2016.", "entry_date": "10/26/2016"}, {"date": "10/26/2016", "number": "211", "contents": "<span class='description'>JURY IN AT 5:04 PM - JURY OUT AT 6:34PM</span> entered 10/26/2016.", "entry_date": "10/26/2016"}, {"date": "10/26/2016", "number": "210", "contents": "<span class='description'>ALTERNATE JUROR DISCHARGED (JURORS 1&amp;2)</span> entered 10/26/2016.", "entry_date": "10/26/2016"}, {"date": "10/26/2016", "number": "209", "contents": "<span class='description'>DEFENSE RENEWS ORAL MOTION FOR JUDGMENT OF ACQUITTAL -DENIED</span> entered 10/26/2016.", "entry_date": "10/26/2016"}, {"date": "10/26/2016", "number": "208", "contents": "<span class='description'>INSTRUCTIONS TO JURY IN FULL</span> entered 10/26/2016.", "entry_date": "10/26/2016"}, {"date": "10/26/2016", "number": "207", "contents": "<span class='description'>CLOSING ARGUMENTS IN: TO JURY IN FULL BY THE STATE AND DEFENSE</span> entered 10/26/2016.", "entry_date": "10/26/2016"}, {"date": "10/26/2016", "number": "206", "contents": "<span class='description'>CHARGE CONFERENCE HELD IN FULL</span> entered 10/26/2016.", "entry_date": "10/26/2016"}, {"date": "10/26/2016", "number": "205", "contents": "<span class='description'>DEFENSE RESTS</span> entered 10/26/2016.", "entry_date": "10/26/2016"}, {"date": "10/26/2016", "number": "204", "contents": "<span class='description'>DEFENSE ORAL MOTION FOR JUDGMENT OF ACQUITTAL -DENIED</span> entered 10/26/2016.", "entry_date": "10/26/2016"}, {"date": "10/26/2016", "number": "203", "contents": "<span class='description'>STATE RESTS</span> entered 10/26/2016.", "entry_date": "10/26/2016"}, {"date": "10/26/2016", "number": "202", "contents": "<span class='description'>EVIDENCE TO JURY IN FULL (STATE'S)</span> entered 10/26/2016.", "entry_date": "10/26/2016"}, {"date": "10/26/2016", "number": "201", "contents": "<span class='description'>STIPULATION REGARDING DNA ANALYSIS (AMENDED) - FILED</span> entered 10/26/2016.", "entry_date": "10/26/2016"}, {"date": "10/26/2016", "number": "200", "contents": "<span class='description'>JURY TRIAL HELD</span> entered 10/26/2016.", "entry_date": "10/26/2016"}, {"date": "10/26/2016", "number": "199", "contents": "<span class='description'>OTHERS PRESENT: ASA: P. OVERSTREET AND PD: A. PERKINS</span> entered 10/26/2016.", "entry_date": "10/26/2016"}, {"date": "10/26/2016", "number": "198", "contents": "<span class='description'>DEFENDANT PRESENT IN JAIL</span> entered 10/26/2016.", "entry_date": "10/26/2016"}, {"date": "10/26/2016", "number": "197", "contents": "<span class='description'>ASST. PUB. DEF. BILLARD, DEBRA DEKAY</span> entered 10/26/2016.", "entry_date": "10/26/2016"}, {"date": "10/26/2016", "number": "196", "contents": "<span class='description'>ASST. STATE ATTY. DE LA RIONDA, BERNARDO ENRIQUE</span> entered 10/26/2016.", "entry_date": "10/26/2016"}, {"date": "10/26/2016", "number": "195", "contents": "<span class='description'>JUDGE SCHEMER, JACK M.</span> entered 10/26/2016.", "entry_date": "10/26/2016"}, {"date": "10/25/2016", "number": "194", "contents": "<span class='description'>SUBPOENA FOR TRIAL</span> entered 10/26/2016.", "entry_date": "10/26/2016"}, {"date": "10/25/2016", "number": "193", "contents": "<span class='description'>10:00AM</span> entered 10/25/2016.", "entry_date": "10/25/2016"}, {"date": "10/25/2016", "number": "192", "contents": "<span class='description'>TRIAL 10/26/2016 9:00 AM - 505 5TH FLOOR, 501 W ADAMS ST JACKSONVILLE FL 32202</span> entered 10/25/2016.", "entry_date": "10/25/2016"}, {"date": "10/25/2016", "number": "191", "contents": "<span class='description'>EVIDENCE TO JURY IN PART (STATE'S)</span> entered 10/25/2016.", "entry_date": "10/25/2016"}, {"date": "10/25/2016", "number": "190", "contents": "<span class='description'>OPENING STATEMENTS TO JURY IN FULL BY THE STATE AND DEFENSE</span> entered 10/25/2016.", "entry_date": "10/25/2016"}, {"date": "10/25/2016", "number": "189", "contents": "<span class='description'>JURY EMPANELLED &amp; SWORN</span> entered 10/25/2016.", "entry_date": "10/25/2016"}, {"date": "10/25/2016", "number": "188", "contents": "<span class='description'>STIPULATION REGARDING DNA ANALYSIS - FILED</span> entered 10/25/2016.", "entry_date": "10/25/2016"}, {"date": "10/25/2016", "number": "187", "contents": "<span class='description'>OTHERS PRESENT: ASA: P. OVERSTREET AND PD: A. PERKINS</span> entered 10/25/2016.", "entry_date": "10/25/2016"}, {"date": "10/25/2016", "number": "186", "contents": "<span class='description'>DEFENDANT PRESENT IN JAIL</span> entered 10/25/2016.", "entry_date": "10/25/2016"}, {"date": "10/25/2016", "number": "185", "contents": "<span class='description'>ASST. PUB. DEF. BILLARD, DEBRA DEKAY</span> entered 10/25/2016.", "entry_date": "10/25/2016"}, {"date": "10/25/2016", "number": "184", "contents": "<span class='description'>ASST. STATE ATTY. DE LA RIONDA, BERNARDO ENRIQUE</span> entered 10/25/2016.", "entry_date": "10/25/2016"}, {"date": "10/25/2016", "number": "183", "contents": "<span class='description'>JURY TRIAL HELD</span> entered 10/25/2016.", "entry_date": "10/25/2016"}, {"date": "10/25/2016", "number": "182", "contents": "<span class='description'>JUDGE SCHEMER, JACK M.</span> entered 10/25/2016.", "entry_date": "10/25/2016"}, {"date": "10/24/2016", "number": "181", "contents": "<span class='description'>SUBPOENA FOR TRIAL</span> entered 10/25/2016.", "entry_date": "10/25/2016"}, {"date": "10/24/2016", "number": "180", "contents": "<span class='description'>SUBPOENA FOR TRIAL</span> entered 10/25/2016.", "entry_date": "10/25/2016"}, {"date": "10/24/2016", "number": "179", "contents": "<span class='description'>10:30AM</span> entered 10/24/2016.", "entry_date": "10/24/2016"}, {"date": "10/24/2016", "number": "178", "contents": "<span class='description'>TRIAL 10/25/2016 9:00 AM - 505 5TH FLOOR, 501 W ADAMS ST JACKSONVILLE FL 32202</span> entered 10/24/2016.", "entry_date": "10/24/2016"}, {"date": "10/24/2016", "number": "177", "contents": "<span class='description'>JURY SELECTED</span> entered 10/24/2016.", "entry_date": "10/24/2016"}, {"date": "10/24/2016", "number": "176", "contents": "<span class='description'>JURY SELECTION HELD IN FULL</span> entered 10/24/2016.", "entry_date": "10/24/2016"}, {"date": "10/24/2016", "number": "175", "contents": "<span class='description'>DISCLOSURE TO PROSECUTION</span> entered 10/24/2016.", "entry_date": "10/24/2016"}, {"date": "10/24/2016", "number": "174", "contents": "<span class='description'>COURT ORDER DENYING STATE'S MOTION TO PRECLUDE SELECTION OF TWELVE JURORS - ENTERED</span> entered 10/24/2016.", "entry_date": "10/24/2016"}, {"date": "10/24/2016", "number": "173", "contents": "<span class='description'>OTHERS PRESENT: PD: A. PERKINS AND ASA:</span> entered 10/24/2016.", "entry_date": "10/24/2016"}, {"date": "10/24/2016", "number": "172", "contents": "<span class='description'>DEFENDANT PRESENT IN JAIL</span> entered 10/24/2016.", "entry_date": "10/24/2016"}, {"date": "10/24/2016", "number": "171", "contents": "<span class='description'>ASST. PUB. DEF. BILLARD, DEBRA DEKAY</span> entered 10/24/2016.", "entry_date": "10/24/2016"}, {"date": "10/24/2016", "number": "170", "contents": "<span class='description'>ASST. STATE ATTY. DE LA RIONDA, BERNARDO ENRIQUE</span> entered 10/24/2016.", "entry_date": "10/24/2016"}, {"date": "10/24/2016", "number": "169", "contents": "<span class='description'>JUDGE SCHEMER, JACK M.</span> entered 10/24/2016.", "entry_date": "10/24/2016"}, {"date": "10/21/2016", "number": "168", "contents": "<span class='description'>3RD DISCLOSURE TO PROSECUTION</span> entered 10/23/2016.", "entry_date": "10/23/2016"}, {"date": "10/21/2016", "number": "167", "contents": "<span class='description'>DISCLOSURE TO PROSECUTION</span> entered 10/23/2016.", "entry_date": "10/23/2016"}, {"date": "10/19/2016", "number": "166", "contents": "<span class='description'>JURY SELECTION 10/24/2016 9:00 AM - 505 5TH FLOOR, 501 W ADAMS ST JACKSONVILLE FL 32202</span> entered 10/19/2016.", "entry_date": "10/19/2016"}, {"date": "10/19/2016", "number": "165", "contents": "<span class='description'>MOTION (STATE'S) TO PRECLUDE SELECTION OF TWELVE JURORS- FILED</span> entered 10/19/2016.", "entry_date": "10/19/2016"}, {"date": "10/19/2016", "number": "164", "contents": "<span class='description'>DEFENDANT PRESENT IN JAIL</span> entered 10/19/2016.", "entry_date": "10/19/2016"}, {"date": "10/19/2016", "number": "163", "contents": "<span class='description'>ASST. PUB. DEF. BILLARD, DEBRA DEKAY</span> entered 10/19/2016.", "entry_date": "10/19/2016"}, {"date": "10/19/2016", "number": "162", "contents": "<span class='description'>ASST. STATE ATTY. DE LA RIONDA, BERNARDO ENRIQUE</span> entered 10/19/2016.", "entry_date": "10/19/2016"}, {"date": "10/19/2016", "number": "161", "contents": "<span class='description'>JUDGE SCHEMER, JACK M.</span> entered 10/19/2016.", "entry_date": "10/19/2016"}, {"date": "10/18/2016", "number": "160", "contents": "<span class='description'>STATES# 7TH SUPPLEMENTAL DISCOVERY EXHIBIT</span> entered 10/20/2016.", "entry_date": "10/20/2016"}, {"date": "10/18/2016", "number": "159", "contents": "<span class='description'>NOTICE OF TAKING DEPOSITION</span> entered 10/19/2016.", "entry_date": "10/19/2016"}, {"date": "10/18/2016", "number": "158", "contents": "<span class='description'>NOTICE OF TAKING DEPOSITION</span> entered 10/19/2016.", "entry_date": "10/19/2016"}, {"date": "10/17/2016", "number": "157", "contents": "<span class='description'>SUBPOENA FOR DEPOSITION - DEFENSE</span> entered 10/18/2016.", "entry_date": "10/18/2016"}, {"date": "10/17/2016", "number": "156", "contents": "<span class='description'>DUPLICATE SUBPOENA FOR DEPOSITION - DEFENSE</span> entered 10/18/2016.", "entry_date": "10/18/2016"}, {"date": "10/13/2016", "number": "155", "contents": "<span class='description'>10/24/2016 JS</span> entered 10/13/2016.", "entry_date": "10/13/2016"}, {"date": "10/13/2016", "number": "154", "contents": "<span class='description'>FINAL PRETRIAL 10/19/2016 9:00 AM - 505 5TH FLOOR, 501 W ADAMS ST JACKSONVILLE FL 32202</span> entered 10/13/2016.", "entry_date": "10/13/2016"}, {"date": "10/13/2016", "number": "153", "contents": "<span class='description'>COURT ORDER GRANTING DEFENSE MOTION FOR CONTINUANCE - ENTERED **STRIKE 10/17/2016 JS**</span> entered 10/13/2016.", "entry_date": "10/13/2016"}, {"date": "10/13/2016", "number": "152", "contents": "<span class='description'>DEFENDANT PRESENT IN JAIL</span> entered 10/13/2016.", "entry_date": "10/13/2016"}, {"date": "10/13/2016", "number": "151", "contents": "<span class='description'>ASST. PUB. DEF. BILLARD, DEBRA DEKAY</span> entered 10/13/2016.", "entry_date": "10/13/2016"}, {"date": "10/13/2016", "number": "150", "contents": "<span class='description'>ASST. STATE ATTY. DE LA RIONDA, BERNARDO ENRIQUE</span> entered 10/13/2016.", "entry_date": "10/13/2016"}, {"date": "10/13/2016", "number": "149", "contents": "<span class='description'>JUDGE SCHEMER, JACK M.</span> entered 10/13/2016.", "entry_date": "10/13/2016"}, {"date": "10/12/2016", "number": "148", "contents": "<span class='description'>MOTION FOR CONTINUANCE</span> entered 10/12/2016.", "entry_date": "10/12/2016"}, {"date": "10/4/2016", "number": "147", "contents": "<span class='description'>SUBPOENA FOR DEPOSITION -DEFENSE</span> entered 10/09/2016.", "entry_date": "10/9/2016"}, {"date": "9/30/2016", "number": "146", "contents": "<span class='description'>SUBPOENA FOR DEPOSITION ( 6 ATTACHED)</span> entered 10/03/2016.", "entry_date": "10/3/2016"}, {"date": "9/29/2016", "number": "145", "contents": "<span class='description'>SUBPOENA FOR DEPOSITION</span> entered 09/30/2016.", "entry_date": "9/30/2016"}, {"date": "9/28/2016", "number": "144", "contents": "<span class='description'>MOTION FOR MORE DEFINITE ADDRESS</span> entered 09/29/2016.", "entry_date": "9/29/2016"}, {"date": "9/28/2016", "number": "143", "contents": "<span class='description'>NOTICE OF TAKING DEPOSITION</span> entered 09/29/2016.", "entry_date": "9/29/2016"}, {"date": "9/28/2016", "number": "142", "contents": "<span class='description'>NOTICE OF TAKING DEPOSITION</span> entered 09/29/2016.", "entry_date": "9/29/2016"}, {"date": "9/27/2016", "number": "141", "contents": "<span class='description'>SUBPOENA FOR DEPOSITION -DEFENSE</span> entered 09/28/2016.", "entry_date": "9/28/2016"}, {"date": "9/27/2016", "number": "140", "contents": "<span class='description'>10/17/2016 JS</span> entered 09/27/2016.", "entry_date": "9/27/2016"}, {"date": "9/27/2016", "number": "139", "contents": "<span class='description'>FINAL PRETRIAL 10/13/2016 9:00 AM - 505 5TH FLOOR, 501 W ADAMS ST JACKSONVILLE FL 32202</span> entered 09/27/2016.", "entry_date": "9/27/2016"}, {"date": "9/27/2016", "number": "138", "contents": "<span class='description'>&gt; CANCEL REASON - PER JUDGE</span> entered 09/27/2016.", "entry_date": "9/27/2016"}, {"date": "9/27/2016", "number": "137", "contents": "<span class='description'>CANCELLED FINAL PRETRIAL ON 10/12/2016 9:00:00 AM</span> entered 09/27/2016.", "entry_date": "9/27/2016"}, {"date": "9/23/2016", "number": "136", "contents": "<span class='description'>SUBPOENA FOR DEPOSITION</span> entered 09/26/2016.", "entry_date": "9/26/2016"}, {"date": "9/23/2016", "number": "135", "contents": "<span class='description'>SUBPOENA FOR DEPOSITION</span> entered 09/26/2016.", "entry_date": "9/26/2016"}, {"date": "9/20/2016", "number": "134", "contents": "<span class='description'>SUBPOENA FOR DEPOSITION</span> entered 09/21/2016.", "entry_date": "9/21/2016"}, {"date": "9/20/2016", "number": "133", "contents": "<span class='description'>SUBPOENA FOR DEPOSITION</span> entered 09/21/2016.", "entry_date": "9/21/2016"}, {"date": "9/20/2016", "number": "132", "contents": "<span class='description'>SUBPOENA FOR DEPOSITION</span> entered 09/21/2016.", "entry_date": "9/21/2016"}, {"date": "9/20/2016", "number": "131", "contents": "<span class='description'>SUBPOENA FOR DEPOSITION</span> entered 09/21/2016.", "entry_date": "9/21/2016"}, {"date": "9/20/2016", "number": "130", "contents": "<span class='description'>SUBPOENA FOR DEPOSITION</span> entered 09/21/2016.", "entry_date": "9/21/2016"}, {"date": "9/19/2016", "number": "129", "contents": "<span class='description'>SUBPOENA FOR DEPOSITION -DEFENSE</span> entered 09/20/2016.", "entry_date": "9/20/2016"}, {"date": "9/19/2016", "number": "128", "contents": "<span class='description'>SUBPOENA FOR DEPOSITION -DEFENSE</span> entered 09/20/2016.", "entry_date": "9/20/2016"}, {"date": "9/16/2016", "number": "127", "contents": "<span class='description'>NOTICE OF TAKING DEPOSITION</span> entered 09/19/2016.", "entry_date": "9/19/2016"}, {"date": "9/16/2016", "number": "126", "contents": "<span class='description'>NOTICE OF TAKING DEPOSITION</span> entered 09/19/2016.", "entry_date": "9/19/2016"}, {"date": "8/15/2016", "number": "125", "contents": "<span class='description'>STATE'S 6TH SUPPLEMENTAL DISCOVERY EXHIBIT</span> entered 08/16/2016.", "entry_date": "8/16/2016"}, {"date": "7/26/2016", "number": "124", "contents": "<span class='description'>REQUEST FOR DOCUMENTS</span> entered 07/29/2016.", "entry_date": "7/29/2016"}, {"date": "7/19/2016", "number": "123", "contents": "<span class='description'>10/17/2016 JS</span> entered 07/19/2016.", "entry_date": "7/19/2016"}, {"date": "7/19/2016", "number": "122", "contents": "<span class='description'>FINAL PRETRIAL 10/12/2016 9:00 AM - 505 5TH FLOOR, 501 W ADAMS ST JACKSONVILLE FL 32202</span> entered 07/19/2016.", "entry_date": "7/19/2016"}, {"date": "7/19/2016", "number": "121", "contents": "<span class='description'>DEFENDANT PRESENT IN JAIL</span> entered 07/19/2016.", "entry_date": "7/19/2016"}, {"date": "7/19/2016", "number": "120", "contents": "<span class='description'>ASST. PUB. DEF. BILLARD, DEBRA DEKAY</span> entered 07/19/2016.", "entry_date": "7/19/2016"}, {"date": "7/19/2016", "number": "119", "contents": "<span class='description'>ASST. STATE ATTY. DE LA RIONDA, BERNARDO ENRIQUE</span> entered 07/19/2016.", "entry_date": "7/19/2016"}, {"date": "7/19/2016", "number": "118", "contents": "<span class='description'>JUDGE SCHEMER, JACK M.</span> entered 07/19/2016.", "entry_date": "7/19/2016"}, {"date": "6/13/2016", "number": "117", "contents": "<span class='description'>STATES FIFTH SUPPLEMENTAL DISCOVERY EXHIBIT</span> entered 06/13/2016.", "entry_date": "6/13/2016"}, {"date": "6/8/2016", "number": "116", "contents": "<span class='description'>STATES# 4TH SUPPLEMENTAL DISCOVERY EXHIBIT</span> entered 06/09/2016.", "entry_date": "6/9/2016"}, {"date": "5/31/2016", "number": "115", "contents": "<span class='description'>10/5/2016 FPT AND 10/10/2016 JS</span> entered 05/31/2016.", "entry_date": "5/31/2016"}, {"date": "5/31/2016", "number": "114", "contents": "<span class='description'>PRETRIAL 07/19/2016 9:00 AM - 505 5TH FLOOR, 501 W ADAMS ST JACKSONVILLE FL 32202</span> entered 05/31/2016.", "entry_date": "5/31/2016"}, {"date": "5/31/2016", "number": "113", "contents": "<span class='description'>&gt; CANCEL REASON - PER JUDGE IN OPEN COURT</span> entered 05/31/2016.", "entry_date": "5/31/2016"}, {"date": "5/31/2016", "number": "112", "contents": "<span class='description'>CANCELLED PRETRIAL ON 6/22/2016 9:00:00 AM</span> entered 05/31/2016.", "entry_date": "5/31/2016"}, {"date": "5/31/2016", "number": "111", "contents": "<span class='description'>DEFENDANT PRESENT IN JAIL</span> entered 05/31/2016.", "entry_date": "5/31/2016"}, {"date": "5/31/2016", "number": "110", "contents": "<span class='description'>ASST. PUB. DEF. BILLARD, DEBRA DEKAY</span> entered 05/31/2016.", "entry_date": "5/31/2016"}, {"date": "5/31/2016", "number": "109", "contents": "<span class='description'>ASST. STATE ATTY. DE LA RIONDA, BERNARDO ENRIQUE</span> entered 05/31/2016.", "entry_date": "5/31/2016"}, {"date": "5/31/2016", "number": "108", "contents": "<span class='description'>JUDGE SCHEMER, JACK M.</span> entered 05/31/2016.", "entry_date": "5/31/2016"}, {"date": "5/23/2016", "number": "107", "contents": "<span class='description'>DEFENDANT APPEARANCE WAIVED</span> entered 05/23/2016.", "entry_date": "5/23/2016"}, {"date": "5/23/2016", "number": "106", "contents": "<span class='description'>ASST. STATE ATTY. DE LA RIONDA, BERNARDO ENRIQUE</span> entered 05/23/2016.", "entry_date": "5/23/2016"}, {"date": "5/23/2016", "number": "105", "contents": "<span class='description'>OTHERS PRESENT: GROPPER FOR BILLARD</span> entered 05/23/2016.", "entry_date": "5/23/2016"}, {"date": "5/23/2016", "number": "104", "contents": "<span class='description'>ASST. PUB. DEF. BILLARD, DEBRA DEKAY</span> entered 05/23/2016.", "entry_date": "5/23/2016"}, {"date": "5/23/2016", "number": "103", "contents": "<span class='description'>JUDGE SCHEMER, JACK M.</span> entered 05/23/2016.", "entry_date": "5/23/2016"}, {"date": "5/23/2016", "number": "102", "contents": "<span class='description'>PRETRIAL 05/31/2016 9:00 AM - 505 5TH FLOOR, 501 W ADAMS ST JACKSONVILLE FL 32202</span> entered 05/23/2016.", "entry_date": "5/23/2016"}, {"date": "5/13/2016", "number": "101", "contents": "<span class='description'>PER E-MAIL; PT 6/22/16; FPT 10/5/16; JS 10/10/16</span> entered 05/13/2016.", "entry_date": "5/13/2016"}, {"date": "5/13/2016", "number": "100", "contents": "<span class='description'>STATUS HEARING 05/23/2016 9:00 AM - 505 5TH FLOOR, 501 W ADAMS ST JACKSONVILLE FL 32202</span> entered 05/13/2016.", "entry_date": "5/13/2016"}, {"date": "5/13/2016", "number": "99", "contents": "<span class='description'>TRANSFER TO DIV. CR-G (CIRCUIT)</span> entered 05/13/2016.", "entry_date": "5/13/2016"}, {"date": "5/11/2016", "number": "98", "contents": "<span class='description'>COURT ORDER OF REASSIGNMENT</span> entered 05/12/2016.", "entry_date": "5/12/2016"}, {"date": "5/11/2016", "number": "97", "contents": "<span class='description'>ORDER OF RECUSAL NO MOTION</span> entered 05/12/2016.", "entry_date": "5/12/2016"}, {"date": "5/6/2016", "number": "96", "contents": "<span class='description'>STANDING ORDER GOVERNING PRE-TRIAL PROCEDURES AND THE TRIAL OF ALL CRIMINAL ACTIONS IN THE DIVISION OF THE CIRCUIT COURT OF THE FOURTH JUDICIAL CIRCUIT</span> entered 05/09/2016.", "entry_date": "5/9/2016"}, {"date": "5/5/2016", "number": "95", "contents": "<span class='description'>PRETRIAL 06/22/2016 9:00 AM - 505 5TH FLOOR, 501 W ADAMS ST JACKSONVILLE FL 32202</span> entered 05/05/2016.", "entry_date": "5/5/2016"}, {"date": "5/5/2016", "number": "94", "contents": "<span class='description'>DEFENSE/STATE'S ORAL MOTION FOR CONTINUANCE (DEFENSE) - GRANTED W/OUT OBJECTION - STRIKE 09/17/16 JS</span> entered 05/05/2016.", "entry_date": "5/5/2016"}, {"date": "5/5/2016", "number": "93", "contents": "<span class='description'>ASST. PUB. DEF. BILLARD, DEBRA DEKAY</span> entered 05/05/2016.", "entry_date": "5/5/2016"}, {"date": "5/5/2016", "number": "92", "contents": "<span class='description'>JUDGE MCCALLUM, LINDA F.</span> entered 05/05/2016.", "entry_date": "5/5/2016"}, {"date": "5/5/2016", "number": "91", "contents": "<span class='description'>10/05/16 FPT; 10/10/16 JS</span> entered 05/05/2016.", "entry_date": "5/5/2016"}, {"date": "5/5/2016", "number": "90", "contents": "<span class='description'>DEFENDANT PRESENT IN JAIL</span> entered 05/05/2016.", "entry_date": "5/5/2016"}, {"date": "5/5/2016", "number": "89", "contents": "<span class='description'>ASST. STATE ATTY. DE LA RIONDA, BERNARDO ENRIQUE</span> entered 05/05/2016.", "entry_date": "5/5/2016"}, {"date": "4/1/2016", "number": "88", "contents": "<span class='description'>STANDING ORDER GOVERNING PRE-TRIAL PROCEDURES AND THE TRIAL OF ALL CRIMINAL ACTIONS IN THE DIVISION OF THE CIRCUIT COURT OF THE FOURTH JUDICIAL CIRCUIT</span> entered 04/01/2016.", "entry_date": "4/1/2016"}, {"date": "3/30/2016", "number": "87", "contents": "<span class='description'>PRETRIAL 05/05/2016 9:00 AM - 605 6TH FLOOR, 501 W ADAMS ST JACKSONVILLE FL 32202</span> entered 03/30/2016.", "entry_date": "3/30/2016"}, {"date": "3/30/2016", "number": "86", "contents": "<span class='description'>DEFENDANT PRESENT IN JAIL</span> entered 03/30/2016.", "entry_date": "3/30/2016"}, {"date": "3/30/2016", "number": "85", "contents": "<span class='description'>ASST. STATE ATTY. DE LA RIONDA, BERNARDO ENRIQUE</span> entered 03/30/2016.", "entry_date": "3/30/2016"}, {"date": "3/30/2016", "number": "84", "contents": "<span class='description'>JUDGE MCCALLUM, LINDA F.</span> entered 03/30/2016.", "entry_date": "3/30/2016"}, {"date": "3/30/2016", "number": "83", "contents": "<span class='description'>09/07/16 FPT, &amp; 09/12/16 JS</span> entered 03/30/2016.", "entry_date": "3/30/2016"}, {"date": "3/30/2016", "number": "82", "contents": "<span class='description'>ASST. PUB. DEF. PERKINS, ALPHONSE BERNARD</span> entered 03/30/2016.", "entry_date": "3/30/2016"}, {"date": "3/24/2016", "number": "81", "contents": "<span class='description'>PRETRIAL 03/30/2016 9:00 AM - 605 6TH FLOOR, 501 W ADAMS ST JACKSONVILLE FL 32202</span> entered 03/24/2016.", "entry_date": "3/24/2016"}, {"date": "3/24/2016", "number": "80", "contents": "<span class='description'>ASST. PUB. DEF. BILLARD, DEBRA DEKAY</span> entered 03/24/2016.", "entry_date": "3/24/2016"}, {"date": "3/24/2016", "number": "79", "contents": "<span class='description'>ASST. STATE ATTY. DE LA RIONDA, BERNARDO ENRIQUE</span> entered 03/24/2016.", "entry_date": "3/24/2016"}, {"date": "3/24/2016", "number": "78", "contents": "<span class='description'>DEFENDANT PRESENT IN JAIL</span> entered 03/24/2016.", "entry_date": "3/24/2016"}, {"date": "3/24/2016", "number": "77", "contents": "<span class='description'>JUDGE MCCALLUM, LINDA F.</span> entered 03/24/2016.", "entry_date": "3/24/2016"}, {"date": "2/24/2016", "number": "76", "contents": "<span class='description'>DEFENDANT PRESENT IN JAIL</span> entered 02/24/2016.", "entry_date": "2/24/2016"}, {"date": "2/24/2016", "number": "75", "contents": "<span class='description'>ASST. PUB. DEF. BILLARD, DEBRA DEKAY</span> entered 02/24/2016.", "entry_date": "2/24/2016"}, {"date": "2/24/2016", "number": "74", "contents": "<span class='description'>JUDGE MCCALLUM, LINDA F.</span> entered 02/24/2016.", "entry_date": "2/24/2016"}, {"date": "2/24/2016", "number": "73", "contents": "<span class='description'>PRETRIAL 03/24/2016 9:00 AM - 605 6TH FLOOR, 501 W ADAMS ST JACKSONVILLE FL 32202</span> entered 02/24/2016.", "entry_date": "2/24/2016"}, {"date": "2/24/2016", "number": "72", "contents": "<span class='description'>ASST. STATE ATTY. DE LA RIONDA, BERNARDO ENRIQUE</span> entered 02/24/2016.", "entry_date": "2/24/2016"}, {"date": "1/14/2016", "number": "71", "contents": "<span class='description'>PRETRIAL 02/24/2016 9:00 AM - 605 6TH FLOOR, 501 W ADAMS ST JACKSONVILLE FL 32202</span> entered 01/14/2016.", "entry_date": "1/14/2016"}, {"date": "1/14/2016", "number": "70", "contents": "<span class='description'>DEFENDANT PRESENT IN JAIL</span> entered 01/14/2016.", "entry_date": "1/14/2016"}, {"date": "1/14/2016", "number": "69", "contents": "<span class='description'>ASST. STATE ATTY. DE LA RIONDA, BERNARDO ENRIQUE</span> entered 01/14/2016.", "entry_date": "1/14/2016"}, {"date": "1/14/2016", "number": "68", "contents": "<span class='description'>ASST. PUB. DEF. BILLARD, DEBRA DEKAY</span> entered 01/14/2016.", "entry_date": "1/14/2016"}, {"date": "1/14/2016", "number": "67", "contents": "<span class='description'>JUDGE MCCALLUM, LINDA F.</span> entered 01/14/2016.", "entry_date": "1/14/2016"}, {"date": "11/24/2015", "number": "66", "contents": "<span class='description'>PRETRIAL 01/14/2016 9:00 AM - 308 3RD FLOOR, 501 W ADAMS ST JACKSONVILLE FL 32202</span> entered 11/24/2015.", "entry_date": "11/24/2015"}, {"date": "11/24/2015", "number": "65", "contents": "<span class='description'>DEFENDANT PRESENT IN JAIL</span> entered 11/24/2015.", "entry_date": "11/24/2015"}, {"date": "11/24/2015", "number": "64", "contents": "<span class='description'>OTHERS PRESENT: BY SA: PAMELA HAZEL</span> entered 11/24/2015.", "entry_date": "11/24/2015"}, {"date": "11/24/2015", "number": "63", "contents": "<span class='description'>ASST. STATE ATTY. DE LA RIONDA, BERNARDO ENRIQUE</span> entered 11/24/2015.", "entry_date": "11/24/2015"}, {"date": "11/24/2015", "number": "62", "contents": "<span class='description'>ASST. PUB. DEF. BILLARD, DEBRA DEKAY</span> entered 11/24/2015.", "entry_date": "11/24/2015"}, {"date": "11/24/2015", "number": "61", "contents": "<span class='description'>JUDGE BORELLO, MARK</span> entered 11/24/2015.", "entry_date": "11/24/2015"}, {"date": "11/18/2015", "number": "60", "contents": "<span class='description'>STATES# 2ND SUPPLEMENTAL DISCOVERY EXHIBIT</span> entered 11/19/2015.", "entry_date": "11/19/2015"}, {"date": "11/18/2015", "number": "59", "contents": "<span class='description'>STATES# 3RD SUPPLEMENTAL DISCOVERY EXHIBIT</span> entered 11/19/2015.", "entry_date": "11/19/2015"}, {"date": "11/12/2015", "number": "58", "contents": "<span class='description'>STATES 1st SUPPLEMENTAL DISCOVERY EXHIBIT</span> entered 11/16/2015.", "entry_date": "11/16/2015"}, {"date": "10/28/2015", "number": "57", "contents": "<span class='description'>SUBPOENA FOR DEPOSITION</span> entered 10/29/2015.", "entry_date": "10/29/2015"}, {"date": "10/26/2015", "number": "56", "contents": "<span class='description'>SUBPOENA FOR DEPOSITION</span> entered 10/27/2015.", "entry_date": "10/27/2015"}, {"date": "10/26/2015", "number": "55", "contents": "<span class='description'>SUBPOENA FOR DEPOSITION</span> entered 10/27/2015.", "entry_date": "10/27/2015"}, {"date": "10/23/2015", "number": "54", "contents": "<span class='description'>SUBPOENA FOR DEPOSITION</span> entered 10/26/2015.", "entry_date": "10/26/2015"}, {"date": "10/21/2015", "number": "53", "contents": "<span class='description'>NOTICE OF TAKING DEPOSITION</span> entered 10/22/2015.", "entry_date": "10/22/2015"}, {"date": "10/21/2015", "number": "52", "contents": "<span class='description'>NOTICE OF TAKING DEPOSITION</span> entered 10/22/2015.", "entry_date": "10/22/2015"}, {"date": "10/20/2015", "number": "51", "contents": "<span class='description'>DEFENDANT PRESENT IN JAIL</span> entered 10/20/2015.", "entry_date": "10/20/2015"}, {"date": "10/20/2015", "number": "50", "contents": "<span class='description'>ASST. PUB. DEF. BILLARD, DEBRA DEKAY</span> entered 10/20/2015.", "entry_date": "10/20/2015"}, {"date": "10/20/2015", "number": "49", "contents": "<span class='description'>JUDGE BORELLO, MARK</span> entered 10/20/2015.", "entry_date": "10/20/2015"}, {"date": "10/20/2015", "number": "48", "contents": "<span class='description'>PRETRIAL 11/24/2015 9:00 AM - 308 3RD FLOOR, 501 W ADAMS ST JACKSONVILLE FL 32202</span> entered 10/20/2015.", "entry_date": "10/20/2015"}, {"date": "10/20/2015", "number": "47", "contents": "<span class='description'>OTHERS PRESENT: SA: PETER OVERSTREET</span> entered 10/20/2015.", "entry_date": "10/20/2015"}, {"date": "10/20/2015", "number": "46", "contents": "<span class='description'>ASST. STATE ATTY. DE LA RIONDA, BERNARDO ENRIQUE</span> entered 10/20/2015.", "entry_date": "10/20/2015"}, {"date": "9/16/2015", "number": "45", "contents": "<span class='description'>PRETRIAL 10/20/2015 9:00 AM - 308 3RD FLOOR, 501 W ADAMS ST JACKSONVILLE FL 32202</span> entered 09/16/2015.", "entry_date": "9/16/2015"}, {"date": "9/16/2015", "number": "44", "contents": "<span class='description'>OTHERS PRESENT: PARENTS</span> entered 09/16/2015.", "entry_date": "9/16/2015"}, {"date": "9/16/2015", "number": "43", "contents": "<span class='description'>DEFENDANT PRESENT IN JAIL</span> entered 09/16/2015.", "entry_date": "9/16/2015"}, {"date": "9/16/2015", "number": "42", "contents": "<span class='description'>ASST. STATE ATTY. DE LA RIONDA, BERNARDO ENRIQUE</span> entered 09/16/2015.", "entry_date": "9/16/2015"}, {"link_viewer": "https://www.docketalarm.com/cases/Florida_State_Duval_County_Fourth_Circuit_Court/2015-CF-007131/CAMERON_SNEED/41/", "number": "41", "link": "https://www.docketalarm.com/cases/Florida_State_Duval_County_Fourth_Circuit_Court/2015-CF-007131/CAMERON_SNEED/docs/41.pdf", "entry_date": "9/16/2015", "date": "9/16/2015", "contents": "<a href=\"/cases/Florida_State_Duval_County_Fourth_Circuit_Court/2015-CF-007131/CAMERON_SNEED/41/\"><span class='description'>** WAIVER OF SPEEDY TRIAL **</span></a> entered 09/16/2015."}, {"date": "9/16/2015", "number": "40", "contents": "<span class='description'>ASST. PUB. DEF. BILLARD, DEBRA DEKAY</span> entered 09/16/2015.", "entry_date": "9/16/2015"}, {"date": "9/16/2015", "number": "39", "contents": "<span class='description'>JUDGE BORELLO, MARK</span> entered 09/16/2015.", "entry_date": "9/16/2015"}, {"date": "8/26/2015", "number": "38", "contents": "<span class='description'>STATE'S DISCOVERY EXHIBIT AND DEMAND FOR RECIPROCAL DISCOVERY</span> entered 08/26/2015.", "entry_date": "8/26/2015"}, {"date": "8/26/2015", "number": "37", "contents": "<span class='description'>PLEA OF NOT GUILTY</span> entered 08/26/2015.", "entry_date": "8/26/2015"}, {"date": "8/26/2015", "number": "36", "contents": "<span class='description'>PLEA OF NOT GUILTY</span> entered 08/26/2015.", "entry_date": "8/26/2015"}, {"date": "8/26/2015", "number": "35", "contents": "<span class='description'>DEFENDANT WAIVED READING OF INDICTMENT AND PLEAD NOT GUILTY</span> entered 08/26/2015.", "entry_date": "8/26/2015"}, {"date": "8/26/2015", "number": "34", "contents": "<span class='description'>ASST. PUB. DEF. BILLARD, DEBRA DEKAY</span> entered 08/26/2015.", "entry_date": "8/26/2015"}, {"date": "8/26/2015", "number": "33", "contents": "<span class='description'>ASST. STATE ATTY. DE LA RIONDA, BERNARDO ENRIQUE</span> entered 08/26/2015.", "entry_date": "8/26/2015"}, {"date": "8/26/2015", "number": "32", "contents": "<span class='description'>PRETRIAL 09/16/2015 9:00 AM - 308 3RD FLOOR, 501 W ADAMS ST JACKSONVILLE FL 32202</span> entered 08/26/2015.", "entry_date": "8/26/2015"}, {"date": "8/26/2015", "number": "31", "contents": "<span class='description'>PLEA OF NOT GUILTY</span> entered 08/26/2015.", "entry_date": "8/26/2015"}, {"date": "8/26/2015", "number": "30", "contents": "<span class='description'>DEFENDANT PRESENT IN JAIL</span> entered 08/26/2015.", "entry_date": "8/26/2015"}, {"date": "8/26/2015", "number": "29", "contents": "<span class='description'>JUDGE BORELLO, MARK</span> entered 08/26/2015.", "entry_date": "8/26/2015"}, {"date": "8/20/2015", "number": "28", "contents": "<span class='description'>NOTICE OF DISCOVERY &amp; SPECIFIC DEMAND FOR INFORMATION</span> entered 08/21/2015.", "entry_date": "8/21/2015"}, {"date": "8/20/2015", "number": "27", "contents": "<span class='description'>MOTION FOR STATEMENT OF PARTICULARS</span> entered 08/20/2015.", "entry_date": "8/20/2015"}, {"date": "8/17/2015", "number": "26", "contents": "<span class='description'>TRIAL ASSISTANT STATE ATTORNEY CHANGED TO De La Rionda, Bernardo Enrique PER SAO</span> entered 08/17/2015.", "entry_date": "8/17/2015"}, {"date": "8/17/2015", "number": "25", "contents": "<span class='description'>&gt; OFFENDER # 2015-021925 ARREST DATE 8/14/2015</span> entered 08/17/2015.", "entry_date": "8/17/2015"}, {"date": "8/17/2015", "number": "24", "contents": "<span class='description'>CAPIAS RETURNED - SERVED</span> entered 08/17/2015.", "entry_date": "8/17/2015"}, {"date": "8/15/2015", "number": "23", "contents": "<span class='description'>ARRAIGNMENT DATE 08/26/2015 9:00 AM - 308 3RD FLOOR, 501 W ADAMS ST JACKSONVILLE FL 32202</span> entered 08/17/2015.", "entry_date": "8/17/2015"}, {"link_viewer": "https://www.docketalarm.com/cases/Florida_State_Duval_County_Fourth_Circuit_Court/2015-CF-007131/CAMERON_SNEED/22/", "number": "22", "link": "https://www.docketalarm.com/cases/Florida_State_Duval_County_Fourth_Circuit_Court/2015-CF-007131/CAMERON_SNEED/docs/22.pdf", "entry_date": "8/17/2015", "date": "8/15/2015", "contents": "<a href=\"/cases/Florida_State_Duval_County_Fourth_Circuit_Court/2015-CF-007131/CAMERON_SNEED/22/\"><span class='description'>DEFENDANT DECLARED INDIGENT, ORDER APPOINTING PUBLIC DEFENDER - FILED</span></a> entered 08/17/2015."}, {"date": "8/15/2015", "number": "21", "contents": "<span class='description'>PD APP FEE 50.00 IMPOSED</span> entered 08/17/2015.", "entry_date": "8/17/2015"}, {"link_viewer": "https://www.docketalarm.com/cases/Florida_State_Duval_County_Fourth_Circuit_Court/2015-CF-007131/CAMERON_SNEED/20/", "number": "20", "link": "https://www.docketalarm.com/cases/Florida_State_Duval_County_Fourth_Circuit_Court/2015-CF-007131/CAMERON_SNEED/docs/20.pdf", "entry_date": "8/17/2015", "date": "8/15/2015", "contents": "<a href=\"/cases/Florida_State_Duval_County_Fourth_Circuit_Court/2015-CF-007131/CAMERON_SNEED/20/\"><span class='description'>APPLICATION FOR CRIMINAL INDIGENT STATUS - FILED</span></a> entered 08/17/2015."}, {"date": "8/15/2015", "number": "19", "contents": "<span class='description'>ARREST &amp; BOOKING REPORT 2015-021925 08/14/2015</span> entered 08/17/2015.", "entry_date": "8/17/2015"}, {"date": "8/15/2015", "number": "18", "contents": "<span class='description'>FEES DUE: 8/17/2015</span> entered 08/17/2015.", "entry_date": "8/17/2015"}, {"date": "8/14/2015", "number": "17", "contents": "<span class='description'>TRIAL ASSISTANT STATE ATTORNEY CHANGED TO Overstreet, Peter Charles PER SAO</span> entered 08/14/2015.", "entry_date": "8/14/2015"}, {"date": "8/14/2015", "number": "16", "contents": "<span class='description'>ARRAIGNMENT COURT DATE: 08/25/2015 SUBJECT TO CHANGE. CALL FOR VERIFICATION</span> entered 08/14/2015.", "entry_date": "8/14/2015"}, {"date": "8/14/2015", "number": "15", "contents": "<span class='description'>RECEIPT FOR WARRANT</span> entered 08/14/2015.", "entry_date": "8/14/2015"}, {"date": "8/14/2015", "number": "14", "contents": "<span class='description'>RECALL RECEIVED AND PROCESSED BY JSO</span> entered 08/14/2015.", "entry_date": "8/14/2015"}, {"date": "8/14/2015", "number": "13", "contents": "<span class='description'>CERTIFICATE OF FILING INDICTMENT ON JUVENILE</span> entered 08/14/2015.", "entry_date": "8/14/2015"}, {"date": "8/14/2015", "number": "12", "contents": "<span class='description'>CONTROL NUMBER 1466907 eWarrant</span> entered 08/14/2015.", "entry_date": "8/14/2015"}, {"date": "8/14/2015", "number": "11", "contents": "<span class='description'>CERTIFICATION OF FILING DIRECT INFO ON JUVENILE</span> entered 08/14/2015.", "entry_date": "8/14/2015"}, {"date": "8/14/2015", "number": "10", "contents": "<span class='description'>CAPIAS ORDERED &amp; ISSUED</span> entered 08/14/2015.", "entry_date": "8/14/2015"}, {"date": "8/14/2015", "number": "9", "contents": "<span class='description'>CAPIAS RETURNED - RECALLED</span> entered 08/14/2015.", "entry_date": "8/14/2015"}, {"date": "8/14/2015", "number": "8", "contents": "<span class='description'>ORDER OF RECALL - ISSUED IN ERROR</span> entered 08/14/2015.", "entry_date": "8/14/2015"}, {"date": "8/13/2015", "number": "7", "contents": "<span class='description'>RECEIPT FOR WARRANT</span> entered 08/13/2015.", "entry_date": "8/13/2015"}, {"date": "8/13/2015", "number": "6", "contents": "<span class='description'>CONTROL NUMBER 1466889 eWarrant</span> entered 08/13/2015.", "entry_date": "8/13/2015"}, {"date": "8/13/2015", "number": "5", "contents": "<span class='description'>CERTIFICATION OF FILING DIRECT INFO ON JUVENILE</span> entered 08/13/2015.", "entry_date": "8/13/2015"}, {"date": "8/13/2015", "number": "4", "contents": "<span class='description'>CAPIAS ORDERED &amp; ISSUED</span> entered 08/13/2015.", "entry_date": "8/13/2015"}, {"date": "8/13/2015", "number": "3", "contents": "<span class='description'>INDICTMENT FILED FOR S812.13(2)(A) ARMED ROBBERY</span> entered 08/14/2015.", "entry_date": "8/14/2015"}, {"date": "8/13/2015", "number": "2", "contents": "<span class='description'>INDICTMENT FILED FOR ATTEMPTED S782.04(1)(A) MURDER - FIRST DEGREE</span> entered 08/14/2015.", "entry_date": "8/14/2015"}, {"date": "8/13/2015", "number": "1", "contents": "<span class='description'>INDICTMENT FILED FOR S782.04(1)(A) MURDER - FIRST DEGREE</span> entered 08/14/2015.", "entry_date": "8/14/2015"}], "analyze": {"last_analyze": "6/22/2020"}, "success": true, "parties": [{"race": "B", "name_normalized": "Cameron Sneed", "name": "CAMERON SNEED", "sex": "Male", "other": [], "type": "Defendant"}]}