{"info": {"status": "RE-OPEN", "division": "CR-H", "judges": ["AHO, MARIANNE"], "court": "Florida State, Duval County, Fourth Circuit Court", "title": "MARVIN CALVIN JONES", "date_filed": "10/1/2015", "link": "https://www.docketalarm.com/cases/Florida_State_Duval_County_Fourth_Circuit_Court/2015-CF-008665/MARVIN_CALVIN_JONES/", "judges_normalized": ["Aho Marianne"], "judge": "AHO, MARIANNE", "type": "Circuit Criminal", "docket": "2015-CF-008665"}, "docket_report": [{"date": "5/13/2020", "number": "470", "contents": "<span class='description'>TESTIMONY &amp; PROCEEDINGS OF AUGUST 8, 2019 BEFORE THE HONORABLE MARRIANE AHO</span> entered 05/14/2020.", "entry_date": "5/14/2020"}, {"date": "4/6/2020", "number": "469", "contents": "<span class='description'>MOTION TO VACATE JUDG. &amp; SENT. (RULE 3.850)</span> entered 04/06/2020.", "entry_date": "4/6/2020"}, {"date": "11/6/2019", "number": "468", "contents": "<span class='description'>CASE FEES $768.00 SENT TO COLLECTIONS ON 11/06/2019 AGENCY LINEBARGER</span> entered 11/06/2019.", "entry_date": "11/6/2019"}, {"date": "8/12/2019", "number": "467", "contents": "<span class='description'>RECEIPT FOR CIVIL PROCESS, JAIL, WARRANTS</span> entered 08/13/2019.", "entry_date": "8/13/2019"}, {"link_viewer": "https://www.docketalarm.com/cases/Florida_State_Duval_County_Fourth_Circuit_Court/2015-CF-008665/MARVIN_CALVIN_JONES/466/", "number": "466", "link": "https://www.docketalarm.com/cases/Florida_State_Duval_County_Fourth_Circuit_Court/2015-CF-008665/MARVIN_CALVIN_JONES/docs/466.pdf", "entry_date": "8/9/2019", "date": "8/9/2019", "contents": "<a href=\"/cases/Florida_State_Duval_County_Fourth_Circuit_Court/2015-CF-008665/MARVIN_CALVIN_JONES/466/\"><span class='description'>UNIFORM COMMITMENT TO CUSTODY OF DEPT. OF CORRECTIONS</span></a> entered 08/09/2019."}, {"link_viewer": "https://www.docketalarm.com/cases/Florida_State_Duval_County_Fourth_Circuit_Court/2015-CF-008665/MARVIN_CALVIN_JONES/465/", "number": "465", "link": "https://www.docketalarm.com/cases/Florida_State_Duval_County_Fourth_Circuit_Court/2015-CF-008665/MARVIN_CALVIN_JONES/docs/465.pdf", "entry_date": "8/9/2019", "date": "8/9/2019", "contents": "<a href=\"/cases/Florida_State_Duval_County_Fourth_Circuit_Court/2015-CF-008665/MARVIN_CALVIN_JONES/465/\"><span class='description'>COMMITMENT CHECKLIST SENT</span></a> entered 08/09/2019."}, {"date": "8/9/2019", "number": "463", "contents": "<span class='description'>CERTIFICATE OF SERVICE FOR JUDGMENT AND SENTENCE</span> entered 08/09/2019.", "entry_date": "8/9/2019"}, {"date": "8/8/2019", "number": "460", "contents": "<span class='description'>RESTITUTION ORDER CREATED FOR: $ $9,341.49 BOOK 18894 PAGE 966-967</span> entered 08/09/2019.", "entry_date": "8/9/2019"}, {"link_viewer": "https://www.docketalarm.com/cases/Florida_State_Duval_County_Fourth_Circuit_Court/2015-CF-008665/MARVIN_CALVIN_JONES/459/", "number": "459", "link": "https://www.docketalarm.com/cases/Florida_State_Duval_County_Fourth_Circuit_Court/2015-CF-008665/MARVIN_CALVIN_JONES/docs/459.pdf", "entry_date": "8/9/2019", "date": "8/8/2019", "contents": "<a href=\"/cases/Florida_State_Duval_County_Fourth_Circuit_Court/2015-CF-008665/MARVIN_CALVIN_JONES/459/\"><span class='description'>ORDER OF CONVERSION TO FINAL JUDGMENT 08/08/2019 BOOK 18894 PAGE 965-965</span></a> entered 08/09/2019."}, {"date": "8/8/2019", "number": "457", "contents": "<span class='description'>SENTENCING GUIDELINES</span> entered 08/09/2019.", "entry_date": "8/9/2019"}, {"date": "8/8/2019", "number": "456", "contents": "<span class='description'>CLERKS EXHIBIT MEMO</span> entered 08/09/2019.", "entry_date": "8/9/2019"}, {"date": "8/8/2019", "number": "455", "contents": "<span class='description'>CLERKS MEMO OF HEARING</span> entered 08/09/2019.", "entry_date": "8/9/2019"}, {"date": "8/8/2019", "number": "454", "contents": "<span class='description'>JUDGMENT AND SENTENCE TO STATE PRISON FOR LIFE</span> entered 08/09/2019.", "entry_date": "8/9/2019"}, {"date": "8/8/2019", "number": "453", "contents": "<span class='description'>CONCURRENT WITH COUNT 1</span> entered 08/09/2019.", "entry_date": "8/9/2019"}, {"date": "8/8/2019", "number": "452", "contents": "<span class='description'>CREDIT TIME: 2089 DAYS</span> entered 08/09/2019.", "entry_date": "8/9/2019"}, {"date": "8/8/2019", "number": "451", "contents": "<span class='description'>LIFE CONCURRENT</span> entered 08/09/2019.", "entry_date": "8/9/2019"}, {"date": "8/8/2019", "number": "450", "contents": "<span class='description'>DEF. ADJUDGED GUILTY - FINGERPRINTS TAKEN</span> entered 08/09/2019.", "entry_date": "8/9/2019"}, {"date": "8/8/2019", "number": "449", "contents": "<span class='description'>DEFENDANT PLEAD GUILTY</span> entered 08/09/2019.", "entry_date": "8/9/2019"}, {"date": "8/8/2019", "number": "448", "contents": "<span class='description'>TRANSFER TO GENERAL COUNCIL FOR FINAL JUDGMENT</span> entered 08/09/2019.", "entry_date": "8/9/2019"}, {"date": "8/8/2019", "number": "447", "contents": "<span class='description'>CSTF 20.00 IMPOSED</span> entered 08/09/2019.", "entry_date": "8/9/2019"}, {"date": "8/8/2019", "number": "446", "contents": "<span class='description'>SAIEF 100.00 IMPOSED</span> entered 08/09/2019.", "entry_date": "8/9/2019"}, {"date": "8/8/2019", "number": "445", "contents": "<span class='description'>AACC 65.00 IMPOSED</span> entered 08/09/2019.", "entry_date": "8/9/2019"}, {"date": "8/8/2019", "number": "444", "contents": "<span class='description'>SOCIF 100.00 IMPOSED</span> entered 08/09/2019.", "entry_date": "8/9/2019"}, {"date": "8/8/2019", "number": "443", "contents": "<span class='description'>TNC 3.00 IMPOSED</span> entered 08/09/2019.", "entry_date": "8/9/2019"}, {"date": "8/8/2019", "number": "442", "contents": "<span class='description'>LGTF 225.00 IMPOSED</span> entered 08/09/2019.", "entry_date": "8/9/2019"}, {"date": "8/8/2019", "number": "441", "contents": "<span class='description'>CCT 50.00 IMPOSED</span> entered 08/09/2019.", "entry_date": "8/9/2019"}, {"date": "8/8/2019", "number": "440", "contents": "<span class='description'>COURTATTY(JDGMTCOSTS) 100.00 IMPOSED</span> entered 08/09/2019.", "entry_date": "8/9/2019"}, {"date": "8/8/2019", "number": "439", "contents": "<span class='description'>COST OF COURT 50.00 IMPOSED</span> entered 08/09/2019.", "entry_date": "8/9/2019"}, {"date": "8/8/2019", "number": "438", "contents": "<span class='description'>LEEA 5.00 IMPOSED</span> entered 08/09/2019.", "entry_date": "8/9/2019"}, {"date": "8/8/2019", "number": "437", "contents": "<span class='description'>STATE WITHDRAWS THE NOTICE TO SEEK THE DEATH PENALTY AND NOTICE OF AGGRAVATING FACTORS</span> entered 08/09/2019.", "entry_date": "8/9/2019"}, {"date": "8/8/2019", "number": "436", "contents": "<span class='description'>STATE AND DEFENSE WITHDRAWS ALL OUTSTANDING MOTIONS</span> entered 08/09/2019.", "entry_date": "8/9/2019"}, {"link_viewer": "https://www.docketalarm.com/cases/Florida_State_Duval_County_Fourth_Circuit_Court/2015-CF-008665/MARVIN_CALVIN_JONES/435/", "number": "435", "link": "https://www.docketalarm.com/cases/Florida_State_Duval_County_Fourth_Circuit_Court/2015-CF-008665/MARVIN_CALVIN_JONES/docs/435.pdf", "entry_date": "8/9/2019", "date": "8/8/2019", "contents": "<a href=\"/cases/Florida_State_Duval_County_Fourth_Circuit_Court/2015-CF-008665/MARVIN_CALVIN_JONES/435/\"><span class='description'>JUDGMENT AND SENTENCE TO STATE PRISON FOR LIFE BOOK 18894 PAGE 959-964</span></a> entered 08/09/2019."}, {"date": "8/8/2019", "number": "434", "contents": "<span class='description'>CREDIT STIPULATED BY BOTH PARTIES</span> entered 08/09/2019.", "entry_date": "8/9/2019"}, {"date": "8/8/2019", "number": "433", "contents": "<span class='description'>CONCURRENT WITH COUNT/S 1-2</span> entered 08/09/2019.", "entry_date": "8/9/2019"}, {"date": "8/8/2019", "number": "432", "contents": "<span class='description'>CREDIT TIME: 2089 DAYS</span> entered 08/09/2019.", "entry_date": "8/9/2019"}, {"date": "8/8/2019", "number": "431", "contents": "<span class='description'>LIFE CONCURRENT</span> entered 08/09/2019.", "entry_date": "8/9/2019"}, {"date": "8/8/2019", "number": "430", "contents": "<span class='description'>DEF. ADJUDGED GUILTY - FINGERPRINTS TAKEN</span> entered 08/09/2019.", "entry_date": "8/9/2019"}, {"date": "8/8/2019", "number": "429", "contents": "<span class='description'>DEFENDANT PLEAD GUILTY</span> entered 08/09/2019.", "entry_date": "8/9/2019"}, {"date": "8/8/2019", "number": "428", "contents": "<span class='description'>SENTENCING HEARING HELD IN FULL</span> entered 08/09/2019.", "entry_date": "8/9/2019"}, {"date": "8/8/2019", "number": "427", "contents": "<span class='description'>ACKNOWLEDGE. OF RIGHTS &amp; VOLUNTARINESS OF ENTRY OF PLEA</span> entered 08/09/2019.", "entry_date": "8/9/2019"}, {"date": "8/8/2019", "number": "426", "contents": "<span class='description'>DEF. PERMITTED TO W/D PLEA OF NOT GUILTY/GUILTY</span> entered 08/09/2019.", "entry_date": "8/9/2019"}, {"date": "8/8/2019", "number": "425", "contents": "<span class='description'>DEFENDANT PRESENT IN JAIL</span> entered 08/09/2019.", "entry_date": "8/9/2019"}, {"date": "8/8/2019", "number": "424", "contents": "<span class='description'>ATTY. FOR DEF. ANDUX, GONZALO</span> entered 08/09/2019.", "entry_date": "8/9/2019"}, {"date": "8/8/2019", "number": "423", "contents": "<span class='description'>ASST. STATE ATTY. KITE, LONDON MAHOGANY</span> entered 08/09/2019.", "entry_date": "8/9/2019"}, {"date": "8/8/2019", "number": "422", "contents": "<span class='description'>JUDGE AHO, MARIANNE</span> entered 08/09/2019.", "entry_date": "8/9/2019"}, {"date": "7/24/2019", "number": "421", "contents": "<span class='description'>@8:00AM - 9:00AM; 09/16/19 FPT; 09/23/19 JS (2 WEEKS)</span> entered 07/24/2019.", "entry_date": "7/24/2019"}, {"date": "7/24/2019", "number": "420", "contents": "<span class='description'>DISPOSITION 08/08/2019 9:00 AM - 305 3RD FLOOR, 501 W ADAMS ST JACKSONVILLE FL 32202</span> entered 07/24/2019.", "entry_date": "7/24/2019"}, {"date": "7/24/2019", "number": "419", "contents": "<span class='description'>DEFENDANT APPEARANCE WAIVED</span> entered 07/24/2019.", "entry_date": "7/24/2019"}, {"date": "7/24/2019", "number": "418", "contents": "<span class='description'>ATTY. FOR DEF. ANDUX, GONZALO</span> entered 07/24/2019.", "entry_date": "7/24/2019"}, {"date": "7/24/2019", "number": "417", "contents": "<span class='description'>ASST. STATE ATTY. KITE, LONDON MAHOGANY</span> entered 07/24/2019.", "entry_date": "7/24/2019"}, {"date": "7/24/2019", "number": "416", "contents": "<span class='description'>JUDGE AHO, MARIANNE</span> entered 07/24/2019.", "entry_date": "7/24/2019"}, {"date": "7/10/2019", "number": "415", "contents": "<span class='description'>09/16/19 FPT; 09/23/19 JS (2 WEEKS)</span> entered 07/10/2019.", "entry_date": "7/10/2019"}, {"date": "7/10/2019", "number": "414", "contents": "<span class='description'>PRETRIAL 07/24/2019 9:00 AM - 305 3RD FLOOR, 501 W ADAMS ST JACKSONVILLE FL 32202</span> entered 07/10/2019.", "entry_date": "7/10/2019"}, {"date": "7/10/2019", "number": "413", "contents": "<span class='description'>DEFENDANT PRESENT IN JAIL</span> entered 07/10/2019.", "entry_date": "7/10/2019"}, {"date": "7/10/2019", "number": "412", "contents": "<span class='description'>ATTY. FOR DEF. ANDUX, GONZALO</span> entered 07/10/2019.", "entry_date": "7/10/2019"}, {"date": "7/10/2019", "number": "411", "contents": "<span class='description'>ASST. STATE ATTY. KITE, LONDON MAHOGANY</span> entered 07/10/2019.", "entry_date": "7/10/2019"}, {"date": "7/10/2019", "number": "410", "contents": "<span class='description'>JUDGE AHO, MARIANNE</span> entered 07/10/2019.", "entry_date": "7/10/2019"}, {"date": "7/2/2019", "number": "409", "contents": "<span class='description'>STATE'S AMENDED DISCOVERY EXHIBIT AND DEMAND FOR RECIPROCAL DISCOVERY</span> entered 07/03/2019.", "entry_date": "7/3/2019"}, {"date": "6/14/2019", "number": "408", "contents": "<span class='description'>STATE'S PENALTY PHASE DISCOVERY EXHIBIT AND DEMAND FOR RECIPROCAL DISCOVERY (AMENDED)</span> entered 06/18/2019.", "entry_date": "6/18/2019"}, {"date": "6/4/2019", "number": "407", "contents": "<span class='description'>09/16/19 FPT; 09/23/19 JS (2 WEEKS)</span> entered 06/04/2019.", "entry_date": "6/4/2019"}, {"date": "6/4/2019", "number": "406", "contents": "<span class='description'>PRETRIAL 07/10/2019 9:00 AM - 305 3RD FLOOR, 501 W ADAMS ST JACKSONVILLE FL 32202</span> entered 06/04/2019.", "entry_date": "6/4/2019"}, {"date": "6/4/2019", "number": "405", "contents": "<span class='description'>OTHERS PRESENT: A FINNELL FOR G ANDUX</span> entered 06/04/2019.", "entry_date": "6/4/2019"}, {"date": "6/4/2019", "number": "404", "contents": "<span class='description'>OTHERS PRESENT: G HILL FOR L KITE</span> entered 06/04/2019.", "entry_date": "6/4/2019"}, {"date": "6/4/2019", "number": "403", "contents": "<span class='description'>DEFENDANT PRESENT IN JAIL</span> entered 06/04/2019.", "entry_date": "6/4/2019"}, {"date": "6/4/2019", "number": "402", "contents": "<span class='description'>ATTY. FOR DEF. ANDUX, GONZALO</span> entered 06/04/2019.", "entry_date": "6/4/2019"}, {"date": "6/4/2019", "number": "401", "contents": "<span class='description'>ASST. STATE ATTY. KITE, LONDON MAHOGANY</span> entered 06/04/2019.", "entry_date": "6/4/2019"}, {"date": "6/4/2019", "number": "400", "contents": "<span class='description'>JUDGE AHO, MARIANNE</span> entered 06/04/2019.", "entry_date": "6/4/2019"}, {"date": "5/29/2019", "number": "399", "contents": "<span class='description'>STATE'S PENALTY PHASE DISCOVERY EXHIBIT &amp; RESPONSE FOR RECIPROCAL DISCOVERY</span> entered 05/30/2019.", "entry_date": "5/30/2019"}, {"date": "5/10/2019", "number": "398", "contents": "<span class='description'>PRETRIAL 06/04/2019 9:00 AM - 305 3RD FLOOR, 501 W ADAMS ST JACKSONVILLE FL 32202</span> entered 05/10/2019.", "entry_date": "5/10/2019"}, {"date": "5/10/2019", "number": "397", "contents": "<span class='description'>MOTION TO COMPEL - TAKEN U/A</span> entered 05/10/2019.", "entry_date": "5/10/2019"}, {"date": "5/10/2019", "number": "396", "contents": "<span class='description'>OTHERS PRESENT: A FINNELL FOR G ANDUX</span> entered 05/10/2019.", "entry_date": "5/10/2019"}, {"date": "5/10/2019", "number": "395", "contents": "<span class='description'>DEFENDANT PRESENT IN JAIL</span> entered 05/10/2019.", "entry_date": "5/10/2019"}, {"date": "5/10/2019", "number": "394", "contents": "<span class='description'>ATTY. FOR DEF. ANDUX, GONZALO</span> entered 05/10/2019.", "entry_date": "5/10/2019"}, {"date": "5/10/2019", "number": "393", "contents": "<span class='description'>ASST. STATE ATTY. KITE, LONDON MAHOGANY</span> entered 05/10/2019.", "entry_date": "5/10/2019"}, {"date": "5/10/2019", "number": "392", "contents": "<span class='description'>JUDGE AHO, MARIANNE</span> entered 05/10/2019.", "entry_date": "5/10/2019"}, {"date": "5/3/2019", "number": "391", "contents": "<span class='description'>(SPECIAL SET FOR 8:30AM); PER JA EMAIL; 09/16/19 FPT; 09/23/19 JS (2 WEEKS)</span> entered 05/03/2019.", "entry_date": "5/3/2019"}, {"date": "5/3/2019", "number": "390", "contents": "<span class='description'>HEARING ON MOTION 05/10/2019 9:00 AM - 305 3RD FLOOR, 501 W ADAMS ST JACKSONVILLE FL 32202</span> entered 05/03/2019.", "entry_date": "5/3/2019"}, {"date": "5/3/2019", "number": "389", "contents": "<span class='description'>&gt; CANCEL REASON - PER JA EMAIL</span> entered 05/03/2019.", "entry_date": "5/3/2019"}, {"date": "5/3/2019", "number": "388", "contents": "<span class='description'>CANCELLED HEARING ON MOTION (TO BE SET) ON 5/6/2019 9:00:00 AM</span> entered 05/03/2019.", "entry_date": "5/3/2019"}, {"date": "4/30/2019", "number": "387", "contents": "<span class='description'>09/16/19 FPT; 09/23/19 JS (2 WEEKS); PER JA E-MAIL</span> entered 04/30/2019.", "entry_date": "4/30/2019"}, {"date": "4/30/2019", "number": "386", "contents": "<span class='description'>HEARING ON MOTION (TO BE SET) 05/06/2019 9:00 AM - 305 3RD FLOOR, 501 W ADAMS ST JACKSONVILLE FL 32202</span> entered 04/30/2019.", "entry_date": "4/30/2019"}, {"date": "4/30/2019", "number": "385", "contents": "<span class='description'>&gt; CANCEL REASON - PER JA E-MAIL</span> entered 04/30/2019.", "entry_date": "4/30/2019"}, {"date": "4/30/2019", "number": "384", "contents": "<span class='description'>CANCELLED HEARING ON MOTION ON 5/3/2019 9:00:00 AM</span> entered 04/30/2019.", "entry_date": "4/30/2019"}, {"date": "4/18/2019", "number": "383", "contents": "<span class='description'>NOTICE OF HEARING</span> entered 04/18/2019.", "entry_date": "4/18/2019"}, {"date": "4/17/2019", "number": "382", "contents": "<span class='description'>NOTICE OF HEARING</span> entered 04/19/2019.", "entry_date": "4/19/2019"}, {"date": "3/26/2019", "number": "381", "contents": "<span class='description'>@9:00AM - 9:30AM; 09/16/19 FPT; 09/23/19 JS (2 WEEKS)</span> entered 03/26/2019.", "entry_date": "3/26/2019"}, {"date": "3/26/2019", "number": "380", "contents": "<span class='description'>HEARING ON MOTION 05/03/2019 9:00 AM - 305 3RD FLOOR, 501 W ADAMS ST JACKSONVILLE FL 32202</span> entered 03/26/2019.", "entry_date": "3/26/2019"}, {"date": "3/26/2019", "number": "379", "contents": "<span class='description'>DEFENDANT PRESENT IN JAIL</span> entered 03/26/2019.", "entry_date": "3/26/2019"}, {"date": "3/26/2019", "number": "378", "contents": "<span class='description'>ATTY. FOR DEF. ANDUX, GONZALO</span> entered 03/26/2019.", "entry_date": "3/26/2019"}, {"date": "3/26/2019", "number": "377", "contents": "<span class='description'>ASST. STATE ATTY. KITE, LONDON MAHOGANY</span> entered 03/26/2019.", "entry_date": "3/26/2019"}, {"date": "3/26/2019", "number": "376", "contents": "<span class='description'>JUDGE AHO, MARIANNE</span> entered 03/26/2019.", "entry_date": "3/26/2019"}, {"date": "3/8/2019", "number": "375", "contents": "<span class='description'>COURT ORDER FOR PAYMENT OF COSTS AND APPOINTING FORENSIC DNA EXPERT TO ASSIST THE DEFENDANT IN PREPARATION OF THE DEFENSE OF COURT APPOINTED DEFENDANT</span> entered 03/11/2019.", "entry_date": "3/11/2019"}, {"date": "3/7/2019", "number": "374", "contents": "<span class='description'>MOTION TO INCUR COSTS OF AND APPOINT A FORENSIC DNA EXPERT TO ASSIST THE DEFENDANT IN PREPARATION OF THE DEFENSE OF COURT APPOINTED DEFENDANT</span> entered 03/11/2019.", "entry_date": "3/11/2019"}, {"date": "3/5/2019", "number": "373", "contents": "<span class='description'>PRETRIAL 03/26/2019 9:00 AM - 305 3RD FLOOR, 501 W ADAMS ST JACKSONVILLE FL 32202</span> entered 03/05/2019.", "entry_date": "3/5/2019"}, {"date": "3/5/2019", "number": "372", "contents": "<span class='description'>DEFENDANT PRESENT IN JAIL</span> entered 03/05/2019.", "entry_date": "3/5/2019"}, {"date": "3/5/2019", "number": "371", "contents": "<span class='description'>OTHERS PRESENT: B. SHELTON FOR G. ANDUX</span> entered 03/05/2019.", "entry_date": "3/5/2019"}, {"date": "3/5/2019", "number": "370", "contents": "<span class='description'>ATTY. FOR DEF. ANDUX, GONZALO</span> entered 03/05/2019.", "entry_date": "3/5/2019"}, {"date": "3/5/2019", "number": "369", "contents": "<span class='description'>ASST. STATE ATTY. KITE, LONDON MAHOGANY</span> entered 03/05/2019.", "entry_date": "3/5/2019"}, {"date": "3/5/2019", "number": "368", "contents": "<span class='description'>JUDGE AHO, MARIANNE</span> entered 03/05/2019.", "entry_date": "3/5/2019"}, {"date": "1/29/2019", "number": "367", "contents": "<span class='description'>PRETRIAL 03/05/2019 9:00 AM - 305 3RD FLOOR, 501 W ADAMS ST JACKSONVILLE FL 32202</span> entered 01/29/2019.", "entry_date": "1/29/2019"}, {"date": "1/29/2019", "number": "366", "contents": "<span class='description'>DEFENDANT APPEARANCE WAIVED</span> entered 01/29/2019.", "entry_date": "1/29/2019"}, {"date": "1/29/2019", "number": "365", "contents": "<span class='description'>ATTY. FOR DEF. ANDUX, GONZALO</span> entered 01/29/2019.", "entry_date": "1/29/2019"}, {"date": "1/29/2019", "number": "364", "contents": "<span class='description'>ASST. STATE ATTY. KITE, LONDON MAHOGANY</span> entered 01/29/2019.", "entry_date": "1/29/2019"}, {"date": "1/29/2019", "number": "363", "contents": "<span class='description'>JUDGE AHO, MARIANNE</span> entered 01/29/2019.", "entry_date": "1/29/2019"}, {"date": "1/1/2019", "number": "362", "contents": "<span class='description'>Courtroom change effective 01/01/2019; PRETRIAL scheduled for 1/29/2019 at 9:00 AM moved from 408 4th Floor to 305 3rd Floor.</span> entered 12/28/2018.", "entry_date": "12/28/2018"}, {"date": "12/21/2018", "number": "361", "contents": "<span class='description'>NOTICE OF TAKING DEPOSITION</span> entered 12/26/2018.", "entry_date": "12/26/2018"}, {"date": "12/17/2018", "number": "360", "contents": "<span class='description'>PRETRIAL 01/29/2019 9:00 AM - 408 4TH FLOOR, 501 W ADAMS ST JACKSONVILLE FL 32202</span> entered 12/17/2018.", "entry_date": "12/17/2018"}, {"date": "12/17/2018", "number": "359", "contents": "<span class='description'>DEFENDANT PRESENT IN JAIL</span> entered 12/17/2018.", "entry_date": "12/17/2018"}, {"date": "12/17/2018", "number": "358", "contents": "<span class='description'>OTHERS PRESENT B. SHELTON FOR G. ANDUX</span> entered 12/17/2018.", "entry_date": "12/17/2018"}, {"date": "12/17/2018", "number": "357", "contents": "<span class='description'>ATTY. FOR DEF. ANDUX, GONZALO</span> entered 12/17/2018.", "entry_date": "12/17/2018"}, {"date": "12/17/2018", "number": "356", "contents": "<span class='description'>OTHERS PRESENT: ASA G. HILL FOR L. KITE</span> entered 12/17/2018.", "entry_date": "12/17/2018"}, {"date": "12/17/2018", "number": "355", "contents": "<span class='description'>ASST. STATE ATTY. KITE, LONDON MAHOGANY</span> entered 12/17/2018.", "entry_date": "12/17/2018"}, {"date": "12/17/2018", "number": "354", "contents": "<span class='description'>JUDGE AHO, MARIANNE</span> entered 12/17/2018.", "entry_date": "12/17/2018"}, {"date": "11/16/2018", "number": "353", "contents": "<span class='description'>ORDER PERT. TO PAYMENT OF COSTS - ON MOTION FOR PAYMENT OF COSTS ON DEPOSITION TRANSRIPTS FOR COURT APPOINTED DEFENDANT</span> entered 11/19/2018.", "entry_date": "11/19/2018"}, {"date": "11/14/2018", "number": "352", "contents": "<span class='description'>MOTION TO INCUR COSTS FOR OF DEPOSITION TRANSCRIPTS FOR COURT APPOINTED DEFENDANT</span> entered 11/14/2018.", "entry_date": "11/14/2018"}, {"date": "11/7/2018", "number": "351", "contents": "<span class='description'>PRETRIAL 12/17/2018 9:00 AM - 408 4TH FLOOR, 501 W ADAMS ST JACKSONVILLE FL 32202</span> entered 11/07/2018.", "entry_date": "11/7/2018"}, {"date": "11/7/2018", "number": "350", "contents": "<span class='description'>OTHERS PRESENT: B. SHELDON FOR G. ANDUX</span> entered 11/07/2018.", "entry_date": "11/7/2018"}, {"date": "11/7/2018", "number": "349", "contents": "<span class='description'>DEFENDANT PRESENT IN JAIL</span> entered 11/07/2018.", "entry_date": "11/7/2018"}, {"date": "11/7/2018", "number": "348", "contents": "<span class='description'>ATTY. FOR DEF. ANDUX, GONZALO</span> entered 11/07/2018.", "entry_date": "11/7/2018"}, {"date": "11/7/2018", "number": "347", "contents": "<span class='description'>ASST. STATE ATTY. KITE, LONDON MAHOGANY</span> entered 11/07/2018.", "entry_date": "11/7/2018"}, {"date": "11/7/2018", "number": "346", "contents": "<span class='description'>JUDGE AHO, MARIANNE</span> entered 11/07/2018.", "entry_date": "11/7/2018"}, {"date": "10/25/2018", "number": "345", "contents": "<span class='description'>AFFIDAVIT/RETURN OF SERVICE</span> entered 10/26/2018.", "entry_date": "10/26/2018"}, {"date": "10/23/2018", "number": "344", "contents": "<span class='description'>AFFIDAVIT/RETURN OF SERVICE</span> entered 10/24/2018.", "entry_date": "10/24/2018"}, {"date": "10/23/2018", "number": "343", "contents": "<span class='description'>AFFIDAVIT/RETURN OF SERVICE</span> entered 10/24/2018.", "entry_date": "10/24/2018"}, {"date": "10/23/2018", "number": "342", "contents": "<span class='description'>AFFIDAVIT/RETURN OF SERVICE</span> entered 10/24/2018.", "entry_date": "10/24/2018"}, {"date": "10/23/2018", "number": "341", "contents": "<span class='description'>AFFIDAVIT/RETURN OF SERVICE</span> entered 10/24/2018.", "entry_date": "10/24/2018"}, {"date": "10/17/2018", "number": "340", "contents": "<span class='description'>NOTICE OF TAKING DEPOSITIONS</span> entered 10/18/2018.", "entry_date": "10/18/2018"}, {"date": "10/17/2018", "number": "339", "contents": "<span class='description'>NOTICE OF TAKING DEPOSITIONS</span> entered 10/18/2018.", "entry_date": "10/18/2018"}, {"date": "10/9/2018", "number": "338", "contents": "<span class='description'>MOTION TO COMPEL PENALTY PHASE DISCOVERY</span> entered 10/11/2018.", "entry_date": "10/11/2018"}, {"date": "9/26/2018", "number": "337", "contents": "<span class='description'>PRETRIAL 11/07/2018 9:00 AM - 408 4TH FLOOR, 501 W ADAMS ST JACKSONVILLE FL 32202</span> entered 09/26/2018.", "entry_date": "9/26/2018"}, {"date": "9/26/2018", "number": "336", "contents": "<span class='description'>OTHERS PRESENT: SHELTON FOR ANDUX</span> entered 09/26/2018.", "entry_date": "9/26/2018"}, {"date": "9/26/2018", "number": "335", "contents": "<span class='description'>DEFENDANT PRESENT IN JAIL</span> entered 09/26/2018.", "entry_date": "9/26/2018"}, {"date": "9/26/2018", "number": "334", "contents": "<span class='description'>ATTY. FOR DEF. ANDUX, GONZALO</span> entered 09/26/2018.", "entry_date": "9/26/2018"}, {"date": "9/26/2018", "number": "333", "contents": "<span class='description'>ASST. STATE ATTY. KITE, LONDON MAHOGANY</span> entered 09/26/2018.", "entry_date": "9/26/2018"}, {"date": "9/26/2018", "number": "332", "contents": "<span class='description'>SITTING JUDGE - WHITTINGTON, STEVEN B</span> entered 09/26/2018.", "entry_date": "9/26/2018"}, {"date": "9/26/2018", "number": "331", "contents": "<span class='description'>JUDGE AHO, MARIANNE</span> entered 09/26/2018.", "entry_date": "9/26/2018"}, {"date": "9/5/2018", "number": "330", "contents": "<span class='description'>ORDER PERT. TO PAYMENT OF COSTS - AND APPOINTING NEUROPSYCHOLOGIST TO CONDUCT CONFIDENTIAL EXAMINATION OF COURT APPOINTED DEFENDANT (PENALTY PHASE)</span> entered 09/06/2018.", "entry_date": "9/6/2018"}, {"date": "9/4/2018", "number": "329", "contents": "<span class='description'>MOTION TO INCUR COSTS OF AND APPOINT NEUROPSYCHOLOGIST TO CONDUCT CONFIDENTIAL EXAMINATION OF DEFENDANT (PENALTY PHASE)</span> entered 09/05/2018.", "entry_date": "9/5/2018"}, {"date": "8/16/2018", "number": "328", "contents": "<span class='description'>PRETRIAL 09/26/2018 9:00 AM - 408 4TH FLOOR, 501 W ADAMS ST JACKSONVILLE FL 32202</span> entered 08/16/2018.", "entry_date": "8/16/2018"}, {"date": "8/16/2018", "number": "327", "contents": "<span class='description'>DEFENDANT PRESENT IN JAIL</span> entered 08/16/2018.", "entry_date": "8/16/2018"}, {"date": "8/16/2018", "number": "326", "contents": "<span class='description'>OTHERS PRESENT: B. SHELTON FOR G. ANDUX</span> entered 08/16/2018.", "entry_date": "8/16/2018"}, {"date": "8/16/2018", "number": "325", "contents": "<span class='description'>ATTY. FOR DEF. ANDUX, GONZALO</span> entered 08/16/2018.", "entry_date": "8/16/2018"}, {"date": "8/16/2018", "number": "324", "contents": "<span class='description'>ASST. STATE ATTY. KITE, LONDON MAHOGANY</span> entered 08/16/2018.", "entry_date": "8/16/2018"}, {"date": "8/16/2018", "number": "323", "contents": "<span class='description'>JUDGE AHO, MARIANNE</span> entered 08/16/2018.", "entry_date": "8/16/2018"}, {"date": "7/19/2018", "number": "322", "contents": "<span class='description'>ORDER PERT. TO PAYMENT OF COSTS - FOR PAYMENT OF COSTS FOR RECORDS FOR COURT APPOINTED DEFENDANT</span> entered 07/19/2018.", "entry_date": "7/19/2018"}, {"date": "7/18/2018", "number": "321", "contents": "<span class='description'>MOTION TO INCUR COSTS FOR FLORIDA DEPARMENT OF CORRECTIONS RECORDS FOR COURT APPOINTED DEFENDANT</span> entered 07/18/2018.", "entry_date": "7/18/2018"}, {"date": "7/9/2018", "number": "320", "contents": "<span class='description'>PRETRIAL 08/16/2018 9:00 AM - 408 4TH FLOOR, 501 W ADAMS ST JACKSONVILLE FL 32202</span> entered 07/09/2018.", "entry_date": "7/9/2018"}, {"date": "7/9/2018", "number": "319", "contents": "<span class='description'>OTHERS PRESENT: A FINNELL FOR G ANDUX</span> entered 07/09/2018.", "entry_date": "7/9/2018"}, {"date": "7/9/2018", "number": "318", "contents": "<span class='description'>DEFENDANT PRESENT IN JAIL</span> entered 07/09/2018.", "entry_date": "7/9/2018"}, {"date": "7/9/2018", "number": "317", "contents": "<span class='description'>ATTY. FOR DEF. ANDUX, GONZALO</span> entered 07/09/2018.", "entry_date": "7/9/2018"}, {"date": "7/9/2018", "number": "316", "contents": "<span class='description'>ASST. STATE ATTY. KITE, LONDON MAHOGANY</span> entered 07/09/2018.", "entry_date": "7/9/2018"}, {"date": "7/9/2018", "number": "315", "contents": "<span class='description'>JUDGE AHO, MARIANNE</span> entered 07/09/2018.", "entry_date": "7/9/2018"}, {"date": "6/4/2018", "number": "314", "contents": "<span class='description'>PRETRIAL 07/09/2018 9:00 AM - 408 4TH FLOOR, 501 W ADAMS ST JACKSONVILLE FL 32202</span> entered 06/04/2018.", "entry_date": "6/4/2018"}, {"date": "6/4/2018", "number": "313", "contents": "<span class='description'>DEFENDANT PRESENT IN JAIL</span> entered 06/04/2018.", "entry_date": "6/4/2018"}, {"date": "6/4/2018", "number": "312", "contents": "<span class='description'>ATTY. FOR DEF. ANDUX, GONZALO</span> entered 06/04/2018.", "entry_date": "6/4/2018"}, {"date": "6/4/2018", "number": "311", "contents": "<span class='description'>ASST. STATE ATTY. KITE, LONDON MAHOGANY</span> entered 06/04/2018.", "entry_date": "6/4/2018"}, {"date": "6/4/2018", "number": "310", "contents": "<span class='description'>JUDGE AHO, MARIANNE</span> entered 06/04/2018.", "entry_date": "6/4/2018"}, {"date": "5/24/2018", "number": "309", "contents": "<span class='description'>ORDER PERT. TO PAYMENT OF COSTS - FOR PAYMENT OF COSTS AND APPOINTING MENTAL HEALTH EXPERT TO CONDUCT CONFIDENTIAL EXAMINATION OF COURT APPOINTED DEFENDANT PENALTY PHASE</span> entered 05/24/2018.", "entry_date": "5/24/2018"}, {"date": "5/24/2018", "number": "308", "contents": "<span class='description'>ORDER PERT. TO PAYMENT OF COSTS - AUTHORIZING CERTAIN SPECIFIED COSTS FOR COURT APPOINTED DEFENDANT (PENALTY PHASE)</span> entered 05/24/2018.", "entry_date": "5/24/2018"}, {"date": "5/18/2018", "number": "307", "contents": "<span class='description'>ORDER PERT. TO PAYMENT OF COSTS - FOR PAYMENT OF COSTS ON CD TRANSCRIPTS FOR COURT APPOINTED DEFENDANT</span> entered 05/21/2018.", "entry_date": "5/21/2018"}, {"date": "5/14/2018", "number": "306", "contents": "<span class='description'>MOTION TO INCUR COSTS FOR CD TRANSCRIPTS FOR COURT APPOINTED DEFENDANT</span> entered 05/14/2018.", "entry_date": "5/14/2018"}, {"date": "5/9/2018", "number": "305", "contents": "<span class='description'>ORDER PERT. TO PAYMENT OF COSTS AUTHORIZING CERTAIN SPECIFIED COSTS FOR COURT APPOINTED DEFENDANT</span> entered 05/09/2018.", "entry_date": "5/9/2018"}, {"date": "5/9/2018", "number": "304", "contents": "<span class='description'>ORDER PERT. TO PAYMENT OF COSTS - AND APPOINTING MENTAL HEALTH EXPERT TO CONDUCT CONFIDENTIAL EXAMINATION OF COURT APPOINTED DEFENDANT</span> entered 05/09/2018.", "entry_date": "5/9/2018"}, {"link_viewer": "https://www.docketalarm.com/cases/Florida_State_Duval_County_Fourth_Circuit_Court/2015-CF-008665/MARVIN_CALVIN_JONES/303/", "number": "303", "link": "https://www.docketalarm.com/cases/Florida_State_Duval_County_Fourth_Circuit_Court/2015-CF-008665/MARVIN_CALVIN_JONES/docs/303.pdf", "entry_date": "5/8/2018", "date": "5/8/2018", "contents": "<a href=\"/cases/Florida_State_Duval_County_Fourth_Circuit_Court/2015-CF-008665/MARVIN_CALVIN_JONES/303/\"><span class='description'>ORDER APPOINTING ATTORNEY (COURT-APPOINTED COUNSEL)</span></a> entered 05/08/2018."}, {"date": "5/3/2018", "number": "302", "contents": "<span class='description'>MOTION TO INCUR COSTS OF AND APPOINT MENTAL HEALTH EXPERT TO CONDUCT CONFIDENTIAL EXAMINATION OF COURT APPOINTED DEFENDANT PENALTY PHASE</span> entered 05/04/2018.", "entry_date": "5/4/2018"}, {"date": "5/3/2018", "number": "301", "contents": "<span class='description'>MOTION TO INCUR COSTS OF A MITIGATION SPECIALIST(PENALTY PHASE)</span> entered 05/04/2018.", "entry_date": "5/4/2018"}, {"date": "5/3/2018", "number": "300", "contents": "<span class='description'>MOTION TO INCUR COSTS OF AND APPOINT MENTAL HEALTH EXPERT TO CONDUCT CONFIDENTIAL EXAMINATION OF COURT APPOINTED DEFENDANT</span> entered 05/04/2018.", "entry_date": "5/4/2018"}, {"date": "5/3/2018", "number": "299", "contents": "<span class='description'>MOTION TO INCUR CERTAIN SPECIFIED COSTS FOR COURT APPOINTED DEFENDANT</span> entered 05/04/2018.", "entry_date": "5/4/2018"}, {"date": "5/2/2018", "number": "298", "contents": "<span class='description'>PRETRIAL 06/04/2018 9:00 AM - 408 4TH FLOOR, 501 W ADAMS ST JACKSONVILLE FL 32202</span> entered 05/03/2018.", "entry_date": "5/3/2018"}, {"date": "5/2/2018", "number": "297", "contents": "<span class='description'>NOTICE OF INTENT TO SEEK DEATH PENALTY RECEIVED BY DEFENSE-DEFENSE WAIVED READING OF NOTICE INTO THE RECORD</span> entered 05/03/2018.", "entry_date": "5/3/2018"}, {"date": "5/2/2018", "number": "296", "contents": "<span class='description'>DEFENDANT WAIVED READING OF INDICTMENT AND PLEAD DEFENDAT STOOD MUTE-COUT ENTERED NOT GUILTY ON DENDANTS BEHALF</span> entered 05/03/2018.", "entry_date": "5/3/2018"}, {"date": "5/2/2018", "number": "295", "contents": "<span class='description'>DEFENDANT PRESENT IN JAIL</span> entered 05/03/2018.", "entry_date": "5/3/2018"}, {"date": "5/2/2018", "number": "294", "contents": "<span class='description'>ATTY. FOR DEF. MOSCA, STEPHEN ANDREW</span> entered 05/03/2018.", "entry_date": "5/3/2018"}, {"date": "5/2/2018", "number": "293", "contents": "<span class='description'>ASST. STATE ATTY. KITE, LONDON MAHOGANY</span> entered 05/03/2018.", "entry_date": "5/3/2018"}, {"date": "5/2/2018", "number": "292", "contents": "<span class='description'>JUDGE AHO, MARIANNE</span> entered 05/03/2018.", "entry_date": "5/3/2018"}, {"link_viewer": "https://www.docketalarm.com/cases/Florida_State_Duval_County_Fourth_Circuit_Court/2015-CF-008665/MARVIN_CALVIN_JONES/291/", "number": "291", "link": "https://www.docketalarm.com/cases/Florida_State_Duval_County_Fourth_Circuit_Court/2015-CF-008665/MARVIN_CALVIN_JONES/docs/291.pdf", "entry_date": "5/3/2018", "date": "5/2/2018", "contents": "<a href=\"/cases/Florida_State_Duval_County_Fourth_Circuit_Court/2015-CF-008665/MARVIN_CALVIN_JONES/291/\"><span class='description'>ORDER APPOINTING ATTORNEY (COURT-APPOINTED COUNSEL)</span></a> entered 05/03/2018."}, {"date": "5/2/2018", "number": "290", "contents": "<span class='description'>COURT ORDER GRANTING MOTION TO WITHDRAW</span> entered 05/03/2018.", "entry_date": "5/3/2018"}, {"date": "5/2/2018", "number": "289", "contents": "<span class='description'>MOTION FOR STATEMENT OF PARTICULARS</span> entered 05/03/2018.", "entry_date": "5/3/2018"}, {"date": "5/2/2018", "number": "288", "contents": "<span class='description'>NOTICE OF DISCOVERY</span> entered 05/03/2018.", "entry_date": "5/3/2018"}, {"date": "4/30/2018", "number": "287", "contents": "<span class='description'>MOTION TO WITHDRAW</span> entered 05/01/2018.", "entry_date": "5/1/2018"}, {"date": "4/30/2018", "number": "286", "contents": "<span class='description'>COURT DATE PREVIOUSLY SET 05/02/18 - ARRAIGNMENT ON INDICTMENT</span> entered 04/30/2018.", "entry_date": "4/30/2018"}, {"date": "4/30/2018", "number": "285", "contents": "<span class='description'>CERTIFICATE OF CONFLICT &amp; MOTION TO WITHDRAW - WITHDRAWN ON THE RECORD</span> entered 04/30/2018.", "entry_date": "4/30/2018"}, {"date": "4/30/2018", "number": "284", "contents": "<span class='description'>CERTIFICATE OF CONFLICT &amp; MOTION TO WITHDRAW</span> entered 04/30/2018.", "entry_date": "4/30/2018"}, {"date": "4/30/2018", "number": "283", "contents": "<span class='description'>DEFENDANT APPEARANCE WAIVED</span> entered 04/30/2018.", "entry_date": "4/30/2018"}, {"date": "4/30/2018", "number": "282", "contents": "<span class='description'>OTHERS PRESENT: N CARTER FOR S MOSCA</span> entered 04/30/2018.", "entry_date": "4/30/2018"}, {"date": "4/30/2018", "number": "281", "contents": "<span class='description'>ATTY. FOR DEF. MOSCA, STEPHEN ANDREW</span> entered 04/30/2018.", "entry_date": "4/30/2018"}, {"date": "4/30/2018", "number": "280", "contents": "<span class='description'>OTHERS PRESENT: E WOLFSON FOR L KITE</span> entered 04/30/2018.", "entry_date": "4/30/2018"}, {"date": "4/30/2018", "number": "279", "contents": "<span class='description'>ASST. STATE ATTY. KITE, LONDON MAHOGANY</span> entered 04/30/2018.", "entry_date": "4/30/2018"}, {"date": "4/30/2018", "number": "278", "contents": "<span class='description'>JUDGE AHO, MARIANNE</span> entered 04/30/2018.", "entry_date": "4/30/2018"}, {"date": "4/30/2018", "number": "277", "contents": "<span class='description'>PRETRIAL 04/30/2018 9:00 AM - 408 4TH FLOOR, 501 W ADAMS ST JACKSONVILLE FL 32202</span> entered 04/30/2018.", "entry_date": "4/30/2018"}, {"date": "4/25/2018", "number": "276", "contents": "<span class='description'>CERTIFICATE OF CONFLICT &amp; MOTION TO WITHDRAW</span> entered 04/26/2018.", "entry_date": "4/26/2018"}, {"date": "4/19/2018", "number": "275", "contents": "<span class='description'>NOTICE OF INTENT TO SEEK THE DEATH PENALTY AND NOTICE OF AGGRAVATING FACTORS</span> entered 04/19/2018.", "entry_date": "4/19/2018"}, {"date": "4/12/2018", "number": "274", "contents": "<span class='description'>INDICTMENT FILED FOR S810.02(1)(B)2B BURGLARY WITH ASSAULT OR BATTERY</span> entered 04/13/2018.", "entry_date": "4/13/2018"}, {"date": "4/12/2018", "number": "273", "contents": "<span class='description'>INDICTMENT FILED FOR S782.04(1)(A) MURDER IN THE FIRST DEGREE</span> entered 04/13/2018.", "entry_date": "4/13/2018"}, {"date": "4/4/2018", "number": "272", "contents": "<span class='description'>** INDICTMENT**</span> entered 04/30/2018.", "entry_date": "4/30/2018"}, {"date": "4/4/2018", "number": "271", "contents": "<span class='description'>ARRAIGNMENT 05/02/2018 9:00 AM - 408 4TH FLOOR, 501 W ADAMS ST JACKSONVILLE FL 32202</span> entered 04/04/2018.", "entry_date": "4/4/2018"}, {"date": "4/4/2018", "number": "270", "contents": "<span class='description'>DEFENDANT PRESENT IN JAIL</span> entered 04/04/2018.", "entry_date": "4/4/2018"}, {"date": "4/4/2018", "number": "269", "contents": "<span class='description'>DEFENSE/STATE'S ORAL MOTION FOR CONTINUANCE (DEFENSE) - GRANTED W/OUT OBJECTION - STRIKE 06/12/18 FPT &amp; 06/18/18 JS</span> entered 04/04/2018.", "entry_date": "4/4/2018"}, {"date": "4/4/2018", "number": "268", "contents": "<span class='description'>ATTY. FOR DEF. MOSCA, STEPHEN ANDREW</span> entered 04/04/2018.", "entry_date": "4/4/2018"}, {"date": "4/4/2018", "number": "267", "contents": "<span class='description'>ASST. STATE ATTY. KITE, LONDON MAHOGANY</span> entered 04/04/2018.", "entry_date": "4/4/2018"}, {"date": "4/4/2018", "number": "266", "contents": "<span class='description'>JUDGE AHO, MARIANNE</span> entered 04/04/2018.", "entry_date": "4/4/2018"}, {"date": "3/19/2018", "number": "265", "contents": "<span class='description'>06/12/18 FPT; 06/18/18 JS</span> entered 03/19/2018.", "entry_date": "3/19/2018"}, {"date": "3/19/2018", "number": "264", "contents": "<span class='description'>PRETRIAL 04/04/2018 9:00 AM - 408 4TH FLOOR, 501 W ADAMS ST JACKSONVILLE FL 32202</span> entered 03/19/2018.", "entry_date": "3/19/2018"}, {"date": "3/19/2018", "number": "263", "contents": "<span class='description'>&gt; CANCEL REASON - PER COURT</span> entered 03/19/2018.", "entry_date": "3/19/2018"}, {"date": "3/19/2018", "number": "262", "contents": "<span class='description'>CANCELLED PRETRIAL ON 3/21/2018 9:00:00 AM</span> entered 03/19/2018.", "entry_date": "3/19/2018"}, {"date": "3/15/2018", "number": "261", "contents": "<span class='description'>TRIAL ASSISTANT STATE ATTORNEY CHANGED TO Kite, London Mahogany PER SAO</span> entered 03/15/2018.", "entry_date": "3/15/2018"}, {"date": "2/12/2018", "number": "260", "contents": "<span class='description'>06/12/18 FPT; 06/18/18 JS</span> entered 02/12/2018.", "entry_date": "2/12/2018"}, {"date": "2/12/2018", "number": "259", "contents": "<span class='description'>PRETRIAL 03/21/2018 9:00 AM - 408 4TH FLOOR, 501 W ADAMS ST JACKSONVILLE FL 32202</span> entered 02/12/2018.", "entry_date": "2/12/2018"}, {"date": "2/12/2018", "number": "258", "contents": "<span class='description'>DEFENDANT PRESENT IN JAIL</span> entered 02/12/2018.", "entry_date": "2/12/2018"}, {"date": "2/12/2018", "number": "257", "contents": "<span class='description'>ATTY. FOR DEF. HINCHEY, KATHERINE LITTELL</span> entered 02/12/2018.", "entry_date": "2/12/2018"}, {"date": "2/12/2018", "number": "256", "contents": "<span class='description'>ASST. STATE ATTY. MOODY, JEFFREY MITCHELL</span> entered 02/12/2018.", "entry_date": "2/12/2018"}, {"date": "2/12/2018", "number": "255", "contents": "<span class='description'>JUDGE AHO, MARIANNE</span> entered 02/12/2018.", "entry_date": "2/12/2018"}, {"date": "2/8/2018", "number": "254", "contents": "<span class='description'>PRETRIAL 02/12/2018 9:00 AM - 408 4TH FLOOR, 501 W ADAMS ST JACKSONVILLE FL 32202</span> entered 02/08/2018.", "entry_date": "2/8/2018"}, {"date": "2/8/2018", "number": "253", "contents": "<span class='description'>DEFENDANT APPEARANCE WAIVED</span> entered 02/08/2018.", "entry_date": "2/8/2018"}, {"date": "2/8/2018", "number": "252", "contents": "<span class='description'>OTHERS PRESENT: J GOLDSBOROUGH FOR K HINCHEY</span> entered 02/08/2018.", "entry_date": "2/8/2018"}, {"date": "2/8/2018", "number": "251", "contents": "<span class='description'>ATTY. FOR DEF. HINCHEY, KATHERINE LITTELL</span> entered 02/08/2018.", "entry_date": "2/8/2018"}, {"date": "2/8/2018", "number": "250", "contents": "<span class='description'>ASST. STATE ATTY. MOODY, JEFFREY MITCHELL</span> entered 02/08/2018.", "entry_date": "2/8/2018"}, {"date": "2/8/2018", "number": "249", "contents": "<span class='description'>JUDGE AHO, MARIANNE</span> entered 02/08/2018.", "entry_date": "2/8/2018"}, {"date": "2/5/2018", "number": "248", "contents": "<span class='description'>PRETRIAL 02/08/2018 9:00 AM - 408 4TH FLOOR, 501 W ADAMS ST JACKSONVILLE FL 32202</span> entered 02/05/2018.", "entry_date": "2/5/2018"}, {"date": "2/5/2018", "number": "247", "contents": "<span class='description'>&gt; CANCEL REASON - PER JA</span> entered 02/05/2018.", "entry_date": "2/5/2018"}, {"date": "2/5/2018", "number": "246", "contents": "<span class='description'>CANCELLED PRETRIAL ON 2/7/2018 9:00:00 AM</span> entered 02/05/2018.", "entry_date": "2/5/2018"}, {"date": "1/9/2018", "number": "245", "contents": "<span class='description'>PRETRIAL 02/07/2018 9:00 AM - 408 4TH FLOOR, 501 W ADAMS ST JACKSONVILLE FL 32202</span> entered 01/09/2018.", "entry_date": "1/9/2018"}, {"date": "1/9/2018", "number": "244", "contents": "<span class='description'>&gt; CANCEL REASON - PER JA</span> entered 01/09/2018.", "entry_date": "1/9/2018"}, {"date": "1/9/2018", "number": "243", "contents": "<span class='description'>CANCELLED PRETRIAL ON 2/5/2018 9:00:00 AM</span> entered 01/09/2018.", "entry_date": "1/9/2018"}, {"date": "1/4/2018", "number": "242", "contents": "<span class='description'>PRETRIAL 02/05/2018 9:00 AM - 408 4TH FLOOR, 501 W ADAMS ST JACKSONVILLE FL 32202</span> entered 01/04/2018.", "entry_date": "1/4/2018"}, {"date": "1/4/2018", "number": "241", "contents": "<span class='description'>DEFENDANT APPEARANCE WAIVED</span> entered 01/04/2018.", "entry_date": "1/4/2018"}, {"date": "1/4/2018", "number": "240", "contents": "<span class='description'>ATTY. FOR DEF. HINCHEY, KATHERINE LITTELL</span> entered 01/04/2018.", "entry_date": "1/4/2018"}, {"date": "1/4/2018", "number": "239", "contents": "<span class='description'>ASST. STATE ATTY. MOODY, JEFFREY MITCHELL</span> entered 01/04/2018.", "entry_date": "1/4/2018"}, {"date": "1/4/2018", "number": "238", "contents": "<span class='description'>JUDGE AHO, MARIANNE</span> entered 01/04/2018.", "entry_date": "1/4/2018"}, {"date": "12/22/2017", "number": "237", "contents": "<span class='description'>PRETRIAL 01/04/2018 9:00 AM - 408 4TH FLOOR, 501 W ADAMS ST JACKSONVILLE FL 32202</span> entered 12/22/2017.", "entry_date": "12/22/2017"}, {"date": "12/22/2017", "number": "236", "contents": "<span class='description'>&gt; CANCEL REASON - RESET TO REFLECT DIVISION CHANGE</span> entered 12/22/2017.", "entry_date": "12/22/2017"}, {"date": "12/22/2017", "number": "235", "contents": "<span class='description'>CANCELLED PRETRIAL ON 1/4/2018 9:00:00 AM</span> entered 12/22/2017.", "entry_date": "12/22/2017"}, {"date": "12/22/2017", "number": "234", "contents": "<span class='description'>TRANSFER TO DIV. CR-H (CIRCUIT)</span> entered 12/22/2017.", "entry_date": "12/22/2017"}, {"date": "12/22/2017", "number": "233", "contents": "<span class='description'>MEMO TRANSFERRING DIVISION FROM CR-F, PER ADMINISTRATIVE ORDER 2017-14</span> entered 12/22/2017.", "entry_date": "12/22/2017"}, {"date": "12/5/2017", "number": "232", "contents": "<span class='description'>PRETRIAL 01/04/2018 9:00 AM - 307 3RD FLOOR, 501 W ADAMS ST JACKSONVILLE FL 32202</span> entered 12/05/2017.", "entry_date": "12/5/2017"}, {"date": "12/5/2017", "number": "231", "contents": "<span class='description'>DEFENDANT APPEARANCE WAIVED</span> entered 12/05/2017.", "entry_date": "12/5/2017"}, {"date": "12/5/2017", "number": "230", "contents": "<span class='description'>ATTY. FOR DEF. HINCHEY, KATHERINE LITTELL</span> entered 12/05/2017.", "entry_date": "12/5/2017"}, {"date": "12/5/2017", "number": "229", "contents": "<span class='description'>ASST. STATE ATTY. MOODY, JEFFREY MITCHELL</span> entered 12/05/2017.", "entry_date": "12/5/2017"}, {"date": "12/5/2017", "number": "228", "contents": "<span class='description'>JUDGE WALLACE, III, WADDELL A.</span> entered 12/05/2017.", "entry_date": "12/5/2017"}, {"date": "10/24/2017", "number": "227", "contents": "<span class='description'>&gt; CANCEL REASON - STATE'S ORAL MOTION FOR CONTINUANCE</span> entered 10/24/2017.", "entry_date": "10/24/2017"}, {"date": "10/24/2017", "number": "226", "contents": "<span class='description'>CANCELLED JURY SELECTION ON 11/13/2017 9:00:00 AM</span> entered 10/24/2017.", "entry_date": "10/24/2017"}, {"date": "10/24/2017", "number": "225", "contents": "<span class='description'>&gt; CANCEL REASON - STATE'S ORAL MOTION FOR CONTINUANCE</span> entered 10/24/2017.", "entry_date": "10/24/2017"}, {"date": "10/24/2017", "number": "224", "contents": "<span class='description'>CANCELLED FINAL PRETRIAL ON 11/7/2017 9:00:00 AM</span> entered 10/24/2017.", "entry_date": "10/24/2017"}, {"date": "10/24/2017", "number": "223", "contents": "<span class='description'>PRETRIAL 12/05/2017 9:00 AM - 307 3RD FLOOR, 501 W ADAMS ST JACKSONVILLE FL 32202</span> entered 10/24/2017.", "entry_date": "10/24/2017"}, {"date": "10/24/2017", "number": "222", "contents": "<span class='description'>DEFENSE/STATE'S ORAL MOTION FOR CONTINUANCE - STATE'S / GRANTED / ** 11-07-17 FPT &amp; 11-13-17 JS **</span> entered 10/24/2017.", "entry_date": "10/24/2017"}, {"date": "10/24/2017", "number": "221", "contents": "<span class='description'>DEFENDANT PRESENT IN JAIL</span> entered 10/24/2017.", "entry_date": "10/24/2017"}, {"date": "10/24/2017", "number": "220", "contents": "<span class='description'>ATTY. FOR DEF. HINCHEY, KATHERINE LITTELL</span> entered 10/24/2017.", "entry_date": "10/24/2017"}, {"date": "10/24/2017", "number": "219", "contents": "<span class='description'>ASST. STATE ATTY. MOODY, JEFFREY MITCHELL</span> entered 10/24/2017.", "entry_date": "10/24/2017"}, {"date": "10/24/2017", "number": "218", "contents": "<span class='description'>JUDGE WALLACE, III, WADDELL A.</span> entered 10/24/2017.", "entry_date": "10/24/2017"}, {"date": "9/26/2017", "number": "217", "contents": "<span class='description'>11-07-17 FPT ; 11-13-17 JS</span> entered 09/26/2017.", "entry_date": "9/26/2017"}, {"date": "9/26/2017", "number": "216", "contents": "<span class='description'>PRETRIAL 10/24/2017 9:00 AM - 307 3RD FLOOR, 501 W ADAMS ST JACKSONVILLE FL 32202</span> entered 09/26/2017.", "entry_date": "9/26/2017"}, {"date": "9/26/2017", "number": "215", "contents": "<span class='description'>DEFENDANT APPEARANCE WAIVED</span> entered 09/26/2017.", "entry_date": "9/26/2017"}, {"date": "9/26/2017", "number": "214", "contents": "<span class='description'>ATTY. FOR DEF. HINCHEY, KATHERINE LITTELL</span> entered 09/26/2017.", "entry_date": "9/26/2017"}, {"date": "9/26/2017", "number": "213", "contents": "<span class='description'>ASST. STATE ATTY. MOODY, JEFFREY MITCHELL</span> entered 09/26/2017.", "entry_date": "9/26/2017"}, {"date": "9/26/2017", "number": "212", "contents": "<span class='description'>JUDGE WALLACE, III, WADDELL A.</span> entered 09/26/2017.", "entry_date": "9/26/2017"}, {"date": "8/29/2017", "number": "211", "contents": "<span class='description'>&gt; CANCEL REASON - DEFENSE ORAL MOTION FOR CONTINUANCE</span> entered 08/29/2017.", "entry_date": "8/29/2017"}, {"date": "8/29/2017", "number": "210", "contents": "<span class='description'>CANCELLED JURY SELECTION ON 9/18/2017 9:00:00 AM</span> entered 08/29/2017.", "entry_date": "8/29/2017"}, {"date": "8/29/2017", "number": "209", "contents": "<span class='description'>&gt; CANCEL REASON - DEFENSE ORAL MOTION FOR CONTINUANCE</span> entered 08/29/2017.", "entry_date": "8/29/2017"}, {"date": "8/29/2017", "number": "208", "contents": "<span class='description'>CANCELLED FINAL PRETRIAL ON 9/12/2017 9:00:00 AM</span> entered 08/29/2017.", "entry_date": "8/29/2017"}, {"date": "8/29/2017", "number": "207", "contents": "<span class='description'>JURY SELECTION 11/13/2017 9:00 AM - 307 3RD FLOOR, 501 W ADAMS ST JACKSONVILLE FL 32202</span> entered 08/29/2017.", "entry_date": "8/29/2017"}, {"date": "8/29/2017", "number": "206", "contents": "<span class='description'>11-13-17 JS</span> entered 08/29/2017.", "entry_date": "8/29/2017"}, {"date": "8/29/2017", "number": "205", "contents": "<span class='description'>FINAL PRETRIAL 11/07/2017 9:00 AM - 307 3RD FLOOR, 501 W ADAMS ST JACKSONVILLE FL 32202</span> entered 08/29/2017.", "entry_date": "8/29/2017"}, {"date": "8/29/2017", "number": "204", "contents": "<span class='description'>11-07-17 FPT ; 11-13-17 JS</span> entered 08/29/2017.", "entry_date": "8/29/2017"}, {"date": "8/29/2017", "number": "203", "contents": "<span class='description'>PRETRIAL 09/26/2017 9:00 AM - 307 3RD FLOOR, 501 W ADAMS ST JACKSONVILLE FL 32202</span> entered 08/29/2017.", "entry_date": "8/29/2017"}, {"date": "8/29/2017", "number": "202", "contents": "<span class='description'>DEFENSE/STATE'S ORAL MOTION FOR CONTINUANCE - DEFENSE / GRANTED / ** STRIKE 09-12-17 FPT &amp; 09-18-17 JS **</span> entered 08/29/2017.", "entry_date": "8/29/2017"}, {"date": "8/29/2017", "number": "201", "contents": "<span class='description'>DEFENDANT PRESENT IN JAIL</span> entered 08/29/2017.", "entry_date": "8/29/2017"}, {"date": "8/29/2017", "number": "200", "contents": "<span class='description'>ATTY. FOR DEF. HINCHEY, KATHERINE LITTELL</span> entered 08/29/2017.", "entry_date": "8/29/2017"}, {"date": "8/29/2017", "number": "199", "contents": "<span class='description'>ASST. STATE ATTY. MOODY, JEFFREY MITCHELL</span> entered 08/29/2017.", "entry_date": "8/29/2017"}, {"date": "8/29/2017", "number": "198", "contents": "<span class='description'>JUDGE WALLACE, III, WADDELL A.</span> entered 08/29/2017.", "entry_date": "8/29/2017"}, {"date": "8/24/2017", "number": "197", "contents": "<span class='description'>09-12-17 FPT ; 09-18-17 JS</span> entered 08/24/2017.", "entry_date": "8/24/2017"}, {"date": "8/24/2017", "number": "196", "contents": "<span class='description'>PRETRIAL 08/29/2017 9:00 AM - 307 3RD FLOOR, 501 W ADAMS ST JACKSONVILLE FL 32202</span> entered 08/24/2017.", "entry_date": "8/24/2017"}, {"date": "8/24/2017", "number": "195", "contents": "<span class='description'>DEFENDANT APPEARANCE WAIVED</span> entered 08/24/2017.", "entry_date": "8/24/2017"}, {"date": "8/24/2017", "number": "194", "contents": "<span class='description'>ATTY. FOR DEF. HINCHEY, KATHERINE LITTELL</span> entered 08/24/2017.", "entry_date": "8/24/2017"}, {"date": "8/24/2017", "number": "193", "contents": "<span class='description'>ASST. STATE ATTY. MOODY, JEFFREY MITCHELL</span> entered 08/24/2017.", "entry_date": "8/24/2017"}, {"date": "8/24/2017", "number": "192", "contents": "<span class='description'>JUDGE WALLACE, III, WADDELL A.</span> entered 08/24/2017.", "entry_date": "8/24/2017"}, {"date": "8/9/2017", "number": "191", "contents": "<span class='description'>09-12-17 FPT ; 09-18-17 JS</span> entered 08/09/2017.", "entry_date": "8/9/2017"}, {"date": "8/9/2017", "number": "190", "contents": "<span class='description'>PRETRIAL 08/24/2017 9:00 AM - 307 3RD FLOOR, 501 W ADAMS ST JACKSONVILLE FL 32202</span> entered 08/09/2017.", "entry_date": "8/9/2017"}, {"date": "8/9/2017", "number": "189", "contents": "<span class='description'>DEFENDANT PRESENT IN JAIL</span> entered 08/09/2017.", "entry_date": "8/9/2017"}, {"date": "8/9/2017", "number": "188", "contents": "<span class='description'>ATTY. FOR DEF. HINCHEY, KATHERINE LITTELL</span> entered 08/09/2017.", "entry_date": "8/9/2017"}, {"date": "8/9/2017", "number": "187", "contents": "<span class='description'>ASST STATE ATTY C. MAKAROWSKI FOR ASST STATE ATTY J. MOODY</span> entered 08/09/2017.", "entry_date": "8/9/2017"}, {"date": "8/9/2017", "number": "186", "contents": "<span class='description'>ASST. STATE ATTY. MOODY, JEFFREY MITCHELL</span> entered 08/09/2017.", "entry_date": "8/9/2017"}, {"date": "8/9/2017", "number": "185", "contents": "<span class='description'>JUDGE WALLACE, III, WADDELL A.</span> entered 08/09/2017.", "entry_date": "8/9/2017"}, {"date": "7/28/2017", "number": "184", "contents": "<span class='description'>PER JA E-MAIL</span> entered 07/28/2017.", "entry_date": "7/28/2017"}, {"date": "7/28/2017", "number": "183", "contents": "<span class='description'>PRETRIAL 08/09/2017 9:00 AM - 307 3RD FLOOR, 501 W ADAMS ST JACKSONVILLE FL 32202</span> entered 07/28/2017.", "entry_date": "7/28/2017"}, {"date": "7/28/2017", "number": "182", "contents": "<span class='description'>&gt; CANCEL REASON -</span> entered 07/28/2017.", "entry_date": "7/28/2017"}, {"date": "7/28/2017", "number": "181", "contents": "<span class='description'>CANCELLED PRETRIAL ON 8/3/2017 9:00:00 AM</span> entered 07/28/2017.", "entry_date": "7/28/2017"}, {"date": "6/6/2017", "number": "180", "contents": "<span class='description'>09-12-17 FPT ; 09-18-17 JS</span> entered 06/06/2017.", "entry_date": "6/6/2017"}, {"date": "6/6/2017", "number": "179", "contents": "<span class='description'>PRETRIAL 08/03/2017 9:00 AM - 307 3RD FLOOR, 501 W ADAMS ST JACKSONVILLE FL 32202</span> entered 06/06/2017.", "entry_date": "6/6/2017"}, {"date": "6/6/2017", "number": "178", "contents": "<span class='description'>DEFENDANT PRESENT IN JAIL</span> entered 06/06/2017.", "entry_date": "6/6/2017"}, {"date": "6/6/2017", "number": "177", "contents": "<span class='description'>ATTY. FOR DEF. HINCHEY, KATHERINE LITTELL</span> entered 06/06/2017.", "entry_date": "6/6/2017"}, {"date": "6/6/2017", "number": "176", "contents": "<span class='description'>ASST. STATE ATTY. MOODY, JEFFREY MITCHELL</span> entered 06/06/2017.", "entry_date": "6/6/2017"}, {"date": "6/6/2017", "number": "175", "contents": "<span class='description'>JUDGE WALLACE, III, WADDELL A.</span> entered 06/06/2017.", "entry_date": "6/6/2017"}, {"date": "5/16/2017", "number": "174", "contents": "<span class='description'>NOTICE OF TAKING DEPOSITION</span> entered 05/16/2017.", "entry_date": "5/16/2017"}, {"date": "4/12/2017", "number": "173", "contents": "<span class='description'>&gt; CANCEL REASON - JOINT ORAL MOTION FOR CONTINUANCE</span> entered 04/12/2017.", "entry_date": "4/12/2017"}, {"date": "4/12/2017", "number": "172", "contents": "<span class='description'>CANCELLED JURY SELECTION ON 5/15/2017 9:00:00 AM</span> entered 04/12/2017.", "entry_date": "4/12/2017"}, {"date": "4/12/2017", "number": "171", "contents": "<span class='description'>&gt; CANCEL REASON - JOINT ORAL MOTION FOR CONTINUANCE</span> entered 04/12/2017.", "entry_date": "4/12/2017"}, {"date": "4/12/2017", "number": "170", "contents": "<span class='description'>CANCELLED FINAL PRETRIAL ON 5/9/2017 9:00:00 AM</span> entered 04/12/2017.", "entry_date": "4/12/2017"}, {"date": "4/12/2017", "number": "169", "contents": "<span class='description'>JURY SELECTION 09/18/2017 9:00 AM - 307 3RD FLOOR, 501 W ADAMS ST JACKSONVILLE FL 32202</span> entered 04/12/2017.", "entry_date": "4/12/2017"}, {"date": "4/12/2017", "number": "168", "contents": "<span class='description'>09-18-17 JS</span> entered 04/12/2017.", "entry_date": "4/12/2017"}, {"date": "4/12/2017", "number": "167", "contents": "<span class='description'>FINAL PRETRIAL 09/12/2017 9:00 AM - 307 3RD FLOOR, 501 W ADAMS ST JACKSONVILLE FL 32202</span> entered 04/12/2017.", "entry_date": "4/12/2017"}, {"date": "4/12/2017", "number": "166", "contents": "<span class='description'>09-12-17 FPT ; 09-18-17 JS</span> entered 04/12/2017.", "entry_date": "4/12/2017"}, {"date": "4/12/2017", "number": "165", "contents": "<span class='description'>PRETRIAL 06/06/2017 9:00 AM - 307 3RD FLOOR, 501 W ADAMS ST JACKSONVILLE FL 32202</span> entered 04/12/2017.", "entry_date": "4/12/2017"}, {"date": "4/12/2017", "number": "164", "contents": "<span class='description'>DEFENSE/STATE'S ORAL MOTION FOR CONTINUANCE - JOINT / GRANTED / STRIKE 05-09-17 FPT &amp; 05-15-17 JS **</span> entered 04/12/2017.", "entry_date": "4/12/2017"}, {"date": "4/12/2017", "number": "163", "contents": "<span class='description'>DEFENDANT PRESENT IN JAIL</span> entered 04/12/2017.", "entry_date": "4/12/2017"}, {"date": "4/12/2017", "number": "162", "contents": "<span class='description'>ATTY. FOR DEF. HINCHEY, KATHERINE LITTELL</span> entered 04/12/2017.", "entry_date": "4/12/2017"}, {"date": "4/12/2017", "number": "161", "contents": "<span class='description'>ASST. STATE ATTY. MOODY, JEFFREY MITCHELL</span> entered 04/12/2017.", "entry_date": "4/12/2017"}, {"date": "4/12/2017", "number": "160", "contents": "<span class='description'>JUDGE WALLACE, III, WADDELL A.</span> entered 04/12/2017.", "entry_date": "4/12/2017"}, {"date": "3/15/2017", "number": "159", "contents": "<span class='description'>05-09-17 FPT ; 05-15-17 JS</span> entered 03/15/2017.", "entry_date": "3/15/2017"}, {"date": "3/15/2017", "number": "158", "contents": "<span class='description'>PRETRIAL 04/12/2017 9:00 AM - 307 3RD FLOOR, 501 W ADAMS ST JACKSONVILLE FL 32202</span> entered 03/15/2017.", "entry_date": "3/15/2017"}, {"date": "3/15/2017", "number": "157", "contents": "<span class='description'>DEFENDANT APPEARANCE WAIVED</span> entered 03/15/2017.", "entry_date": "3/15/2017"}, {"date": "3/15/2017", "number": "156", "contents": "<span class='description'>ATTY. FOR DEF. HINCHEY, KATHERINE LITTELL</span> entered 03/15/2017.", "entry_date": "3/15/2017"}, {"date": "3/15/2017", "number": "155", "contents": "<span class='description'>ASST. STATE ATTY. MOODY, JEFFREY MITCHELL</span> entered 03/15/2017.", "entry_date": "3/15/2017"}, {"date": "3/15/2017", "number": "154", "contents": "<span class='description'>JUDGE WALLACE, III, WADDELL A.</span> entered 03/15/2017.", "entry_date": "3/15/2017"}, {"date": "2/2/2017", "number": "153", "contents": "<span class='description'>&gt; CANCEL REASON - DEFENSE ORAL MOTION FOR CONTINUANCE</span> entered 02/02/2017.", "entry_date": "2/2/2017"}, {"date": "2/2/2017", "number": "152", "contents": "<span class='description'>CANCELLED JURY SELECTION ON 3/13/2017 9:00:00 AM</span> entered 02/02/2017.", "entry_date": "2/2/2017"}, {"date": "2/2/2017", "number": "151", "contents": "<span class='description'>&gt; CANCEL REASON - DEFENSE ORAL MOTION FOR CONTINUANCE</span> entered 02/02/2017.", "entry_date": "2/2/2017"}, {"date": "2/2/2017", "number": "150", "contents": "<span class='description'>CANCELLED FINAL PRETRIAL ON 3/9/2017 9:00:00 AM</span> entered 02/02/2017.", "entry_date": "2/2/2017"}, {"date": "2/2/2017", "number": "149", "contents": "<span class='description'>JURY SELECTION 05/15/2017 9:00 AM - 307 3RD FLOOR, 501 W ADAMS ST JACKSONVILLE FL 32202</span> entered 02/02/2017.", "entry_date": "2/2/2017"}, {"date": "2/2/2017", "number": "148", "contents": "<span class='description'>05-15-17 JS</span> entered 02/02/2017.", "entry_date": "2/2/2017"}, {"date": "2/2/2017", "number": "147", "contents": "<span class='description'>FINAL PRETRIAL 05/09/2017 9:00 AM - 307 3RD FLOOR, 501 W ADAMS ST JACKSONVILLE FL 32202</span> entered 02/02/2017.", "entry_date": "2/2/2017"}, {"date": "2/2/2017", "number": "146", "contents": "<span class='description'>05-09-17 FPT ; 05-15-17 JS</span> entered 02/02/2017.", "entry_date": "2/2/2017"}, {"date": "2/2/2017", "number": "145", "contents": "<span class='description'>PRETRIAL 03/15/2017 9:00 AM - 307 3RD FLOOR, 501 W ADAMS ST JACKSONVILLE FL 32202</span> entered 02/02/2017.", "entry_date": "2/2/2017"}, {"date": "2/2/2017", "number": "144", "contents": "<span class='description'>DEFENSE/STATE'S ORAL MOTION FOR CONTINUANCE - DEFENSE / GRANTED / ** STRIKE 03-09-17 FPT &amp; 03-13-17 JS **</span> entered 02/02/2017.", "entry_date": "2/2/2017"}, {"date": "2/2/2017", "number": "143", "contents": "<span class='description'>DEFENDANT APPEARANCE WAIVED</span> entered 02/02/2017.", "entry_date": "2/2/2017"}, {"date": "2/2/2017", "number": "142", "contents": "<span class='description'>ATTY. FOR DEF. HINCHEY, KATHERINE LITTELL</span> entered 02/02/2017.", "entry_date": "2/2/2017"}, {"date": "2/2/2017", "number": "141", "contents": "<span class='description'>ASST. STATE ATTY. MOODY, JEFFREY MITCHELL</span> entered 02/02/2017.", "entry_date": "2/2/2017"}, {"date": "2/2/2017", "number": "140", "contents": "<span class='description'>JUDGE WALLACE, III, WADDELL A.</span> entered 02/02/2017.", "entry_date": "2/2/2017"}, {"date": "1/25/2017", "number": "139", "contents": "<span class='description'>03-09-17 FPT ; 03-13-17 JS PER JA E-MAIL</span> entered 01/25/2017.", "entry_date": "1/25/2017"}, {"date": "1/25/2017", "number": "138", "contents": "<span class='description'>PRETRIAL 02/02/2017 9:00 AM - 307 3RD FLOOR, 501 W ADAMS ST JACKSONVILLE FL 32202</span> entered 01/25/2017.", "entry_date": "1/25/2017"}, {"date": "1/25/2017", "number": "137", "contents": "<span class='description'>&gt; CANCEL REASON -</span> entered 01/25/2017.", "entry_date": "1/25/2017"}, {"date": "1/25/2017", "number": "136", "contents": "<span class='description'>CANCELLED PRETRIAL ON 1/26/2017 9:00:00 AM</span> entered 01/25/2017.", "entry_date": "1/25/2017"}, {"date": "1/12/2017", "number": "135", "contents": "<span class='description'>03-09-17 FPT ; 03-13-17 JS</span> entered 01/12/2017.", "entry_date": "1/12/2017"}, {"date": "1/12/2017", "number": "134", "contents": "<span class='description'>PRETRIAL 01/26/2017 9:00 AM - 307 3RD FLOOR, 501 W ADAMS ST JACKSONVILLE FL 32202</span> entered 01/12/2017.", "entry_date": "1/12/2017"}, {"date": "1/12/2017", "number": "133", "contents": "<span class='description'>DEFENDANT APPEARANCE WAIVED</span> entered 01/12/2017.", "entry_date": "1/12/2017"}, {"date": "1/12/2017", "number": "132", "contents": "<span class='description'>ATTY. FOR DEF. HINCHEY, KATHERINE LITTELL</span> entered 01/12/2017.", "entry_date": "1/12/2017"}, {"date": "1/12/2017", "number": "131", "contents": "<span class='description'>ASST. STATE ATTY. MOODY, JEFFREY MITCHELL</span> entered 01/12/2017.", "entry_date": "1/12/2017"}, {"date": "1/12/2017", "number": "130", "contents": "<span class='description'>JUDGE WALLACE, III, WADDELL A.</span> entered 01/12/2017.", "entry_date": "1/12/2017"}, {"date": "12/2/2016", "number": "129", "contents": "<span class='description'>03/09/17 FPT &amp; 03/13/17 JS; PER EMAIL</span> entered 12/02/2016.", "entry_date": "12/2/2016"}, {"date": "12/2/2016", "number": "128", "contents": "<span class='description'>PRETRIAL 01/12/2017 9:00 AM - 307 3RD FLOOR, 501 W ADAMS ST JACKSONVILLE FL 32202</span> entered 12/02/2016.", "entry_date": "12/2/2016"}, {"date": "12/2/2016", "number": "127", "contents": "<span class='description'>&gt; CANCEL REASON -</span> entered 12/02/2016.", "entry_date": "12/2/2016"}, {"date": "12/2/2016", "number": "126", "contents": "<span class='description'>CANCELLED PRETRIAL ON 1/8/2017 9:00:00 AM</span> entered 12/02/2016.", "entry_date": "12/2/2016"}, {"date": "11/16/2016", "number": "125", "contents": "<span class='description'>&gt; CANCEL REASON - DEFENSE ORAL MOTION FOR CONTINUANCE</span> entered 11/16/2016.", "entry_date": "11/16/2016"}, {"date": "11/16/2016", "number": "124", "contents": "<span class='description'>CANCELLED JURY SELECTION ON 1/23/2017 9:00:00 AM</span> entered 11/16/2016.", "entry_date": "11/16/2016"}, {"date": "11/16/2016", "number": "123", "contents": "<span class='description'>&gt; CANCEL REASON - DEFENSE ORAL MOTION FOR CONTINUANCE</span> entered 11/16/2016.", "entry_date": "11/16/2016"}, {"date": "11/16/2016", "number": "122", "contents": "<span class='description'>CANCELLED FINAL PRETRIAL ON 1/19/2017 9:00:00 AM</span> entered 11/16/2016.", "entry_date": "11/16/2016"}, {"date": "11/16/2016", "number": "121", "contents": "<span class='description'>JURY SELECTION 03/13/2017 9:00 AM - 307 3RD FLOOR, 501 W ADAMS ST JACKSONVILLE FL 32202</span> entered 11/16/2016.", "entry_date": "11/16/2016"}, {"date": "11/16/2016", "number": "120", "contents": "<span class='description'>03-13-17 JS</span> entered 11/16/2016.", "entry_date": "11/16/2016"}, {"date": "11/16/2016", "number": "119", "contents": "<span class='description'>FINAL PRETRIAL 03/09/2017 9:00 AM - 307 3RD FLOOR, 501 W ADAMS ST JACKSONVILLE FL 32202</span> entered 11/16/2016.", "entry_date": "11/16/2016"}, {"date": "11/16/2016", "number": "118", "contents": "<span class='description'>03-09-17 FPT ; 03-13-17 JS</span> entered 11/16/2016.", "entry_date": "11/16/2016"}, {"date": "11/16/2016", "number": "117", "contents": "<span class='description'>PRETRIAL 01/08/2017 9:00 AM - 307 3RD FLOOR, 501 W ADAMS ST JACKSONVILLE FL 32202</span> entered 11/16/2016.", "entry_date": "11/16/2016"}, {"date": "11/16/2016", "number": "116", "contents": "<span class='description'>DEFENSE/STATE'S ORAL MOTION FOR CONTINUANCE - DEFENSE / GRANTED / ** STRIKE 01-19-17 FPT &amp; 01-23-17 JS **</span> entered 11/16/2016.", "entry_date": "11/16/2016"}, {"date": "11/16/2016", "number": "115", "contents": "<span class='description'>DEFENDANT PRESENT IN JAIL</span> entered 11/16/2016.", "entry_date": "11/16/2016"}, {"date": "11/16/2016", "number": "114", "contents": "<span class='description'>ATTY. FOR DEF. HINCHEY, KATHERINE LITTELL</span> entered 11/16/2016.", "entry_date": "11/16/2016"}, {"date": "11/16/2016", "number": "113", "contents": "<span class='description'>ASST. STATE ATTY. MOODY, JEFFREY MITCHELL</span> entered 11/16/2016.", "entry_date": "11/16/2016"}, {"date": "11/16/2016", "number": "112", "contents": "<span class='description'>JUDGE WALLACE, III, WADDELL A.</span> entered 11/16/2016.", "entry_date": "11/16/2016"}, {"date": "11/9/2016", "number": "111", "contents": "<span class='description'>01-19-17 FPT ; 01-23-17 JS</span> entered 11/09/2016.", "entry_date": "11/9/2016"}, {"date": "11/9/2016", "number": "110", "contents": "<span class='description'>PRETRIAL 11/16/2016 9:00 AM - 307 3RD FLOOR, 501 W ADAMS ST JACKSONVILLE FL 32202</span> entered 11/09/2016.", "entry_date": "11/9/2016"}, {"date": "11/9/2016", "number": "109", "contents": "<span class='description'>DEFENDANT APPEARANCE WAIVED</span> entered 11/09/2016.", "entry_date": "11/9/2016"}, {"date": "11/9/2016", "number": "108", "contents": "<span class='description'>RCC ATTY AMANDA KUHN FOR RCC ATTY KATHERINE HINCHEY</span> entered 11/09/2016.", "entry_date": "11/9/2016"}, {"date": "11/9/2016", "number": "107", "contents": "<span class='description'>ATTY. FOR DEF. HINCHEY, KATHERINE LITTELL</span> entered 11/09/2016.", "entry_date": "11/9/2016"}, {"date": "11/9/2016", "number": "106", "contents": "<span class='description'>ASST. STATE ATTY. MOODY, JEFFREY MITCHELL</span> entered 11/09/2016.", "entry_date": "11/9/2016"}, {"date": "11/9/2016", "number": "105", "contents": "<span class='description'>JUDGE WALLACE, III, WADDELL A.</span> entered 11/09/2016.", "entry_date": "11/9/2016"}, {"date": "9/21/2016", "number": "104", "contents": "<span class='description'>NOTICE OF TAKING DEPOSITION (AMENDED)</span> entered 09/22/2016.", "entry_date": "9/22/2016"}, {"date": "9/15/2016", "number": "103", "contents": "<span class='description'>NOTICE OF TAKING DEPOSITION</span> entered 09/19/2016.", "entry_date": "9/19/2016"}, {"date": "9/15/2016", "number": "102", "contents": "<span class='description'>NOTICE OF TAKING DEPOSITION</span> entered 09/16/2016.", "entry_date": "9/16/2016"}, {"date": "9/15/2016", "number": "101", "contents": "<span class='description'>NOTICE OF TAKING DEPOSITION</span> entered 09/16/2016.", "entry_date": "9/16/2016"}, {"date": "9/7/2016", "number": "100", "contents": "<span class='description'>JURY SELECTION 01/23/2017 9:00 AM - 307 3RD FLOOR, 501 W ADAMS ST JACKSONVILLE FL 32202</span> entered 09/07/2016.", "entry_date": "9/7/2016"}, {"date": "9/7/2016", "number": "99", "contents": "<span class='description'>01-23-17 JS</span> entered 09/07/2016.", "entry_date": "9/7/2016"}, {"date": "9/7/2016", "number": "98", "contents": "<span class='description'>FINAL PRETRIAL 01/19/2017 9:00 AM - 307 3RD FLOOR, 501 W ADAMS ST JACKSONVILLE FL 32202</span> entered 09/07/2016.", "entry_date": "9/7/2016"}, {"date": "9/7/2016", "number": "97", "contents": "<span class='description'>01-19-17 FPT ; 01-23-17 JS</span> entered 09/07/2016.", "entry_date": "9/7/2016"}, {"date": "9/7/2016", "number": "96", "contents": "<span class='description'>PRETRIAL 11/09/2016 9:00 AM - 307 3RD FLOOR, 501 W ADAMS ST JACKSONVILLE FL 32202</span> entered 09/07/2016.", "entry_date": "9/7/2016"}, {"date": "9/7/2016", "number": "95", "contents": "<span class='description'>DEFENDANT APPEARANCE WAIVED</span> entered 09/07/2016.", "entry_date": "9/7/2016"}, {"date": "9/7/2016", "number": "94", "contents": "<span class='description'>ATTY. FOR DEF. HINCHEY, KATHERINE LITTELL</span> entered 09/07/2016.", "entry_date": "9/7/2016"}, {"date": "9/7/2016", "number": "93", "contents": "<span class='description'>ASST. STATE ATTY. MOODY, JEFFREY MITCHELL</span> entered 09/07/2016.", "entry_date": "9/7/2016"}, {"date": "9/7/2016", "number": "92", "contents": "<span class='description'>JUDGE WALLACE, III, WADDELL A.</span> entered 09/07/2016.", "entry_date": "9/7/2016"}, {"date": "8/2/2016", "number": "91", "contents": "<span class='description'>PRETRIAL 09/07/2016 9:00 AM - 307 3RD FLOOR, 501 W ADAMS ST JACKSONVILLE FL 32202</span> entered 08/02/2016.", "entry_date": "8/2/2016"}, {"date": "8/2/2016", "number": "90", "contents": "<span class='description'>DEFENDANT APPEARANCE WAIVED</span> entered 08/02/2016.", "entry_date": "8/2/2016"}, {"date": "8/2/2016", "number": "89", "contents": "<span class='description'>ATTY. FOR DEF. HINCHEY, KATHERINE LITTELL</span> entered 08/02/2016.", "entry_date": "8/2/2016"}, {"date": "8/2/2016", "number": "88", "contents": "<span class='description'>ASST. STATE ATTY. MOODY, JEFFREY MITCHELL</span> entered 08/02/2016.", "entry_date": "8/2/2016"}, {"date": "8/2/2016", "number": "87", "contents": "<span class='description'>JUDGE WALLACE, III, WADDELL A.</span> entered 08/02/2016.", "entry_date": "8/2/2016"}, {"date": "6/21/2016", "number": "86", "contents": "<span class='description'>PRETRIAL 08/02/2016 9:00 AM - 307 3RD FLOOR, 501 W ADAMS ST JACKSONVILLE FL 32202</span> entered 06/21/2016.", "entry_date": "6/21/2016"}, {"date": "6/21/2016", "number": "85", "contents": "<span class='description'>DEFENDANT APPEARANCE WAIVED</span> entered 06/21/2016.", "entry_date": "6/21/2016"}, {"date": "6/21/2016", "number": "84", "contents": "<span class='description'>ATTY. FOR DEF. HINCHEY, KATHERINE LITTELL</span> entered 06/21/2016.", "entry_date": "6/21/2016"}, {"date": "6/21/2016", "number": "83", "contents": "<span class='description'>ASST STATE ATTY P. HAZEL FOR ASST STATE ATTY J. MOODY</span> entered 06/21/2016.", "entry_date": "6/21/2016"}, {"date": "6/21/2016", "number": "82", "contents": "<span class='description'>ASST. STATE ATTY. MOODY, JEFFREY MITCHELL</span> entered 06/21/2016.", "entry_date": "6/21/2016"}, {"date": "6/21/2016", "number": "81", "contents": "<span class='description'>JUDGE WALLACE, III, WADDELL A.</span> entered 06/21/2016.", "entry_date": "6/21/2016"}, {"date": "6/16/2016", "number": "80", "contents": "<span class='description'>NOTICE OF TAKING DEPOSITION</span> entered 06/16/2016.", "entry_date": "6/16/2016"}, {"date": "6/16/2016", "number": "79", "contents": "<span class='description'>NOTICE OF TAKING DEPOSITION</span> entered 06/16/2016.", "entry_date": "6/16/2016"}, {"date": "6/6/2016", "number": "78", "contents": "<span class='description'>NOTICE OF TAKING DEPOSITION</span> entered 06/07/2016.", "entry_date": "6/7/2016"}, {"date": "6/6/2016", "number": "77", "contents": "<span class='description'>NOTICE OF TAKING DEPOSITION</span> entered 06/07/2016.", "entry_date": "6/7/2016"}, {"date": "6/1/2016", "number": "76", "contents": "<span class='description'>NOTICE OF TAKING DEPOSITION</span> entered 06/02/2016.", "entry_date": "6/2/2016"}, {"date": "6/1/2016", "number": "75", "contents": "<span class='description'>NOTICE OF TAKING DEPOSITION</span> entered 06/02/2016.", "entry_date": "6/2/2016"}, {"date": "6/1/2016", "number": "74", "contents": "<span class='description'>PRETRIAL 06/21/2016 9:00 AM - 307 3RD FLOOR, 501 W ADAMS ST JACKSONVILLE FL 32202</span> entered 06/01/2016.", "entry_date": "6/1/2016"}, {"date": "6/1/2016", "number": "73", "contents": "<span class='description'>DEFENDANT PRESENT IN JAIL</span> entered 06/01/2016.", "entry_date": "6/1/2016"}, {"date": "6/1/2016", "number": "72", "contents": "<span class='description'>ATTY. FOR DEF. HINCHEY, KATHERINE LITTELL</span> entered 06/01/2016.", "entry_date": "6/1/2016"}, {"date": "6/1/2016", "number": "71", "contents": "<span class='description'>ASST STATE ATTY T. BARGE FOR ASST STATE ATTY J. MOODY</span> entered 06/01/2016.", "entry_date": "6/1/2016"}, {"date": "6/1/2016", "number": "70", "contents": "<span class='description'>ASST. STATE ATTY. MOODY, JEFFREY MITCHELL</span> entered 06/01/2016.", "entry_date": "6/1/2016"}, {"date": "6/1/2016", "number": "69", "contents": "<span class='description'>JUDGE WALLACE, III, WADDELL A.</span> entered 06/01/2016.", "entry_date": "6/1/2016"}, {"date": "5/5/2016", "number": "68", "contents": "<span class='description'>PRETRIAL 06/01/2016 9:00 AM - 307 3RD FLOOR, 501 W ADAMS ST JACKSONVILLE FL 32202</span> entered 05/05/2016.", "entry_date": "5/5/2016"}, {"date": "5/5/2016", "number": "67", "contents": "<span class='description'>DEFENDANT APPEARANCE WAIVED</span> entered 05/05/2016.", "entry_date": "5/5/2016"}, {"date": "5/5/2016", "number": "66", "contents": "<span class='description'>ATTY. FOR DEF. HINCHEY, KATHERINE LITTELL</span> entered 05/05/2016.", "entry_date": "5/5/2016"}, {"date": "5/5/2016", "number": "65", "contents": "<span class='description'>ASST. STATE ATTY. MOODY, JEFFREY MITCHELL</span> entered 05/05/2016.", "entry_date": "5/5/2016"}, {"date": "5/5/2016", "number": "64", "contents": "<span class='description'>JUDGE WALLACE, III, WADDELL A.</span> entered 05/05/2016.", "entry_date": "5/5/2016"}, {"date": "4/26/2016", "number": "63", "contents": "<span class='description'>PER EMAIL</span> entered 04/26/2016.", "entry_date": "4/26/2016"}, {"link_viewer": "https://www.docketalarm.com/cases/Florida_State_Duval_County_Fourth_Circuit_Court/2015-CF-008665/MARVIN_CALVIN_JONES/62/", "number": "62", "link": "https://www.docketalarm.com/cases/Florida_State_Duval_County_Fourth_Circuit_Court/2015-CF-008665/MARVIN_CALVIN_JONES/docs/62.pdf", "entry_date": "4/26/2016", "date": "4/26/2016", "contents": "<a href=\"/cases/Florida_State_Duval_County_Fourth_Circuit_Court/2015-CF-008665/MARVIN_CALVIN_JONES/62/\"><span class='description'>PRETRIAL 05/05/2016 9:00 AM - 307 3RD FLOOR, 501 W ADAMS ST JACKSONVILLE FL 32202</span></a> entered 04/26/2016."}, {"date": "4/26/2016", "number": "61", "contents": "<span class='description'>&gt; CANCEL REASON -</span> entered 04/26/2016.", "entry_date": "4/26/2016"}, {"date": "4/26/2016", "number": "60", "contents": "<span class='description'>CANCELLED PRETRIAL ON 4/27/2016 9:00:00 AM</span> entered 04/26/2016.", "entry_date": "4/26/2016"}, {"date": "4/6/2016", "number": "59", "contents": "<span class='description'>PRETRIAL 04/27/2016 9:00 AM - 307 3RD FLOOR, 501 W ADAMS ST JACKSONVILLE FL 32202</span> entered 04/06/2016.", "entry_date": "4/6/2016"}, {"date": "4/6/2016", "number": "58", "contents": "<span class='description'>DEFENDANT PRESENT IN JAIL</span> entered 04/06/2016.", "entry_date": "4/6/2016"}, {"date": "4/6/2016", "number": "57", "contents": "<span class='description'>ATTY. FOR DEF. HINCHEY, KATHERINE LITTELL</span> entered 04/06/2016.", "entry_date": "4/6/2016"}, {"date": "4/6/2016", "number": "56", "contents": "<span class='description'>ASST. STATE ATTY. MOODY, JEFFREY MITCHELL</span> entered 04/06/2016.", "entry_date": "4/6/2016"}, {"date": "4/6/2016", "number": "55", "contents": "<span class='description'>JUDGE WALLACE, III, WADDELL A.</span> entered 04/06/2016.", "entry_date": "4/6/2016"}, {"date": "3/28/2016", "number": "54", "contents": "<span class='description'>STATE'S DISCOVERY EXHIBIT</span> entered 03/28/2016.", "entry_date": "3/28/2016"}, {"date": "3/9/2016", "number": "53", "contents": "<span class='description'>PER EMAIL</span> entered 03/09/2016.", "entry_date": "3/9/2016"}, {"link_viewer": "https://www.docketalarm.com/cases/Florida_State_Duval_County_Fourth_Circuit_Court/2015-CF-008665/MARVIN_CALVIN_JONES/52/", "number": "52", "link": "https://www.docketalarm.com/cases/Florida_State_Duval_County_Fourth_Circuit_Court/2015-CF-008665/MARVIN_CALVIN_JONES/docs/52.pdf", "entry_date": "3/9/2016", "date": "3/9/2016", "contents": "<a href=\"/cases/Florida_State_Duval_County_Fourth_Circuit_Court/2015-CF-008665/MARVIN_CALVIN_JONES/52/\"><span class='description'>PRETRIAL 04/06/2016 9:00 AM - 307 3RD FLOOR, 501 W ADAMS ST JACKSONVILLE FL 32202</span></a> entered 03/09/2016."}, {"date": "3/9/2016", "number": "51", "contents": "<span class='description'>&gt; CANCEL REASON -</span> entered 03/09/2016.", "entry_date": "3/9/2016"}, {"date": "3/9/2016", "number": "50", "contents": "<span class='description'>CANCELLED PRETRIAL ON 4/11/2016 9:00:00 AM</span> entered 03/09/2016.", "entry_date": "3/9/2016"}, {"date": "3/7/2016", "number": "49", "contents": "<span class='description'>PER EMAIL</span> entered 03/07/2016.", "entry_date": "3/7/2016"}, {"link_viewer": "https://www.docketalarm.com/cases/Florida_State_Duval_County_Fourth_Circuit_Court/2015-CF-008665/MARVIN_CALVIN_JONES/48/", "number": "48", "link": "https://www.docketalarm.com/cases/Florida_State_Duval_County_Fourth_Circuit_Court/2015-CF-008665/MARVIN_CALVIN_JONES/docs/48.pdf", "entry_date": "3/7/2016", "date": "3/7/2016", "contents": "<a href=\"/cases/Florida_State_Duval_County_Fourth_Circuit_Court/2015-CF-008665/MARVIN_CALVIN_JONES/48/\"><span class='description'>PRETRIAL 04/11/2016 9:00 AM - 307 3RD FLOOR, 501 W ADAMS ST JACKSONVILLE FL 32202</span></a> entered 03/07/2016."}, {"date": "3/7/2016", "number": "47", "contents": "<span class='description'>&gt; CANCEL REASON -</span> entered 03/07/2016.", "entry_date": "3/7/2016"}, {"date": "3/7/2016", "number": "46", "contents": "<span class='description'>CANCELLED PRETRIAL ON 3/9/2016 9:00:00 AM</span> entered 03/07/2016.", "entry_date": "3/7/2016"}, {"date": "2/10/2016", "number": "45", "contents": "<span class='description'>PRETRIAL 03/09/2016 9:00 AM - 307 3RD FLOOR, 501 W ADAMS ST JACKSONVILLE FL 32202</span> entered 02/10/2016.", "entry_date": "2/10/2016"}, {"date": "2/10/2016", "number": "44", "contents": "<span class='description'>DEFENDANT PRESENT IN JAIL</span> entered 02/10/2016.", "entry_date": "2/10/2016"}, {"date": "2/10/2016", "number": "43", "contents": "<span class='description'>ATTY. FOR DEF. HINCHEY, KATHERINE LITTELL</span> entered 02/10/2016.", "entry_date": "2/10/2016"}, {"date": "2/10/2016", "number": "42", "contents": "<span class='description'>ASST. STATE ATTY. MOODY, JEFFREY MITCHELL</span> entered 02/10/2016.", "entry_date": "2/10/2016"}, {"date": "2/10/2016", "number": "41", "contents": "<span class='description'>JUDGE WALLACE, III, WADDELL A.</span> entered 02/10/2016.", "entry_date": "2/10/2016"}, {"date": "1/13/2016", "number": "40", "contents": "<span class='description'>PRETRIAL 02/10/2016 9:00 AM - 307 3RD FLOOR, 501 W ADAMS ST JACKSONVILLE FL 32202</span> entered 01/13/2016.", "entry_date": "1/13/2016"}, {"date": "1/13/2016", "number": "39", "contents": "<span class='description'>DEFENDANT APPEARANCE WAIVED</span> entered 01/13/2016.", "entry_date": "1/13/2016"}, {"date": "1/13/2016", "number": "38", "contents": "<span class='description'>ATTY. FOR DEF. HINCHEY, KATHERINE LITTELL</span> entered 01/13/2016.", "entry_date": "1/13/2016"}, {"date": "1/13/2016", "number": "37", "contents": "<span class='description'>ASST STATE ATTY MATTHEW POLIMENI FOR ASST STATE ATTY JEFFREY MOODY</span> entered 01/13/2016.", "entry_date": "1/13/2016"}, {"date": "1/13/2016", "number": "36", "contents": "<span class='description'>ASST. STATE ATTY. MOODY, JEFFREY MITCHELL</span> entered 01/13/2016.", "entry_date": "1/13/2016"}, {"date": "1/13/2016", "number": "35", "contents": "<span class='description'>JUDGE WALLACE, III, WADDELL A.</span> entered 01/13/2016.", "entry_date": "1/13/2016"}, {"date": "12/9/2015", "number": "34", "contents": "<span class='description'>PRETRIAL 01/13/2016 9:00 AM - 307 3RD FLOOR, 501 W ADAMS ST JACKSONVILLE FL 32202</span> entered 12/09/2015.", "entry_date": "12/9/2015"}, {"date": "12/9/2015", "number": "33", "contents": "<span class='description'>DEFENDANT APPEARANCE WAIVED</span> entered 12/09/2015.", "entry_date": "12/9/2015"}, {"date": "12/9/2015", "number": "32", "contents": "<span class='description'>RCC ATTY K. CARLISLE FOR RCC ATTY K. HINCHEY</span> entered 12/09/2015.", "entry_date": "12/9/2015"}, {"date": "12/9/2015", "number": "31", "contents": "<span class='description'>ATTY. FOR DEF. HINCHEY, KATHERINE LITTELL</span> entered 12/09/2015.", "entry_date": "12/9/2015"}, {"date": "12/9/2015", "number": "30", "contents": "<span class='description'>ASST. STATE ATTY. MOODY, JEFFREY MITCHELL</span> entered 12/09/2015.", "entry_date": "12/9/2015"}, {"date": "12/9/2015", "number": "29", "contents": "<span class='description'>JUDGE WALLACE, III, WADDELL A.</span> entered 12/09/2015.", "entry_date": "12/9/2015"}, {"date": "11/4/2015", "number": "28", "contents": "<span class='description'>PRETRIAL 12/09/2015 9:00 AM - 307 3RD FLOOR, 501 W ADAMS ST JACKSONVILLE FL 32202</span> entered 11/04/2015.", "entry_date": "11/4/2015"}, {"date": "11/4/2015", "number": "27", "contents": "<span class='description'>PLEA OF NOT GUILTY</span> entered 11/04/2015.", "entry_date": "11/4/2015"}, {"date": "11/4/2015", "number": "26", "contents": "<span class='description'>PLEA OF NOT GUILTY</span> entered 11/04/2015.", "entry_date": "11/4/2015"}, {"date": "11/4/2015", "number": "25", "contents": "<span class='description'>DEF. W/READING OF INFO &amp; PLEAD NOT GUILTY</span> entered 11/04/2015.", "entry_date": "11/4/2015"}, {"date": "11/4/2015", "number": "24", "contents": "<span class='description'>DEFENDANT PRESENT IN JAIL</span> entered 11/04/2015.", "entry_date": "11/4/2015"}, {"date": "11/4/2015", "number": "23", "contents": "<span class='description'>ATTY. FOR DEF. HINCHEY, KATHERINE LITTELL</span> entered 11/04/2015.", "entry_date": "11/4/2015"}, {"date": "11/4/2015", "number": "22", "contents": "<span class='description'>ASST. STATE ATTY. MOODY, JEFFREY MITCHELL</span> entered 11/04/2015.", "entry_date": "11/4/2015"}, {"date": "11/4/2015", "number": "21", "contents": "<span class='description'>JUDGE WALLACE, III, WADDELL A.</span> entered 11/04/2015.", "entry_date": "11/4/2015"}, {"date": "10/23/2015", "number": "20", "contents": "<span class='description'>ARRAIGNMENT DATE 11/04/2015 9:00 AM - 307 3RD FLOOR, 501 W ADAMS ST JACKSONVILLE FL 32202</span> entered 10/23/2015.", "entry_date": "10/23/2015"}, {"date": "10/23/2015", "number": "19", "contents": "<span class='description'>INFORMATION FILED S810.02(2)(A) BURGLARY - MAKES AN ASSAULT OR BATTERY UPON ANY PERSON</span> entered 10/23/2015.", "entry_date": "10/23/2015"}, {"date": "10/23/2015", "number": "18", "contents": "<span class='description'>INFORMATION FILED S782.04(2) MURDER - SECOND DEGREE</span> entered 10/23/2015.", "entry_date": "10/23/2015"}, {"date": "10/23/2015", "number": "17", "contents": "<span class='description'>INFORMATION</span> entered 10/23/2015.", "entry_date": "10/23/2015"}, {"date": "10/21/2015", "number": "16", "contents": "<span class='description'>ARRAIGNMENT COURT DATE: 11/04/2015 SUBJECT TO CHANGE. CALL FOR VERIFICATION</span> entered 10/21/2015.", "entry_date": "10/21/2015"}, {"link_viewer": "https://www.docketalarm.com/cases/Florida_State_Duval_County_Fourth_Circuit_Court/2015-CF-008665/MARVIN_CALVIN_JONES/15/", "number": "15", "link": "https://www.docketalarm.com/cases/Florida_State_Duval_County_Fourth_Circuit_Court/2015-CF-008665/MARVIN_CALVIN_JONES/docs/15.pdf", "entry_date": "10/20/2015", "date": "10/19/2015", "contents": "<a href=\"/cases/Florida_State_Duval_County_Fourth_Circuit_Court/2015-CF-008665/MARVIN_CALVIN_JONES/15/\"><span class='description'>ORDER ALLOWING PUBLIC DEFENDER TO WITHDRAW AND APPOINTING ATTORNEY</span></a> entered 10/20/2015."}, {"link_viewer": "https://www.docketalarm.com/cases/Florida_State_Duval_County_Fourth_Circuit_Court/2015-CF-008665/MARVIN_CALVIN_JONES/13/", "number": "13", "link": "https://www.docketalarm.com/cases/Florida_State_Duval_County_Fourth_Circuit_Court/2015-CF-008665/MARVIN_CALVIN_JONES/docs/13.pdf", "entry_date": "10/6/2015", "date": "10/6/2015", "contents": "<a href=\"/cases/Florida_State_Duval_County_Fourth_Circuit_Court/2015-CF-008665/MARVIN_CALVIN_JONES/13/\"><span class='description'>REGIONAL CONFLICT COUNSEL RESPONSE - ACCEPT</span></a> entered 10/06/2015."}, {"date": "10/5/2015", "number": "12", "contents": "<span class='description'>CERTIFICATE OF CONFLICT &amp; MOTION TO WITHDRAW</span> entered 10/06/2015.", "entry_date": "10/6/2015"}, {"date": "10/1/2015", "number": "11", "contents": "<span class='description'>ARRAIGNMENT COURT DATE: 10/22/2015 SUBJECT TO CHANGE. CALL FOR VERIFICATION</span> entered 10/02/2015.", "entry_date": "10/2/2015"}, {"date": "10/1/2015", "number": "10", "contents": "<span class='description'>FEES DUE: 10/2/2015</span> entered 10/02/2015.", "entry_date": "10/2/2015"}, {"date": "10/1/2015", "number": "9", "contents": "<span class='description'>PD APP FEE 50.00 IMPOSED</span> entered 10/02/2015.", "entry_date": "10/2/2015"}, {"date": "10/1/2015", "number": "8", "contents": "<span class='description'>MOTION TO SET BOND</span> entered 10/02/2015.", "entry_date": "10/2/2015"}, {"link_viewer": "https://www.docketalarm.com/cases/Florida_State_Duval_County_Fourth_Circuit_Court/2015-CF-008665/MARVIN_CALVIN_JONES/7/", "number": "7", "link": "https://www.docketalarm.com/cases/Florida_State_Duval_County_Fourth_Circuit_Court/2015-CF-008665/MARVIN_CALVIN_JONES/docs/7.pdf", "entry_date": "10/2/2015", "date": "10/1/2015", "contents": "<a href=\"/cases/Florida_State_Duval_County_Fourth_Circuit_Court/2015-CF-008665/MARVIN_CALVIN_JONES/7/\"><span class='description'>DEFENDANT DECLARED INDIGENT, ORDER APPOINTING PUBLIC DEFENDER - FILED</span></a> entered 10/02/2015."}, {"link_viewer": "https://www.docketalarm.com/cases/Florida_State_Duval_County_Fourth_Circuit_Court/2015-CF-008665/MARVIN_CALVIN_JONES/6/", "number": "6", "link": "https://www.docketalarm.com/cases/Florida_State_Duval_County_Fourth_Circuit_Court/2015-CF-008665/MARVIN_CALVIN_JONES/docs/6.pdf", "entry_date": "10/2/2015", "date": "10/1/2015", "contents": "<a href=\"/cases/Florida_State_Duval_County_Fourth_Circuit_Court/2015-CF-008665/MARVIN_CALVIN_JONES/6/\"><span class='description'>APPLICATION FOR CRIMINAL INDIGENT STATUS - FILED</span></a> entered 10/02/2015."}, {"date": "10/1/2015", "number": "5", "contents": "<span class='description'>BOND SET AT NONE</span> entered 10/02/2015.", "entry_date": "10/2/2015"}, {"date": "10/1/2015", "number": "4", "contents": "<span class='description'>BOND SET AT NONE</span> entered 10/02/2015.", "entry_date": "10/2/2015"}, {"date": "10/1/2015", "number": "3", "contents": "<span class='description'>S810.02(2)(A) BURGLARY - MAKES AN ASSAULT OR BATTERY UPON ANY PERSON</span> entered 10/02/2015.", "entry_date": "10/2/2015"}, {"date": "10/1/2015", "number": "2", "contents": "<span class='description'>S782.04 MURDER</span> entered 10/02/2015.", "entry_date": "10/2/2015"}, {"date": "10/1/2015", "number": "1", "contents": "<span class='description'>ARREST &amp; BOOKING REPORT 2015-026336 9/30/2015</span> entered 10/02/2015.", "entry_date": "10/2/2015"}], "analyze": {"last_analyze": "6/22/2020"}, "success": true, "parties": [{"race": "B", "name_normalized": "Marvin Calvin Jones", "name": "MARVIN CALVIN JONES", "sex": "Male", "other": [], "type": "Defendant"}]}