{"info": {"status": "DISPOSED", "division": "CR-A", "judges": ["Anderson Jr, Bruce R"], "court": "Florida State, Duval County, Fourth Circuit Court", "title": "CECIL TRAMELL BURNEY II", "date_filed": "8/16/2018", "link": "https://www.docketalarm.com/cases/Florida_State_Duval_County_Fourth_Circuit_Court/2018-CF-008404/CECIL_TRAMELL_BURNEY_II/", "judges_normalized": ["Anderson R"], "judge": "Anderson Jr, Bruce R", "type": "Circuit Criminal", "docket": "2018-CF-008404"}, "docket_report": [{"date": "4/22/2020", "number": "280", "contents": "<span class='description'>DCA ORDER DECLINING APPELLANT'S REQUEST TO TREAT RESPONSE AS A PETITION FOR BELATED APPEAL; 1D20-0372</span> entered 04/23/2020.", "entry_date": "4/23/2020"}, {"date": "3/11/2020", "number": "279", "contents": "<span class='description'>DCA ORDER TO SHOW CAUSE ; 1D20-0372</span> entered 03/11/2020.", "entry_date": "3/11/2020"}, {"date": "3/4/2020", "number": "278", "contents": "<span class='description'>COURT ORDER GRANTING MOTION TO VACATE ORDER APPOINTING PUBLIC DEFENDER FOR PURPOSE OF APPEAL</span> entered 03/04/2020.", "entry_date": "3/4/2020"}, {"date": "3/3/2020", "number": "277", "contents": "<span class='description'>MOTION TO VACATE ORDER APPOINTING PUBLIC DEFENDER FOR PURPOSE OF APPEAL</span> entered 03/03/2020.", "entry_date": "3/3/2020"}, {"date": "2/26/2020", "number": "276", "contents": "<span class='description'>LETTER FROM DEFENDANT</span> entered 02/28/2020.", "entry_date": "2/28/2020"}, {"date": "2/25/2020", "number": "275", "contents": "<span class='description'>REQUEST FOR DOCUMENTS</span> entered 03/12/2020.", "entry_date": "3/12/2020"}, {"date": "2/11/2020", "number": "274", "contents": "<span class='description'>MOTION AND AFFIDAVIT OF INDIGENCY (2 COPIES)</span> entered 02/12/2020.", "entry_date": "2/12/2020"}, {"date": "2/3/2020", "number": "273", "contents": "<span class='description'>RECORD OF APPEAL - NON-PAYMENT OF FILING FEE LETTER</span> entered 02/03/2020.", "entry_date": "2/3/2020"}, {"date": "1/31/2020", "number": "272", "contents": "<span class='description'>DCA ORDER DIRECTING APPELLANT TO PAY FILING FEE OR TO FILE FOR INDIGENCY, 1D20-0372</span> entered 01/31/2020.", "entry_date": "1/31/2020"}, {"date": "1/31/2020", "number": "271", "contents": "<span class='description'>DCA ACKNOWLEDGMENT RECEIPT 1D20-0372</span> entered 01/31/2020.", "entry_date": "1/31/2020"}, {"date": "1/21/2020", "number": "270", "contents": "<span class='description'>NOTICE OF APPEAL TO DISTRICT COURT (FEE OUTSTANDING) (COPY)</span> entered 01/27/2020.", "entry_date": "1/27/2020"}, {"date": "1/21/2020", "number": "269", "contents": "<span class='description'>NOTICE OF APPEAL TO DISTRICT COURT (FEE OUTSTANDING) BOOK 19085 PAGE 426-427</span> entered 01/27/2020.", "entry_date": "1/27/2020"}, {"date": "1/21/2020", "number": "268", "contents": "<span class='description'>REQUEST FOR DOCUMENTS</span> entered 01/24/2020.", "entry_date": "1/24/2020"}, {"date": "12/9/2019", "number": "267", "contents": "<span class='description'>REQUEST FOR DOCUMENTS</span> entered 12/11/2019.", "entry_date": "12/11/2019"}, {"date": "10/8/2019", "number": "266", "contents": "<span class='description'>AMENDED ORDER AUTHORIZING THE DEFENSE TO INCUR COSTS FOR DEPOSITION TRANSCRIPTS</span> entered 10/08/2019.", "entry_date": "10/8/2019"}, {"date": "10/4/2019", "number": "265", "contents": "<span class='description'>RECEIPT FOR CIVIL PROCESS, JAIL, WARRANTS</span> entered 10/07/2019.", "entry_date": "10/7/2019"}, {"link_viewer": "https://www.docketalarm.com/cases/Florida_State_Duval_County_Fourth_Circuit_Court/2018-CF-008404/CECIL_TRAMELL_BURNEY_II/264/", "number": "264", "link": "https://www.docketalarm.com/cases/Florida_State_Duval_County_Fourth_Circuit_Court/2018-CF-008404/CECIL_TRAMELL_BURNEY_II/docs/264.pdf", "entry_date": "10/4/2019", "date": "10/4/2019", "contents": "<a href=\"/cases/Florida_State_Duval_County_Fourth_Circuit_Court/2018-CF-008404/CECIL_TRAMELL_BURNEY_II/264/\"><span class='description'>UNIFORM COMMITMENT TO CUSTODY OF DEPT. OF CORRECTIONS</span></a> entered 10/04/2019."}, {"date": "10/3/2019", "number": "263", "contents": "<span class='description'>CERTIFICATE OF SERVICE FOR JUDGMENT AND SENTENCE</span> entered 10/03/2019.", "entry_date": "10/3/2019"}, {"link_viewer": "https://www.docketalarm.com/cases/Florida_State_Duval_County_Fourth_Circuit_Court/2018-CF-008404/CECIL_TRAMELL_BURNEY_II/261/", "number": "261", "link": "https://www.docketalarm.com/cases/Florida_State_Duval_County_Fourth_Circuit_Court/2018-CF-008404/CECIL_TRAMELL_BURNEY_II/docs/261.pdf", "entry_date": "10/3/2019", "date": "10/3/2019", "contents": "<a href=\"/cases/Florida_State_Duval_County_Fourth_Circuit_Court/2018-CF-008404/CECIL_TRAMELL_BURNEY_II/261/\"><span class='description'>COMMITMENT CHECKLIST SENT</span></a> entered 10/03/2019."}, {"date": "10/2/2019", "number": "259", "contents": "<span class='description'>SENTENCING GUIDELINES</span> entered 10/03/2019.", "entry_date": "10/3/2019"}, {"link_viewer": "https://www.docketalarm.com/cases/Florida_State_Duval_County_Fourth_Circuit_Court/2018-CF-008404/CECIL_TRAMELL_BURNEY_II/258/", "number": "258", "link": "https://www.docketalarm.com/cases/Florida_State_Duval_County_Fourth_Circuit_Court/2018-CF-008404/CECIL_TRAMELL_BURNEY_II/docs/258.pdf", "entry_date": "10/3/2019", "date": "10/2/2019", "contents": "<a href=\"/cases/Florida_State_Duval_County_Fourth_Circuit_Court/2018-CF-008404/CECIL_TRAMELL_BURNEY_II/258/\"><span class='description'>PAYMENT AUTHORIZATION SHEET</span></a> entered 10/03/2019."}, {"date": "10/2/2019", "number": "257", "contents": "<span class='description'>SENTENCING HEARING HELD IN FULL</span> entered 10/03/2019.", "entry_date": "10/3/2019"}, {"date": "10/2/2019", "number": "255", "contents": "<span class='description'>10 YEAR MINIMUM MANDATORY SENTENCE IMPOSED PER F.S. 775.087(2)(A) AS TO COUNT: 4</span> entered 10/03/2019.", "entry_date": "10/3/2019"}, {"date": "10/2/2019", "number": "254", "contents": "<span class='description'>CREDIT TIME: 413 DAYS</span> entered 10/03/2019.", "entry_date": "10/3/2019"}, {"date": "10/2/2019", "number": "253", "contents": "<span class='description'>LIFE CONCURRENT</span> entered 10/03/2019.", "entry_date": "10/3/2019"}, {"date": "10/2/2019", "number": "252", "contents": "<span class='description'>JUDGMENT AND SENTENCE TO STATE PRISON FOR LIFE</span> entered 10/03/2019.", "entry_date": "10/3/2019"}, {"date": "10/2/2019", "number": "251", "contents": "<span class='description'>DEF. ADJUDGED GUILTY - FINGERPRINTS TAKEN</span> entered 10/03/2019.", "entry_date": "10/3/2019"}, {"date": "10/2/2019", "number": "250", "contents": "<span class='description'>CREDIT TIME: 413 DAYS</span> entered 10/03/2019.", "entry_date": "10/3/2019"}, {"date": "10/2/2019", "number": "249", "contents": "<span class='description'>LIFE CONCURRENT</span> entered 10/03/2019.", "entry_date": "10/3/2019"}, {"date": "10/2/2019", "number": "248", "contents": "<span class='description'>JUDGMENT AND SENTENCE TO STATE PRISON FOR LIFE</span> entered 10/03/2019.", "entry_date": "10/3/2019"}, {"date": "10/2/2019", "number": "247", "contents": "<span class='description'>10 YEAR MINIMUM MANDATORY SENTENCE IMPOSED PER F.S. 775.087(2)(A) AS TO COUNT: 3</span> entered 10/03/2019.", "entry_date": "10/3/2019"}, {"date": "10/2/2019", "number": "246", "contents": "<span class='description'>DEF. ADJUDGED GUILTY - FINGERPRINTS TAKEN</span> entered 10/03/2019.", "entry_date": "10/3/2019"}, {"date": "10/2/2019", "number": "245", "contents": "<span class='description'>CREDIT TIME: 413 DAYS</span> entered 10/03/2019.", "entry_date": "10/3/2019"}, {"date": "10/2/2019", "number": "244", "contents": "<span class='description'>LIFE CONCURRENT</span> entered 10/03/2019.", "entry_date": "10/3/2019"}, {"date": "10/2/2019", "number": "243", "contents": "<span class='description'>JUDGMENT AND SENTENCE TO STATE PRISON FOR LIFE</span> entered 10/03/2019.", "entry_date": "10/3/2019"}, {"date": "10/2/2019", "number": "242", "contents": "<span class='description'>DEF. ADJUDGED GUILTY - FINGERPRINTS TAKEN</span> entered 10/03/2019.", "entry_date": "10/3/2019"}, {"date": "10/2/2019", "number": "241", "contents": "<span class='description'>FEES DUE: 10/2/3020</span> entered 10/03/2019.", "entry_date": "10/3/2019"}, {"date": "10/2/2019", "number": "240", "contents": "<span class='description'>CSTF 20.00 IMPOSED</span> entered 10/03/2019.", "entry_date": "10/3/2019"}, {"date": "10/2/2019", "number": "239", "contents": "<span class='description'>SAIEF 100.00 IMPOSED</span> entered 10/03/2019.", "entry_date": "10/3/2019"}, {"date": "10/2/2019", "number": "238", "contents": "<span class='description'>AACC 65.00 IMPOSED</span> entered 10/03/2019.", "entry_date": "10/3/2019"}, {"date": "10/2/2019", "number": "237", "contents": "<span class='description'>TNC 3.00 IMPOSED</span> entered 10/03/2019.", "entry_date": "10/3/2019"}, {"date": "10/2/2019", "number": "236", "contents": "<span class='description'>LGTF 225.00 IMPOSED</span> entered 10/03/2019.", "entry_date": "10/3/2019"}, {"date": "10/2/2019", "number": "235", "contents": "<span class='description'>CCT 50.00 IMPOSED</span> entered 10/03/2019.", "entry_date": "10/3/2019"}, {"date": "10/2/2019", "number": "234", "contents": "<span class='description'>COURTATTY(JDGMTCOSTS) 100.00 IMPOSED</span> entered 10/03/2019.", "entry_date": "10/3/2019"}, {"date": "10/2/2019", "number": "233", "contents": "<span class='description'>COST OF COURT 50.00 IMPOSED</span> entered 10/03/2019.", "entry_date": "10/3/2019"}, {"date": "10/2/2019", "number": "232", "contents": "<span class='description'>LEEA 5.00 IMPOSED</span> entered 10/03/2019.", "entry_date": "10/3/2019"}, {"date": "10/2/2019", "number": "231", "contents": "<span class='description'>COUNTS 1-4 RUN CONCURRENT</span> entered 10/03/2019.", "entry_date": "10/3/2019"}, {"date": "10/2/2019", "number": "230", "contents": "<span class='description'>JURISDICTION RESERVED TO DETERMINE RESTITUTION FOR: 60 DAYS</span> entered 10/03/2019.", "entry_date": "10/3/2019"}, {"date": "10/2/2019", "number": "229", "contents": "<span class='description'>10 YEAR MINIMUM MANDATORY SENTENCE IMPOSED PER F.S. 775.087(2)(A) AS TO COUNT: 3 &amp; 4</span> entered 10/04/2019.", "entry_date": "10/4/2019"}, {"date": "10/2/2019", "number": "228", "contents": "<span class='description'>CREDIT TIME: 413 DAYS</span> entered 10/03/2019.", "entry_date": "10/3/2019"}, {"date": "10/2/2019", "number": "227", "contents": "<span class='description'>LIFE CONCURRENT</span> entered 10/03/2019.", "entry_date": "10/3/2019"}, {"link_viewer": "https://www.docketalarm.com/cases/Florida_State_Duval_County_Fourth_Circuit_Court/2018-CF-008404/CECIL_TRAMELL_BURNEY_II/226/", "number": "226", "link": "https://www.docketalarm.com/cases/Florida_State_Duval_County_Fourth_Circuit_Court/2018-CF-008404/CECIL_TRAMELL_BURNEY_II/docs/226.pdf", "entry_date": "10/3/2019", "date": "10/2/2019", "contents": "<a href=\"/cases/Florida_State_Duval_County_Fourth_Circuit_Court/2018-CF-008404/CECIL_TRAMELL_BURNEY_II/226/\"><span class='description'>JUDGMENT AND SENTENCE TO STATE PRISON FOR LIFE BOOK 18958 PAGE 175-181</span></a> entered 10/03/2019."}, {"date": "10/2/2019", "number": "225", "contents": "<span class='description'>DEF. ADJUDGED GUILTY - FINGERPRINTS TAKEN</span> entered 10/03/2019.", "entry_date": "10/3/2019"}, {"date": "10/2/2019", "number": "224", "contents": "<span class='description'>DEFENDANT PRESENT IN JAIL</span> entered 10/03/2019.", "entry_date": "10/3/2019"}, {"date": "10/2/2019", "number": "223", "contents": "<span class='description'>ATTY. FOR DEF. ADAMS-JONES, SISSY DENISE</span> entered 10/03/2019.", "entry_date": "10/3/2019"}, {"date": "10/2/2019", "number": "222", "contents": "<span class='description'>ASST. STATE ATTY. HUBAND, CHRISTOPHER ROTH</span> entered 10/03/2019.", "entry_date": "10/3/2019"}, {"date": "10/2/2019", "number": "221", "contents": "<span class='description'>JUDGE ANDERSON JR, BRUCE R</span> entered 10/03/2019.", "entry_date": "10/3/2019"}, {"date": "9/30/2019", "number": "220", "contents": "<span class='description'>COURT ORDER ON MOTION FOR NEW TRIAL - DENIED</span> entered 09/30/2019.", "entry_date": "9/30/2019"}, {"date": "9/30/2019", "number": "219", "contents": "<span class='description'>@3PM</span> entered 09/30/2019.", "entry_date": "9/30/2019"}, {"date": "9/30/2019", "number": "218", "contents": "<span class='description'>SENTENCING 10/02/2019 9:00 AM - 508 5TH FLOOR, 501 W ADAMS ST JACKSONVILLE FL 32202</span> entered 09/30/2019.", "entry_date": "9/30/2019"}, {"date": "9/30/2019", "number": "217", "contents": "<span class='description'>DEFENDANT PRESENT IN JAIL</span> entered 09/30/2019.", "entry_date": "9/30/2019"}, {"date": "9/30/2019", "number": "216", "contents": "<span class='description'>ATTY. FOR DEF. ADAMS-JONES, SISSY DENISE</span> entered 09/30/2019.", "entry_date": "9/30/2019"}, {"date": "9/30/2019", "number": "215", "contents": "<span class='description'>ASST. STATE ATTY. HUBAND, CHRISTOPHER ROTH</span> entered 09/30/2019.", "entry_date": "9/30/2019"}, {"date": "9/30/2019", "number": "214", "contents": "<span class='description'>JUDGE ANDERSON JR, BRUCE R</span> entered 09/30/2019.", "entry_date": "9/30/2019"}, {"date": "9/27/2019", "number": "213", "contents": "<span class='description'>DEPOSITION OF ANDREW COLEMAN</span> entered 09/30/2019.", "entry_date": "9/30/2019"}, {"date": "9/27/2019", "number": "212", "contents": "<span class='description'>MOTION FOR NEW TRIAL</span> entered 09/27/2019.", "entry_date": "9/27/2019"}, {"date": "9/26/2019", "number": "210", "contents": "<span class='description'>NOL PROS (CODE 4) S790.23(1)(B) POSSESSION OF A FIREARM BY A JUVENILE FOUND TO HAVE COMMITTED A FELONY ACT</span> entered 09/30/2019.", "entry_date": "9/30/2019"}, {"date": "9/26/2019", "number": "209", "contents": "<span class='description'>DEPOSITION OF KENNIESHA JONES</span> entered 09/30/2019.", "entry_date": "9/30/2019"}, {"date": "9/26/2019", "number": "208", "contents": "<span class='description'>ORDER OF INSOL. &amp; APPT. OF COUNSEL FOR PUR.OF APPEAL</span> entered 09/30/2019.", "entry_date": "9/30/2019"}, {"link_viewer": "https://www.docketalarm.com/cases/Florida_State_Duval_County_Fourth_Circuit_Court/2018-CF-008404/CECIL_TRAMELL_BURNEY_II/207/", "number": "207", "link": "https://www.docketalarm.com/cases/Florida_State_Duval_County_Fourth_Circuit_Court/2018-CF-008404/CECIL_TRAMELL_BURNEY_II/docs/207.pdf", "entry_date": "9/30/2019", "date": "9/26/2019", "contents": "<a href=\"/cases/Florida_State_Duval_County_Fourth_Circuit_Court/2018-CF-008404/CECIL_TRAMELL_BURNEY_II/207/\"><span class='description'>WAIVER OF PRE-SENTENCE INVESTIGATION</span></a> entered 09/30/2019."}, {"date": "9/26/2019", "number": "206", "contents": "<span class='description'>CLERKS MEMO OF TRIAL</span> entered 09/27/2019.", "entry_date": "9/27/2019"}, {"date": "9/26/2019", "number": "205", "contents": "<span class='description'>CLERKS EXHIBIT MEMO</span> entered 09/27/2019.", "entry_date": "9/27/2019"}, {"date": "9/26/2019", "number": "204", "contents": "<span class='description'>JURY INSTRUCTIONS \u2013 FILED</span> entered 09/27/2019.", "entry_date": "9/27/2019"}, {"date": "9/26/2019", "number": "203", "contents": "<span class='description'>H.OM. TBS (MOTION FOR NEW TRIAL</span> entered 09/26/2019.", "entry_date": "9/26/2019"}, {"date": "9/26/2019", "number": "202", "contents": "<span class='description'>SENTENCING - TO BE SET 09/30/2019 9:00 AM - 508 5TH FLOOR, 501 W ADAMS ST JACKSONVILLE FL 32202</span> entered 09/26/2019.", "entry_date": "9/26/2019"}, {"date": "9/26/2019", "number": "201", "contents": "<span class='description'>BOND SET AT NONE</span> entered 09/26/2019.", "entry_date": "9/26/2019"}, {"date": "9/26/2019", "number": "200", "contents": "<span class='description'>BOND SET AT NONE</span> entered 09/26/2019.", "entry_date": "9/26/2019"}, {"date": "9/26/2019", "number": "199", "contents": "<span class='description'>BOND SET AT NONE</span> entered 09/26/2019.", "entry_date": "9/26/2019"}, {"date": "9/26/2019", "number": "198", "contents": "<span class='description'>BOND SET AT NONE</span> entered 09/26/2019.", "entry_date": "9/26/2019"}, {"date": "9/26/2019", "number": "197", "contents": "<span class='description'>BOND SET AT NONE</span> entered 09/26/2019.", "entry_date": "9/26/2019"}, {"date": "9/26/2019", "number": "196", "contents": "<span class='description'>BOND REVOKED</span> entered 09/26/2019.", "entry_date": "9/26/2019"}, {"date": "9/26/2019", "number": "195", "contents": "<span class='description'>REMANDED INTO CUSTODY</span> entered 09/26/2019.", "entry_date": "9/26/2019"}, {"date": "9/26/2019", "number": "194", "contents": "<span class='description'>JURY DISCHARGED</span> entered 09/26/2019.", "entry_date": "9/26/2019"}, {"date": "9/26/2019", "number": "193", "contents": "<span class='description'>JURY POLLED</span> entered 09/26/2019.", "entry_date": "9/26/2019"}, {"date": "9/26/2019", "number": "192", "contents": "<span class='description'>VERDICT- GUILTY AS CHARGED</span> entered 09/26/2019.", "entry_date": "9/26/2019"}, {"date": "9/26/2019", "number": "191", "contents": "<span class='description'>VERDICT- GUILTY AS CHARGED</span> entered 09/26/2019.", "entry_date": "9/26/2019"}, {"date": "9/26/2019", "number": "190", "contents": "<span class='description'>VERDICT- GUILTY AS CHARGED</span> entered 09/26/2019.", "entry_date": "9/26/2019"}, {"date": "9/26/2019", "number": "189", "contents": "<span class='description'>VERDICT- GUILTY AS CHARGED</span> entered 09/26/2019.", "entry_date": "9/26/2019"}, {"date": "9/26/2019", "number": "188", "contents": "<span class='description'>JURY IN AT 6:45PM - JURY OUT AT 8:03PM</span> entered 09/26/2019.", "entry_date": "9/26/2019"}, {"date": "9/26/2019", "number": "187", "contents": "<span class='description'>ALTERNATE JUROR DISCHARGED</span> entered 09/26/2019.", "entry_date": "9/26/2019"}, {"date": "9/26/2019", "number": "186", "contents": "<span class='description'>INSTRUCTIONS TO JURY IN FULL</span> entered 09/26/2019.", "entry_date": "9/26/2019"}, {"date": "9/26/2019", "number": "185", "contents": "<span class='description'>CLOSING ARGUMENTS IN: DEFENSE</span> entered 09/26/2019.", "entry_date": "9/26/2019"}, {"date": "9/26/2019", "number": "184", "contents": "<span class='description'>CLOSING ARGUMENTS IN: FULL BY STATE</span> entered 09/26/2019.", "entry_date": "9/26/2019"}, {"date": "9/26/2019", "number": "183", "contents": "<span class='description'>STATE RESTS</span> entered 09/26/2019.", "entry_date": "9/26/2019"}, {"date": "9/26/2019", "number": "182", "contents": "<span class='description'>STATE'S REBUTTAL EVIDENCE HELD IN FULL</span> entered 09/26/2019.", "entry_date": "9/26/2019"}, {"date": "9/26/2019", "number": "181", "contents": "<span class='description'>DEFENSE RENEWS ORAL MOTION FOR JUDGMENT OF ACQUITTAL -DENIED</span> entered 09/26/2019.", "entry_date": "9/26/2019"}, {"date": "9/26/2019", "number": "180", "contents": "<span class='description'>DEFENSE RESTS</span> entered 09/26/2019.", "entry_date": "9/26/2019"}, {"date": "9/26/2019", "number": "179", "contents": "<span class='description'>EVIDENCE TO JURY IN FULL BY DEFENSE</span> entered 09/26/2019.", "entry_date": "9/26/2019"}, {"date": "9/26/2019", "number": "178", "contents": "<span class='description'>OTHERS PRESENT: T MANGAN CO CHAIR WITH STATE</span> entered 09/26/2019.", "entry_date": "9/26/2019"}, {"date": "9/26/2019", "number": "177", "contents": "<span class='description'>DEFENDANT PRESENT IN JAIL</span> entered 09/26/2019.", "entry_date": "9/26/2019"}, {"date": "9/26/2019", "number": "176", "contents": "<span class='description'>ATTY. FOR DEF. ADAMS-JONES, SISSY DENISE</span> entered 09/26/2019.", "entry_date": "9/26/2019"}, {"date": "9/26/2019", "number": "175", "contents": "<span class='description'>ASST. STATE ATTY. HUBAND, CHRISTOPHER ROTH</span> entered 09/26/2019.", "entry_date": "9/26/2019"}, {"date": "9/26/2019", "number": "174", "contents": "<span class='description'>JUDGE ANDERSON JR, BRUCE R</span> entered 09/26/2019.", "entry_date": "9/26/2019"}, {"date": "9/26/2019", "number": "173", "contents": "<span class='description'>COURT ORDER AUTHORIZING THE DEFENSE TO INCUR COSTS FOR DEPOSITION TRANSCRIPTS</span> entered 09/26/2019.", "entry_date": "9/26/2019"}, {"date": "9/25/2019", "number": "172", "contents": "<span class='description'>DEPOSITION OF SEFORIA LEWIS</span> entered 09/30/2019.", "entry_date": "9/30/2019"}, {"date": "9/25/2019", "number": "171", "contents": "<span class='description'>DEPOSITION OF TANAYA RAYFORD</span> entered 09/30/2019.", "entry_date": "9/30/2019"}, {"date": "9/25/2019", "number": "170", "contents": "<span class='description'>10:30AM</span> entered 09/25/2019.", "entry_date": "9/25/2019"}, {"date": "9/25/2019", "number": "169", "contents": "<span class='description'>TRIAL 09/26/2019 9:00 AM - 508 5TH FLOOR, 501 W ADAMS ST JACKSONVILLE FL 32202</span> entered 09/25/2019.", "entry_date": "9/25/2019"}, {"date": "9/25/2019", "number": "168", "contents": "<span class='description'>CHARGE CONFERENCE HELD IN FULL</span> entered 09/25/2019.", "entry_date": "9/25/2019"}, {"date": "9/25/2019", "number": "167", "contents": "<span class='description'>DEFENSE ORAL MOTION FOR JUDGMENT OF ACQUITTAL -DENIED</span> entered 09/25/2019.", "entry_date": "9/25/2019"}, {"date": "9/25/2019", "number": "166", "contents": "<span class='description'>STATE RESTS</span> entered 09/25/2019.", "entry_date": "9/25/2019"}, {"date": "9/25/2019", "number": "165", "contents": "<span class='description'>EVIDENCE TO JURY IN FULL BY STATE</span> entered 09/25/2019.", "entry_date": "9/25/2019"}, {"date": "9/24/2019", "number": "164", "contents": "<span class='description'>STIPULATION</span> entered 09/30/2019.", "entry_date": "9/30/2019"}, {"date": "9/24/2019", "number": "163", "contents": "<span class='description'>10:30AM</span> entered 09/24/2019.", "entry_date": "9/24/2019"}, {"date": "9/24/2019", "number": "162", "contents": "<span class='description'>TRIAL 09/25/2019 9:00 AM - 508 5TH FLOOR, 501 W ADAMS ST JACKSONVILLE FL 32202</span> entered 09/24/2019.", "entry_date": "9/24/2019"}, {"date": "9/24/2019", "number": "161", "contents": "<span class='description'>EVIDENCE TO JURY IN PART BY STATE</span> entered 09/24/2019.", "entry_date": "9/24/2019"}, {"date": "9/24/2019", "number": "160", "contents": "<span class='description'>OPENING STATEMENTS TO JURY IN FULL BY DEFENSE</span> entered 09/24/2019.", "entry_date": "9/24/2019"}, {"date": "9/24/2019", "number": "159", "contents": "<span class='description'>OPENING STATEMENTS TO JURY IN FULL BY STATE</span> entered 09/24/2019.", "entry_date": "9/24/2019"}, {"date": "9/24/2019", "number": "158", "contents": "<span class='description'>JURY EMPANELLED &amp; SWORN</span> entered 09/24/2019.", "entry_date": "9/24/2019"}, {"date": "9/24/2019", "number": "157", "contents": "<span class='description'>RULE INVOKED</span> entered 09/24/2019.", "entry_date": "9/24/2019"}, {"date": "9/24/2019", "number": "156", "contents": "<span class='description'>OTHERS PRESENT: T MANGAN CO-CHAIR FOR STATE</span> entered 09/24/2019.", "entry_date": "9/24/2019"}, {"date": "9/24/2019", "number": "155", "contents": "<span class='description'>DEFENDANT PRESENT IN JAIL</span> entered 09/24/2019.", "entry_date": "9/24/2019"}, {"date": "9/24/2019", "number": "154", "contents": "<span class='description'>ATTY. FOR DEF. ADAMS-JONES, SISSY DENISE</span> entered 09/24/2019.", "entry_date": "9/24/2019"}, {"date": "9/24/2019", "number": "153", "contents": "<span class='description'>ASST. STATE ATTY. HUBAND, CHRISTOPHER ROTH</span> entered 09/24/2019.", "entry_date": "9/24/2019"}, {"date": "9/24/2019", "number": "152", "contents": "<span class='description'>JURY TRIAL HELD</span> entered 09/24/2019.", "entry_date": "9/24/2019"}, {"date": "9/24/2019", "number": "151", "contents": "<span class='description'>JUDGE ANDERSON JR, BRUCE R</span> entered 09/24/2019.", "entry_date": "9/24/2019"}, {"date": "9/24/2019", "number": "150", "contents": "<span class='description'>MOTION TO INCUR COSTS FOR DEPOSITION TRANSCRIPTS</span> entered 09/24/2019.", "entry_date": "9/24/2019"}, {"date": "9/23/2019", "number": "149", "contents": "<span class='description'>PLEA OF NOT GUILTY</span> entered 09/30/2019.", "entry_date": "9/30/2019"}, {"date": "9/23/2019", "number": "148", "contents": "<span class='description'>COURT ORDER ON STATE'S MOTIN FOR CONSOLIDATION OF RELATED OFFENSES - GRANTED BY STIPULATION OF COUNSEL</span> entered 09/26/2019.", "entry_date": "9/26/2019"}, {"date": "9/23/2019", "number": "147", "contents": "<span class='description'>STATE'S MOTION FOR PRETRIAL RULINGS ON ADMISSIBILITY</span> entered 09/25/2019.", "entry_date": "9/25/2019"}, {"date": "9/23/2019", "number": "146", "contents": "<span class='description'>INFORMATION FILED S812.13(2)(A) ARMED ROBBER WHILE WEARING HOOD OR MASK</span> entered 09/25/2019.", "entry_date": "9/25/2019"}, {"date": "9/23/2019", "number": "145", "contents": "<span class='description'>INFORMATION</span> entered 09/25/2019.", "entry_date": "9/25/2019"}, {"date": "9/23/2019", "number": "144", "contents": "<span class='description'>INFORMATION FILED IN OPEN COURT</span> entered 09/25/2019.", "entry_date": "9/25/2019"}, {"date": "9/23/2019", "number": "143", "contents": "<span class='description'>INFO AMENDED INSTANTER , IN COURT</span> entered 09/25/2019.", "entry_date": "9/25/2019"}, {"date": "9/23/2019", "number": "142", "contents": "<span class='description'>COURT ORDER RE: CLOSING ARGUMENT (CRIMINAL) PURPOSE</span> entered 09/24/2019.", "entry_date": "9/24/2019"}, {"date": "9/23/2019", "number": "141", "contents": "<span class='description'>COURT ORDER ON DEFENDANT'S FIRST MOTION IN LIMINE - DENIED FOR THE REASONS STATED ON THE RECORD</span> entered 09/24/2019.", "entry_date": "9/24/2019"}, {"date": "9/23/2019", "number": "140", "contents": "<span class='description'>COURT ORDER ON STATE'S MOTION FOR PRETRIAL RULINGS ON ADMISSIBILITY - GRANTED - AS TO PARAGRAPH 1 OVER THE DEFENSE OBJECTIONS - FOR THE REASON STATED ON THE RECORD; GRANTED - AS TO PARAGRAPHS 2 - 3 BY AGREEMENT OF THE PARTIES</span> entered 09/24/2019.", "entry_date": "9/24/2019"}, {"date": "9/23/2019", "number": "139", "contents": "<span class='description'>10:30AM</span> entered 09/23/2019.", "entry_date": "9/23/2019"}, {"date": "9/23/2019", "number": "138", "contents": "<span class='description'>TRIAL 09/24/2019 9:00 AM - 508 5TH FLOOR, 501 W ADAMS ST JACKSONVILLE FL 32202</span> entered 09/23/2019.", "entry_date": "9/23/2019"}, {"date": "9/23/2019", "number": "137", "contents": "<span class='description'>JURY SELECTED</span> entered 09/23/2019.", "entry_date": "9/23/2019"}, {"date": "9/23/2019", "number": "136", "contents": "<span class='description'>JURY SELECTION HELD IN FULL</span> entered 09/23/2019.", "entry_date": "9/23/2019"}, {"date": "9/23/2019", "number": "135", "contents": "<span class='description'>OTHERS PRESENT: T MANGAN CO CHAIR FOR STATE</span> entered 09/23/2019.", "entry_date": "9/23/2019"}, {"date": "9/23/2019", "number": "134", "contents": "<span class='description'>DEFENDANT PRESENT IN JAIL</span> entered 09/23/2019.", "entry_date": "9/23/2019"}, {"date": "9/23/2019", "number": "133", "contents": "<span class='description'>ATTY. FOR DEF. ADAMS-JONES, SISSY DENISE</span> entered 09/23/2019.", "entry_date": "9/23/2019"}, {"date": "9/23/2019", "number": "132", "contents": "<span class='description'>ASST. STATE ATTY. HUBAND, CHRISTOPHER ROTH</span> entered 09/23/2019.", "entry_date": "9/23/2019"}, {"date": "9/23/2019", "number": "131", "contents": "<span class='description'>JUDGE ANDERSON JR, BRUCE R</span> entered 09/23/2019.", "entry_date": "9/23/2019"}, {"date": "9/23/2019", "number": "130", "contents": "<span class='description'>MOTION FOR CONSOLIDATION OF RELATED OFFENSES</span> entered 09/23/2019.", "entry_date": "9/23/2019"}, {"date": "9/19/2019", "number": "129", "contents": "<span class='description'>AMENDED NOTICE OF TAKING DEPOSITION</span> entered 09/23/2019.", "entry_date": "9/23/2019"}, {"date": "9/19/2019", "number": "128", "contents": "<span class='description'>AMENDED NOTICE OF TAKING DEPOSITION</span> entered 09/23/2019.", "entry_date": "9/23/2019"}, {"date": "9/19/2019", "number": "127", "contents": "<span class='description'>56 JURORS</span> entered 09/19/2019.", "entry_date": "9/19/2019"}, {"date": "9/19/2019", "number": "126", "contents": "<span class='description'>JURY SELECTION 09/23/2019 9:00 AM - 508 5TH FLOOR, 501 W ADAMS ST JACKSONVILLE FL 32202</span> entered 09/19/2019.", "entry_date": "9/19/2019"}, {"date": "9/19/2019", "number": "125", "contents": "<span class='description'>DEFENDANT PRESENT IN JAIL</span> entered 09/19/2019.", "entry_date": "9/19/2019"}, {"date": "9/19/2019", "number": "124", "contents": "<span class='description'>ATTY. FOR DEF. ADAMS-JONES, SISSY DENISE</span> entered 09/19/2019.", "entry_date": "9/19/2019"}, {"date": "9/19/2019", "number": "123", "contents": "<span class='description'>ASST. STATE ATTY. HUBAND, CHRISTOPHER ROTH</span> entered 09/19/2019.", "entry_date": "9/19/2019"}, {"date": "9/19/2019", "number": "122", "contents": "<span class='description'>JUDGE ANDERSON JR, BRUCE R</span> entered 09/19/2019.", "entry_date": "9/19/2019"}, {"date": "9/17/2019", "number": "121", "contents": "<span class='description'>STATE'S WITNESS LIST IN RESPONSE TO DEFENDANT'S NOTIE OF INTENT TO CLAIM ALIBI</span> entered 09/18/2019.", "entry_date": "9/18/2019"}, {"date": "9/16/2019", "number": "120", "contents": "<span class='description'>NOTICE OF TAKING DEPOSITION</span> entered 09/16/2019.", "entry_date": "9/16/2019"}, {"date": "9/16/2019", "number": "119", "contents": "<span class='description'>STATES# 8th SUPPLEMENTAL DISCOVERY EXHIBIT</span> entered 09/16/2019.", "entry_date": "9/16/2019"}, {"date": "9/16/2019", "number": "118", "contents": "<span class='description'>09/23/19 JS</span> entered 09/16/2019.", "entry_date": "9/16/2019"}, {"date": "9/16/2019", "number": "117", "contents": "<span class='description'>FINAL PRETRIAL 09/19/2019 9:00 AM - 508 5TH FLOOR, 501 W ADAMS ST JACKSONVILLE FL 32202</span> entered 09/16/2019.", "entry_date": "9/16/2019"}, {"date": "9/16/2019", "number": "116", "contents": "<span class='description'>DEFENDANT WAIVED READING OF INDICTMENT AND PLEAD NOT GUILTY</span> entered 09/16/2019.", "entry_date": "9/16/2019"}, {"date": "9/16/2019", "number": "115", "contents": "<span class='description'>DEFENDANT PRESENT IN JAIL</span> entered 09/16/2019.", "entry_date": "9/16/2019"}, {"date": "9/16/2019", "number": "114", "contents": "<span class='description'>ATTY. FOR DEF. ADAMS-JONES, SISSY DENISE</span> entered 09/16/2019.", "entry_date": "9/16/2019"}, {"date": "9/16/2019", "number": "113", "contents": "<span class='description'>ASST. STATE ATTY. HUBAND, CHRISTOPHER ROTH</span> entered 09/16/2019.", "entry_date": "9/16/2019"}, {"date": "9/16/2019", "number": "112", "contents": "<span class='description'>JUDGE ANDERSON JR, BRUCE R</span> entered 09/16/2019.", "entry_date": "9/16/2019"}, {"date": "9/12/2019", "number": "111", "contents": "<span class='description'>DISCLOSURE TO PROSECUTION</span> entered 09/17/2019.", "entry_date": "9/17/2019"}, {"date": "9/12/2019", "number": "110", "contents": "<span class='description'>NOTICE OF INTENTION TO CLAIM ALIBI</span> entered 09/17/2019.", "entry_date": "9/17/2019"}, {"date": "9/5/2019", "number": "109", "contents": "<span class='description'>STATES# 7TH SUPPLEMENTAL DISCOVERY EXHIBIT</span> entered 09/06/2019.", "entry_date": "9/6/2019"}, {"date": "8/23/2019", "number": "108", "contents": "<span class='description'>STATES# 6TH SUPPLEMENTAL DISCOVERY EXHIBIT</span> entered 08/26/2019.", "entry_date": "8/26/2019"}, {"date": "8/8/2019", "number": "107", "contents": "<span class='description'>STATES# FIFTH SUPPLEMENTAL DISCOVERY EXHIBIT</span> entered 08/12/2019.", "entry_date": "8/12/2019"}, {"date": "8/7/2019", "number": "106", "contents": "<span class='description'>STATES# FOURTH SUPPLEMENTAL DISCOVERY EXHIBIT</span> entered 08/08/2019.", "entry_date": "8/8/2019"}, {"date": "7/30/2019", "number": "105", "contents": "<span class='description'>STATES#3rd SUPPLEMENTAL DISCOVERY EXHIBIT( AMENDED)</span> entered 07/31/2019.", "entry_date": "7/31/2019"}, {"date": "7/29/2019", "number": "104", "contents": "<span class='description'>NOTICE OF TAKING DEPOSITION</span> entered 07/29/2019.", "entry_date": "7/29/2019"}, {"date": "7/18/2019", "number": "103", "contents": "<span class='description'>ORDER AUTHORIZING THE DEFENSE TO INCUR COSTS FOR DEPOSITION TRANSCRIPTS</span> entered 07/18/2019.", "entry_date": "7/18/2019"}, {"date": "7/10/2019", "number": "102", "contents": "<span class='description'>MOTION TO INCUR COSTS FOR DEPOSITION TRANSCRIPTS</span> entered 07/12/2019.", "entry_date": "7/12/2019"}, {"date": "7/8/2019", "number": "101", "contents": "<span class='description'>STATE's 3rd SUPPLEMENTAL DISCOVERY EXHIBIT</span> entered 07/09/2019.", "entry_date": "7/9/2019"}, {"link_viewer": "https://www.docketalarm.com/cases/Florida_State_Duval_County_Fourth_Circuit_Court/2018-CF-008404/CECIL_TRAMELL_BURNEY_II/100/", "number": "100", "link": "https://www.docketalarm.com/cases/Florida_State_Duval_County_Fourth_Circuit_Court/2018-CF-008404/CECIL_TRAMELL_BURNEY_II/docs/100.pdf", "entry_date": "6/24/2019", "date": "6/21/2019", "contents": "<a href=\"/cases/Florida_State_Duval_County_Fourth_Circuit_Court/2018-CF-008404/CECIL_TRAMELL_BURNEY_II/100/\"><span class='description'>FINDING OF PROBABLE CAUSE ,</span></a> entered 06/24/2019."}, {"date": "6/21/2019", "number": "99", "contents": "<span class='description'>DEFENDANT INFORMED COURT THAT HE/SHE HAS HIRED, OR PLANS TO HIRE A PRIVATE ATTORNEY - NO APPLICATION FOR INDIGENCE NEEDED</span> entered 06/24/2019.", "entry_date": "6/24/2019"}, {"date": "6/21/2019", "number": "98", "contents": "<span class='description'>ARREST &amp; BOOKING REPORT 2018-021750 06/20/2019</span> entered 06/24/2019.", "entry_date": "6/24/2019"}, {"date": "6/20/2019", "number": "97", "contents": "<span class='description'>INDICTMENT FILED FOR S790.23(1)(B) POSSESSION OF A FIREARM BY A JUVENILE FOUND TO HAVE COMMITTED A FELONY ACT</span> entered 06/20/2019.", "entry_date": "6/20/2019"}, {"date": "6/20/2019", "number": "96", "contents": "<span class='description'>INDICTMENT FILED FOR S812.13(2)(A) ARMED ROBBERY WHILE WEARING A MASK OR HOOD</span> entered 06/20/2019.", "entry_date": "6/20/2019"}, {"date": "6/20/2019", "number": "95", "contents": "<span class='description'>INDICTMENT FILED FOR S782.04(3) SECOND DEGREE FELONY MURDER</span> entered 06/20/2019.", "entry_date": "6/20/2019"}, {"date": "6/20/2019", "number": "94", "contents": "<span class='description'>INDICTMENT FILED FOR S782.04(1)(A) MURDER - FIRST DEGREE</span> entered 06/20/2019.", "entry_date": "6/20/2019"}, {"date": "5/30/2019", "number": "93", "contents": "<span class='description'>09/23/19 JS</span> entered 05/30/2019.", "entry_date": "5/30/2019"}, {"date": "5/30/2019", "number": "92", "contents": "<span class='description'>FINAL PRETRIAL 09/16/2019 9:00 AM - 508 5TH FLOOR, 501 W ADAMS ST JACKSONVILLE FL 32202</span> entered 05/30/2019.", "entry_date": "5/30/2019"}, {"date": "5/30/2019", "number": "91", "contents": "<span class='description'>DEFENDANT PRESENT IN JAIL</span> entered 05/30/2019.", "entry_date": "5/30/2019"}, {"date": "5/30/2019", "number": "90", "contents": "<span class='description'>ATTY. FOR DEF. ADAMS-JONES, SISSY DENISE</span> entered 05/30/2019.", "entry_date": "5/30/2019"}, {"date": "5/30/2019", "number": "89", "contents": "<span class='description'>ASST. STATE ATTY. HUBAND, CHRISTOPHER ROTH</span> entered 05/30/2019.", "entry_date": "5/30/2019"}, {"date": "5/30/2019", "number": "88", "contents": "<span class='description'>JUDGE ANDERSON JR, BRUCE R</span> entered 05/30/2019.", "entry_date": "5/30/2019"}, {"date": "5/14/2019", "number": "87", "contents": "<span class='description'>STATES# 2ND SUPPLEMENTAL DISCOVERY EXHIBIT</span> entered 05/14/2019.", "entry_date": "5/14/2019"}, {"date": "5/2/2019", "number": "86", "contents": "<span class='description'>AFFIDAVIT/RETURN OF SERVICE</span> entered 05/09/2019.", "entry_date": "5/9/2019"}, {"date": "5/2/2019", "number": "85", "contents": "<span class='description'>AFFIDAVIT/RETURN OF SERVICE</span> entered 05/09/2019.", "entry_date": "5/9/2019"}, {"date": "5/2/2019", "number": "84", "contents": "<span class='description'>AFFIDAVIT/RETURN OF SERVICE</span> entered 05/09/2019.", "entry_date": "5/9/2019"}, {"date": "4/26/2019", "number": "83", "contents": "<span class='description'>NOTICE OF TAKING DEPOSITION</span> entered 04/26/2019.", "entry_date": "4/26/2019"}, {"date": "4/23/2019", "number": "82", "contents": "<span class='description'>PRETRIAL 05/30/2019 9:00 AM - 508 5TH FLOOR, 501 W ADAMS ST JACKSONVILLE FL 32202</span> entered 04/23/2019.", "entry_date": "4/23/2019"}, {"date": "4/23/2019", "number": "81", "contents": "<span class='description'>DEFENDANT PRESENT IN JAIL</span> entered 04/23/2019.", "entry_date": "4/23/2019"}, {"date": "4/23/2019", "number": "80", "contents": "<span class='description'>ATTY. FOR DEF. ADAMS-JONES, SISSY DENISE</span> entered 04/23/2019.", "entry_date": "4/23/2019"}, {"date": "4/23/2019", "number": "79", "contents": "<span class='description'>ASST. STATE ATTY. HUBAND, CHRISTOPHER ROTH</span> entered 04/23/2019.", "entry_date": "4/23/2019"}, {"date": "4/23/2019", "number": "78", "contents": "<span class='description'>JUDGE ANDERSON JR, BRUCE R</span> entered 04/23/2019.", "entry_date": "4/23/2019"}, {"date": "4/8/2019", "number": "77", "contents": "<span class='description'>STATES# 1ST SUPPLEMENTAL DISCOVERY EXHIBIT</span> entered 04/09/2019.", "entry_date": "4/9/2019"}, {"date": "3/25/2019", "number": "76", "contents": "<span class='description'>PRETRIAL 04/23/2019 9:00 AM - 508 5TH FLOOR, 501 W ADAMS ST JACKSONVILLE FL 32202</span> entered 03/25/2019.", "entry_date": "3/25/2019"}, {"date": "3/25/2019", "number": "75", "contents": "<span class='description'>DEFENDANT PRESENT IN JAIL</span> entered 03/25/2019.", "entry_date": "3/25/2019"}, {"date": "3/25/2019", "number": "74", "contents": "<span class='description'>ATTY. FOR DEF. ADAMS-JONES, SISSY DENISE</span> entered 03/25/2019.", "entry_date": "3/25/2019"}, {"date": "3/25/2019", "number": "73", "contents": "<span class='description'>ASST. STATE ATTY. HUBAND, CHRISTOPHER ROTH</span> entered 03/25/2019.", "entry_date": "3/25/2019"}, {"date": "3/25/2019", "number": "72", "contents": "<span class='description'>JUDGE ANDERSON JR, BRUCE R</span> entered 03/25/2019.", "entry_date": "3/25/2019"}, {"date": "2/21/2019", "number": "71", "contents": "<span class='description'>AFFIDAVIT/RETURN OF SERVICE</span> entered 02/26/2019.", "entry_date": "2/26/2019"}, {"date": "2/7/2019", "number": "70", "contents": "<span class='description'>PRETRIAL 03/25/2019 9:00 AM - 508 5TH FLOOR, 501 W ADAMS ST JACKSONVILLE FL 32202</span> entered 02/07/2019.", "entry_date": "2/7/2019"}, {"date": "2/7/2019", "number": "69", "contents": "<span class='description'>DEFENDANT APPEARANCE WAIVED</span> entered 02/07/2019.", "entry_date": "2/7/2019"}, {"date": "2/7/2019", "number": "68", "contents": "<span class='description'>ATTY. FOR DEF. ADAMS-JONES, SISSY DENISE</span> entered 02/07/2019.", "entry_date": "2/7/2019"}, {"date": "2/7/2019", "number": "67", "contents": "<span class='description'>ASST. STATE ATTY. HUBAND, CHRISTOPHER ROTH</span> entered 02/07/2019.", "entry_date": "2/7/2019"}, {"date": "2/7/2019", "number": "66", "contents": "<span class='description'>JUDGE ANDERSON JR, BRUCE R</span> entered 02/07/2019.", "entry_date": "2/7/2019"}, {"date": "2/3/2019", "number": "65", "contents": "<span class='description'>NOTICE OF TAKING DEPOSITION</span> entered 02/04/2019.", "entry_date": "2/4/2019"}, {"date": "2/3/2019", "number": "64", "contents": "<span class='description'>NOTICE OF TAKING DEPOSITION</span> entered 02/04/2019.", "entry_date": "2/4/2019"}, {"date": "2/3/2019", "number": "63", "contents": "<span class='description'>NOTICE OF TAKING DEPOSITION</span> entered 02/04/2019.", "entry_date": "2/4/2019"}, {"date": "1/10/2019", "number": "62", "contents": "<span class='description'>PRETRIAL 02/07/2019 9:00 AM - 508 5TH FLOOR, 501 W ADAMS ST JACKSONVILLE FL 32202</span> entered 01/10/2019.", "entry_date": "1/10/2019"}, {"date": "1/10/2019", "number": "61", "contents": "<span class='description'>DEFENDANT PRESENT IN JAIL</span> entered 01/10/2019.", "entry_date": "1/10/2019"}, {"date": "1/10/2019", "number": "60", "contents": "<span class='description'>ATTY. FOR DEF. ADAMS-JONES, SISSY DENISE</span> entered 01/10/2019.", "entry_date": "1/10/2019"}, {"date": "1/10/2019", "number": "59", "contents": "<span class='description'>OTHERS PRESENT: ASA- MANGAN FOR HUBAND</span> entered 01/10/2019.", "entry_date": "1/10/2019"}, {"date": "1/10/2019", "number": "58", "contents": "<span class='description'>ASST. STATE ATTY. HUBAND, CHRISTOPHER ROTH</span> entered 01/10/2019.", "entry_date": "1/10/2019"}, {"date": "1/10/2019", "number": "57", "contents": "<span class='description'>JUDGE ANDERSON JR, BRUCE R</span> entered 01/10/2019.", "entry_date": "1/10/2019"}, {"date": "11/8/2018", "number": "56", "contents": "<span class='description'>PRETRIAL 01/10/2019 9:00 AM - 508 5TH FLOOR, 501 W ADAMS ST JACKSONVILLE FL 32202</span> entered 11/08/2018.", "entry_date": "11/8/2018"}, {"link_viewer": "https://www.docketalarm.com/cases/Florida_State_Duval_County_Fourth_Circuit_Court/2018-CF-008404/CECIL_TRAMELL_BURNEY_II/55/", "number": "55", "link": "https://www.docketalarm.com/cases/Florida_State_Duval_County_Fourth_Circuit_Court/2018-CF-008404/CECIL_TRAMELL_BURNEY_II/docs/55.pdf", "entry_date": "11/8/2018", "date": "11/8/2018", "contents": "<a href=\"/cases/Florida_State_Duval_County_Fourth_Circuit_Court/2018-CF-008404/CECIL_TRAMELL_BURNEY_II/55/\"><span class='description'>** WAIVER OF SPEEDY TRIAL **</span></a> entered 11/08/2018."}, {"date": "11/8/2018", "number": "54", "contents": "<span class='description'>DEFENDANT PRESENT IN JAIL</span> entered 11/08/2018.", "entry_date": "11/8/2018"}, {"date": "11/8/2018", "number": "53", "contents": "<span class='description'>ATTY. FOR DEF. ADAMS-JONES, SISSY DENISE</span> entered 11/08/2018.", "entry_date": "11/8/2018"}, {"date": "11/8/2018", "number": "52", "contents": "<span class='description'>ASST. STATE ATTY. HUBAND, CHRISTOPHER ROTH</span> entered 11/08/2018.", "entry_date": "11/8/2018"}, {"date": "11/8/2018", "number": "51", "contents": "<span class='description'>JUDGE ANDERSON JR, BRUCE R</span> entered 11/08/2018.", "entry_date": "11/8/2018"}, {"date": "11/6/2018", "number": "50", "contents": "<span class='description'>AFFIDAVIT/RETURN OF SERVICE (2)</span> entered 11/14/2018.", "entry_date": "11/14/2018"}, {"date": "11/1/2018", "number": "49", "contents": "<span class='description'>AFFIDAVIT/RETURN OF SERVICE (5)</span> entered 11/05/2018.", "entry_date": "11/5/2018"}, {"date": "11/1/2018", "number": "48", "contents": "<span class='description'>AFFIDAVIT/RETURN OF SERVICE (14)</span> entered 11/02/2018.", "entry_date": "11/2/2018"}, {"date": "10/30/2018", "number": "47", "contents": "<span class='description'>AFFIDAVIT/RETURN OF SERVICE</span> entered 11/02/2018.", "entry_date": "11/2/2018"}, {"date": "10/26/2018", "number": "46", "contents": "<span class='description'>ORDER STRIKING DEFENDANT'S PRO SE \"MOTION TO STRIKE/DISMISS\"</span> entered 10/26/2018.", "entry_date": "10/26/2018"}, {"date": "10/26/2018", "number": "45", "contents": "<span class='description'>NOTICE OF TAKING DEPOSITION</span> entered 10/26/2018.", "entry_date": "10/26/2018"}, {"date": "10/26/2018", "number": "44", "contents": "<span class='description'>NOTICE OF TAKING DEPOSITION</span> entered 10/26/2018.", "entry_date": "10/26/2018"}, {"date": "10/26/2018", "number": "43", "contents": "<span class='description'>NOTICE OF TAKING DEPOSITION</span> entered 10/26/2018.", "entry_date": "10/26/2018"}, {"date": "10/25/2018", "number": "42", "contents": "<span class='description'>MOTION TO STRIKE /DISMISS</span> entered 10/25/2018.", "entry_date": "10/25/2018"}, {"date": "10/11/2018", "number": "41", "contents": "<span class='description'>PRETRIAL 11/08/2018 9:00 AM - 508 5TH FLOOR, 501 W ADAMS ST JACKSONVILLE FL 32202</span> entered 10/11/2018.", "entry_date": "10/11/2018"}, {"date": "10/11/2018", "number": "40", "contents": "<span class='description'>DEFENDANT PRESENT IN JAIL</span> entered 10/11/2018.", "entry_date": "10/11/2018"}, {"date": "10/11/2018", "number": "39", "contents": "<span class='description'>ATTY. FOR DEF. ADAMS-JONES, SISSY DENISE</span> entered 10/11/2018.", "entry_date": "10/11/2018"}, {"date": "10/11/2018", "number": "38", "contents": "<span class='description'>ASST. STATE ATTY. HUBAND, CHRISTOPHER ROTH</span> entered 10/11/2018.", "entry_date": "10/11/2018"}, {"date": "10/11/2018", "number": "37", "contents": "<span class='description'>JUDGE ANDERSON JR, BRUCE R</span> entered 10/11/2018.", "entry_date": "10/11/2018"}, {"link_viewer": "https://www.docketalarm.com/cases/Florida_State_Duval_County_Fourth_Circuit_Court/2018-CF-008404/CECIL_TRAMELL_BURNEY_II/36/", "number": "36", "link": "https://www.docketalarm.com/cases/Florida_State_Duval_County_Fourth_Circuit_Court/2018-CF-008404/CECIL_TRAMELL_BURNEY_II/docs/36.pdf", "entry_date": "9/25/2018", "date": "9/25/2018", "contents": "<a href=\"/cases/Florida_State_Duval_County_Fourth_Circuit_Court/2018-CF-008404/CECIL_TRAMELL_BURNEY_II/36/\"><span class='description'>ORDER APPOINTING ATTORNEY</span></a> entered 09/25/2018."}, {"link_viewer": "https://www.docketalarm.com/cases/Florida_State_Duval_County_Fourth_Circuit_Court/2018-CF-008404/CECIL_TRAMELL_BURNEY_II/35/", "number": "35", "link": "https://www.docketalarm.com/cases/Florida_State_Duval_County_Fourth_Circuit_Court/2018-CF-008404/CECIL_TRAMELL_BURNEY_II/docs/35.pdf", "entry_date": "9/24/2018", "date": "9/20/2018", "contents": "<a href=\"/cases/Florida_State_Duval_County_Fourth_Circuit_Court/2018-CF-008404/CECIL_TRAMELL_BURNEY_II/35/\"><span class='description'>REGIONAL CONFLICT COUNSEL RESPONSE - DECLINE</span></a> entered 09/24/2018."}, {"link_viewer": "https://www.docketalarm.com/cases/Florida_State_Duval_County_Fourth_Circuit_Court/2018-CF-008404/CECIL_TRAMELL_BURNEY_II/34/", "number": "34", "link": "https://www.docketalarm.com/cases/Florida_State_Duval_County_Fourth_Circuit_Court/2018-CF-008404/CECIL_TRAMELL_BURNEY_II/docs/34.pdf", "entry_date": "9/20/2018", "date": "9/20/2018", "contents": "<a href=\"/cases/Florida_State_Duval_County_Fourth_Circuit_Court/2018-CF-008404/CECIL_TRAMELL_BURNEY_II/34/\"><span class='description'>NOTIFICATION OF ATTORNEY CONFLICT</span></a> entered 09/20/2018."}, {"date": "9/20/2018", "number": "33", "contents": "<span class='description'>CERTIFICATE OF CONFLICT &amp; MOTION TO WITHDRAW</span> entered 09/20/2018.", "entry_date": "9/20/2018"}, {"date": "9/19/2018", "number": "32", "contents": "<span class='description'>STATE'S DISCOVERY EXHIBIT AND DEMAND FOR RECIPROCAL DISCOVERY</span> entered 09/19/2018.", "entry_date": "9/19/2018"}, {"date": "9/13/2018", "number": "31", "contents": "<span class='description'>PRETRIAL 10/11/2018 9:00 AM - 508 5TH FLOOR, 501 W ADAMS ST JACKSONVILLE FL 32202</span> entered 09/13/2018.", "entry_date": "9/13/2018"}, {"date": "9/13/2018", "number": "30", "contents": "<span class='description'>PLEA OF NOT GUILTY</span> entered 09/13/2018.", "entry_date": "9/13/2018"}, {"date": "9/13/2018", "number": "29", "contents": "<span class='description'>PLEA OF NOT GUILTY</span> entered 09/13/2018.", "entry_date": "9/13/2018"}, {"date": "9/13/2018", "number": "28", "contents": "<span class='description'>PLEA OF NOT GUILTY</span> entered 09/13/2018.", "entry_date": "9/13/2018"}, {"date": "9/13/2018", "number": "27", "contents": "<span class='description'>DEF. W/READING OF INFO &amp; PLEAD NOT GUILTY</span> entered 09/13/2018.", "entry_date": "9/13/2018"}, {"date": "9/13/2018", "number": "26", "contents": "<span class='description'>DEFENDANT PRESENT IN JAIL</span> entered 09/13/2018.", "entry_date": "9/13/2018"}, {"date": "9/13/2018", "number": "25", "contents": "<span class='description'>ASST. PUB. DEF. YOUNG, SANDRA KAYE</span> entered 09/13/2018.", "entry_date": "9/13/2018"}, {"date": "9/13/2018", "number": "24", "contents": "<span class='description'>ASST. STATE ATTY. HUBAND, CHRISTOPHER ROTH</span> entered 09/13/2018.", "entry_date": "9/13/2018"}, {"date": "9/13/2018", "number": "23", "contents": "<span class='description'>JUDGE ANDERSON JR, BRUCE R</span> entered 09/13/2018.", "entry_date": "9/13/2018"}, {"date": "9/6/2018", "number": "22", "contents": "<span class='description'>MOTION FOR ADVERSARY PRELIMINARY HEARING</span> entered 09/06/2018.", "entry_date": "9/6/2018"}, {"date": "9/5/2018", "number": "21", "contents": "<span class='description'>ARRAIGNMENT DATE 09/13/2018 9:00 AM - 508 5TH FLOOR, 501 W ADAMS ST JACKSONVILLE FL 32202</span> entered 09/05/2018.", "entry_date": "9/5/2018"}, {"date": "9/5/2018", "number": "20", "contents": "<span class='description'>INFORMATION FILED S812.13(2)(A) ARMED ROBBERY WHILE WEARING A MASK OR HOOD</span> entered 09/05/2018.", "entry_date": "9/5/2018"}, {"date": "9/5/2018", "number": "19", "contents": "<span class='description'>INFORMATION FILED S782.04(3) SECOND DEGREE FELONY MURDER</span> entered 09/05/2018.", "entry_date": "9/5/2018"}, {"date": "9/5/2018", "number": "18", "contents": "<span class='description'>INFORMATION FILED S782.04(2) MURDER IN THE SECOND DEGREE</span> entered 09/05/2018.", "entry_date": "9/5/2018"}, {"date": "9/5/2018", "number": "17", "contents": "<span class='description'>INFORMATION</span> entered 09/05/2018.", "entry_date": "9/5/2018"}, {"date": "9/5/2018", "number": "16", "contents": "<span class='description'>ARRAIGNMENT COURT DATE: 09/13/2018 SUBJECT TO CHANGE. CALL FOR VERIFICATION</span> entered 09/05/2018.", "entry_date": "9/5/2018"}, {"date": "9/1/2018", "number": "15", "contents": "<span class='description'>TRIAL ASSISTANT STATE ATTORNEY CHANGED TO Huband, Christopher Roth PER SAO</span> entered 09/01/2018.", "entry_date": "9/1/2018"}, {"date": "8/23/2018", "number": "14", "contents": "<span class='description'>MOTION FOR STATEMENT OF PARTICULARS</span> entered 08/23/2018.", "entry_date": "8/23/2018"}, {"date": "8/23/2018", "number": "13", "contents": "<span class='description'>NOTICE OF DISCOVERY AND SPECIFIC DEMAND</span> entered 08/23/2018.", "entry_date": "8/23/2018"}, {"date": "8/16/2018", "number": "12", "contents": "<span class='description'>FEES DUE: 8/20/2018</span> entered 08/20/2018.", "entry_date": "8/20/2018"}, {"date": "8/16/2018", "number": "11", "contents": "<span class='description'>PD APP FEE 50.00 IMPOSED</span> entered 08/20/2018.", "entry_date": "8/20/2018"}, {"date": "8/16/2018", "number": "10", "contents": "<span class='description'>BOND SET AT $250,003.00</span> entered 08/20/2018.", "entry_date": "8/20/2018"}, {"date": "8/16/2018", "number": "9", "contents": "<span class='description'>BOND SET AT $500,003.00</span> entered 08/20/2018.", "entry_date": "8/20/2018"}, {"date": "8/16/2018", "number": "8", "contents": "<span class='description'>BOND SET AT $500,003.00</span> entered 08/20/2018.", "entry_date": "8/20/2018"}, {"date": "8/16/2018", "number": "7", "contents": "<span class='description'>ARRAIGNMENT COURT DATE: 09/06/2018 SUBJECT TO CHANGE. CALL FOR VERIFICATION</span> entered 08/20/2018.", "entry_date": "8/20/2018"}, {"link_viewer": "https://www.docketalarm.com/cases/Florida_State_Duval_County_Fourth_Circuit_Court/2018-CF-008404/CECIL_TRAMELL_BURNEY_II/6/", "number": "6", "link": "https://www.docketalarm.com/cases/Florida_State_Duval_County_Fourth_Circuit_Court/2018-CF-008404/CECIL_TRAMELL_BURNEY_II/docs/6.pdf", "entry_date": "8/20/2018", "date": "8/16/2018", "contents": "<a href=\"/cases/Florida_State_Duval_County_Fourth_Circuit_Court/2018-CF-008404/CECIL_TRAMELL_BURNEY_II/6/\"><span class='description'>DEFENDANT DECLARED INDIGENT, ORDER APPOINTING PUBLIC DEFENDER - FILED</span></a> entered 08/20/2018."}, {"link_viewer": "https://www.docketalarm.com/cases/Florida_State_Duval_County_Fourth_Circuit_Court/2018-CF-008404/CECIL_TRAMELL_BURNEY_II/5/", "number": "5", "link": "https://www.docketalarm.com/cases/Florida_State_Duval_County_Fourth_Circuit_Court/2018-CF-008404/CECIL_TRAMELL_BURNEY_II/docs/5.pdf", "entry_date": "8/20/2018", "date": "8/16/2018", "contents": "<a href=\"/cases/Florida_State_Duval_County_Fourth_Circuit_Court/2018-CF-008404/CECIL_TRAMELL_BURNEY_II/5/\"><span class='description'>APPLICATION FOR CRIMINAL INDIGENT STATUS - FILED</span></a> entered 08/20/2018."}, {"date": "8/16/2018", "number": "4", "contents": "<span class='description'>S812.13(2)(A) ROBBERY - ARMED WITH FIREARM OR DEADLYWEAPON</span> entered 08/20/2018.", "entry_date": "8/20/2018"}, {"date": "8/16/2018", "number": "3", "contents": "<span class='description'>S782.04(3) FELONY MURDER - 2</span> entered 08/20/2018.", "entry_date": "8/20/2018"}, {"date": "8/16/2018", "number": "2", "contents": "<span class='description'>S782.04 MURDER</span> entered 08/20/2018.", "entry_date": "8/20/2018"}, {"date": "8/16/2018", "number": "1", "contents": "<span class='description'>ARREST &amp; BOOKING REPORT 2018-021750 8/15/2018</span> entered 08/20/2018.", "entry_date": "8/20/2018"}], "analyze": {"last_analyze": "6/22/2020"}, "success": true, "parties": [{"race": "B", "name_normalized": "Cecil Tramell Burney II", "name": "CECIL TRAMELL BURNEY II", "sex": "Male", "other": [], "type": "Defendant"}]}