{"info": {"status": "RE-OPEN", "division": "CR-I", "judges": ["MAHON, MARK H."], "court": "Florida State, Duval County, Fourth Circuit Court", "title": "SHAVONN CHANYELL NORFLEET", "date_filed": "1/31/2015", "link": "https://www.docketalarm.com/cases/Florida_State_Duval_County_Fourth_Circuit_Court/2015-CF-000987/SHAVONN_CHANYELL_NORFLEET/", "judges_normalized": ["Mahon Mark H."], "judge": "MAHON, MARK H.", "type": "Circuit Criminal", "docket": "2015-CF-000987"}, "docket_report": [{"date": "11/27/2018", "number": "291", "contents": "<span class='description'>ORDER DENYING MOTION TO VACATE JUDG. AND SENT.</span> entered 11/27/2018.", "entry_date": "11/27/2018"}, {"date": "9/12/2018", "number": "290", "contents": "<span class='description'>MOTION TO VACATE JUDG. &amp; SENT. (RULE 3.850)</span> entered 09/14/2018.", "entry_date": "9/14/2018"}, {"date": "8/24/2018", "number": "289", "contents": "<span class='description'>MOTION TO VACATE JUDG. &amp; SENT. (RULE 3.850)</span> entered 08/27/2018.", "entry_date": "8/27/2018"}, {"date": "11/2/2017", "number": "288", "contents": "<span class='description'>ORDER ON DEFENDANT'S MOTION FOR PAYMENT OF ATTORNEY'S FEES</span> entered 11/03/2017.", "entry_date": "11/3/2017"}, {"date": "10/18/2017", "number": "287", "contents": "<span class='description'>COURT ORDER SETTING HEARING ON MOTION FOR PAYMENT OF ATTORNEY'S FEES</span> entered 10/19/2017.", "entry_date": "10/19/2017"}, {"date": "10/10/2017", "number": "286", "contents": "<span class='description'>ORDER TO REDUCE AND MODIFY SENTENCE \u2013 3.800(C) DENIED</span> entered 10/10/2017.", "entry_date": "10/10/2017"}, {"date": "10/3/2017", "number": "285", "contents": "<span class='description'>EXHIBIT</span> entered 10/04/2017.", "entry_date": "10/4/2017"}, {"date": "10/3/2017", "number": "284", "contents": "<span class='description'>RESPONSE</span> entered 10/04/2017.", "entry_date": "10/4/2017"}, {"date": "10/3/2017", "number": "283", "contents": "<span class='description'>RESPONSE</span> entered 10/04/2017.", "entry_date": "10/4/2017"}, {"date": "10/3/2017", "number": "282", "contents": "<span class='description'>MOTION FOR ATTORNEY FEES, COSTS, OR EXPENSES</span> entered 10/04/2017.", "entry_date": "10/4/2017"}, {"date": "9/29/2017", "number": "281", "contents": "<span class='description'>MOTION TO REDUCE AND MODIFY SENTENCE - 3.800(C)</span> entered 10/03/2017.", "entry_date": "10/3/2017"}, {"date": "7/13/2017", "number": "280", "contents": "<span class='description'>MANDATE FROM APPELLATE COURT AFFIRMED, 1D16-1632 BOOK 18052 PAGE 1736-1738</span> entered 07/14/2017.", "entry_date": "7/14/2017"}, {"date": "11/1/2016", "number": "279", "contents": "<span class='description'>RECORD ON APPEAL E-FILED TO DCA</span> entered 11/01/2016.", "entry_date": "11/1/2016"}, {"date": "11/1/2016", "number": "278", "contents": "<span class='description'>SUPPLEMENTAL RECORD OF APPEAL VOLUME 1, 1D16-1632</span> entered 11/01/2016.", "entry_date": "11/1/2016"}, {"date": "10/31/2016", "number": "277", "contents": "<span class='description'>TESTIMONY &amp; PROCEEDINGS OF FEBRUARY 25TH, 2016 BEFORE THE HONORABLE JUDGE RUSSELL L. HEALEY</span> entered 11/01/2016.", "entry_date": "11/1/2016"}, {"date": "10/14/2016", "number": "276", "contents": "<span class='description'>REPORTER\u2019S ACKNOWLEDGEMENT</span> entered 10/17/2016.", "entry_date": "10/17/2016"}, {"date": "10/14/2016", "number": "275", "contents": "<span class='description'>DCA ORDER SEEKING TO SUPPLEMENT THE RECORD ON APPEAL WITH A TRANSCRIPTS 1D16-1632</span> entered 10/14/2016.", "entry_date": "10/14/2016"}, {"date": "6/15/2016", "number": "274", "contents": "<span class='description'>COURT ORDER APPOINTING COURT-APPOINTED COUNSEL FOR PURPOSES OF APPEAL</span> entered 06/23/2016.", "entry_date": "6/23/2016"}, {"date": "6/8/2016", "number": "273", "contents": "<span class='description'>DCA ORDER RELINQUISHING JURISDICITION TO THE LOWER COURT FOR 30 DAYS. 1D16-1632</span> entered 06/08/2016.", "entry_date": "6/8/2016"}, {"date": "5/20/2016", "number": "272", "contents": "<span class='description'>RECORD ON APPEAL E-FILED TO DCA</span> entered 05/20/2016.", "entry_date": "5/20/2016"}, {"date": "5/20/2016", "number": "271", "contents": "<span class='description'>INDEX &amp; RECORD OF APPEAL VOLUME 2, 1D16-1632</span> entered 05/20/2016.", "entry_date": "5/20/2016"}, {"date": "5/20/2016", "number": "270", "contents": "<span class='description'>INDEX &amp; RECORD OF APPEAL VOLUME 1, 1D16-1632</span> entered 05/20/2016.", "entry_date": "5/20/2016"}, {"date": "5/17/2016", "number": "269", "contents": "<span class='description'>APPLICATION FOR CRIMINAL INDIGENT STATUS - FILED</span> entered 05/18/2016.", "entry_date": "5/18/2016"}, {"date": "5/17/2016", "number": "268", "contents": "<span class='description'>MOTION FOR APPOINTMENT OF PUBLIC DEFENDER OR OTHER COUNSEL TO REPRESENT INDIGENT DEFENDANT AS APPELLATE COUNSEL ON DIRECT APPEAL</span> entered 05/18/2016.", "entry_date": "5/18/2016"}, {"date": "5/17/2016", "number": "267", "contents": "<span class='description'>DIRECTIONS TO CLERK</span> entered 05/18/2016.", "entry_date": "5/18/2016"}, {"date": "5/17/2016", "number": "266", "contents": "<span class='description'>NOTICE OF APPEAL</span> entered 05/18/2016.", "entry_date": "5/18/2016"}, {"date": "5/11/2016", "number": "265", "contents": "<span class='description'>TRIAL-TESTIMONY &amp; PROCEEDINGS OF FEBRUARY 29, 2016 BEFORE THE HONORABLE JUDGE RUSSELL HEALEY</span> entered 05/11/2016.", "entry_date": "5/11/2016"}, {"date": "5/9/2016", "number": "264", "contents": "<span class='description'>TESTIMONY &amp; PROCEEDINGS OF APRIL 7, 2016 BEFORE THE HONORABLE JUDGE RUSSELL HEALEY</span> entered 05/09/2016.", "entry_date": "5/9/2016"}, {"date": "5/9/2016", "number": "263", "contents": "<span class='description'>TESTIMONY &amp; PROCEEDINGS OF MASTER INDEX</span> entered 05/09/2016.", "entry_date": "5/9/2016"}, {"date": "5/9/2016", "number": "262", "contents": "<span class='description'>TRIAL-TESTIMONY &amp; PROCEEDINGS OF MARCH 4, 2016 BEFORE THE HONORABLE JUDGE RUSSELL HEALEY</span> entered 05/09/2016.", "entry_date": "5/9/2016"}, {"date": "5/9/2016", "number": "261", "contents": "<span class='description'>TRIAL-TESTIMONY &amp; PROCEEDINGS OF MARCH 3, 2016 BEFORE THE HONORABLE JUDGE RUSSELL HEALEY</span> entered 05/09/2016.", "entry_date": "5/9/2016"}, {"date": "4/14/2016", "number": "260", "contents": "<span class='description'>RECEIPT FOR CIVIL PROCESS, JAIL, WARRANTS</span> entered 04/14/2016.", "entry_date": "4/14/2016"}, {"date": "4/13/2016", "number": "259", "contents": "<span class='description'>UNIFORM COMMITMENT TO CUSTODY OF DEPT. OF CORRECTIONS</span> entered 04/13/2016.", "entry_date": "4/13/2016"}, {"date": "4/13/2016", "number": "258", "contents": "<span class='description'>COMMITMENT CHECKLIST SENT</span> entered 04/13/2016.", "entry_date": "4/13/2016"}, {"date": "4/13/2016", "number": "257", "contents": "<span class='description'>CERTIFICATE OF SERVICE FOR JUDGMENT AND SENTENCE</span> entered 04/13/2016.", "entry_date": "4/13/2016"}, {"date": "4/13/2016", "number": "256", "contents": "<span class='description'>COURT ORDER DECLARING DEFENDANT INDIGENT</span> entered 04/13/2016.", "entry_date": "4/13/2016"}, {"date": "4/11/2016", "number": "255", "contents": "<span class='description'>DCA ACKNOWLEDGMENT RECEIPT 1D16-1632</span> entered 04/11/2016.", "entry_date": "4/11/2016"}, {"date": "4/11/2016", "number": "254", "contents": "<span class='description'>REPORTER\u2019S ACKNOWLEDGEMENT</span> entered 04/11/2016.", "entry_date": "4/11/2016"}, {"date": "4/11/2016", "number": "253", "contents": "<span class='description'>DESIGNATION TO COURT REPORTER</span> entered 04/11/2016.", "entry_date": "4/11/2016"}, {"date": "4/11/2016", "number": "252", "contents": "<span class='description'>DIRECTIONS TO CLERK</span> entered 04/11/2016.", "entry_date": "4/11/2016"}, {"date": "4/11/2016", "number": "251", "contents": "<span class='description'>MOTION TO APPOINT COUNSEL FOR APPEAL</span> entered 04/11/2016.", "entry_date": "4/11/2016"}, {"date": "4/11/2016", "number": "250", "contents": "<span class='description'>STATEMENT OF JUDICIAL ACTS TO BE REVIEWED</span> entered 04/11/2016.", "entry_date": "4/11/2016"}, {"date": "4/11/2016", "number": "249", "contents": "<span class='description'>NOTICE OF APPEAL BOOK 17522 PAGE 1243-1243</span> entered 04/11/2016.", "entry_date": "4/11/2016"}, {"date": "4/8/2016", "number": "248", "contents": "<span class='description'>PRE-SENT. INVESTIGATION REPORT SEALED ,</span> entered 04/08/2016.", "entry_date": "4/8/2016"}, {"date": "4/8/2016", "number": "247", "contents": "<span class='description'>SENTENCING HEARING HELD IN FULL</span> entered 04/08/2016.", "entry_date": "4/8/2016"}, {"date": "4/7/2016", "number": "246", "contents": "<span class='description'>PRE-SENT. INVESTIGATION REPORT SEALED ,</span> entered 04/13/2016.", "entry_date": "4/13/2016"}, {"date": "4/7/2016", "number": "245", "contents": "<span class='description'>ORDER DENYING RESTITUTION</span> entered 04/13/2016.", "entry_date": "4/13/2016"}, {"date": "4/7/2016", "number": "243", "contents": "<span class='description'>SENTENCING GUIDELINES</span> entered 04/08/2016.", "entry_date": "4/8/2016"}, {"date": "4/7/2016", "number": "242", "contents": "<span class='description'>LETTER OF CHARACTER</span> entered 04/08/2016.", "entry_date": "4/8/2016"}, {"date": "4/7/2016", "number": "241", "contents": "<span class='description'>ORDER APPOINTING COUNSEL FOR APPEAL PUBLIC DEFENDER'S OFFICE</span> entered 04/08/2016.", "entry_date": "4/8/2016"}, {"date": "4/7/2016", "number": "240", "contents": "<span class='description'>COURT ORDER DENYING DEFENDANT'S MOTION FOR NEW TRIAL</span> entered 04/08/2016.", "entry_date": "4/8/2016"}, {"date": "4/7/2016", "number": "239", "contents": "<span class='description'>PAYMENT AUTHORIZATION SHEET</span> entered 04/08/2016.", "entry_date": "4/8/2016"}, {"date": "4/7/2016", "number": "238", "contents": "<span class='description'>COURT ORDERED COSTS/FINES/FEES BOOK 17520 PAGE 1514-1515</span> entered 04/08/2016.", "entry_date": "4/8/2016"}, {"date": "4/7/2016", "number": "237", "contents": "<span class='description'>CREDIT TIME: 433 DAYS</span> entered 04/08/2016.", "entry_date": "4/8/2016"}, {"date": "4/7/2016", "number": "236", "contents": "<span class='description'>JUDGMENT AND SENTENCE TO STATE PRISON FOR 30 YEARS</span> entered 04/08/2016.", "entry_date": "4/8/2016"}, {"date": "4/7/2016", "number": "235", "contents": "<span class='description'>DEF. ADJUDGED GUILTY - FINGERPRINTS TAKEN</span> entered 04/08/2016.", "entry_date": "4/8/2016"}, {"date": "4/7/2016", "number": "234", "contents": "<span class='description'>FEES DUE: 7/6/2046</span> entered 04/08/2016.", "entry_date": "4/8/2016"}, {"date": "4/7/2016", "number": "233", "contents": "<span class='description'>ADDL CRTCST CRIMES($151) 151.00 IMPOSED</span> entered 04/08/2016.", "entry_date": "4/8/2016"}, {"date": "4/7/2016", "number": "232", "contents": "<span class='description'>CSTF 20.00 IMPOSED</span> entered 04/08/2016.", "entry_date": "4/8/2016"}, {"date": "4/7/2016", "number": "231", "contents": "<span class='description'>SAIEF 100.00 IMPOSED</span> entered 04/08/2016.", "entry_date": "4/8/2016"}, {"date": "4/7/2016", "number": "230", "contents": "<span class='description'>AACC 65.00 IMPOSED</span> entered 04/08/2016.", "entry_date": "4/8/2016"}, {"date": "4/7/2016", "number": "229", "contents": "<span class='description'>TNC 3.00 IMPOSED</span> entered 04/08/2016.", "entry_date": "4/8/2016"}, {"date": "4/7/2016", "number": "228", "contents": "<span class='description'>PD FEE 100.00 IMPOSED</span> entered 04/08/2016.", "entry_date": "4/8/2016"}, {"date": "4/7/2016", "number": "227", "contents": "<span class='description'>LGTF 225.00 IMPOSED</span> entered 04/08/2016.", "entry_date": "4/8/2016"}, {"date": "4/7/2016", "number": "226", "contents": "<span class='description'>CCT 50.00 IMPOSED</span> entered 04/08/2016.", "entry_date": "4/8/2016"}, {"date": "4/7/2016", "number": "225", "contents": "<span class='description'>COST OF COURT 50.00 IMPOSED</span> entered 04/08/2016.", "entry_date": "4/8/2016"}, {"date": "4/7/2016", "number": "224", "contents": "<span class='description'>LEEA 5.00 IMPOSED</span> entered 04/08/2016.", "entry_date": "4/8/2016"}, {"date": "4/7/2016", "number": "223", "contents": "<span class='description'>COUNTS 2 AND 3 TO RUN CONSECUTIVE</span> entered 04/13/2016.", "entry_date": "4/13/2016"}, {"date": "4/7/2016", "number": "222", "contents": "<span class='description'>CREDIT TIME: 433 DAYS</span> entered 04/08/2016.", "entry_date": "4/8/2016"}, {"date": "4/7/2016", "number": "221", "contents": "<span class='description'>JUDGMENT AND SENTENCE TO STATE PRISON FOR 30 YEARS BOOK 17520 PAGE 1505-1510</span> entered 04/08/2016.", "entry_date": "4/8/2016"}, {"date": "4/7/2016", "number": "220", "contents": "<span class='description'>DEF. ADJUDGED GUILTY - FINGERPRINTS TAKEN</span> entered 04/08/2016.", "entry_date": "4/8/2016"}, {"date": "4/7/2016", "number": "219", "contents": "<span class='description'>DEFENDANT PRESENT IN JAIL</span> entered 04/08/2016.", "entry_date": "4/8/2016"}, {"date": "4/7/2016", "number": "218", "contents": "<span class='description'>ATTY. FOR DEF. JOHNSON, BLAKE G</span> entered 04/08/2016.", "entry_date": "4/8/2016"}, {"date": "4/7/2016", "number": "217", "contents": "<span class='description'>ASST. STATE ATTY. MIZRAHI, ALAN SETH</span> entered 04/08/2016.", "entry_date": "4/8/2016"}, {"date": "4/7/2016", "number": "216", "contents": "<span class='description'>JUDGE HEALEY, RUSSELL L.</span> entered 04/08/2016.", "entry_date": "4/8/2016"}, {"date": "4/4/2016", "number": "215", "contents": "<span class='description'>@ 1:30PM</span> entered 04/04/2016.", "entry_date": "4/4/2016"}, {"date": "4/4/2016", "number": "214", "contents": "<span class='description'>SENTENCING 04/07/2016 9:00 AM - 305 3RD FLOOR, 501 W ADAMS ST JACKSONVILLE FL 32202</span> entered 04/04/2016.", "entry_date": "4/4/2016"}, {"date": "4/4/2016", "number": "213", "contents": "<span class='description'>DEFENDANT PRESENT IN JAIL</span> entered 04/04/2016.", "entry_date": "4/4/2016"}, {"date": "4/4/2016", "number": "212", "contents": "<span class='description'>ATTY. FOR DEF. JOHNSON, BLAKE G</span> entered 04/04/2016.", "entry_date": "4/4/2016"}, {"date": "4/4/2016", "number": "211", "contents": "<span class='description'>ASST. STATE ATTY. MIZRAHI, ALAN SETH</span> entered 04/04/2016.", "entry_date": "4/4/2016"}, {"date": "4/4/2016", "number": "210", "contents": "<span class='description'>JUDGE HEALEY, RUSSELL L.</span> entered 04/04/2016.", "entry_date": "4/4/2016"}, {"date": "4/1/2016", "number": "209", "contents": "<span class='description'>MEMORANDUM</span> entered 04/05/2016.", "entry_date": "4/5/2016"}, {"date": "3/14/2016", "number": "208", "contents": "<span class='description'>MOTION FOR NEW TRIAL</span> entered 03/14/2016.", "entry_date": "3/14/2016"}, {"date": "3/14/2016", "number": "207", "contents": "<span class='description'>MEMORANDUM OF LAW IN SUPPORT OF NOTICE OF INTENT TO INTERVIEW JUROR</span> entered 03/14/2016.", "entry_date": "3/14/2016"}, {"date": "3/14/2016", "number": "206", "contents": "<span class='description'>NOTICE OF INTENT</span> entered 03/14/2016.", "entry_date": "3/14/2016"}, {"date": "3/8/2016", "number": "205", "contents": "<span class='description'>AS TO COUNT 1 ONLY</span> entered 03/08/2016.", "entry_date": "3/8/2016"}, {"date": "3/4/2016", "number": "204", "contents": "<span class='description'>DEF. FOUND NOT GUILTY BOOK 17487 PAGE 547-547</span> entered 03/09/2016.", "entry_date": "3/9/2016"}, {"date": "3/4/2016", "number": "203", "contents": "<span class='description'>SENTENCING - TO BE SET 04/04/2016 9:00 AM - 305 3RD FLOOR, 501 W ADAMS ST JACKSONVILLE FL 32202</span> entered 03/04/2016.", "entry_date": "3/4/2016"}, {"date": "3/4/2016", "number": "202", "contents": "<span class='description'>BOND SET AT NONE</span> entered 03/07/2016.", "entry_date": "3/7/2016"}, {"date": "3/4/2016", "number": "201", "contents": "<span class='description'>BOND SET AT NONE</span> entered 03/07/2016.", "entry_date": "3/7/2016"}, {"date": "3/4/2016", "number": "200", "contents": "<span class='description'>JURY INSTRUCTIONS \u2013 FILED</span> entered 03/04/2016.", "entry_date": "3/4/2016"}, {"date": "3/4/2016", "number": "199", "contents": "<span class='description'>CLERKS EXHIBIT MEMO</span> entered 03/04/2016.", "entry_date": "3/4/2016"}, {"date": "3/4/2016", "number": "198", "contents": "<span class='description'>CLERKS MEMO OF TRIAL</span> entered 03/04/2016.", "entry_date": "3/4/2016"}, {"date": "3/4/2016", "number": "197", "contents": "<span class='description'>PSI ORDERED</span> entered 03/04/2016.", "entry_date": "3/4/2016"}, {"date": "3/4/2016", "number": "196", "contents": "<span class='description'>BOND REVOKED AS TO COUNT 3</span> entered 03/04/2016.", "entry_date": "3/4/2016"}, {"date": "3/4/2016", "number": "195", "contents": "<span class='description'>BOND REVOKED AS TO COUNTS 2</span> entered 03/04/2016.", "entry_date": "3/4/2016"}, {"date": "3/4/2016", "number": "194", "contents": "<span class='description'>JURY DISCHARGED</span> entered 03/04/2016.", "entry_date": "3/4/2016"}, {"date": "3/4/2016", "number": "193", "contents": "<span class='description'>JURY POLLED BY DEFENSE</span> entered 03/04/2016.", "entry_date": "3/4/2016"}, {"date": "3/4/2016", "number": "192", "contents": "<span class='description'>JUDGMENT OF NOT GUILTY</span> entered 03/08/2016.", "entry_date": "3/8/2016"}, {"date": "3/4/2016", "number": "191", "contents": "<span class='description'>VERDICT- GUILTY AS CHARGED IN THE INDICTMENT</span> entered 03/04/2016.", "entry_date": "3/4/2016"}, {"date": "3/4/2016", "number": "190", "contents": "<span class='description'>VERDICT- GUILTY AS CHARGED IN THE INDICTMENT</span> entered 03/04/2016.", "entry_date": "3/4/2016"}, {"date": "3/4/2016", "number": "189", "contents": "<span class='description'>VERDICT- NOT GUILTY</span> entered 03/04/2016.", "entry_date": "3/4/2016"}, {"date": "3/4/2016", "number": "188", "contents": "<span class='description'>JURY IN AT 2:50PM - JURY OUT AT 5:35PM</span> entered 03/04/2016.", "entry_date": "3/4/2016"}, {"date": "3/4/2016", "number": "187", "contents": "<span class='description'>ALTERNATE JUROR DISCHARGED</span> entered 03/04/2016.", "entry_date": "3/4/2016"}, {"date": "3/4/2016", "number": "186", "contents": "<span class='description'>INSTRUCTIONS TO JURY IN FULL</span> entered 03/04/2016.", "entry_date": "3/4/2016"}, {"date": "3/4/2016", "number": "185", "contents": "<span class='description'>CLOSING ARGUMENTS IN: FULL (STATE) FULL (DEFENSE)</span> entered 03/04/2016.", "entry_date": "3/4/2016"}, {"date": "3/4/2016", "number": "184", "contents": "<span class='description'>CHARGE CONFERENCE HELD IN FULL</span> entered 03/04/2016.", "entry_date": "3/4/2016"}, {"date": "3/4/2016", "number": "183", "contents": "<span class='description'>DEFENSE RENEWS ORAL MOTION FOR JUDGMENT OF ACQUITTAL - DENIED</span> entered 03/04/2016.", "entry_date": "3/4/2016"}, {"date": "3/4/2016", "number": "182", "contents": "<span class='description'>DEFENSE RESTS</span> entered 03/04/2016.", "entry_date": "3/4/2016"}, {"date": "3/4/2016", "number": "181", "contents": "<span class='description'>EVIDENCE TO JURY IN FULL (DEFENSE)</span> entered 03/04/2016.", "entry_date": "3/4/2016"}, {"date": "3/4/2016", "number": "180", "contents": "<span class='description'>OTHERS PRESENT: M. POLIMENI (ASA) &amp; A. KUHN (RCC)</span> entered 03/04/2016.", "entry_date": "3/4/2016"}, {"date": "3/4/2016", "number": "179", "contents": "<span class='description'>DEFENDANT PRESENT IN JAIL</span> entered 03/04/2016.", "entry_date": "3/4/2016"}, {"date": "3/4/2016", "number": "178", "contents": "<span class='description'>ATTY. FOR DEF. JOHNSON, BLAKE G</span> entered 03/04/2016.", "entry_date": "3/4/2016"}, {"date": "3/4/2016", "number": "177", "contents": "<span class='description'>ASST. STATE ATTY. MIZRAHI, ALAN SETH</span> entered 03/04/2016.", "entry_date": "3/4/2016"}, {"date": "3/4/2016", "number": "176", "contents": "<span class='description'>JUDGE HEALEY, RUSSELL L.</span> entered 03/04/2016.", "entry_date": "3/4/2016"}, {"date": "3/3/2016", "number": "175", "contents": "<span class='description'>CLERKS EXHIBIT MEMO</span> entered 09/23/2016.", "entry_date": "9/23/2016"}, {"date": "3/3/2016", "number": "174", "contents": "<span class='description'>DAY 2</span> entered 03/03/2016.", "entry_date": "3/3/2016"}, {"date": "3/3/2016", "number": "173", "contents": "<span class='description'>JURY TRIAL 03/04/2016 9:00 AM - 305 3RD FLOOR, 501 W ADAMS ST JACKSONVILLE FL 32202</span> entered 03/03/2016.", "entry_date": "3/3/2016"}, {"date": "3/3/2016", "number": "172", "contents": "<span class='description'>CHARGE CONFERENCE HELD IN FULL</span> entered 03/03/2016.", "entry_date": "3/3/2016"}, {"date": "3/3/2016", "number": "171", "contents": "<span class='description'>DEFENSE ORAL MOTION FOR JUDGMENT OF ACQUITTAL - DENIED</span> entered 03/03/2016.", "entry_date": "3/3/2016"}, {"date": "3/3/2016", "number": "170", "contents": "<span class='description'>STATE RESTS</span> entered 03/03/2016.", "entry_date": "3/3/2016"}, {"date": "3/3/2016", "number": "169", "contents": "<span class='description'>EVIDENCE TO JURY IN FULL (STATE'S)</span> entered 03/03/2016.", "entry_date": "3/3/2016"}, {"date": "3/3/2016", "number": "168", "contents": "<span class='description'>OPENING STATEMENTS TO JURY IN FULL (STATE &amp; DEFENSE)</span> entered 03/03/2016.", "entry_date": "3/3/2016"}, {"date": "3/3/2016", "number": "167", "contents": "<span class='description'>JURY EMPANELLED &amp; SWORN</span> entered 03/03/2016.", "entry_date": "3/3/2016"}, {"date": "3/3/2016", "number": "166", "contents": "<span class='description'>JURY TRIAL HELD IN PART</span> entered 03/03/2016.", "entry_date": "3/3/2016"}, {"date": "3/3/2016", "number": "165", "contents": "<span class='description'>OTHERS PRESENT: M. POLIMENI (ASA) / A. KUHN (RCC)</span> entered 03/03/2016.", "entry_date": "3/3/2016"}, {"date": "3/3/2016", "number": "164", "contents": "<span class='description'>DEFENDANT PRESENT IN JAIL</span> entered 03/03/2016.", "entry_date": "3/3/2016"}, {"date": "3/3/2016", "number": "163", "contents": "<span class='description'>ATTY. FOR DEF. JOHNSON, BLAKE G</span> entered 03/03/2016.", "entry_date": "3/3/2016"}, {"date": "3/3/2016", "number": "162", "contents": "<span class='description'>ASST. STATE ATTY. MIZRAHI, ALAN SETH</span> entered 03/03/2016.", "entry_date": "3/3/2016"}, {"date": "3/3/2016", "number": "161", "contents": "<span class='description'>JUDGE HEALEY, RUSSELL L.</span> entered 03/03/2016.", "entry_date": "3/3/2016"}, {"date": "2/29/2016", "number": "160", "contents": "<span class='description'>JURY TRIAL 03/03/2016 9:00 AM - 305 3RD FLOOR, 501 W ADAMS ST JACKSONVILLE FL 32202</span> entered 02/29/2016.", "entry_date": "2/29/2016"}, {"date": "2/29/2016", "number": "159", "contents": "<span class='description'>JURY SELECTION HELD IN FULL</span> entered 02/29/2016.", "entry_date": "2/29/2016"}, {"date": "2/29/2016", "number": "158", "contents": "<span class='description'>OTHERS PRESENT: M. POLIMENI (ASA) &amp; A. KUHN (RCC)</span> entered 02/29/2016.", "entry_date": "2/29/2016"}, {"date": "2/29/2016", "number": "157", "contents": "<span class='description'>DEFENDANT PRESENT IN JAIL</span> entered 02/29/2016.", "entry_date": "2/29/2016"}, {"date": "2/29/2016", "number": "156", "contents": "<span class='description'>ATTY. FOR DEF. JOHNSON, BLAKE G</span> entered 02/29/2016.", "entry_date": "2/29/2016"}, {"date": "2/29/2016", "number": "155", "contents": "<span class='description'>ASST. STATE ATTY. MIZRAHI, ALAN SETH</span> entered 02/29/2016.", "entry_date": "2/29/2016"}, {"date": "2/29/2016", "number": "154", "contents": "<span class='description'>JUDGE HEALEY, RUSSELL L.</span> entered 02/29/2016.", "entry_date": "2/29/2016"}, {"date": "2/25/2016", "number": "153", "contents": "<span class='description'>COURT DATE PREVIOUSLY SET 2/29/16 JURY SELECTION IN COURTROOM 407</span> entered 02/25/2016.", "entry_date": "2/25/2016"}, {"date": "2/25/2016", "number": "152", "contents": "<span class='description'>COURT ORDER GRANTING STATE'S MOTION TO VIDEOTAPE TRIAL TESTIMONY</span> entered 02/25/2016.", "entry_date": "2/25/2016"}, {"date": "2/25/2016", "number": "151", "contents": "<span class='description'>COURT ORDER DENYING DEFENDANT'S MOTION IN LIMINE CONCERNING OTHER CRIMES EVIDENCE</span> entered 02/25/2016.", "entry_date": "2/25/2016"}, {"date": "2/25/2016", "number": "150", "contents": "<span class='description'>COURT ORDER DENYING DEFENSE MOTION TO STRIKE STATE'S FIRST NOTICE OF OTHER CRIMES, WRONGS OR ACTS EVIDENCE</span> entered 02/25/2016.", "entry_date": "2/25/2016"}, {"date": "2/25/2016", "number": "149", "contents": "<span class='description'>COURT ORDER GRANTING DEFENSE MOTION TO SUPPRESS STATEMENTS OBTAINED IN VIOLATION OF DEFENDANT'S SIXTH AMENDMENT RIGHTS</span> entered 02/25/2016.", "entry_date": "2/25/2016"}, {"date": "2/25/2016", "number": "148", "contents": "<span class='description'>COURT ORDER GRANTING DEFENSE MOTION IN LIMINE TO ADMIT CO-DEFENDANT'S CONFESSIONS</span> entered 02/25/2016.", "entry_date": "2/25/2016"}, {"date": "2/25/2016", "number": "147", "contents": "<span class='description'>COURT ORDER GRANTING IN PART # 1; RESERVING RULING IN PART #2; GRANTING IN PART #3; DENYING #4 DEFENDANT'S THIRD OMNIBUS MOTION IN LIMINE</span> entered 02/25/2016.", "entry_date": "2/25/2016"}, {"date": "2/25/2016", "number": "146", "contents": "<span class='description'>MOTION (DEFENDANT'S) THIRD OMNIBUS MOTION IN LIMINE</span> entered 02/25/2016.", "entry_date": "2/25/2016"}, {"date": "2/25/2016", "number": "145", "contents": "<span class='description'>OTHERS PRESENT: AMANDA KUHN (RCC)</span> entered 02/25/2016.", "entry_date": "2/25/2016"}, {"date": "2/25/2016", "number": "144", "contents": "<span class='description'>DEFENDANT PRESENT IN JAIL</span> entered 02/25/2016.", "entry_date": "2/25/2016"}, {"date": "2/25/2016", "number": "143", "contents": "<span class='description'>ATTY. FOR DEF. JOHNSON, BLAKE G</span> entered 02/25/2016.", "entry_date": "2/25/2016"}, {"date": "2/25/2016", "number": "142", "contents": "<span class='description'>ASST. STATE ATTY. MIZRAHI, ALAN SETH</span> entered 02/25/2016.", "entry_date": "2/25/2016"}, {"date": "2/25/2016", "number": "141", "contents": "<span class='description'>JUDGE HEALEY, RUSSELL L.</span> entered 02/25/2016.", "entry_date": "2/25/2016"}, {"date": "2/22/2016", "number": "140", "contents": "<span class='description'>NOTICE OF OTHER CRIMES, WRONGS OR ACTS EVIDENCE</span> entered 02/23/2016.", "entry_date": "2/23/2016"}, {"date": "2/22/2016", "number": "139", "contents": "<span class='description'>MOTION TO VIDEOTAPE TRIAL TESTIMONY</span> entered 02/23/2016.", "entry_date": "2/23/2016"}, {"date": "2/22/2016", "number": "138", "contents": "<span class='description'>@ 10:30AM</span> entered 02/22/2016.", "entry_date": "2/22/2016"}, {"date": "2/22/2016", "number": "137", "contents": "<span class='description'>HEARING ON MOTION 02/25/2016 9:00 AM - 305 3RD FLOOR, 501 W ADAMS ST JACKSONVILLE FL 32202</span> entered 02/22/2016.", "entry_date": "2/22/2016"}, {"date": "2/22/2016", "number": "136", "contents": "<span class='description'>DEFENDANT PRESENT IN JAIL</span> entered 02/22/2016.", "entry_date": "2/22/2016"}, {"date": "2/22/2016", "number": "135", "contents": "<span class='description'>ATTY. FOR DEF. JOHNSON, BLAKE G</span> entered 02/22/2016.", "entry_date": "2/22/2016"}, {"date": "2/22/2016", "number": "134", "contents": "<span class='description'>ASST. STATE ATTY. MIZRAHI, ALAN SETH</span> entered 02/22/2016.", "entry_date": "2/22/2016"}, {"date": "2/22/2016", "number": "133", "contents": "<span class='description'>JUDGE HEALEY, RUSSELL L.</span> entered 02/22/2016.", "entry_date": "2/22/2016"}, {"date": "2/18/2016", "number": "132", "contents": "<span class='description'>MOTION TO SUPPRESS STATEMENTS OBTAINED IN VIOLATION OF DEFENDANTS FIFTH AND SIXTH AMENDMENT RIGHTS</span> entered 02/22/2016.", "entry_date": "2/22/2016"}, {"date": "2/18/2016", "number": "131", "contents": "<span class='description'>DISCLOSURE TO PROSECUTION</span> entered 02/18/2016.", "entry_date": "2/18/2016"}, {"date": "2/16/2016", "number": "130", "contents": "<span class='description'>MOTION TO STRIKE STATES FIRST NOTICE OF OTHER CRIMES, WRONGS, OR ACTS EVIDENCE</span> entered 02/17/2016.", "entry_date": "2/17/2016"}, {"date": "2/16/2016", "number": "129", "contents": "<span class='description'>MOTION IN LIMINE CONCERNING OTHER CRIMES EVIDENCE</span> entered 02/17/2016.", "entry_date": "2/17/2016"}, {"date": "2/15/2016", "number": "128", "contents": "<span class='description'>MOTION IN LIMINE TO ADMIT CO-DEFENDANT'S CONFESSIONS</span> entered 02/16/2016.", "entry_date": "2/16/2016"}, {"date": "2/15/2016", "number": "127", "contents": "<span class='description'>DISCLOSURE TO PROSECUTION</span> entered 02/16/2016.", "entry_date": "2/16/2016"}, {"date": "2/15/2016", "number": "126", "contents": "<span class='description'>Notice of Intent to Rely Upon Business Record</span> entered 02/16/2016.", "entry_date": "2/16/2016"}, {"date": "2/4/2016", "number": "125", "contents": "<span class='description'>LETTER TO THE JUDGE</span> entered 02/04/2016.", "entry_date": "2/4/2016"}, {"date": "1/5/2016", "number": "124", "contents": "<span class='description'>TRIAL ASSISTANT STATE ATTORNEY CHANGED TO Mizrahi, Alan Seth PER SAO</span> entered 01/05/2016.", "entry_date": "1/5/2016"}, {"date": "11/19/2015", "number": "123", "contents": "<span class='description'>JURY SELECTION TO TAKE PLACE IN ROOM 407</span> entered 02/26/2016.", "entry_date": "2/26/2016"}, {"date": "11/19/2015", "number": "122", "contents": "<span class='description'>JURY SELECTION 02/29/2016 9:00 AM - 305 3RD FLOOR, 501 W ADAMS ST JACKSONVILLE FL 32202</span> entered 11/19/2015.", "entry_date": "11/19/2015"}, {"date": "11/19/2015", "number": "121", "contents": "<span class='description'>FINAL PRETRIAL 02/22/2016 9:00 AM - 305 3RD FLOOR, 501 W ADAMS ST JACKSONVILLE FL 32202</span> entered 11/19/2015.", "entry_date": "11/19/2015"}, {"date": "11/19/2015", "number": "120", "contents": "<span class='description'>&gt; CANCEL REASON - CONTINUED</span> entered 11/19/2015.", "entry_date": "11/19/2015"}, {"date": "11/19/2015", "number": "119", "contents": "<span class='description'>CANCELLED FINAL PRETRIAL ON 12/7/2015 9:00:00 AM</span> entered 11/19/2015.", "entry_date": "11/19/2015"}, {"date": "11/19/2015", "number": "118", "contents": "<span class='description'>&gt; CANCEL REASON - CONTINUED</span> entered 11/19/2015.", "entry_date": "11/19/2015"}, {"date": "11/19/2015", "number": "117", "contents": "<span class='description'>CANCELLED JURY SELECTION ON 12/14/2015 9:00:00 AM</span> entered 11/19/2015.", "entry_date": "11/19/2015"}, {"date": "11/19/2015", "number": "116", "contents": "<span class='description'>COURT ORDER GRANTING DEFENSE MOTION FOR CONTINUANCE</span> entered 11/19/2015.", "entry_date": "11/19/2015"}, {"date": "11/19/2015", "number": "115", "contents": "<span class='description'>DEFENDANT PRESENT IN JAIL</span> entered 11/19/2015.", "entry_date": "11/19/2015"}, {"date": "11/19/2015", "number": "114", "contents": "<span class='description'>ATTY. FOR DEF. JOHNSON, BLAKE G</span> entered 11/19/2015.", "entry_date": "11/19/2015"}, {"date": "11/19/2015", "number": "113", "contents": "<span class='description'>ASST. STATE ATTY. FORBESS, RAYMOND EDWARD JR</span> entered 11/19/2015.", "entry_date": "11/19/2015"}, {"date": "11/19/2015", "number": "112", "contents": "<span class='description'>JUDGE HEALEY, RUSSELL L.</span> entered 11/19/2015.", "entry_date": "11/19/2015"}, {"date": "11/18/2015", "number": "111", "contents": "<span class='description'>12-07-15 FPT; 12-14-15 JS - PER EMAIL MEMO</span> entered 11/18/2015.", "entry_date": "11/18/2015"}, {"date": "11/18/2015", "number": "110", "contents": "<span class='description'>HEARING ON MOTION 11/19/2015 9:00 AM - 305 3RD FLOOR, 501 W ADAMS ST JACKSONVILLE FL 32202</span> entered 11/18/2015.", "entry_date": "11/18/2015"}, {"date": "11/16/2015", "number": "109", "contents": "<span class='description'>MOTION FOR CONTINUANCE</span> entered 11/17/2015.", "entry_date": "11/17/2015"}, {"date": "10/14/2015", "number": "108", "contents": "<span class='description'>DISCLOSURE TO PROSECUTION</span> entered 10/16/2015.", "entry_date": "10/16/2015"}, {"date": "10/13/2015", "number": "107", "contents": "<span class='description'>JURY SELECTION 12/14/2015 9:00 AM - 305 3RD FLOOR, 501 W ADAMS ST JACKSONVILLE FL 32202</span> entered 10/13/2015.", "entry_date": "10/13/2015"}, {"date": "10/13/2015", "number": "106", "contents": "<span class='description'>12/14/15 JS</span> entered 10/13/2015.", "entry_date": "10/13/2015"}, {"date": "10/13/2015", "number": "105", "contents": "<span class='description'>FINAL PRETRIAL 12/07/2015 9:00 AM - 305 3RD FLOOR, 501 W ADAMS ST JACKSONVILLE FL 32202</span> entered 10/13/2015.", "entry_date": "10/13/2015"}, {"date": "10/13/2015", "number": "104", "contents": "<span class='description'>DEFENDANT PRESENT IN JAIL</span> entered 10/13/2015.", "entry_date": "10/13/2015"}, {"date": "10/13/2015", "number": "103", "contents": "<span class='description'>ATTY. FOR DEF. JOHNSON, BLAKE G</span> entered 10/13/2015.", "entry_date": "10/13/2015"}, {"date": "10/13/2015", "number": "102", "contents": "<span class='description'>ASST. STATE ATTY. FORBESS, RAYMOND EDWARD JR</span> entered 10/13/2015.", "entry_date": "10/13/2015"}, {"date": "10/13/2015", "number": "101", "contents": "<span class='description'>JUDGE HEALEY, RUSSELL L.</span> entered 10/13/2015.", "entry_date": "10/13/2015"}, {"date": "10/5/2015", "number": "100", "contents": "<span class='description'>PER JA EMAIL</span> entered 10/05/2015.", "entry_date": "10/5/2015"}, {"date": "10/5/2015", "number": "99", "contents": "<span class='description'>PRETRIAL 10/13/2015 9:00 AM - 305 3RD FLOOR, 501 W ADAMS ST JACKSONVILLE FL 32202</span> entered 10/05/2015.", "entry_date": "10/5/2015"}, {"date": "10/5/2015", "number": "98", "contents": "<span class='description'>&gt; CANCEL REASON -</span> entered 10/05/2015.", "entry_date": "10/5/2015"}, {"date": "10/5/2015", "number": "97", "contents": "<span class='description'>CANCELLED PRETRIAL ON 10/15/2015 9:00:00 AM</span> entered 10/05/2015.", "entry_date": "10/5/2015"}, {"date": "9/17/2015", "number": "96", "contents": "<span class='description'>PRETRIAL 10/15/2015 9:00 AM - 305 3RD FLOOR, 501 W ADAMS ST JACKSONVILLE FL 32202</span> entered 09/17/2015.", "entry_date": "9/17/2015"}, {"date": "9/17/2015", "number": "95", "contents": "<span class='description'>DEFENDANT PRESENT IN JAIL</span> entered 09/17/2015.", "entry_date": "9/17/2015"}, {"date": "9/17/2015", "number": "94", "contents": "<span class='description'>ATTY. FOR DEF. JOHNSON, BLAKE G</span> entered 09/17/2015.", "entry_date": "9/17/2015"}, {"date": "9/17/2015", "number": "93", "contents": "<span class='description'>ASST. STATE ATTY. FORBESS, RAYMOND EDWARD JR</span> entered 09/17/2015.", "entry_date": "9/17/2015"}, {"date": "9/17/2015", "number": "92", "contents": "<span class='description'>JUDGE HEALEY, RUSSELL L.</span> entered 09/17/2015.", "entry_date": "9/17/2015"}, {"date": "9/2/2015", "number": "91", "contents": "<span class='description'>ORDER FOR SUBPOENA DUCES TECUM</span> entered 09/03/2015.", "entry_date": "9/3/2015"}, {"date": "8/27/2015", "number": "90", "contents": "<span class='description'>PRETRIAL 09/17/2015 9:00 AM - 305 3RD FLOOR, 501 W ADAMS ST JACKSONVILLE FL 32202</span> entered 08/27/2015.", "entry_date": "8/27/2015"}, {"date": "8/27/2015", "number": "89", "contents": "<span class='description'>&gt; GRANTED - ORDER TO BE ENTERED</span> entered 08/27/2015.", "entry_date": "8/27/2015"}, {"date": "8/27/2015", "number": "88", "contents": "<span class='description'>APPLICATION FOR SUBPOENA DUCES TECUM</span> entered 08/27/2015.", "entry_date": "8/27/2015"}, {"date": "8/27/2015", "number": "87", "contents": "<span class='description'>DEFENDANT PRESENT IN JAIL</span> entered 08/27/2015.", "entry_date": "8/27/2015"}, {"date": "8/27/2015", "number": "86", "contents": "<span class='description'>ATTY. FOR DEF. JOHNSON, BLAKE G</span> entered 08/27/2015.", "entry_date": "8/27/2015"}, {"date": "8/27/2015", "number": "85", "contents": "<span class='description'>ASST. STATE ATTY. FORBESS, RAYMOND EDWARD</span> entered 08/27/2015.", "entry_date": "8/27/2015"}, {"date": "8/27/2015", "number": "84", "contents": "<span class='description'>JUDGE HEALEY, RUSSELL L.</span> entered 08/27/2015.", "entry_date": "8/27/2015"}, {"date": "8/6/2015", "number": "83", "contents": "<span class='description'>COURT ORDER GRANTING MOTION FOR MEDICAL EXAMINER TO COPY SLIDES FOR FORENSIC EVALUATION</span> entered 08/07/2015.", "entry_date": "8/7/2015"}, {"date": "8/6/2015", "number": "82", "contents": "<span class='description'>STATE'S THIRD SUPPLEMENTAL DISCOVERY EXHIBIT</span> entered 08/06/2015.", "entry_date": "8/6/2015"}, {"date": "7/30/2015", "number": "81", "contents": "<span class='description'>PRETRIAL 08/27/2015 9:00 AM - 305 3RD FLOOR, 501 W ADAMS ST JACKSONVILLE FL 32202</span> entered 07/30/2015.", "entry_date": "7/30/2015"}, {"date": "7/30/2015", "number": "80", "contents": "<span class='description'>ORAL MOTION (DEFENDANT'S) FOR MEDICAL EXAMINER TO COPY SLIDES FOR FORENSIC EVALUATION - GRANTED WITHOUT OBJECTION - ORDER TO BE ENTERED</span> entered 07/30/2015.", "entry_date": "7/30/2015"}, {"date": "7/30/2015", "number": "79", "contents": "<span class='description'>OTHERS PRESENT: A. MIZRAHI FOR R. FORBESS</span> entered 07/30/2015.", "entry_date": "7/30/2015"}, {"date": "7/30/2015", "number": "78", "contents": "<span class='description'>DEFENDANT PRESENT IN JAIL</span> entered 07/30/2015.", "entry_date": "7/30/2015"}, {"date": "7/30/2015", "number": "77", "contents": "<span class='description'>ATTY. FOR DEF. JOHNSON, BLAKE G</span> entered 07/30/2015.", "entry_date": "7/30/2015"}, {"date": "7/30/2015", "number": "76", "contents": "<span class='description'>ASST. STATE ATTY. FORBESS, RAYMOND EDWARD</span> entered 07/30/2015.", "entry_date": "7/30/2015"}, {"date": "7/30/2015", "number": "75", "contents": "<span class='description'>JUDGE HEALEY, RUSSELL L.</span> entered 07/30/2015.", "entry_date": "7/30/2015"}, {"date": "7/29/2015", "number": "74", "contents": "<span class='description'>COURT DATE PREVIOUSLY SET PT &amp; (ARRAIGNMENT) INDICTMENT FILED</span> entered 07/29/2015.", "entry_date": "7/29/2015"}, {"date": "6/20/2015", "number": "72", "contents": "<span class='description'>FINDING OF PROBABLE CAUSE ,</span> entered 06/23/2015.", "entry_date": "6/23/2015"}, {"date": "6/20/2015", "number": "71", "contents": "<span class='description'>ARREST &amp; BOOKING REPORT INDICTMENT</span> entered 06/23/2015.", "entry_date": "6/23/2015"}, {"date": "6/18/2015", "number": "70", "contents": "<span class='description'>INDICTMENT FILED FOR S827.03(1)(A) AGGRAVATED CHILD ABUSE</span> entered 06/18/2015.", "entry_date": "6/18/2015"}, {"date": "6/18/2015", "number": "69", "contents": "<span class='description'>INDICTMENT FILED FOR S782.07(3) AGGRAVATED MANSLAUGHTER OF A CHILD</span> entered 06/18/2015.", "entry_date": "6/18/2015"}, {"date": "6/18/2015", "number": "68", "contents": "<span class='description'>INDICTMENT FILED FOR S782.04(1)(A) MURDER - FIRST DEGREE</span> entered 06/18/2015.", "entry_date": "6/18/2015"}, {"date": "6/18/2015", "number": "67", "contents": "<span class='description'>PRETRIAL 07/30/2015 9:00 AM - 305 3RD FLOOR, 501 W ADAMS ST JACKSONVILLE FL 32202</span> entered 06/18/2015.", "entry_date": "6/18/2015"}, {"date": "6/18/2015", "number": "66", "contents": "<span class='description'>ORDER FOR SUBPOENA DUCES TECUM - GRANTED WITHOUT OBJECTION</span> entered 06/18/2015.", "entry_date": "6/18/2015"}, {"date": "6/18/2015", "number": "65", "contents": "<span class='description'>APPLICATION FOR SUBPOENA DUCES TECUM</span> entered 06/18/2015.", "entry_date": "6/18/2015"}, {"date": "6/18/2015", "number": "64", "contents": "<span class='description'>DEFENDANT PRESENT IN JAIL</span> entered 06/18/2015.", "entry_date": "6/18/2015"}, {"date": "6/18/2015", "number": "63", "contents": "<span class='description'>ATTY. FOR DEF. JOHNSON, BLAKE G</span> entered 06/18/2015.", "entry_date": "6/18/2015"}, {"date": "6/18/2015", "number": "62", "contents": "<span class='description'>ASST. STATE ATTY. FORBESS, RAYMOND EDWARD</span> entered 06/18/2015.", "entry_date": "6/18/2015"}, {"date": "6/18/2015", "number": "61", "contents": "<span class='description'>JUDGE HEALEY, RUSSELL L.</span> entered 06/18/2015.", "entry_date": "6/18/2015"}, {"date": "6/1/2015", "number": "60", "contents": "<span class='description'>STATES# SECOND SUPPLEMENTAL DISCOVERY EXHIBIT</span> entered 06/02/2015.", "entry_date": "6/2/2015"}, {"date": "5/20/2015", "number": "59", "contents": "<span class='description'>CASE FEES PAID: $2.00 ON RECEIPT NUMBER 2400148</span> entered 05/20/2015.", "entry_date": "5/20/2015"}, {"date": "5/20/2015", "number": "58", "contents": "<span class='description'>COPY FEE 2.00 IMPOSED</span> entered 05/20/2015.", "entry_date": "5/20/2015"}, {"date": "5/7/2015", "number": "57", "contents": "<span class='description'>PRETRIAL 06/18/2015 9:00 AM - 305 3RD FLOOR, 501 W ADAMS ST JACKSONVILLE FL 32202</span> entered 05/07/2015.", "entry_date": "5/7/2015"}, {"date": "5/7/2015", "number": "56", "contents": "<span class='description'>** WAIVER OF SPEEDY TRIAL **</span> entered 05/07/2015.", "entry_date": "5/7/2015"}, {"date": "5/7/2015", "number": "55", "contents": "<span class='description'>DEFENDANT PRESENT IN JAIL</span> entered 05/07/2015.", "entry_date": "5/7/2015"}, {"date": "5/7/2015", "number": "54", "contents": "<span class='description'>ATTY. FOR DEF. JOHNSON, BLAKE G</span> entered 05/07/2015.", "entry_date": "5/7/2015"}, {"date": "5/7/2015", "number": "53", "contents": "<span class='description'>ASST. STATE ATTY. FORBESS, RAYMOND EDWARD</span> entered 05/07/2015.", "entry_date": "5/7/2015"}, {"date": "5/7/2015", "number": "52", "contents": "<span class='description'>JUDGE HEALEY, RUSSELL L.</span> entered 05/07/2015.", "entry_date": "5/7/2015"}, {"date": "4/15/2015", "number": "51", "contents": "<span class='description'>STATES FIRST SUPPLEMENTAL DISCOVERY EXHIBIT</span> entered 04/15/2015.", "entry_date": "4/15/2015"}, {"date": "4/15/2015", "number": "50", "contents": "<span class='description'>STATE'S DISCOVERY EXHIBIT AND DEMAND FOR RECIPROCAL DISCOVERY</span> entered 04/15/2015.", "entry_date": "4/15/2015"}, {"date": "4/7/2015", "number": "49", "contents": "<span class='description'>PRETRIAL 05/07/2015 9:00 AM - 305 3RD FLOOR, 501 W ADAMS ST JACKSONVILLE FL 32202</span> entered 04/07/2015.", "entry_date": "4/7/2015"}, {"date": "4/7/2015", "number": "48", "contents": "<span class='description'>DEFENDANT PRESENT IN JAIL</span> entered 04/07/2015.", "entry_date": "4/7/2015"}, {"date": "4/7/2015", "number": "47", "contents": "<span class='description'>ATTY. FOR DEF. JOHNSON, BLAKE G</span> entered 04/07/2015.", "entry_date": "4/7/2015"}, {"date": "4/7/2015", "number": "46", "contents": "<span class='description'>ASST. STATE ATTY. FORBESS, RAYMOND EDWARD</span> entered 04/07/2015.", "entry_date": "4/7/2015"}, {"date": "4/7/2015", "number": "45", "contents": "<span class='description'>JUDGE HEALEY, RUSSELL L.</span> entered 04/07/2015.", "entry_date": "4/7/2015"}, {"date": "3/24/2015", "number": "44", "contents": "<span class='description'>PRETRIAL 04/07/2015 9:00 AM - 305 3RD FLOOR, 501 W ADAMS ST JACKSONVILLE FL 32202</span> entered 03/24/2015.", "entry_date": "3/24/2015"}, {"date": "3/24/2015", "number": "43", "contents": "<span class='description'>DEFENDANT PRESENT IN JAIL</span> entered 03/24/2015.", "entry_date": "3/24/2015"}, {"date": "3/24/2015", "number": "42", "contents": "<span class='description'>ATTY. FOR DEF. JOHNSON, BLAKE G</span> entered 03/24/2015.", "entry_date": "3/24/2015"}, {"date": "3/24/2015", "number": "41", "contents": "<span class='description'>ASST. STATE ATTY. FORBESS, RAYMOND EDWARD</span> entered 03/24/2015.", "entry_date": "3/24/2015"}, {"date": "3/24/2015", "number": "40", "contents": "<span class='description'>JUDGE HEALEY, RUSSELL L.</span> entered 03/24/2015.", "entry_date": "3/24/2015"}, {"date": "3/4/2015", "number": "39", "contents": "<span class='description'>ORDER FOR BODY MATERIAL SAMPLES</span> entered 03/05/2015.", "entry_date": "3/5/2015"}, {"date": "3/4/2015", "number": "38", "contents": "<span class='description'>MOTION TO COMPEL BODY MATERIAL SAMPLES</span> entered 03/05/2015.", "entry_date": "3/5/2015"}, {"date": "3/4/2015", "number": "37", "contents": "<span class='description'>PLEA OF NOT GUILTY</span> entered 03/04/2015.", "entry_date": "3/4/2015"}, {"date": "3/4/2015", "number": "36", "contents": "<span class='description'>PLEA OF NOT GUILTY</span> entered 03/04/2015.", "entry_date": "3/4/2015"}, {"date": "3/4/2015", "number": "35", "contents": "<span class='description'>PLEA OF NOT GUILTY</span> entered 03/04/2015.", "entry_date": "3/4/2015"}, {"date": "3/4/2015", "number": "34", "contents": "<span class='description'>PRETRIAL 03/24/2015 9:00 AM - 305 3RD FLOOR, 501 W ADAMS ST JACKSONVILLE FL 32202</span> entered 03/04/2015.", "entry_date": "3/4/2015"}, {"date": "3/4/2015", "number": "33", "contents": "<span class='description'>DEF. W/READING OF INFO &amp; PLEAD NOT GUILTY</span> entered 03/04/2015.", "entry_date": "3/4/2015"}, {"date": "3/4/2015", "number": "32", "contents": "<span class='description'>DEFENDANT PRESENT IN JAIL</span> entered 03/04/2015.", "entry_date": "3/4/2015"}, {"date": "3/4/2015", "number": "31", "contents": "<span class='description'>ATTY. FOR DEF. JOHNSON, BLAKE G</span> entered 03/04/2015.", "entry_date": "3/4/2015"}, {"date": "3/4/2015", "number": "30", "contents": "<span class='description'>ASST. STATE ATTY. FORBESS, RAYMOND EDWARD</span> entered 03/04/2015.", "entry_date": "3/4/2015"}, {"date": "3/4/2015", "number": "29", "contents": "<span class='description'>JUDGE HEALEY, RUSSELL L.</span> entered 03/04/2015.", "entry_date": "3/4/2015"}, {"date": "2/19/2015", "number": "28", "contents": "<span class='description'>INFORMATION FILED S782.04(1)(A) MURDER - FIRST DEGREE</span> entered 06/18/2015.", "entry_date": "6/18/2015"}, {"date": "2/19/2015", "number": "27", "contents": "<span class='description'>INFORMATION</span> entered 02/23/2015.", "entry_date": "2/23/2015"}, {"date": "2/19/2015", "number": "26", "contents": "<span class='description'>ARRAIGNMENT DATE 03/04/2015 9:00 AM - 305 3RD FLOOR, 501 W ADAMS ST JACKSONVILLE FL 32202</span> entered 02/23/2015.", "entry_date": "2/23/2015"}, {"date": "2/19/2015", "number": "25", "contents": "<span class='description'>INFORMATION FILED S827.03(1)(A) AGGRAVATED CHILD ABUSE</span> entered 02/23/2015.", "entry_date": "2/23/2015"}, {"date": "2/19/2015", "number": "24", "contents": "<span class='description'>INFORMATION FILED S782.07(3) AGGRAVATED MANSLAUGHTER OF A CHILD</span> entered 02/23/2015.", "entry_date": "2/23/2015"}, {"date": "2/19/2015", "number": "23", "contents": "<span class='description'>INFORMATION FILED S782.04(2) MURDER - SECOND DEGREE</span> entered 02/23/2015.", "entry_date": "2/23/2015"}, {"date": "2/17/2015", "number": "22", "contents": "<span class='description'>TRIAL ASSISTANT STATE ATTORNEY CHANGED TO Forbess, Raymond Edward PER SAO</span> entered 02/17/2015.", "entry_date": "2/17/2015"}, {"date": "2/9/2015", "number": "21", "contents": "<span class='description'>ORDER DISCHARGING PUBLIC DEFENDER AND APPOINTING ATTY</span> entered 02/10/2015.", "entry_date": "2/10/2015"}, {"date": "2/6/2015", "number": "20", "contents": "<span class='description'>REGIONAL CONFLICT COUNSEL RESPONSE - ACCEPT</span> entered 02/06/2015.", "entry_date": "2/6/2015"}, {"date": "2/6/2015", "number": "19", "contents": "<span class='description'>DEMAND FOR DISCOVERY &amp; NOTICE OF APPEARANCE</span> entered 02/06/2015.", "entry_date": "2/6/2015"}, {"date": "2/6/2015", "number": "18", "contents": "<span class='description'>NOTIFICATION OF ATTORNEY CONFLICT</span> entered 02/06/2015.", "entry_date": "2/6/2015"}, {"date": "2/4/2015", "number": "17", "contents": "<span class='description'>CERTIFICATE OF CONFLICT &amp; MOTION TO WITHDRAW</span> entered 02/05/2015.", "entry_date": "2/5/2015"}, {"date": "2/3/2015", "number": "16", "contents": "<span class='description'>NOTICE OF INVOCATION OF CONSTITUTIONAL RIGHTS</span> entered 02/17/2015.", "entry_date": "2/17/2015"}, {"date": "2/3/2015", "number": "15", "contents": "<span class='description'>BOND SET AT NONE</span> entered 02/17/2015.", "entry_date": "2/17/2015"}, {"date": "1/31/2015", "number": "14", "contents": "<span class='description'>ARRAIGNMENT COURT DATE: 02/23/2015 SUBJECT TO CHANGE. CALL FOR VERIFICATION</span> entered 02/02/2015.", "entry_date": "2/2/2015"}, {"date": "1/31/2015", "number": "13", "contents": "<span class='description'>FEES DUE: 2/2/2015</span> entered 02/02/2015.", "entry_date": "2/2/2015"}, {"date": "1/31/2015", "number": "12", "contents": "<span class='description'>PD APP FEE 50.00 IMPOSED</span> entered 02/02/2015.", "entry_date": "2/2/2015"}, {"date": "1/31/2015", "number": "11", "contents": "<span class='description'>FINDING OF PROBABLE CAUSE ,</span> entered 02/02/2015.", "entry_date": "2/2/2015"}, {"date": "1/31/2015", "number": "10", "contents": "<span class='description'>DEFENDANT DECLARED INDIGENT, ORDER APPOINTING PUBLIC DEFENDER - FILED</span> entered 02/02/2015.", "entry_date": "2/2/2015"}, {"date": "1/31/2015", "number": "9", "contents": "<span class='description'>APPLICATION FOR CRIMINAL INDIGENT STATUS - FILED</span> entered 02/02/2015.", "entry_date": "2/2/2015"}, {"date": "1/31/2015", "number": "8", "contents": "<span class='description'>NO CO-DEFT CONTACT</span> entered 02/02/2015.", "entry_date": "2/2/2015"}, {"date": "1/31/2015", "number": "7", "contents": "<span class='description'>BOND SET AT $250,003.00</span> entered 02/02/2015.", "entry_date": "2/2/2015"}, {"date": "1/31/2015", "number": "6", "contents": "<span class='description'>NO CO-DEFT CONTACT</span> entered 02/02/2015.", "entry_date": "2/2/2015"}, {"date": "1/31/2015", "number": "5", "contents": "<span class='description'>BOND SET AT $250,003.00</span> entered 02/02/2015.", "entry_date": "2/2/2015"}, {"date": "1/31/2015", "number": "4", "contents": "<span class='description'>S782.04 MURDER</span> entered 02/17/2015.", "entry_date": "2/17/2015"}, {"date": "1/31/2015", "number": "3", "contents": "<span class='description'>S827.03(2)(A) AGGRAVATED CHILD ABUSE - COMMITS AGGRAVATED BATTERY ON A CHILD-USING DEADLY WEAPON</span> entered 02/02/2015.", "entry_date": "2/2/2015"}, {"date": "1/31/2015", "number": "2", "contents": "<span class='description'>S827.03(2)(A) AGGRAVATED CHILD ABUSE - COMMITS AGGRAVATED BATTERY ON A CHILD-USING DEADLY WEAPON</span> entered 02/02/2015.", "entry_date": "2/2/2015"}, {"date": "1/31/2015", "number": "1", "contents": "<span class='description'>ARREST &amp; BOOKING REPORT 2015-002875 01/30/2015</span> entered 02/02/2015.", "entry_date": "2/2/2015"}], "analyze": {"last_analyze": "6/22/2020"}, "success": true, "parties": [{"race": "B", "name_normalized": "Shavonn Chanyell Norfleet", "name": "SHAVONN CHANYELL NORFLEET", "sex": "Female", "other": [], "type": "Defendant"}]}