{"info": {"status": "DISPOSED", "division": "CR-B", "judges": ["BASS, LESTER B."], "court": "Florida State, Duval County, Fourth Circuit Court", "title": "MARLA EILEEN DANDREA", "date_filed": "7/4/2017", "link": "https://www.docketalarm.com/cases/Florida_State_Duval_County_Fourth_Circuit_Court/2017-CF-006068/MARLA_EILEEN_DANDREA/", "judges_normalized": ["Bass Lester B."], "judge": "BASS, LESTER B.", "type": "Circuit Criminal", "docket": "2017-CF-006068"}, "docket_report": [{"date": "2/20/2020", "number": "212", "contents": "<span class='description'>CASE STRIKEN FROM CALENDAR - DEFENDANT DECEASED</span> entered 02/20/2020.", "entry_date": "2/20/2020"}, {"date": "2/20/2020", "number": "211", "contents": "<span class='description'>DEFENDANT NOT PRESENT</span> entered 02/20/2020.", "entry_date": "2/20/2020"}, {"date": "2/20/2020", "number": "210", "contents": "<span class='description'>ASST. PUB. DEF. BILLARD, DEBRA DEKAY</span> entered 02/20/2020.", "entry_date": "2/20/2020"}, {"date": "2/20/2020", "number": "209", "contents": "<span class='description'>ASST. STATE ATTY. LICANDRO, JOSEPH RUDOLPH</span> entered 02/20/2020.", "entry_date": "2/20/2020"}, {"date": "2/20/2020", "number": "208", "contents": "<span class='description'>JUDGE BASS, LESTER B.</span> entered 02/20/2020.", "entry_date": "2/20/2020"}, {"date": "3/1/2019", "number": "207", "contents": "<span class='description'>RECEIPT FOR CIVIL PROCESS, JAIL, WARRANTS</span> entered 03/04/2019.", "entry_date": "3/4/2019"}, {"date": "3/1/2019", "number": "206", "contents": "<span class='description'>RECEIPT FOR CIVIL PROCESS, JAIL, WARRANTS</span> entered 03/04/2019.", "entry_date": "3/4/2019"}, {"date": "2/27/2019", "number": "203", "contents": "<span class='description'>REVIEW HEARING 02/20/2020 9:00 AM - 408 4TH FLOOR, 501 W ADAMS ST JACKSONVILLE FL 32202</span> entered 03/05/2019.", "entry_date": "3/5/2019"}, {"date": "2/27/2019", "number": "201", "contents": "<span class='description'>MENTALLY OR PHYSICALLY UNABLE TO STAND TRIAL</span> entered 02/28/2019.", "entry_date": "2/28/2019"}, {"date": "2/27/2019", "number": "200", "contents": "<span class='description'>CLERKS EXHIBIT MEMO</span> entered 02/28/2019.", "entry_date": "2/28/2019"}, {"date": "2/27/2019", "number": "199", "contents": "<span class='description'>ORDER OF COMMITMENT OF DEFENDANT FOUND NOT GUILTY BY REASON ON INSANITY</span> entered 02/28/2019.", "entry_date": "2/28/2019"}, {"date": "2/27/2019", "number": "198", "contents": "<span class='description'>DEF. COMMITTED TO STATE HOSPITAL</span> entered 02/28/2019.", "entry_date": "2/28/2019"}, {"date": "2/27/2019", "number": "197", "contents": "<span class='description'>DFT FOUND NOT GUILTY BY REASON OF INSANITY</span> entered 02/28/2019.", "entry_date": "2/28/2019"}, {"date": "2/27/2019", "number": "196", "contents": "<span class='description'>DEF. W/TEST. &amp; ACCEPTS FINDINGS OF PSYCHIATRIST ALAN HARRIS AND WILLIAM MEADOWS..FILED AS DEFENSE EXHIBIT NUMBER 1&amp;2</span> entered 02/28/2019.", "entry_date": "2/28/2019"}, {"date": "2/27/2019", "number": "195", "contents": "<span class='description'>DEFENDANT PRESENT IN JAIL</span> entered 02/28/2019.", "entry_date": "2/28/2019"}, {"date": "2/27/2019", "number": "194", "contents": "<span class='description'>ASST. PUB. DEF. BILLARD, DEBRA DEKAY</span> entered 02/28/2019.", "entry_date": "2/28/2019"}, {"date": "2/27/2019", "number": "193", "contents": "<span class='description'>ASST. STATE ATTY. LICANDRO, JOSEPH RUDOLPH</span> entered 02/28/2019.", "entry_date": "2/28/2019"}, {"date": "2/27/2019", "number": "192", "contents": "<span class='description'>JUDGE BASS, LESTER B.</span> entered 02/28/2019.", "entry_date": "2/28/2019"}, {"date": "2/19/2019", "number": "191", "contents": "<span class='description'>@11:00 AM</span> entered 02/19/2019.", "entry_date": "2/19/2019"}, {"date": "2/19/2019", "number": "190", "contents": "<span class='description'>DISPOSITION 02/27/2019 9:00 AM - 408 4TH FLOOR, 501 W ADAMS ST JACKSONVILLE FL 32202</span> entered 02/19/2019.", "entry_date": "2/19/2019"}, {"date": "2/19/2019", "number": "189", "contents": "<span class='description'>DEFENDANT PRESENT IN JAIL</span> entered 02/19/2019.", "entry_date": "2/19/2019"}, {"date": "2/19/2019", "number": "188", "contents": "<span class='description'>ASST. PUB. DEF. BILLARD, DEBRA DEKAY</span> entered 02/19/2019.", "entry_date": "2/19/2019"}, {"date": "2/19/2019", "number": "187", "contents": "<span class='description'>ASST. STATE ATTY. LICANDRO, JOSEPH RUDOLPH</span> entered 02/19/2019.", "entry_date": "2/19/2019"}, {"date": "2/19/2019", "number": "186", "contents": "<span class='description'>JUDGE BASS, LESTER B.</span> entered 02/19/2019.", "entry_date": "2/19/2019"}, {"date": "2/5/2019", "number": "185", "contents": "<span class='description'>PRETRIAL 02/19/2019 9:00 AM - 408 4TH FLOOR, 501 W ADAMS ST JACKSONVILLE FL 32202</span> entered 02/05/2019.", "entry_date": "2/5/2019"}, {"date": "2/5/2019", "number": "184", "contents": "<span class='description'>DEFENDANT APPEARANCE WAIVED</span> entered 02/05/2019.", "entry_date": "2/5/2019"}, {"date": "2/5/2019", "number": "183", "contents": "<span class='description'>ASST. PUB. DEF. BILLARD, DEBRA DEKAY</span> entered 02/05/2019.", "entry_date": "2/5/2019"}, {"date": "2/5/2019", "number": "182", "contents": "<span class='description'>ASST. STATE ATTY. LICANDRO, JOSEPH RUDOLPH</span> entered 02/05/2019.", "entry_date": "2/5/2019"}, {"date": "2/5/2019", "number": "181", "contents": "<span class='description'>JUDGE BASS, LESTER B.</span> entered 02/05/2019.", "entry_date": "2/5/2019"}, {"date": "1/29/2019", "number": "180", "contents": "<span class='description'>PER E-MAIL</span> entered 01/29/2019.", "entry_date": "1/29/2019"}, {"date": "1/29/2019", "number": "179", "contents": "<span class='description'>PRETRIAL 02/05/2019 9:00 AM - 408 4TH FLOOR, 501 W ADAMS ST JACKSONVILLE FL 32202</span> entered 01/29/2019.", "entry_date": "1/29/2019"}, {"date": "1/29/2019", "number": "178", "contents": "<span class='description'>&gt; CANCEL REASON -</span> entered 01/29/2019.", "entry_date": "1/29/2019"}, {"date": "1/29/2019", "number": "177", "contents": "<span class='description'>CANCELLED PRETRIAL ON 1/31/2019 9:00:00 AM</span> entered 01/29/2019.", "entry_date": "1/29/2019"}, {"date": "1/10/2019", "number": "176", "contents": "<span class='description'>PRETRIAL 01/31/2019 9:00 AM - 408 4TH FLOOR, 501 W ADAMS ST JACKSONVILLE FL 32202</span> entered 01/10/2019.", "entry_date": "1/10/2019"}, {"date": "1/10/2019", "number": "175", "contents": "<span class='description'>OTHERS PRESENT: C. STIFLER FOR J. LICANDRO</span> entered 01/10/2019.", "entry_date": "1/10/2019"}, {"date": "1/10/2019", "number": "174", "contents": "<span class='description'>DEFENDANT PRESENT IN JAIL</span> entered 01/10/2019.", "entry_date": "1/10/2019"}, {"date": "1/10/2019", "number": "173", "contents": "<span class='description'>ASST. PUB. DEF. BILLARD, DEBRA DEKAY</span> entered 01/10/2019.", "entry_date": "1/10/2019"}, {"date": "1/10/2019", "number": "172", "contents": "<span class='description'>ASST. STATE ATTY. LICANDRO, JOSEPH RUDOLPH</span> entered 01/10/2019.", "entry_date": "1/10/2019"}, {"date": "1/10/2019", "number": "171", "contents": "<span class='description'>JUDGE BASS, LESTER B.</span> entered 01/10/2019.", "entry_date": "1/10/2019"}, {"date": "1/1/2019", "number": "170", "contents": "<span class='description'>Courtroom change effective 01/01/2019; PRETRIAL scheduled for 1/10/2019 at 9:00 AM moved from 605 6th Floor to 408 4th Floor.</span> entered 12/28/2018.", "entry_date": "12/28/2018"}, {"date": "12/18/2018", "number": "169", "contents": "<span class='description'>ORDER FOR PSYCHIATRIC EXAMINATION</span> entered 12/19/2018.", "entry_date": "12/19/2018"}, {"date": "12/17/2018", "number": "168", "contents": "<span class='description'>PRETRIAL 01/10/2019 9:00 AM - 605 6TH FLOOR, 501 W ADAMS ST JACKSONVILLE FL 32202</span> entered 12/17/2018.", "entry_date": "12/17/2018"}, {"date": "12/17/2018", "number": "167", "contents": "<span class='description'>DEFENDANT PRESENT IN JAIL</span> entered 12/17/2018.", "entry_date": "12/17/2018"}, {"date": "12/17/2018", "number": "166", "contents": "<span class='description'>ASST. PUB. DEF. BILLARD, DEBRA DEKAY</span> entered 12/17/2018.", "entry_date": "12/17/2018"}, {"date": "12/17/2018", "number": "165", "contents": "<span class='description'>ASST. STATE ATTY. LICANDRO, JOSEPH RUDOLPH</span> entered 12/17/2018.", "entry_date": "12/17/2018"}, {"date": "12/17/2018", "number": "164", "contents": "<span class='description'>JUDGE MCCALLUM, LINDA F.</span> entered 12/17/2018.", "entry_date": "12/17/2018"}, {"date": "12/10/2018", "number": "163", "contents": "<span class='description'>PER JA EMAIL</span> entered 12/10/2018.", "entry_date": "12/10/2018"}, {"date": "12/10/2018", "number": "162", "contents": "<span class='description'>PRETRIAL 12/17/2018 9:00 AM - 605 6TH FLOOR, 501 W ADAMS ST JACKSONVILLE FL 32202</span> entered 12/10/2018.", "entry_date": "12/10/2018"}, {"date": "12/10/2018", "number": "161", "contents": "<span class='description'>&gt; CANCEL REASON -</span> entered 12/10/2018.", "entry_date": "12/10/2018"}, {"date": "12/10/2018", "number": "160", "contents": "<span class='description'>CANCELLED PRETRIAL ON 12/13/2018 9:00:00 AM</span> entered 12/10/2018.", "entry_date": "12/10/2018"}, {"date": "11/5/2018", "number": "159", "contents": "<span class='description'>PRETRIAL 12/13/2018 9:00 AM - 605 6TH FLOOR, 501 W ADAMS ST JACKSONVILLE FL 32202</span> entered 11/05/2018.", "entry_date": "11/5/2018"}, {"date": "11/5/2018", "number": "158", "contents": "<span class='description'>&gt; CANCEL REASON - IN OPEN COURT</span> entered 11/05/2018.", "entry_date": "11/5/2018"}, {"date": "11/5/2018", "number": "157", "contents": "<span class='description'>CANCELLED FINAL PRETRIAL ON 11/19/2018 9:00:00 AM</span> entered 11/05/2018.", "entry_date": "11/5/2018"}, {"date": "11/5/2018", "number": "156", "contents": "<span class='description'>COURT ORDER GRANTING DEFENSE MOTION FOR CONTINUANCE - ENTERED **STRIKE 11/19/18 FPT AND 11/26/18 JS**</span> entered 11/05/2018.", "entry_date": "11/5/2018"}, {"date": "11/5/2018", "number": "155", "contents": "<span class='description'>OTHERS PRESENT: PD: S. ZERBE FOR D. BILLARD</span> entered 11/05/2018.", "entry_date": "11/5/2018"}, {"date": "11/5/2018", "number": "154", "contents": "<span class='description'>DEFENDANT PRESENT IN JAIL</span> entered 11/05/2018.", "entry_date": "11/5/2018"}, {"date": "11/5/2018", "number": "153", "contents": "<span class='description'>ASST. PUB. DEF. BILLARD, DEBRA DEKAY</span> entered 11/05/2018.", "entry_date": "11/5/2018"}, {"date": "11/5/2018", "number": "152", "contents": "<span class='description'>ASST. STATE ATTY. LICANDRO, JOSEPH RUDOLPH</span> entered 11/05/2018.", "entry_date": "11/5/2018"}, {"date": "11/5/2018", "number": "151", "contents": "<span class='description'>JUDGE MCCALLUM, LINDA F.</span> entered 11/05/2018.", "entry_date": "11/5/2018"}, {"date": "11/1/2018", "number": "150", "contents": "<span class='description'>MOTION FOR CONTINUANCE</span> entered 11/01/2018.", "entry_date": "11/1/2018"}, {"date": "11/1/2018", "number": "149", "contents": "<span class='description'>(TO CONTINUE) PER JA EMAIL; 11/19/18 FPT; 11/26/18 JS; SURCHARGES $201/$151</span> entered 11/01/2018.", "entry_date": "11/1/2018"}, {"date": "11/1/2018", "number": "148", "contents": "<span class='description'>HEARING ON MOTION 11/05/2018 9:00 AM - 605 6TH FLOOR, 501 W ADAMS ST JACKSONVILLE FL 32202</span> entered 11/01/2018.", "entry_date": "11/1/2018"}, {"date": "10/30/2018", "number": "147", "contents": "<span class='description'>PER JA EMAIL; 11/26/18 JS</span> entered 10/30/2018.", "entry_date": "10/30/2018"}, {"date": "10/30/2018", "number": "146", "contents": "<span class='description'>FINAL PRETRIAL 11/19/2018 9:00 AM - 605 6TH FLOOR, 501 W ADAMS ST JACKSONVILLE FL 32202</span> entered 10/30/2018.", "entry_date": "10/30/2018"}, {"date": "10/30/2018", "number": "145", "contents": "<span class='description'>&gt; CANCEL REASON -</span> entered 10/30/2018.", "entry_date": "10/30/2018"}, {"date": "10/30/2018", "number": "144", "contents": "<span class='description'>CANCELLED FINAL PRETRIAL ON 11/20/2018 9:00:00 AM</span> entered 10/30/2018.", "entry_date": "10/30/2018"}, {"date": "10/25/2018", "number": "143", "contents": "<span class='description'>11/26/18 JS</span> entered 10/25/2018.", "entry_date": "10/25/2018"}, {"date": "10/25/2018", "number": "142", "contents": "<span class='description'>FINAL PRETRIAL 11/20/2018 9:00 AM - 605 6TH FLOOR, 501 W ADAMS ST JACKSONVILLE FL 32202</span> entered 10/25/2018.", "entry_date": "10/25/2018"}, {"date": "10/25/2018", "number": "141", "contents": "<span class='description'>DEFENDANT PRESENT IN JAIL</span> entered 10/25/2018.", "entry_date": "10/25/2018"}, {"date": "10/25/2018", "number": "140", "contents": "<span class='description'>ASST. PUB. DEF. BILLARD, DEBRA DEKAY</span> entered 10/25/2018.", "entry_date": "10/25/2018"}, {"date": "10/25/2018", "number": "139", "contents": "<span class='description'>ASST. STATE ATTY. LICANDRO, JOSEPH RUDOLPH</span> entered 10/25/2018.", "entry_date": "10/25/2018"}, {"date": "10/25/2018", "number": "138", "contents": "<span class='description'>SITTING JUDGE - HEALEY, RUSSELL L.</span> entered 10/25/2018.", "entry_date": "10/25/2018"}, {"date": "10/25/2018", "number": "137", "contents": "<span class='description'>JUDGE MCCALLUM, LINDA F.</span> entered 10/25/2018.", "entry_date": "10/25/2018"}, {"date": "10/23/2018", "number": "136", "contents": "<span class='description'>DEFENDANT'S SECOND DISCLOSURE TO PROSECUTION</span> entered 10/23/2018.", "entry_date": "10/23/2018"}, {"date": "10/15/2018", "number": "135", "contents": "<span class='description'>NOTICE OF TAKING DEPOSITION</span> entered 10/15/2018.", "entry_date": "10/15/2018"}, {"date": "10/5/2018", "number": "134", "contents": "<span class='description'>SUBPOENA FOR DEPOSITION</span> entered 10/05/2018.", "entry_date": "10/5/2018"}, {"date": "10/3/2018", "number": "133", "contents": "<span class='description'>NOTICE OF TAKING DEPOSITION</span> entered 10/03/2018.", "entry_date": "10/3/2018"}, {"date": "10/2/2018", "number": "132", "contents": "<span class='description'>SUBPOENA RETURNED EXECUTED</span> entered 10/04/2018.", "entry_date": "10/4/2018"}, {"date": "10/2/2018", "number": "131", "contents": "<span class='description'>SUBPOENA FOR DEPOSITION</span> entered 10/04/2018.", "entry_date": "10/4/2018"}, {"date": "10/1/2018", "number": "130", "contents": "<span class='description'>NOTICE OF TAKING DEPOSITION</span> entered 10/01/2018.", "entry_date": "10/1/2018"}, {"date": "9/28/2018", "number": "129", "contents": "<span class='description'>SUBPOENA FOR DEPOSITION</span> entered 10/01/2018.", "entry_date": "10/1/2018"}, {"date": "9/28/2018", "number": "128", "contents": "<span class='description'>SUBPOENA FOR DEPOSITION</span> entered 09/28/2018.", "entry_date": "9/28/2018"}, {"date": "9/27/2018", "number": "127", "contents": "<span class='description'>MOTION FOR MORE DEFINITE ADDRESS</span> entered 09/28/2018.", "entry_date": "9/28/2018"}, {"date": "9/27/2018", "number": "126", "contents": "<span class='description'>NOTICE OF TAKING DEPOSITION</span> entered 09/28/2018.", "entry_date": "9/28/2018"}, {"date": "9/27/2018", "number": "125", "contents": "<span class='description'>NOTICE OF TAKING TELEPHONIC DEPOSITION</span> entered 09/28/2018.", "entry_date": "9/28/2018"}, {"date": "9/27/2018", "number": "124", "contents": "<span class='description'>NOTICE OF TAKING DEPOSITION</span> entered 09/28/2018.", "entry_date": "9/28/2018"}, {"date": "9/27/2018", "number": "123", "contents": "<span class='description'>NOTICE OF TAKING DEPOSITION</span> entered 09/28/2018.", "entry_date": "9/28/2018"}, {"date": "9/25/2018", "number": "122", "contents": "<span class='description'>11/20/18 FPT; 11/26/18 JS</span> entered 09/25/2018.", "entry_date": "9/25/2018"}, {"date": "9/25/2018", "number": "121", "contents": "<span class='description'>PRETRIAL 10/25/2018 9:00 AM - 605 6TH FLOOR, 501 W ADAMS ST JACKSONVILLE FL 32202</span> entered 09/25/2018.", "entry_date": "9/25/2018"}, {"date": "9/25/2018", "number": "120", "contents": "<span class='description'>DEFENDANT PRESENT IN JAIL</span> entered 09/25/2018.", "entry_date": "9/25/2018"}, {"date": "9/25/2018", "number": "119", "contents": "<span class='description'>ASST. PUB. DEF. BILLARD, DEBRA DEKAY</span> entered 09/25/2018.", "entry_date": "9/25/2018"}, {"date": "9/25/2018", "number": "118", "contents": "<span class='description'>ASST. STATE ATTY. LICANDRO, JOSEPH RUDOLPH</span> entered 09/25/2018.", "entry_date": "9/25/2018"}, {"date": "9/25/2018", "number": "117", "contents": "<span class='description'>JUDGE MCCALLUM, LINDA F.</span> entered 09/25/2018.", "entry_date": "9/25/2018"}, {"date": "8/21/2018", "number": "116", "contents": "<span class='description'>DEFT APP WAIVED; 11/20/18 FPT; 11/26/18 JS</span> entered 08/21/2018.", "entry_date": "8/21/2018"}, {"date": "8/21/2018", "number": "115", "contents": "<span class='description'>PRETRIAL 09/25/2018 9:00 AM - 605 6TH FLOOR, 501 W ADAMS ST JACKSONVILLE FL 32202</span> entered 08/21/2018.", "entry_date": "8/21/2018"}, {"date": "8/21/2018", "number": "114", "contents": "<span class='description'>DEFENDANT PRESENT IN JAIL</span> entered 08/21/2018.", "entry_date": "8/21/2018"}, {"date": "8/21/2018", "number": "113", "contents": "<span class='description'>ASST. PUB. DEF. BILLARD, DEBRA DEKAY</span> entered 08/21/2018.", "entry_date": "8/21/2018"}, {"date": "8/21/2018", "number": "112", "contents": "<span class='description'>ASST. STATE ATTY. LICANDRO, JOSEPH RUDOLPH</span> entered 08/21/2018.", "entry_date": "8/21/2018"}, {"date": "8/21/2018", "number": "111", "contents": "<span class='description'>JUDGE MCCALLUM, LINDA F.</span> entered 08/21/2018.", "entry_date": "8/21/2018"}, {"date": "8/20/2018", "number": "110", "contents": "<span class='description'>MOTION FOR MORE DEFINITE ADDRESS</span> entered 08/21/2018.", "entry_date": "8/21/2018"}, {"date": "8/14/2018", "number": "109", "contents": "<span class='description'>PRETRIAL 08/21/2018 9:00 AM - 605 6TH FLOOR, 501 W ADAMS ST JACKSONVILLE FL 32202</span> entered 08/14/2018.", "entry_date": "8/14/2018"}, {"date": "8/14/2018", "number": "108", "contents": "<span class='description'>DEFENDANT APPEARANCE WAIVED</span> entered 08/14/2018.", "entry_date": "8/14/2018"}, {"date": "8/14/2018", "number": "107", "contents": "<span class='description'>OTHERS PRESENT: PD: L. BROWN FOR D. BILLARD</span> entered 08/14/2018.", "entry_date": "8/14/2018"}, {"date": "8/14/2018", "number": "106", "contents": "<span class='description'>ASST. PUB. DEF. BILLARD, DEBRA DEKAY</span> entered 08/14/2018.", "entry_date": "8/14/2018"}, {"date": "8/14/2018", "number": "105", "contents": "<span class='description'>ASST. STATE ATTY. LICANDRO, JOSEPH RUDOLPH</span> entered 08/14/2018.", "entry_date": "8/14/2018"}, {"date": "8/14/2018", "number": "104", "contents": "<span class='description'>JUDGE MCCALLUM, LINDA F.</span> entered 08/14/2018.", "entry_date": "8/14/2018"}, {"date": "7/23/2018", "number": "103", "contents": "<span class='description'>SUBPOENA FOR DEPOSITION</span> entered 07/23/2018.", "entry_date": "7/23/2018"}, {"date": "7/23/2018", "number": "102", "contents": "<span class='description'>PLEA OF NOT GUILTY</span> entered 07/23/2018.", "entry_date": "7/23/2018"}, {"date": "7/23/2018", "number": "101", "contents": "<span class='description'>PRETRIAL 08/14/2018 9:00 AM - 605 6TH FLOOR, 501 W ADAMS ST JACKSONVILLE FL 32202</span> entered 07/23/2018.", "entry_date": "7/23/2018"}, {"date": "7/23/2018", "number": "100", "contents": "<span class='description'>COURT ORDER GRANTING DEFENSE MOTION FOR CONTINUANCE - ENTERED **STRIKE 8/14/18 FPT AND 8/20/18 JS**</span> entered 07/23/2018.", "entry_date": "7/23/2018"}, {"date": "7/23/2018", "number": "99", "contents": "<span class='description'>DEFENDANT WAIVED READING OF INDICTMENT AND PLEAD DEFENSE STANDS MUTE / COURT ENTERS PLEA OF NOT GUILTY</span> entered 07/23/2018.", "entry_date": "7/23/2018"}, {"date": "7/23/2018", "number": "98", "contents": "<span class='description'>DEFENDANT PRESENT IN JAIL</span> entered 07/23/2018.", "entry_date": "7/23/2018"}, {"date": "7/23/2018", "number": "97", "contents": "<span class='description'>ASST. PUB. DEF. BILLARD, DEBRA DEKAY</span> entered 07/23/2018.", "entry_date": "7/23/2018"}, {"date": "7/23/2018", "number": "96", "contents": "<span class='description'>ASST. STATE ATTY. LICANDRO, JOSEPH RUDOLPH</span> entered 07/23/2018.", "entry_date": "7/23/2018"}, {"date": "7/23/2018", "number": "95", "contents": "<span class='description'>JUDGE MCCALLUM, LINDA F.</span> entered 07/23/2018.", "entry_date": "7/23/2018"}, {"date": "7/20/2018", "number": "94", "contents": "<span class='description'>MOTION FOR CONTINUANCE</span> entered 07/20/2018.", "entry_date": "7/20/2018"}, {"date": "7/16/2018", "number": "93", "contents": "<span class='description'>NOTICE OF TAKING DEPOSITION</span> entered 07/16/2018.", "entry_date": "7/16/2018"}, {"date": "7/16/2018", "number": "92", "contents": "<span class='description'>MOTION FOR MORE DEFINITE ADDRESS</span> entered 07/16/2018.", "entry_date": "7/16/2018"}, {"date": "7/14/2018", "number": "91", "contents": "<span class='description'>ARREST &amp; BOOKING REPORT 2017-016895 07/13/2018</span> entered 07/16/2018.", "entry_date": "7/16/2018"}, {"date": "7/12/2018", "number": "90", "contents": "<span class='description'>INDICTMENT FILED FOR S782.04(1)(A) MURDER IN THE FIRST DEGREE</span> entered 07/12/2018.", "entry_date": "7/12/2018"}, {"date": "6/19/2018", "number": "89", "contents": "<span class='description'>COURT DATE PREVIOUSLY SET FOR 7/23/18 PRETRIAL</span> entered 06/19/2018.", "entry_date": "6/19/2018"}, {"date": "6/19/2018", "number": "88", "contents": "<span class='description'>DEFENDANT PRESENT IN JAIL</span> entered 06/19/2018.", "entry_date": "6/19/2018"}, {"date": "6/19/2018", "number": "87", "contents": "<span class='description'>ASST. PUB. DEF. BILLARD, DEBRA DEKAY</span> entered 06/19/2018.", "entry_date": "6/19/2018"}, {"date": "6/19/2018", "number": "86", "contents": "<span class='description'>ASST. STATE ATTY. LICANDRO, JOSEPH RUDOLPH</span> entered 06/19/2018.", "entry_date": "6/19/2018"}, {"date": "6/19/2018", "number": "85", "contents": "<span class='description'>JUDGE MCCALLUM, LINDA F.</span> entered 06/19/2018.", "entry_date": "6/19/2018"}, {"date": "6/18/2018", "number": "84", "contents": "<span class='description'>DISCLOSURE TO PROSECUTION</span> entered 06/19/2018.", "entry_date": "6/19/2018"}, {"date": "4/3/2018", "number": "83", "contents": "<span class='description'>7/23/18PT, 8/14/18FPT, 8/20/18 JS</span> entered 04/05/2018.", "entry_date": "4/5/2018"}, {"date": "4/3/2018", "number": "82", "contents": "<span class='description'>STATUS CONFERENCE 06/19/2018 9:00 AM - 605 6TH FLOOR, 501 W ADAMS ST JACKSONVILLE FL 32202</span> entered 04/05/2018.", "entry_date": "4/5/2018"}, {"date": "4/3/2018", "number": "81", "contents": "<span class='description'>STANDING ORDER GOVERNING PRE-TRIAL PROCEDURES AND THE TRIAL OF ALL CRIMINAL ACTIONS IN THE DIVISION OF THE CIRCUIT COURT OF THE FOURTH JUDICIAL CIRCUIT</span> entered 04/05/2018.", "entry_date": "4/5/2018"}, {"date": "3/27/2018", "number": "80", "contents": "<span class='description'>8/14/18 FPT AND 8/20/18 JS</span> entered 03/27/2018.", "entry_date": "3/27/2018"}, {"date": "3/27/2018", "number": "79", "contents": "<span class='description'>PRETRIAL 07/23/2018 9:00 AM - 605 6TH FLOOR, 501 W ADAMS ST JACKSONVILLE FL 32202</span> entered 03/27/2018.", "entry_date": "3/27/2018"}, {"date": "3/27/2018", "number": "78", "contents": "<span class='description'>DEFENDANT PRESENT IN JAIL</span> entered 03/27/2018.", "entry_date": "3/27/2018"}, {"date": "3/27/2018", "number": "77", "contents": "<span class='description'>ASST. PUB. DEF. BILLARD, DEBRA DEKAY</span> entered 03/27/2018.", "entry_date": "3/27/2018"}, {"date": "3/27/2018", "number": "76", "contents": "<span class='description'>OTHERS PRESENT ASA: M. KENNEDY FOR J. LICANDRO</span> entered 03/27/2018.", "entry_date": "3/27/2018"}, {"date": "3/27/2018", "number": "75", "contents": "<span class='description'>ASST. STATE ATTY. LICANDRO, JOSEPH RUDOLPH</span> entered 03/27/2018.", "entry_date": "3/27/2018"}, {"date": "3/27/2018", "number": "74", "contents": "<span class='description'>JUDGE MCCALLUM, LINDA F.</span> entered 03/27/2018.", "entry_date": "3/27/2018"}, {"date": "2/27/2018", "number": "73", "contents": "<span class='description'>PRETRIAL 03/27/2018 9:00 AM - 605 6TH FLOOR, 501 W ADAMS ST JACKSONVILLE FL 32202</span> entered 02/27/2018.", "entry_date": "2/27/2018"}, {"date": "2/27/2018", "number": "72", "contents": "<span class='description'>DEFENDANT PRESENT IN JAIL</span> entered 02/27/2018.", "entry_date": "2/27/2018"}, {"date": "2/27/2018", "number": "71", "contents": "<span class='description'>ASST. PUB. DEF. BILLARD, DEBRA DEKAY</span> entered 02/27/2018.", "entry_date": "2/27/2018"}, {"date": "2/27/2018", "number": "70", "contents": "<span class='description'>ASST. STATE ATTY. LICANDRO, JOSEPH RUDOLPH</span> entered 02/27/2018.", "entry_date": "2/27/2018"}, {"date": "2/27/2018", "number": "69", "contents": "<span class='description'>JUDGE MCCALLUM, LINDA F.</span> entered 02/27/2018.", "entry_date": "2/27/2018"}, {"date": "2/8/2018", "number": "68", "contents": "<span class='description'>SUBPOENA FOR DEPOSITION (5)</span> entered 02/09/2018.", "entry_date": "2/9/2018"}, {"date": "1/29/2018", "number": "67", "contents": "<span class='description'>SUBPOENA FOR DEPOSITION</span> entered 02/02/2018.", "entry_date": "2/2/2018"}, {"date": "1/25/2018", "number": "66", "contents": "<span class='description'>SUBPOENA FOR DEPOSITION</span> entered 01/30/2018.", "entry_date": "1/30/2018"}, {"date": "1/19/2018", "number": "65", "contents": "<span class='description'>SUBPOENA FOR DEPOSITION</span> entered 01/22/2018.", "entry_date": "1/22/2018"}, {"date": "1/19/2018", "number": "64", "contents": "<span class='description'>NOTICE OF TAKING DEPOSITION</span> entered 01/22/2018.", "entry_date": "1/22/2018"}, {"date": "1/19/2018", "number": "63", "contents": "<span class='description'>NOTICE OF TAKING DEPOSITION</span> entered 01/22/2018.", "entry_date": "1/22/2018"}, {"date": "1/11/2018", "number": "62", "contents": "<span class='description'>PRETRIAL 02/27/2018 9:00 AM - 605 6TH FLOOR, 501 W ADAMS ST JACKSONVILLE FL 32202</span> entered 01/11/2018.", "entry_date": "1/11/2018"}, {"date": "1/11/2018", "number": "61", "contents": "<span class='description'>DEFENDANT PRESENT IN JAIL</span> entered 01/11/2018.", "entry_date": "1/11/2018"}, {"date": "1/11/2018", "number": "60", "contents": "<span class='description'>ASST. PUB. DEF. BILLARD, DEBRA DEKAY</span> entered 01/11/2018.", "entry_date": "1/11/2018"}, {"date": "1/11/2018", "number": "59", "contents": "<span class='description'>ASST. STATE ATTY. LICANDRO, JOSEPH RUDOLPH</span> entered 01/11/2018.", "entry_date": "1/11/2018"}, {"date": "1/11/2018", "number": "58", "contents": "<span class='description'>JUDGE MCCALLUM, LINDA F.</span> entered 01/11/2018.", "entry_date": "1/11/2018"}, {"date": "12/7/2017", "number": "57", "contents": "<span class='description'>PRETRIAL 01/11/2018 9:00 AM - 605 6TH FLOOR, 501 W ADAMS ST JACKSONVILLE FL 32202</span> entered 12/07/2017.", "entry_date": "12/7/2017"}, {"date": "12/7/2017", "number": "56", "contents": "<span class='description'>DEFENDANT APPEARANCE WAIVED</span> entered 12/07/2017.", "entry_date": "12/7/2017"}, {"date": "12/7/2017", "number": "55", "contents": "<span class='description'>ASST. PUB. DEF. BILLARD, DEBRA DEKAY</span> entered 12/07/2017.", "entry_date": "12/7/2017"}, {"date": "12/7/2017", "number": "54", "contents": "<span class='description'>ASST. STATE ATTY. LICANDRO, JOSEPH RUDOLPH</span> entered 12/07/2017.", "entry_date": "12/7/2017"}, {"date": "12/7/2017", "number": "53", "contents": "<span class='description'>JUDGE MCCALLUM, LINDA F.</span> entered 12/07/2017.", "entry_date": "12/7/2017"}, {"date": "11/20/2017", "number": "52", "contents": "<span class='description'>SUBPOENA FOR DEPOSITION (17 FILED)</span> entered 11/21/2017.", "entry_date": "11/21/2017"}, {"date": "11/20/2017", "number": "51", "contents": "<span class='description'>NOTICE OF TAKING DEPOSITION</span> entered 11/20/2017.", "entry_date": "11/20/2017"}, {"date": "11/20/2017", "number": "50", "contents": "<span class='description'>NOTICE OF TAKING DEPOSITION</span> entered 11/20/2017.", "entry_date": "11/20/2017"}, {"date": "11/17/2017", "number": "49", "contents": "<span class='description'>STATE'S SUPPLEMENTAL DISCOVERY EXHIBIT A</span> entered 11/20/2017.", "entry_date": "11/20/2017"}, {"date": "11/14/2017", "number": "48", "contents": "<span class='description'>PRETRIAL 12/07/2017 9:00 AM - 605 6TH FLOOR, 501 W ADAMS ST JACKSONVILLE FL 32202</span> entered 11/14/2017.", "entry_date": "11/14/2017"}, {"date": "11/14/2017", "number": "47", "contents": "<span class='description'>OTHERS PRESENT: A. MIZRAHI FOR J. LICANDRO</span> entered 11/14/2017.", "entry_date": "11/14/2017"}, {"date": "11/14/2017", "number": "46", "contents": "<span class='description'>DEFENDANT NOT PRESENT</span> entered 11/14/2017.", "entry_date": "11/14/2017"}, {"date": "11/14/2017", "number": "45", "contents": "<span class='description'>ASST. PUB. DEF. BILLARD, DEBRA DEKAY</span> entered 11/14/2017.", "entry_date": "11/14/2017"}, {"date": "11/14/2017", "number": "44", "contents": "<span class='description'>ASST. STATE ATTY. LICANDRO, JOSEPH RUDOLPH</span> entered 11/14/2017.", "entry_date": "11/14/2017"}, {"date": "11/14/2017", "number": "43", "contents": "<span class='description'>SITTING JUDGE - BORELLO, MARK</span> entered 11/14/2017.", "entry_date": "11/14/2017"}, {"date": "11/14/2017", "number": "42", "contents": "<span class='description'>JUDGE MCCALLUM, LINDA F.</span> entered 11/14/2017.", "entry_date": "11/14/2017"}, {"date": "10/3/2017", "number": "41", "contents": "<span class='description'>PRETRIAL 11/14/2017 9:00 AM - 605 6TH FLOOR, 501 W ADAMS ST JACKSONVILLE FL 32202</span> entered 10/03/2017.", "entry_date": "10/3/2017"}, {"link_viewer": "https://www.docketalarm.com/cases/Florida_State_Duval_County_Fourth_Circuit_Court/2017-CF-006068/MARLA_EILEEN_DANDREA/40/", "number": "40", "link": "https://www.docketalarm.com/cases/Florida_State_Duval_County_Fourth_Circuit_Court/2017-CF-006068/MARLA_EILEEN_DANDREA/docs/40.pdf", "entry_date": "10/3/2017", "date": "10/3/2017", "contents": "<a href=\"/cases/Florida_State_Duval_County_Fourth_Circuit_Court/2017-CF-006068/MARLA_EILEEN_DANDREA/40/\"><span class='description'>** WAIVER OF SPEEDY TRIAL **</span></a> entered 10/03/2017."}, {"date": "10/3/2017", "number": "39", "contents": "<span class='description'>DEFENDANT PRESENT IN JAIL</span> entered 10/03/2017.", "entry_date": "10/3/2017"}, {"date": "10/3/2017", "number": "38", "contents": "<span class='description'>ASST. PUB. DEF. BILLARD, DEBRA DEKAY</span> entered 10/03/2017.", "entry_date": "10/3/2017"}, {"date": "10/3/2017", "number": "37", "contents": "<span class='description'>ASST. STATE ATTY. LICANDRO, JOSEPH RUDOLPH</span> entered 10/03/2017.", "entry_date": "10/3/2017"}, {"date": "10/3/2017", "number": "36", "contents": "<span class='description'>JUDGE MCCALLUM, LINDA F.</span> entered 10/03/2017.", "entry_date": "10/3/2017"}, {"date": "9/25/2017", "number": "35", "contents": "<span class='description'>NOTICE OF INTENT TO RELY ON INSANITY DEFENSE</span> entered 09/27/2017.", "entry_date": "9/27/2017"}, {"date": "9/21/2017", "number": "34", "contents": "<span class='description'>PRETRIAL 10/03/2017 9:00 AM - 605 6TH FLOOR, 501 W ADAMS ST JACKSONVILLE FL 32202</span> entered 09/21/2017.", "entry_date": "9/21/2017"}, {"date": "9/21/2017", "number": "33", "contents": "<span class='description'>DEFENDANT PRESENT IN JAIL</span> entered 09/21/2017.", "entry_date": "9/21/2017"}, {"date": "9/21/2017", "number": "32", "contents": "<span class='description'>ASST. PUB. DEF. BILLARD, DEBRA DEKAY</span> entered 09/21/2017.", "entry_date": "9/21/2017"}, {"date": "9/21/2017", "number": "31", "contents": "<span class='description'>ASST. STATE ATTY. LICANDRO, JOSEPH RUDOLPH</span> entered 09/21/2017.", "entry_date": "9/21/2017"}, {"date": "9/21/2017", "number": "30", "contents": "<span class='description'>JUDGE MCCALLUM, LINDA F.</span> entered 09/21/2017.", "entry_date": "9/21/2017"}, {"date": "8/22/2017", "number": "29", "contents": "<span class='description'>PRETRIAL 09/21/2017 9:00 AM - 605 6TH FLOOR, 501 W ADAMS ST JACKSONVILLE FL 32202</span> entered 08/22/2017.", "entry_date": "8/22/2017"}, {"date": "8/22/2017", "number": "28", "contents": "<span class='description'>PLEA OF NOT GUILTY</span> entered 08/22/2017.", "entry_date": "8/22/2017"}, {"date": "8/22/2017", "number": "27", "contents": "<span class='description'>DEF. W/READING OF INFO &amp; PLEAD NOT GUILTY</span> entered 08/22/2017.", "entry_date": "8/22/2017"}, {"date": "8/22/2017", "number": "26", "contents": "<span class='description'>DEFENDANT PRESENT IN JAIL</span> entered 08/22/2017.", "entry_date": "8/22/2017"}, {"date": "8/22/2017", "number": "25", "contents": "<span class='description'>ASST. PUB. DEF. BILLARD, DEBRA DEKAY</span> entered 08/22/2017.", "entry_date": "8/22/2017"}, {"date": "8/22/2017", "number": "24", "contents": "<span class='description'>ASST. STATE ATTY. LICANDRO, JOSEPH RUDOLPH</span> entered 08/22/2017.", "entry_date": "8/22/2017"}, {"date": "8/22/2017", "number": "23", "contents": "<span class='description'>JUDGE MCCALLUM, LINDA F.</span> entered 08/22/2017.", "entry_date": "8/22/2017"}, {"date": "8/8/2017", "number": "22", "contents": "<span class='description'>STATE'S DISCOVERY EXHIBIT AND DEMAND FOR RECIPROCAL DISCOVERY</span> entered 08/08/2017.", "entry_date": "8/8/2017"}, {"date": "8/3/2017", "number": "21", "contents": "<span class='description'>ARRAIGNMENT 08/22/2017 9:00 AM - 605 6TH FLOOR, 501 W ADAMS ST JACKSONVILLE FL 32202</span> entered 08/03/2017.", "entry_date": "8/3/2017"}, {"date": "8/3/2017", "number": "20", "contents": "<span class='description'>DEFENDANT APPEARANCE WAIVED</span> entered 08/03/2017.", "entry_date": "8/3/2017"}, {"date": "8/3/2017", "number": "19", "contents": "<span class='description'>&gt; ATTORNEY NOT PRESENT</span> entered 08/03/2017.", "entry_date": "8/3/2017"}, {"date": "8/3/2017", "number": "18", "contents": "<span class='description'>ASST. PUB. DEF. BILLARD, DEBRA DEKAY</span> entered 08/03/2017.", "entry_date": "8/3/2017"}, {"date": "8/3/2017", "number": "17", "contents": "<span class='description'>ASST. STATE ATTY. LICANDRO, JOSEPH RUDOLPH</span> entered 08/03/2017.", "entry_date": "8/3/2017"}, {"date": "8/3/2017", "number": "16", "contents": "<span class='description'>JUDGE MCCALLUM, LINDA F.</span> entered 08/03/2017.", "entry_date": "8/3/2017"}, {"date": "7/28/2017", "number": "15", "contents": "<span class='description'>TRIAL ASSISTANT STATE ATTORNEY CHANGED TO Licandro, Joseph Rudolph PER SAO</span> entered 07/28/2017.", "entry_date": "7/28/2017"}, {"date": "7/28/2017", "number": "14", "contents": "<span class='description'>ARRAIGNMENT DATE 08/03/2017 9:00 AM - 605 6TH FLOOR, 501 W ADAMS ST JACKSONVILLE FL 32202</span> entered 07/28/2017.", "entry_date": "7/28/2017"}, {"date": "7/28/2017", "number": "13", "contents": "<span class='description'>INFORMATION FILED S782.04(2) MURDER IN THE SECOND DEGREE</span> entered 07/28/2017.", "entry_date": "7/28/2017"}, {"date": "7/28/2017", "number": "12", "contents": "<span class='description'>INFORMATION</span> entered 07/28/2017.", "entry_date": "7/28/2017"}, {"date": "7/25/2017", "number": "11", "contents": "<span class='description'>MOTION FOR STATEMENT OF PARTICULARS</span> entered 07/25/2017.", "entry_date": "7/25/2017"}, {"date": "7/25/2017", "number": "10", "contents": "<span class='description'>NOTICE OF DISCOVERY AND SPECIFIC DEMAND FOR INFORMATION</span> entered 07/25/2017.", "entry_date": "7/25/2017"}, {"date": "7/25/2017", "number": "9", "contents": "<span class='description'>ARRAIGNMENT COURT DATE: 08/03/2017 SUBJECT TO CHANGE. CALL FOR VERIFICATION</span> entered 07/25/2017.", "entry_date": "7/25/2017"}, {"date": "7/24/2017", "number": "8", "contents": "<span class='description'>PD APP FEE 50.00 IMPOSED</span> entered 07/25/2017.", "entry_date": "7/25/2017"}, {"link_viewer": "https://www.docketalarm.com/cases/Florida_State_Duval_County_Fourth_Circuit_Court/2017-CF-006068/MARLA_EILEEN_DANDREA/7/", "number": "7", "link": "https://www.docketalarm.com/cases/Florida_State_Duval_County_Fourth_Circuit_Court/2017-CF-006068/MARLA_EILEEN_DANDREA/docs/7.pdf", "entry_date": "7/24/2017", "date": "7/24/2017", "contents": "<a href=\"/cases/Florida_State_Duval_County_Fourth_Circuit_Court/2017-CF-006068/MARLA_EILEEN_DANDREA/7/\"><span class='description'>DEFENDANT DECLARED INDIGENT, ORDER APPOINTING PUBLIC DEFENDER - FILED</span></a> entered 07/24/2017."}, {"link_viewer": "https://www.docketalarm.com/cases/Florida_State_Duval_County_Fourth_Circuit_Court/2017-CF-006068/MARLA_EILEEN_DANDREA/6/", "number": "6", "link": "https://www.docketalarm.com/cases/Florida_State_Duval_County_Fourth_Circuit_Court/2017-CF-006068/MARLA_EILEEN_DANDREA/docs/6.pdf", "entry_date": "7/24/2017", "date": "7/24/2017", "contents": "<a href=\"/cases/Florida_State_Duval_County_Fourth_Circuit_Court/2017-CF-006068/MARLA_EILEEN_DANDREA/6/\"><span class='description'>APPLICATION FOR CRIMINAL INDIGENT STATUS - FILED</span></a> entered 07/24/2017."}, {"date": "7/6/2017", "number": "5", "contents": "<span class='description'>ARRAIGNMENT COURT DATE: 07/26/2017 SUBJECT TO CHANGE. CALL FOR VERIFICATION</span> entered 07/06/2017.", "entry_date": "7/6/2017"}, {"date": "7/6/2017", "number": "4", "contents": "<span class='description'>DEFENDANT INFORMED COURT THAT HE/SHE HAS HIRED, OR PLANS TO HIRE A PRIVATE ATTORNEY - NO APPLICATION FOR INDIGENCE NEEDED</span> entered 07/06/2017.", "entry_date": "7/6/2017"}, {"date": "7/4/2017", "number": "3", "contents": "<span class='description'>BOND SET AT NONE</span> entered 07/06/2017.", "entry_date": "7/6/2017"}, {"date": "7/4/2017", "number": "2", "contents": "<span class='description'>S782.04(2) MURDER - SECOND DEGREE</span> entered 07/06/2017.", "entry_date": "7/6/2017"}, {"date": "7/4/2017", "number": "1", "contents": "<span class='description'>ARREST &amp; BOOKING REPORT 2017-016895 7/3/2017</span> entered 07/06/2017.", "entry_date": "7/6/2017"}], "analyze": {"last_analyze": "6/22/2020"}, "success": true, "parties": [{"race": "W", "name_normalized": "Marla Eileen Dandrea", "name": "MARLA EILEEN DANDREA", "sex": "Female", "other": [], "type": "Defendant"}]}