{"info": {"status": "DISPOSED", "division": "CR-D", "judges": ["BORELLO, MARK"], "court": "Florida State, Duval County, Fourth Circuit Court", "title": "TENELLE CAMERON CANNON", "date_filed": "5/19/2017", "link": "https://www.docketalarm.com/cases/Florida_State_Duval_County_Fourth_Circuit_Court/2017-CF-004572/TENELLE_CAMERON_CANNON/", "judges_normalized": ["Borello Mark"], "judge": "BORELLO, MARK", "type": "Circuit Criminal", "docket": "2017-CF-004572"}, "docket_report": [{"date": "5/21/2020", "number": "331", "contents": "<span class='description'>PRO SE MOTION TO RELEASE DEFENDANT FROM THE CUSTODY OF THE FLORIDA DEPARTMENT OF CORRECTIONS DUE TO THE CORONAVIRUS-19 PANDEMIC</span> entered 05/27/2020.", "entry_date": "5/27/2020"}, {"date": "11/13/2019", "number": "330", "contents": "<span class='description'>MANDATE FROM APPELLATE COURT AFFIRMED, 1D19-0206 BOOK 19003 PAGE 2330-2332</span> entered 11/13/2019.", "entry_date": "11/13/2019"}, {"date": "3/6/2019", "number": "329", "contents": "<span class='description'>DESIGNATION OF A PUBLIC DEFENDER OF THE SECOND JUDICIAL CIRCUIT FOR PURPOSES OF APPEAL (STYLED DCA, 1D19-0206)</span> entered 03/07/2019.", "entry_date": "3/7/2019"}, {"date": "2/21/2019", "number": "327", "contents": "<span class='description'>RECORD ON APPEAL E-FILED TO DCA</span> entered 02/21/2019.", "entry_date": "2/21/2019"}, {"date": "2/21/2019", "number": "326", "contents": "<span class='description'>INDEX &amp; RECORD OF APPEAL VOLUME 1 (1D19-0206)</span> entered 02/21/2019.", "entry_date": "2/21/2019"}, {"date": "2/12/2019", "number": "325", "contents": "<span class='description'>TESTIMONY &amp; PROCEEDINGS OF NOVEMBER 27, 2018, BEFORE THE HONORABLE JUDGE MARK BORELLO</span> entered 02/12/2019.", "entry_date": "2/12/2019"}, {"date": "2/7/2019", "number": "324", "contents": "<span class='description'>TESTIMONY &amp; PROCEEDINGS OF JANUARY 10, 2019, BEFORE THE HONORABLE JUDGE MARK BORELLO</span> entered 02/08/2019.", "entry_date": "2/8/2019"}, {"date": "2/4/2019", "number": "323", "contents": "<span class='description'>TESTIMONY &amp; PROCEEDINGS OF DECEMBER 14, 2018, BEFORE THE HONORABLE JUDGE MARK BORELLO</span> entered 02/04/2019.", "entry_date": "2/4/2019"}, {"date": "1/25/2019", "number": "322", "contents": "<span class='description'>TESTIMONY &amp; PROCEEDINGS OF NOVEMBER 5, 2018, BEFORE THE HONORABLE JUDGE MARK BORELLO</span> entered 01/28/2019.", "entry_date": "1/28/2019"}, {"date": "1/16/2019", "number": "321", "contents": "<span class='description'>DCA ACKNOWLEDGMENT RECEIPT 1D19-0206</span> entered 01/17/2019.", "entry_date": "1/17/2019"}, {"date": "1/11/2019", "number": "320", "contents": "<span class='description'>REPORTER\u2019S ACKNOWLEDGEMENT</span> entered 01/14/2019.", "entry_date": "1/14/2019"}, {"date": "1/11/2019", "number": "319", "contents": "<span class='description'>DESIGNATION TO COURT REPORTER</span> entered 01/14/2019.", "entry_date": "1/14/2019"}, {"date": "1/11/2019", "number": "318", "contents": "<span class='description'>STATEMENT OF JUDICIAL ACTS TO BE REVIEWED</span> entered 01/14/2019.", "entry_date": "1/14/2019"}, {"date": "1/11/2019", "number": "317", "contents": "<span class='description'>NOTICE OF APPEAL TO DISTRICT COURT (9.200) BOOK 18659 PAGE 262-262</span> entered 01/14/2019.", "entry_date": "1/14/2019"}, {"date": "1/10/2019", "number": "316", "contents": "<span class='description'>RECEIPT FOR CIVIL PROCESS, JAIL, WARRANTS</span> entered 01/16/2019.", "entry_date": "1/16/2019"}, {"date": "1/10/2019", "number": "315", "contents": "<span class='description'>COURT ORDER DENYING MOTION TO REVIEW UNDOCTORED,UNREDACTED VIDEO MOTION TO REDUCE SENTENCE</span> entered 01/11/2019.", "entry_date": "1/11/2019"}, {"date": "1/10/2019", "number": "314", "contents": "<span class='description'>MOTION - - DEFENSE MOTION FOR REDUCTION OF SENTENCE - DENIED.</span> entered 01/10/2019.", "entry_date": "1/10/2019"}, {"date": "1/10/2019", "number": "313", "contents": "<span class='description'>DEFENDANT PRESENT IN JAIL</span> entered 01/10/2019.", "entry_date": "1/10/2019"}, {"date": "1/10/2019", "number": "312", "contents": "<span class='description'>ASST. PUB. DEF. BILLARD, DEBRA DEKAY</span> entered 01/10/2019.", "entry_date": "1/10/2019"}, {"date": "1/10/2019", "number": "311", "contents": "<span class='description'>ASST. STATE ATTY. HILL, GARRETT</span> entered 01/10/2019.", "entry_date": "1/10/2019"}, {"date": "1/10/2019", "number": "310", "contents": "<span class='description'>JUDGE BORELLO, MARK</span> entered 01/10/2019.", "entry_date": "1/10/2019"}, {"link_viewer": "https://www.docketalarm.com/cases/Florida_State_Duval_County_Fourth_Circuit_Court/2017-CF-004572/TENELLE_CAMERON_CANNON/309/", "number": "309", "link": "https://www.docketalarm.com/cases/Florida_State_Duval_County_Fourth_Circuit_Court/2017-CF-004572/TENELLE_CAMERON_CANNON/docs/309.pdf", "entry_date": "1/10/2019", "date": "1/10/2019", "contents": "<a href=\"/cases/Florida_State_Duval_County_Fourth_Circuit_Court/2017-CF-004572/TENELLE_CAMERON_CANNON/309/\"><span class='description'>COMMITMENT CHECKLIST SENT</span></a> entered 01/10/2019."}, {"date": "1/9/2019", "number": "308", "contents": "<span class='description'>STATUS CONFERENCE 01/10/2019 9:00 AM - 306 3RD FLOOR, 501 W ADAMS ST JACKSONVILLE FL 32202</span> entered 01/09/2019.", "entry_date": "1/9/2019"}, {"date": "1/9/2019", "number": "307", "contents": "<span class='description'>DEFENDANT NOT PRESENT</span> entered 01/09/2019.", "entry_date": "1/9/2019"}, {"date": "1/9/2019", "number": "306", "contents": "<span class='description'>ASST. PUB. DEF. BILLARD, DEBRA DEKAY</span> entered 01/09/2019.", "entry_date": "1/9/2019"}, {"date": "1/9/2019", "number": "305", "contents": "<span class='description'>ASST. STATE ATTY. HILL, GARRETT</span> entered 01/09/2019.", "entry_date": "1/9/2019"}, {"date": "1/9/2019", "number": "304", "contents": "<span class='description'>JUDGE BORELLO, MARK</span> entered 01/09/2019.", "entry_date": "1/9/2019"}, {"date": "1/8/2019", "number": "303", "contents": "<span class='description'>SENTENCING GUIDELINES</span> entered 01/10/2019.", "entry_date": "1/10/2019"}, {"date": "1/7/2019", "number": "302", "contents": "<span class='description'>RESTITUTION ORDER CREATED FOR: $ $11,225.00 BOOK 18652 PAGE 1062-1063</span> entered 01/08/2019.", "entry_date": "1/8/2019"}, {"date": "1/2/2019", "number": "301", "contents": "<span class='description'>PER JA EMAIL</span> entered 01/02/2019.", "entry_date": "1/2/2019"}, {"date": "1/2/2019", "number": "300", "contents": "<span class='description'>HEARING ON MOTION (TO BE SET) 01/09/2019 9:00 AM - 306 3RD FLOOR, 501 W ADAMS ST JACKSONVILLE FL 32202</span> entered 01/02/2019.", "entry_date": "1/2/2019"}, {"link_viewer": "https://www.docketalarm.com/cases/Florida_State_Duval_County_Fourth_Circuit_Court/2017-CF-004572/TENELLE_CAMERON_CANNON/299/", "number": "299", "link": "https://www.docketalarm.com/cases/Florida_State_Duval_County_Fourth_Circuit_Court/2017-CF-004572/TENELLE_CAMERON_CANNON/docs/299.pdf", "entry_date": "12/17/2018", "date": "12/17/2018", "contents": "<a href=\"/cases/Florida_State_Duval_County_Fourth_Circuit_Court/2017-CF-004572/TENELLE_CAMERON_CANNON/299/\"><span class='description'>UNIFORM COMMITMENT TO CUSTODY OF DEPT. OF CORRECTIONS</span></a> entered 12/17/2018."}, {"date": "12/17/2018", "number": "298", "contents": "<span class='description'>CERTIFICATE OF SERVICE FOR JUDGMENT AND SENTENCE</span> entered 12/17/2018.", "entry_date": "12/17/2018"}, {"date": "12/17/2018", "number": "297", "contents": "<span class='description'>MOTION TO REDUCE AND MODIFY SENTENCE - 3.800(C) &amp; MOTION TO REVIEW UNDOCTORED, UNREDACTED VIDEO</span> entered 12/17/2018.", "entry_date": "12/17/2018"}, {"date": "12/14/2018", "number": "296", "contents": "<span class='description'>CLERKS EXHIBIT MEMO</span> entered 01/02/2019.", "entry_date": "1/2/2019"}, {"date": "12/14/2018", "number": "294", "contents": "<span class='description'>LETTER TO JUDGE-HRS</span> entered 12/17/2018.", "entry_date": "12/17/2018"}, {"date": "12/14/2018", "number": "293", "contents": "<span class='description'>LETTER TO JUDGE-HRS</span> entered 12/17/2018.", "entry_date": "12/17/2018"}, {"date": "12/14/2018", "number": "292", "contents": "<span class='description'>LETTER TO JUDGE-HRS</span> entered 12/17/2018.", "entry_date": "12/17/2018"}, {"date": "12/14/2018", "number": "291", "contents": "<span class='description'>CLERKS MEMO OF TRIAL</span> entered 12/17/2018.", "entry_date": "12/17/2018"}, {"date": "12/14/2018", "number": "290", "contents": "<span class='description'>ORDER OF INSOL. &amp; APPT. OF COUNSEL FOR PUR.OF APPEAL</span> entered 12/17/2018.", "entry_date": "12/17/2018"}, {"link_viewer": "https://www.docketalarm.com/cases/Florida_State_Duval_County_Fourth_Circuit_Court/2017-CF-004572/TENELLE_CAMERON_CANNON/288/", "number": "288", "link": "https://www.docketalarm.com/cases/Florida_State_Duval_County_Fourth_Circuit_Court/2017-CF-004572/TENELLE_CAMERON_CANNON/docs/288.pdf", "entry_date": "12/17/2018", "date": "12/14/2018", "contents": "<a href=\"/cases/Florida_State_Duval_County_Fourth_Circuit_Court/2017-CF-004572/TENELLE_CAMERON_CANNON/288/\"><span class='description'>PAYMENT AUTHORIZATION SHEET</span></a> entered 12/17/2018."}, {"link_viewer": "https://www.docketalarm.com/cases/Florida_State_Duval_County_Fourth_Circuit_Court/2017-CF-004572/TENELLE_CAMERON_CANNON/287/", "number": "287", "link": "https://www.docketalarm.com/cases/Florida_State_Duval_County_Fourth_Circuit_Court/2017-CF-004572/TENELLE_CAMERON_CANNON/docs/287.pdf", "entry_date": "12/17/2018", "date": "12/14/2018", "contents": "<a href=\"/cases/Florida_State_Duval_County_Fourth_Circuit_Court/2017-CF-004572/TENELLE_CAMERON_CANNON/287/\"><span class='description'>COURT ORDERED COSTS/FINES/FEES</span></a> entered 12/17/2018."}, {"date": "12/14/2018", "number": "286", "contents": "<span class='description'>FEES DUE: 3/14/2059</span> entered 12/17/2018.", "entry_date": "12/17/2018"}, {"date": "12/14/2018", "number": "285", "contents": "<span class='description'>CSTF 20.00 IMPOSED</span> entered 12/17/2018.", "entry_date": "12/17/2018"}, {"date": "12/14/2018", "number": "284", "contents": "<span class='description'>SAIEF 100.00 IMPOSED</span> entered 12/17/2018.", "entry_date": "12/17/2018"}, {"date": "12/14/2018", "number": "283", "contents": "<span class='description'>AACC 65.00 IMPOSED</span> entered 12/17/2018.", "entry_date": "12/17/2018"}, {"date": "12/14/2018", "number": "282", "contents": "<span class='description'>TNC 3.00 IMPOSED</span> entered 12/17/2018.", "entry_date": "12/17/2018"}, {"date": "12/14/2018", "number": "281", "contents": "<span class='description'>PD FEE 100.00 IMPOSED</span> entered 12/17/2018.", "entry_date": "12/17/2018"}, {"date": "12/14/2018", "number": "280", "contents": "<span class='description'>LGTF 225.00 IMPOSED</span> entered 12/17/2018.", "entry_date": "12/17/2018"}, {"date": "12/14/2018", "number": "279", "contents": "<span class='description'>CCT 50.00 IMPOSED</span> entered 12/17/2018.", "entry_date": "12/17/2018"}, {"date": "12/14/2018", "number": "278", "contents": "<span class='description'>COST OF COURT 50.00 IMPOSED</span> entered 12/17/2018.", "entry_date": "12/17/2018"}, {"date": "12/14/2018", "number": "277", "contents": "<span class='description'>LEEA 5.00 IMPOSED</span> entered 12/17/2018.", "entry_date": "12/17/2018"}, {"date": "12/14/2018", "number": "276", "contents": "<span class='description'>STATE WAIVES MANDATORY MINIMUM SENTENCE PER F.S. 775.087(1) &amp; 775.087(2)(A)3</span> entered 12/17/2018.", "entry_date": "12/17/2018"}, {"date": "12/14/2018", "number": "275", "contents": "<span class='description'>CREDIT TIME: 575 DAYS</span> entered 12/17/2018.", "entry_date": "12/17/2018"}, {"link_viewer": "https://www.docketalarm.com/cases/Florida_State_Duval_County_Fourth_Circuit_Court/2017-CF-004572/TENELLE_CAMERON_CANNON/274/", "number": "274", "link": "https://www.docketalarm.com/cases/Florida_State_Duval_County_Fourth_Circuit_Court/2017-CF-004572/TENELLE_CAMERON_CANNON/docs/274.pdf", "entry_date": "12/17/2018", "date": "12/14/2018", "contents": "<a href=\"/cases/Florida_State_Duval_County_Fourth_Circuit_Court/2017-CF-004572/TENELLE_CAMERON_CANNON/274/\"><span class='description'>JUDGMENT AND SENTENCE TO STATE PRISON FOR 40 YEARS</span></a> entered 12/17/2018."}, {"date": "12/14/2018", "number": "273", "contents": "<span class='description'>DEF. ADJUDGED GUILTY - FINGERPRINTS TAKEN</span> entered 12/17/2018.", "entry_date": "12/17/2018"}, {"date": "12/14/2018", "number": "272", "contents": "<span class='description'>DEFENDANT PRESENT IN JAIL</span> entered 12/17/2018.", "entry_date": "12/17/2018"}, {"date": "12/14/2018", "number": "271", "contents": "<span class='description'>ASST. PUB. DEF. BILLARD, DEBRA DEKAY</span> entered 12/17/2018.", "entry_date": "12/17/2018"}, {"date": "12/14/2018", "number": "270", "contents": "<span class='description'>DEF. ADJUDGED INSOLVENT PUB. DEF. APPTD.</span> entered 12/17/2018.", "entry_date": "12/17/2018"}, {"date": "12/14/2018", "number": "269", "contents": "<span class='description'>ASST. STATE ATTY. HILL, GARRETT</span> entered 12/17/2018.", "entry_date": "12/17/2018"}, {"date": "12/14/2018", "number": "268", "contents": "<span class='description'>JUDGE BORELLO, MARK</span> entered 12/17/2018.", "entry_date": "12/17/2018"}, {"date": "12/10/2018", "number": "267", "contents": "<span class='description'>MEMORANDUM (DEFENDANT'S SENTENCING)</span> entered 12/10/2018.", "entry_date": "12/10/2018"}, {"date": "11/27/2018", "number": "266", "contents": "<span class='description'>&gt; CANCEL REASON - NEW COURT DATE SET</span> entered 11/27/2018.", "entry_date": "11/27/2018"}, {"date": "11/27/2018", "number": "265", "contents": "<span class='description'>CANCELLED FINAL PRETRIAL ON 11/29/2018 9:00:00 AM</span> entered 11/27/2018.", "entry_date": "11/27/2018"}, {"date": "11/27/2018", "number": "264", "contents": "<span class='description'>@ 2:00 PM</span> entered 11/27/2018.", "entry_date": "11/27/2018"}, {"date": "11/27/2018", "number": "263", "contents": "<span class='description'>SENTENCING 12/14/2018 9:00 AM - 306 3RD FLOOR, 501 W ADAMS ST JACKSONVILLE FL 32202</span> entered 11/27/2018.", "entry_date": "11/27/2018"}, {"date": "11/27/2018", "number": "262", "contents": "<span class='description'>DEFENDANT PLEAD GUILTY</span> entered 11/27/2018.", "entry_date": "11/27/2018"}, {"date": "11/27/2018", "number": "261", "contents": "<span class='description'>DEFENDANT WAIVES PRE-SENTENCE INVESTIGATION</span> entered 11/27/2018.", "entry_date": "11/27/2018"}, {"date": "11/27/2018", "number": "260", "contents": "<span class='description'>ACKNOWLEDGE. OF RIGHTS &amp; VOLUNTARINESS OF ENTRY OF PLEA</span> entered 11/27/2018.", "entry_date": "11/27/2018"}, {"date": "11/27/2018", "number": "259", "contents": "<span class='description'>DEF. PERMITTED TO W/D PLEA OF NOT GUILTY TO GUILTY</span> entered 11/27/2018.", "entry_date": "11/27/2018"}, {"date": "11/27/2018", "number": "258", "contents": "<span class='description'>DEFENDANT PRESENT IN JAIL</span> entered 11/27/2018.", "entry_date": "11/27/2018"}, {"date": "11/27/2018", "number": "257", "contents": "<span class='description'>ASST. PUB. DEF. BILLARD, DEBRA DEKAY</span> entered 11/27/2018.", "entry_date": "11/27/2018"}, {"date": "11/27/2018", "number": "256", "contents": "<span class='description'>ASST. STATE ATTY. HILL, GARRETT</span> entered 11/27/2018.", "entry_date": "11/27/2018"}, {"date": "11/27/2018", "number": "255", "contents": "<span class='description'>JUDGE BORELLO, MARK</span> entered 11/27/2018.", "entry_date": "11/27/2018"}, {"date": "11/26/2018", "number": "254", "contents": "<span class='description'>(ENTRY OF PLEA) PER JA E-MAIL</span> entered 11/26/2018.", "entry_date": "11/26/2018"}, {"date": "11/26/2018", "number": "253", "contents": "<span class='description'>STATUS HEARING 11/27/2018 9:00 AM - 306 3RD FLOOR, 501 W ADAMS ST JACKSONVILLE FL 32202</span> entered 11/26/2018.", "entry_date": "11/26/2018"}, {"date": "11/5/2018", "number": "252", "contents": "<span class='description'>12/3/18 JS</span> entered 11/05/2018.", "entry_date": "11/5/2018"}, {"date": "11/5/2018", "number": "251", "contents": "<span class='description'>FINAL PRETRIAL 11/29/2018 9:00 AM - 306 3RD FLOOR, 501 W ADAMS ST JACKSONVILLE FL 32202</span> entered 11/05/2018.", "entry_date": "11/5/2018"}, {"date": "11/5/2018", "number": "250", "contents": "<span class='description'>NELSON HEARING : HELD IN FULL, COURT FINDS ALLEGATIONS BASELESS</span> entered 11/05/2018.", "entry_date": "11/5/2018"}, {"date": "11/5/2018", "number": "249", "contents": "<span class='description'>DEFENDANT PRESENT IN JAIL</span> entered 11/05/2018.", "entry_date": "11/5/2018"}, {"date": "11/5/2018", "number": "248", "contents": "<span class='description'>ASST. PUB. DEF. BILLARD, DEBRA DEKAY</span> entered 11/05/2018.", "entry_date": "11/5/2018"}, {"date": "11/5/2018", "number": "247", "contents": "<span class='description'>ASST. STATE ATTY. HILL, GARRETT</span> entered 11/05/2018.", "entry_date": "11/5/2018"}, {"date": "11/5/2018", "number": "246", "contents": "<span class='description'>JUDGE BORELLO, MARK</span> entered 11/05/2018.", "entry_date": "11/5/2018"}, {"date": "11/2/2018", "number": "245", "contents": "<span class='description'>STATE'S FIRST MOTION IN LIMINE</span> entered 11/05/2018.", "entry_date": "11/5/2018"}, {"date": "10/25/2018", "number": "244", "contents": "<span class='description'>SUBPOENA FOR DEPOSITION (3 FILED)</span> entered 10/25/2018.", "entry_date": "10/25/2018"}, {"date": "10/23/2018", "number": "243", "contents": "<span class='description'>SUBPOENA FOR DEPOSITION - DEFENSE</span> entered 10/23/2018.", "entry_date": "10/23/2018"}, {"date": "9/12/2018", "number": "242", "contents": "<span class='description'>SUBPOENA FOR TELEPHONIC DEPOSITION</span> entered 09/12/2018.", "entry_date": "9/12/2018"}, {"date": "9/12/2018", "number": "241", "contents": "<span class='description'>NOTICE OF TAKING DEPOSITION</span> entered 09/12/2018.", "entry_date": "9/12/2018"}, {"date": "9/10/2018", "number": "240", "contents": "<span class='description'>STATES# FOURTH SUPPLEMENTAL DISCOVERY EXHIBIT</span> entered 09/10/2018.", "entry_date": "9/10/2018"}, {"date": "9/10/2018", "number": "239", "contents": "<span class='description'>11/29/18 FPT, 12/3/18 JS</span> entered 09/10/2018.", "entry_date": "9/10/2018"}, {"date": "9/10/2018", "number": "238", "contents": "<span class='description'>PRETRIAL 11/05/2018 9:00 AM - 306 3RD FLOOR, 501 W ADAMS ST JACKSONVILLE FL 32202</span> entered 09/10/2018.", "entry_date": "9/10/2018"}, {"date": "9/10/2018", "number": "237", "contents": "<span class='description'>DEFENDANT PRESENT IN JAIL</span> entered 09/10/2018.", "entry_date": "9/10/2018"}, {"date": "9/10/2018", "number": "236", "contents": "<span class='description'>ASST. PUB. DEF. BILLARD, DEBRA DEKAY</span> entered 09/10/2018.", "entry_date": "9/10/2018"}, {"date": "9/10/2018", "number": "235", "contents": "<span class='description'>ASST. STATE ATTY. HILL, GARRETT</span> entered 09/10/2018.", "entry_date": "9/10/2018"}, {"date": "9/10/2018", "number": "234", "contents": "<span class='description'>JUDGE BORELLO, MARK</span> entered 09/10/2018.", "entry_date": "9/10/2018"}, {"date": "8/2/2018", "number": "233", "contents": "<span class='description'>11/29/18 FPT, 12/3/18 JS</span> entered 08/02/2018.", "entry_date": "8/2/2018"}, {"date": "8/2/2018", "number": "232", "contents": "<span class='description'>PRETRIAL 09/10/2018 9:00 AM - 306 3RD FLOOR, 501 W ADAMS ST JACKSONVILLE FL 32202</span> entered 08/02/2018.", "entry_date": "8/2/2018"}, {"date": "8/2/2018", "number": "231", "contents": "<span class='description'>&gt; CANCEL REASON - NEW COURT DATE SET</span> entered 08/02/2018.", "entry_date": "8/2/2018"}, {"date": "8/2/2018", "number": "230", "contents": "<span class='description'>CANCELLED PRETRIAL ON 8/30/2018 9:00:00 AM</span> entered 08/02/2018.", "entry_date": "8/2/2018"}, {"date": "8/2/2018", "number": "229", "contents": "<span class='description'>MOTION - - JOINT MOTION FOR CONTINUANCE OF TRIAL -GRANTED.</span> entered 08/02/2018.", "entry_date": "8/2/2018"}, {"date": "8/2/2018", "number": "228", "contents": "<span class='description'>DEFENDANT PRESENT IN JAIL</span> entered 08/02/2018.", "entry_date": "8/2/2018"}, {"date": "8/2/2018", "number": "227", "contents": "<span class='description'>ASST. PUB. DEF. BILLARD, DEBRA DEKAY</span> entered 08/02/2018.", "entry_date": "8/2/2018"}, {"date": "8/2/2018", "number": "226", "contents": "<span class='description'>ASST. STATE ATTY. HILL, GARRETT</span> entered 08/02/2018.", "entry_date": "8/2/2018"}, {"date": "8/2/2018", "number": "225", "contents": "<span class='description'>JUDGE BORELLO, MARK</span> entered 08/02/2018.", "entry_date": "8/2/2018"}, {"date": "7/31/2018", "number": "224", "contents": "<span class='description'>MOTION FOR CONTINUANCE</span> entered 08/01/2018.", "entry_date": "8/1/2018"}, {"date": "7/31/2018", "number": "223", "contents": "<span class='description'>PER JA E-MAIL</span> entered 07/31/2018.", "entry_date": "7/31/2018"}, {"date": "7/31/2018", "number": "222", "contents": "<span class='description'>STATUS HEARING 08/02/2018 9:00 AM - 306 3RD FLOOR, 501 W ADAMS ST JACKSONVILLE FL 32202</span> entered 07/31/2018.", "entry_date": "7/31/2018"}, {"date": "7/24/2018", "number": "221", "contents": "<span class='description'>9/6/18 FPT, 9/10/18 JS</span> entered 07/24/2018.", "entry_date": "7/24/2018"}, {"date": "7/24/2018", "number": "220", "contents": "<span class='description'>PRETRIAL 08/30/2018 9:00 AM - 306 3RD FLOOR, 501 W ADAMS ST JACKSONVILLE FL 32202</span> entered 07/24/2018.", "entry_date": "7/24/2018"}, {"date": "7/24/2018", "number": "219", "contents": "<span class='description'>OTHERS PRESENT: T. ROVER FOR D. BILLARD</span> entered 07/24/2018.", "entry_date": "7/24/2018"}, {"date": "7/24/2018", "number": "218", "contents": "<span class='description'>DEFENDANT PRESENT IN JAIL</span> entered 07/24/2018.", "entry_date": "7/24/2018"}, {"date": "7/24/2018", "number": "217", "contents": "<span class='description'>ASST. PUB. DEF. BILLARD, DEBRA DEKAY</span> entered 07/24/2018.", "entry_date": "7/24/2018"}, {"date": "7/24/2018", "number": "216", "contents": "<span class='description'>ASST. STATE ATTY. HILL, GARRETT</span> entered 07/24/2018.", "entry_date": "7/24/2018"}, {"date": "7/24/2018", "number": "215", "contents": "<span class='description'>JUDGE BORELLO, MARK</span> entered 07/24/2018.", "entry_date": "7/24/2018"}, {"date": "6/26/2018", "number": "214", "contents": "<span class='description'>9/6/18 FPT, 9/10/18 JS</span> entered 06/26/2018.", "entry_date": "6/26/2018"}, {"date": "6/26/2018", "number": "213", "contents": "<span class='description'>PRETRIAL 07/24/2018 9:00 AM - 306 3RD FLOOR, 501 W ADAMS ST JACKSONVILLE FL 32202</span> entered 06/26/2018.", "entry_date": "6/26/2018"}, {"date": "6/26/2018", "number": "212", "contents": "<span class='description'>OTHERS PRESENT: J. COOPER FOR G. HILL</span> entered 06/26/2018.", "entry_date": "6/26/2018"}, {"date": "6/26/2018", "number": "211", "contents": "<span class='description'>DEFENDANT PRESENT IN JAIL</span> entered 06/26/2018.", "entry_date": "6/26/2018"}, {"date": "6/26/2018", "number": "210", "contents": "<span class='description'>ASST. PUB. DEF. BILLARD, DEBRA DEKAY</span> entered 06/26/2018.", "entry_date": "6/26/2018"}, {"date": "6/26/2018", "number": "209", "contents": "<span class='description'>ASST. STATE ATTY. HILL, GARRETT</span> entered 06/26/2018.", "entry_date": "6/26/2018"}, {"date": "6/26/2018", "number": "208", "contents": "<span class='description'>JUDGE BORELLO, MARK</span> entered 06/26/2018.", "entry_date": "6/26/2018"}, {"date": "5/21/2018", "number": "207", "contents": "<span class='description'>9/6/18 FPT, 9/10/18 JS</span> entered 05/21/2018.", "entry_date": "5/21/2018"}, {"date": "5/21/2018", "number": "206", "contents": "<span class='description'>PRETRIAL 06/26/2018 9:00 AM - 306 3RD FLOOR, 501 W ADAMS ST JACKSONVILLE FL 32202</span> entered 05/21/2018.", "entry_date": "5/21/2018"}, {"date": "5/21/2018", "number": "205", "contents": "<span class='description'>OTHERS PRESENT: T. ROVER FOR D. BILLARD</span> entered 05/21/2018.", "entry_date": "5/21/2018"}, {"date": "5/21/2018", "number": "204", "contents": "<span class='description'>DEFENDANT PRESENT IN JAIL</span> entered 05/21/2018.", "entry_date": "5/21/2018"}, {"date": "5/21/2018", "number": "203", "contents": "<span class='description'>ASST. PUB. DEF. BILLARD, DEBRA DEKAY</span> entered 05/21/2018.", "entry_date": "5/21/2018"}, {"date": "5/21/2018", "number": "202", "contents": "<span class='description'>ASST. STATE ATTY. HILL, GARRETT</span> entered 05/21/2018.", "entry_date": "5/21/2018"}, {"date": "5/21/2018", "number": "201", "contents": "<span class='description'>JUDGE BORELLO, MARK</span> entered 05/21/2018.", "entry_date": "5/21/2018"}, {"date": "5/17/2018", "number": "200", "contents": "<span class='description'>TESTIMONY &amp; PROCEEDINGS OF OCTOBER 19,2017</span> entered 05/18/2018.", "entry_date": "5/18/2018"}, {"date": "4/7/2018", "number": "199", "contents": "<span class='description'>SUBPOENA FOR DEPOSITION</span> entered 04/09/2018.", "entry_date": "4/9/2018"}, {"date": "4/7/2018", "number": "198", "contents": "<span class='description'>SUBPOENA FOR DEPOSITION</span> entered 04/09/2018.", "entry_date": "4/9/2018"}, {"date": "3/26/2018", "number": "197", "contents": "<span class='description'>NOTICE OF TAKING DEPOSITION</span> entered 03/26/2018.", "entry_date": "3/26/2018"}, {"date": "3/20/2018", "number": "196", "contents": "<span class='description'>COURT ORDER GRANTING MOTION TO DENY BAIL. MOTION FILED 3-19-18</span> entered 03/21/2018.", "entry_date": "3/21/2018"}, {"date": "3/20/2018", "number": "195", "contents": "<span class='description'>9/6/18 FPT, 9/10/18 JS</span> entered 03/20/2018.", "entry_date": "3/20/2018"}, {"date": "3/20/2018", "number": "194", "contents": "<span class='description'>HEARING ON MOTION (TO BE SET) 05/21/2018 9:00 AM - 306 3RD FLOOR, 501 W ADAMS ST JACKSONVILLE FL 32202</span> entered 03/20/2018.", "entry_date": "3/20/2018"}, {"date": "3/20/2018", "number": "193", "contents": "<span class='description'>HEARING ON DENFENDANT'S MOTION FOR REDUCTION OF BAIL HELD IN FULL AND DENIED WITHOUT PREJUDICE</span> entered 03/21/2018.", "entry_date": "3/21/2018"}, {"date": "3/20/2018", "number": "192", "contents": "<span class='description'>CLERKS MEMO OF HEARING - FILED</span> entered 03/20/2018.", "entry_date": "3/20/2018"}, {"date": "3/20/2018", "number": "191", "contents": "<span class='description'>MOTION - - DEFENSE MOTION FOR REDUCTION OF BAIL - DENIED WITHOUT PREJUDICE.</span> entered 03/20/2018.", "entry_date": "3/20/2018"}, {"date": "3/20/2018", "number": "190", "contents": "<span class='description'>MOTION - - STATES MOTION TO DENY BAIL - GRANTED.</span> entered 03/20/2018.", "entry_date": "3/20/2018"}, {"date": "3/20/2018", "number": "189", "contents": "<span class='description'>DEFENDANT PRESENT IN JAIL</span> entered 03/20/2018.", "entry_date": "3/20/2018"}, {"date": "3/20/2018", "number": "188", "contents": "<span class='description'>ASST. PUB. DEF. BILLARD, DEBRA DEKAY</span> entered 03/20/2018.", "entry_date": "3/20/2018"}, {"date": "3/20/2018", "number": "187", "contents": "<span class='description'>ASST. STATE ATTY. HILL, GARRETT</span> entered 03/20/2018.", "entry_date": "3/20/2018"}, {"date": "3/20/2018", "number": "186", "contents": "<span class='description'>JUDGE BORELLO, MARK</span> entered 03/20/2018.", "entry_date": "3/20/2018"}, {"date": "3/19/2018", "number": "185", "contents": "<span class='description'>SUBPOENA FOR DEPOSITION</span> entered 03/20/2018.", "entry_date": "3/20/2018"}, {"date": "3/19/2018", "number": "184", "contents": "<span class='description'>MOTION TO DENY BAIL</span> entered 03/19/2018.", "entry_date": "3/19/2018"}, {"date": "3/19/2018", "number": "183", "contents": "<span class='description'>9/6/18 FPT, 9/10/18 JS</span> entered 03/19/2018.", "entry_date": "3/19/2018"}, {"date": "3/19/2018", "number": "182", "contents": "<span class='description'>BOND HEARING 03/20/2018 9:00 AM - 306 3RD FLOOR, 501 W ADAMS ST JACKSONVILLE FL 32202</span> entered 03/19/2018.", "entry_date": "3/19/2018"}, {"date": "3/19/2018", "number": "181", "contents": "<span class='description'>DEFENDANT PRESENT IN JAIL</span> entered 03/19/2018.", "entry_date": "3/19/2018"}, {"date": "3/19/2018", "number": "180", "contents": "<span class='description'>ASST. PUB. DEF. BILLARD, DEBRA DEKAY</span> entered 03/19/2018.", "entry_date": "3/19/2018"}, {"date": "3/19/2018", "number": "179", "contents": "<span class='description'>ASST. STATE ATTY. HILL, GARRETT</span> entered 03/19/2018.", "entry_date": "3/19/2018"}, {"date": "3/19/2018", "number": "178", "contents": "<span class='description'>JUDGE BORELLO, MARK</span> entered 03/19/2018.", "entry_date": "3/19/2018"}, {"date": "3/15/2018", "number": "177", "contents": "<span class='description'>SUBPOENA FOR DEPOSITION</span> entered 03/16/2018.", "entry_date": "3/16/2018"}, {"date": "3/14/2018", "number": "176", "contents": "<span class='description'>SUBPOENA FOR DEPOSITION (3 ATTACHED) - DEFENSE</span> entered 03/16/2018.", "entry_date": "3/16/2018"}, {"date": "3/13/2018", "number": "175", "contents": "<span class='description'>NOTICE OF TAKING DEPOSITION</span> entered 03/13/2018.", "entry_date": "3/13/2018"}, {"date": "3/13/2018", "number": "174", "contents": "<span class='description'>NOTICE OF TAKING DEPOSITION</span> entered 03/13/2018.", "entry_date": "3/13/2018"}, {"date": "3/13/2018", "number": "173", "contents": "<span class='description'>9/6/18 FPT, 9/10/18 JS</span> entered 03/13/2018.", "entry_date": "3/13/2018"}, {"date": "3/13/2018", "number": "172", "contents": "<span class='description'>DEFENDANT PRESENT IN JAIL</span> entered 03/13/2018.", "entry_date": "3/13/2018"}, {"date": "3/13/2018", "number": "171", "contents": "<span class='description'>ASST. STATE ATTY. HILL, GARRETT</span> entered 03/13/2018.", "entry_date": "3/13/2018"}, {"date": "3/13/2018", "number": "170", "contents": "<span class='description'>PRETRIAL 03/19/2018 9:00 AM - 306 3RD FLOOR, 501 W ADAMS ST JACKSONVILLE FL 32202</span> entered 03/13/2018.", "entry_date": "3/13/2018"}, {"date": "3/13/2018", "number": "169", "contents": "<span class='description'>ASST. PUB. DEF. BILLARD, DEBRA DEKAY</span> entered 03/13/2018.", "entry_date": "3/13/2018"}, {"date": "3/13/2018", "number": "168", "contents": "<span class='description'>JUDGE BORELLO, MARK</span> entered 03/13/2018.", "entry_date": "3/13/2018"}, {"date": "3/9/2018", "number": "167", "contents": "<span class='description'>MOTION FOR REDUCTION OF BAIL</span> entered 03/12/2018.", "entry_date": "3/12/2018"}, {"date": "3/8/2018", "number": "166", "contents": "<span class='description'>MOTION FOR MORE DEFINITE ADDRESS</span> entered 03/09/2018.", "entry_date": "3/9/2018"}, {"date": "3/6/2018", "number": "165", "contents": "<span class='description'>SUBPOENA FOR DEPOSITION(6)</span> entered 03/07/2018.", "entry_date": "3/7/2018"}, {"date": "2/16/2018", "number": "164", "contents": "<span class='description'>SUBPOENA FOR DEPOSITION</span> entered 02/20/2018.", "entry_date": "2/20/2018"}, {"date": "2/9/2018", "number": "163", "contents": "<span class='description'>SUBPOENA FOR DEPOSITION</span> entered 02/12/2018.", "entry_date": "2/12/2018"}, {"date": "2/6/2018", "number": "162", "contents": "<span class='description'>NOTICE OF TAKING DEPOSITION</span> entered 02/07/2018.", "entry_date": "2/7/2018"}, {"date": "2/6/2018", "number": "161", "contents": "<span class='description'>NOTICE OF TAKING DEPOSITION</span> entered 02/07/2018.", "entry_date": "2/7/2018"}, {"date": "2/6/2018", "number": "160", "contents": "<span class='description'>SUBPOENA FOR DEPOSITION</span> entered 02/07/2018.", "entry_date": "2/7/2018"}, {"date": "2/5/2018", "number": "159", "contents": "<span class='description'>SUBPOENA FOR DEPOSITION</span> entered 02/06/2018.", "entry_date": "2/6/2018"}, {"date": "2/5/2018", "number": "158", "contents": "<span class='description'>PRETRIAL 03/13/2018 9:00 AM - 306 3RD FLOOR, 501 W ADAMS ST JACKSONVILLE FL 32202</span> entered 02/05/2018.", "entry_date": "2/5/2018"}, {"date": "2/5/2018", "number": "157", "contents": "<span class='description'>ASST. PUB. DEF. BILLARD, DEBRA DEKAY</span> entered 02/05/2018.", "entry_date": "2/5/2018"}, {"date": "2/5/2018", "number": "156", "contents": "<span class='description'>JUDGE BORELLO, MARK</span> entered 02/05/2018.", "entry_date": "2/5/2018"}, {"date": "2/5/2018", "number": "155", "contents": "<span class='description'>NOTICE OF TAKING DEPOSITION</span> entered 02/05/2018.", "entry_date": "2/5/2018"}, {"date": "2/5/2018", "number": "154", "contents": "<span class='description'>SUBPOENA FOR DEPOSITION</span> entered 02/06/2018.", "entry_date": "2/6/2018"}, {"date": "2/5/2018", "number": "153", "contents": "<span class='description'>DEFENDANT PRESENT IN JAIL</span> entered 02/05/2018.", "entry_date": "2/5/2018"}, {"date": "2/5/2018", "number": "152", "contents": "<span class='description'>ASST. STATE ATTY. HILL, GARRETT</span> entered 02/05/2018.", "entry_date": "2/5/2018"}, {"date": "2/5/2018", "number": "151", "contents": "<span class='description'>NOTICE OF TAKING DEPOSITION</span> entered 02/05/2018.", "entry_date": "2/5/2018"}, {"date": "1/23/2018", "number": "150", "contents": "<span class='description'>OTHERS PRESENT: T. MANGAN FOR G. HILL</span> entered 01/23/2018.", "entry_date": "1/23/2018"}, {"date": "1/23/2018", "number": "149", "contents": "<span class='description'>ASST. PUB. DEF. BILLARD, DEBRA DEKAY</span> entered 01/23/2018.", "entry_date": "1/23/2018"}, {"date": "1/23/2018", "number": "148", "contents": "<span class='description'>JUDGE BORELLO, MARK</span> entered 01/23/2018.", "entry_date": "1/23/2018"}, {"date": "1/23/2018", "number": "147", "contents": "<span class='description'>PRETRIAL 02/05/2018 9:00 AM - 306 3RD FLOOR, 501 W ADAMS ST JACKSONVILLE FL 32202</span> entered 01/23/2018.", "entry_date": "1/23/2018"}, {"date": "1/23/2018", "number": "146", "contents": "<span class='description'>DEFENDANT PRESENT IN JAIL</span> entered 01/23/2018.", "entry_date": "1/23/2018"}, {"date": "1/23/2018", "number": "145", "contents": "<span class='description'>ASST. STATE ATTY. HILL, GARRETT</span> entered 01/23/2018.", "entry_date": "1/23/2018"}, {"date": "1/16/2018", "number": "144", "contents": "<span class='description'>HEARING ON MOTION (TO BE SET) 01/23/2018 9:00 AM - 306 3RD FLOOR, 501 W ADAMS ST JACKSONVILLE FL 32202</span> entered 01/16/2018.", "entry_date": "1/16/2018"}, {"date": "1/16/2018", "number": "143", "contents": "<span class='description'>DEFENDANT PRESENT IN JAIL</span> entered 01/16/2018.", "entry_date": "1/16/2018"}, {"date": "1/16/2018", "number": "142", "contents": "<span class='description'>ASST. STATE ATTY. HILL, GARRETT</span> entered 01/16/2018.", "entry_date": "1/16/2018"}, {"date": "1/16/2018", "number": "141", "contents": "<span class='description'>JUDGE BORELLO, MARK</span> entered 01/16/2018.", "entry_date": "1/16/2018"}, {"date": "1/16/2018", "number": "140", "contents": "<span class='description'>(STAND YOUR GROUND)</span> entered 01/16/2018.", "entry_date": "1/16/2018"}, {"date": "1/16/2018", "number": "139", "contents": "<span class='description'>OTHERS PRESENT: T. ROVER FOR D. BILLARD</span> entered 01/16/2018.", "entry_date": "1/16/2018"}, {"date": "1/16/2018", "number": "138", "contents": "<span class='description'>ASST. PUB. DEF. BILLARD, DEBRA DEKAY</span> entered 01/16/2018.", "entry_date": "1/16/2018"}, {"link_viewer": "https://www.docketalarm.com/cases/Florida_State_Duval_County_Fourth_Circuit_Court/2017-CF-004572/TENELLE_CAMERON_CANNON/137/", "number": "137", "link": "https://www.docketalarm.com/cases/Florida_State_Duval_County_Fourth_Circuit_Court/2017-CF-004572/TENELLE_CAMERON_CANNON/docs/137.pdf", "entry_date": "1/10/2018", "date": "1/10/2018", "contents": "<a href=\"/cases/Florida_State_Duval_County_Fourth_Circuit_Court/2017-CF-004572/TENELLE_CAMERON_CANNON/137/\"><span class='description'>DEFENDANT DECLARED INDIGENT, ORDER APPOINTING PUBLIC DEFENDER - FILED</span></a> entered 01/10/2018."}, {"date": "1/10/2018", "number": "136", "contents": "<span class='description'>MOTION - - DEFENSE MOTION TO WITHDRAW - GRANTED. S.A. SIDDIQUI PERMITTED TO WITHDRAW AS COUNSEL FOR DEFENDANT.</span> entered 01/10/2018.", "entry_date": "1/10/2018"}, {"date": "1/10/2018", "number": "135", "contents": "<span class='description'>DEFENDANT PRESENT IN JAIL</span> entered 01/10/2018.", "entry_date": "1/10/2018"}, {"date": "1/10/2018", "number": "134", "contents": "<span class='description'>ASST. STATE ATTY. HILL, GARRETT</span> entered 01/10/2018.", "entry_date": "1/10/2018"}, {"date": "1/10/2018", "number": "133", "contents": "<span class='description'>JUDGE BORELLO, MARK</span> entered 01/10/2018.", "entry_date": "1/10/2018"}, {"date": "1/10/2018", "number": "132", "contents": "<span class='description'>PRETRIAL 01/16/2018 9:00 AM - 306 3RD FLOOR, 501 W ADAMS ST JACKSONVILLE FL 32202</span> entered 12/11/2017.", "entry_date": "12/11/2017"}, {"date": "1/10/2018", "number": "131", "contents": "<span class='description'>ASST. PUB. DEF. PUBLIC DEFENDER ASSIGNED</span> entered 01/10/2018.", "entry_date": "1/10/2018"}, {"date": "1/9/2018", "number": "130", "contents": "<span class='description'>MOTION TO WITHDRAW</span> entered 01/09/2018.", "entry_date": "1/9/2018"}, {"date": "1/9/2018", "number": "129", "contents": "<span class='description'>PER JA E-MAIL</span> entered 01/09/2018.", "entry_date": "1/9/2018"}, {"date": "1/9/2018", "number": "128", "contents": "<span class='description'>HEARING ON MOTION 01/10/2018 9:00 AM - 306 3RD FLOOR, 501 W ADAMS ST JACKSONVILLE FL 32202</span> entered 01/09/2018.", "entry_date": "1/9/2018"}, {"date": "12/11/2017", "number": "127", "contents": "<span class='description'>ATTY. FOR DEF. SIDDIQUI, S A</span> entered 12/11/2017.", "entry_date": "12/11/2017"}, {"date": "12/11/2017", "number": "126", "contents": "<span class='description'>DEFENDANT PRESENT IN JAIL</span> entered 12/11/2017.", "entry_date": "12/11/2017"}, {"date": "12/11/2017", "number": "125", "contents": "<span class='description'>JUDGE BORELLO, MARK</span> entered 12/11/2017.", "entry_date": "12/11/2017"}, {"date": "12/11/2017", "number": "124", "contents": "<span class='description'>ASST. STATE ATTY. HILL, GARRETT</span> entered 12/11/2017.", "entry_date": "12/11/2017"}, {"date": "12/7/2017", "number": "123", "contents": "<span class='description'>DEFENDANT PRESENT IN JAIL</span> entered 12/07/2017.", "entry_date": "12/7/2017"}, {"date": "12/7/2017", "number": "122", "contents": "<span class='description'>ASST. STATE ATTY. HILL, GARRETT</span> entered 12/07/2017.", "entry_date": "12/7/2017"}, {"date": "12/7/2017", "number": "121", "contents": "<span class='description'>HEARING ON MOTION (TO BE SET) 12/11/2017 9:00 AM - 306 3RD FLOOR, 501 W ADAMS ST JACKSONVILLE FL 32202</span> entered 12/07/2017.", "entry_date": "12/7/2017"}, {"date": "12/7/2017", "number": "120", "contents": "<span class='description'>ATTY. FOR DEF. SIDDIQUI, S A</span> entered 12/07/2017.", "entry_date": "12/7/2017"}, {"date": "12/7/2017", "number": "119", "contents": "<span class='description'>JUDGE BORELLO, MARK</span> entered 12/07/2017.", "entry_date": "12/7/2017"}, {"date": "10/26/2017", "number": "118", "contents": "<span class='description'>DEFENSE'S SUPPLEMENTAL DEMAND FOR DISCOVERY</span> entered 10/27/2017.", "entry_date": "10/27/2017"}, {"date": "10/26/2017", "number": "117", "contents": "<span class='description'>12/11/17 HOM (TBS) STAND YOUR GROUND</span> entered 10/26/2017.", "entry_date": "10/26/2017"}, {"date": "10/26/2017", "number": "116", "contents": "<span class='description'>MOTION FOR \"STAND-YOUR-GROUND\" HEARING</span> entered 10/26/2017.", "entry_date": "10/26/2017"}, {"date": "10/26/2017", "number": "115", "contents": "<span class='description'>DEFENDANT PRESENT IN JAIL</span> entered 10/26/2017.", "entry_date": "10/26/2017"}, {"date": "10/26/2017", "number": "114", "contents": "<span class='description'>ASST. STATE ATTY. HILL, GARRETT</span> entered 10/26/2017.", "entry_date": "10/26/2017"}, {"date": "10/26/2017", "number": "113", "contents": "<span class='description'>PRETRIAL 12/07/2017 9:00 AM - 306 3RD FLOOR, 501 W ADAMS ST JACKSONVILLE FL 32202</span> entered 10/26/2017.", "entry_date": "10/26/2017"}, {"date": "10/26/2017", "number": "112", "contents": "<span class='description'>ATTY. FOR DEF. SIDDIQUI, S A</span> entered 10/26/2017.", "entry_date": "10/26/2017"}, {"date": "10/26/2017", "number": "111", "contents": "<span class='description'>JUDGE BORELLO, MARK</span> entered 10/26/2017.", "entry_date": "10/26/2017"}, {"date": "10/19/2017", "number": "110", "contents": "<span class='description'>ORDER MOTION TO CONTINUE (UNOPPOSED) - GRANTED</span> entered 10/20/2017.", "entry_date": "10/20/2017"}, {"date": "10/19/2017", "number": "109", "contents": "<span class='description'>MOTION - - DEFENSE MOTION TO CONTINUE (UNOPPOSED) - GRANTED</span> entered 10/19/2017.", "entry_date": "10/19/2017"}, {"date": "10/19/2017", "number": "108", "contents": "<span class='description'>HEARING ON MOTION (TO BE SET) 10/26/2017 9:00 AM - 306 3RD FLOOR, 501 W ADAMS ST JACKSONVILLE FL 32202</span> entered 10/19/2017.", "entry_date": "10/19/2017"}, {"date": "10/19/2017", "number": "107", "contents": "<span class='description'>ATTY. FOR DEF. SIDDIQUI, S A</span> entered 10/19/2017.", "entry_date": "10/19/2017"}, {"date": "10/19/2017", "number": "106", "contents": "<span class='description'>DEFENDANT PRESENT IN JAIL</span> entered 10/19/2017.", "entry_date": "10/19/2017"}, {"date": "10/19/2017", "number": "105", "contents": "<span class='description'>JUDGE BORELLO, MARK</span> entered 10/19/2017.", "entry_date": "10/19/2017"}, {"date": "10/19/2017", "number": "104", "contents": "<span class='description'>ASST. STATE ATTY. HILL, GARRETT</span> entered 10/19/2017.", "entry_date": "10/19/2017"}, {"date": "10/18/2017", "number": "103", "contents": "<span class='description'>MOTION TO CONTINUE (UNOPPOSED)</span> entered 10/19/2017.", "entry_date": "10/19/2017"}, {"date": "10/4/2017", "number": "102", "contents": "<span class='description'>STATE'S THIRD SUPPLEMENTAL DISCOVERY EXHIBIT</span> entered 10/04/2017.", "entry_date": "10/4/2017"}, {"date": "10/4/2017", "number": "101", "contents": "<span class='description'>FINAL PRETRIAL 10/19/2017 9:00 AM - 306 3RD FLOOR, 501 W ADAMS ST JACKSONVILLE FL 32202</span> entered 10/04/2017.", "entry_date": "10/4/2017"}, {"date": "10/4/2017", "number": "100", "contents": "<span class='description'>10/23/17 JS</span> entered 10/04/2017.", "entry_date": "10/4/2017"}, {"date": "10/4/2017", "number": "99", "contents": "<span class='description'>OTHERS PRESENT: MR. SIDDIQUI APPEARED BY PHONE</span> entered 10/04/2017.", "entry_date": "10/4/2017"}, {"date": "10/4/2017", "number": "98", "contents": "<span class='description'>DEFENDANT PRESENT IN JAIL</span> entered 10/04/2017.", "entry_date": "10/4/2017"}, {"date": "10/4/2017", "number": "97", "contents": "<span class='description'>MOTION - - DEFENSE ORAL MOTION FOR CONTINUANCE - UNDER ADVISEMENT</span> entered 10/04/2017.", "entry_date": "10/4/2017"}, {"date": "10/4/2017", "number": "96", "contents": "<span class='description'>&gt; ATTORNEY NOT PRESENT</span> entered 10/04/2017.", "entry_date": "10/4/2017"}, {"date": "10/4/2017", "number": "95", "contents": "<span class='description'>ASST. STATE ATTY. HILL, GARRETT</span> entered 10/04/2017.", "entry_date": "10/4/2017"}, {"date": "10/4/2017", "number": "94", "contents": "<span class='description'>ATTY. FOR DEF. SIDDIQUI, S A</span> entered 10/04/2017.", "entry_date": "10/4/2017"}, {"date": "10/4/2017", "number": "93", "contents": "<span class='description'>JUDGE BORELLO, MARK</span> entered 10/04/2017.", "entry_date": "10/4/2017"}, {"date": "10/3/2017", "number": "92", "contents": "<span class='description'>MOTION TO CONTINUE AND APPEAR TELEPHONICALLY</span> entered 10/04/2017.", "entry_date": "10/4/2017"}, {"date": "10/3/2017", "number": "91", "contents": "<span class='description'>STATES# SECOND SUPPLEMENTAL DISCOVERY EXHIBIT</span> entered 10/04/2017.", "entry_date": "10/4/2017"}, {"date": "9/20/2017", "number": "90", "contents": "<span class='description'>10/19/17 FPT, 10/23/17 JS</span> entered 09/20/2017.", "entry_date": "9/20/2017"}, {"date": "9/20/2017", "number": "89", "contents": "<span class='description'>DEFENDANT PRESENT IN JAIL</span> entered 09/20/2017.", "entry_date": "9/20/2017"}, {"date": "9/20/2017", "number": "88", "contents": "<span class='description'>ASST. STATE ATTY. HILL, GARRETT</span> entered 09/20/2017.", "entry_date": "9/20/2017"}, {"date": "9/20/2017", "number": "87", "contents": "<span class='description'>PRETRIAL 10/04/2017 9:00 AM - 306 3RD FLOOR, 501 W ADAMS ST JACKSONVILLE FL 32202</span> entered 09/20/2017.", "entry_date": "9/20/2017"}, {"date": "9/20/2017", "number": "86", "contents": "<span class='description'>ATTY. FOR DEF. SIDDIQUI, S A</span> entered 09/20/2017.", "entry_date": "9/20/2017"}, {"date": "9/20/2017", "number": "85", "contents": "<span class='description'>JUDGE BORELLO, MARK</span> entered 09/20/2017.", "entry_date": "9/20/2017"}, {"date": "9/19/2017", "number": "84", "contents": "<span class='description'>10/19/17 FPT, 10/23/17 JS</span> entered 09/19/2017.", "entry_date": "9/19/2017"}, {"date": "9/19/2017", "number": "83", "contents": "<span class='description'>&gt; ATTORNEY NOT PRESENT</span> entered 09/19/2017.", "entry_date": "9/19/2017"}, {"date": "9/19/2017", "number": "82", "contents": "<span class='description'>PRETRIAL 09/20/2017 9:00 AM - 306 3RD FLOOR, 501 W ADAMS ST JACKSONVILLE FL 32202</span> entered 09/19/2017.", "entry_date": "9/19/2017"}, {"date": "9/19/2017", "number": "81", "contents": "<span class='description'>ATTY. FOR DEF. SIDDIQUI, S A</span> entered 09/19/2017.", "entry_date": "9/19/2017"}, {"date": "9/19/2017", "number": "80", "contents": "<span class='description'>JUDGE BORELLO, MARK</span> entered 09/19/2017.", "entry_date": "9/19/2017"}, {"date": "9/19/2017", "number": "79", "contents": "<span class='description'>DEFENDANT PRESENT IN JAIL</span> entered 09/19/2017.", "entry_date": "9/19/2017"}, {"date": "9/19/2017", "number": "78", "contents": "<span class='description'>ASST. STATE ATTY. HILL, GARRETT</span> entered 09/19/2017.", "entry_date": "9/19/2017"}, {"date": "9/18/2017", "number": "77", "contents": "<span class='description'>PRETRIAL 09/19/2017 9:00 AM - 306 3RD FLOOR, 501 W ADAMS ST JACKSONVILLE FL 32202</span> entered 09/18/2017.", "entry_date": "9/18/2017"}, {"date": "9/18/2017", "number": "76", "contents": "<span class='description'>ATTY. FOR DEF. SIDDIQUI, S A</span> entered 09/18/2017.", "entry_date": "9/18/2017"}, {"date": "9/18/2017", "number": "75", "contents": "<span class='description'>10/19/17 FPT, 10/23/17 JS</span> entered 09/18/2017.", "entry_date": "9/18/2017"}, {"date": "9/18/2017", "number": "74", "contents": "<span class='description'>DEFENDANT PRESENT IN JAIL</span> entered 09/18/2017.", "entry_date": "9/18/2017"}, {"date": "9/18/2017", "number": "73", "contents": "<span class='description'>JUDGE BORELLO, MARK</span> entered 09/18/2017.", "entry_date": "9/18/2017"}, {"date": "9/18/2017", "number": "72", "contents": "<span class='description'>ASST. STATE ATTY. HILL, GARRETT</span> entered 09/18/2017.", "entry_date": "9/18/2017"}, {"date": "9/15/2017", "number": "71", "contents": "<span class='description'>10/19/17 FPT, 10/23/17 JS</span> entered 09/15/2017.", "entry_date": "9/15/2017"}, {"date": "9/15/2017", "number": "70", "contents": "<span class='description'>PRETRIAL 09/18/2017 9:00 AM - 306 3RD FLOOR, 501 W ADAMS ST JACKSONVILLE FL 32202</span> entered 09/15/2017.", "entry_date": "9/15/2017"}, {"date": "9/10/2017", "number": "69", "contents": "<span class='description'>MOTION CONTINUE/CANCEL</span> entered 09/18/2017.", "entry_date": "9/18/2017"}, {"date": "8/30/2017", "number": "68", "contents": "<span class='description'>PRETRIAL 09/14/2017 9:00 AM - 306 3RD FLOOR, 501 W ADAMS ST JACKSONVILLE FL 32202</span> entered 08/30/2017.", "entry_date": "8/30/2017"}, {"date": "8/30/2017", "number": "67", "contents": "<span class='description'>ATTY. FOR DEF. SIDDIQUI, S A</span> entered 08/30/2017.", "entry_date": "8/30/2017"}, {"date": "8/30/2017", "number": "66", "contents": "<span class='description'>JUDGE BORELLO, MARK</span> entered 08/30/2017.", "entry_date": "8/30/2017"}, {"date": "8/30/2017", "number": "65", "contents": "<span class='description'>10/19/17 FPT, 10/23/17 JS</span> entered 08/30/2017.", "entry_date": "8/30/2017"}, {"date": "8/30/2017", "number": "64", "contents": "<span class='description'>DEFENDANT PRESENT IN JAIL</span> entered 08/30/2017.", "entry_date": "8/30/2017"}, {"date": "8/30/2017", "number": "63", "contents": "<span class='description'>ASST. STATE ATTY. HILL, GARRETT</span> entered 08/30/2017.", "entry_date": "8/30/2017"}, {"date": "8/29/2017", "number": "62", "contents": "<span class='description'>10/19/2017 FPT; 10/23/17 JS</span> entered 08/29/2017.", "entry_date": "8/29/2017"}, {"date": "8/29/2017", "number": "61", "contents": "<span class='description'>&gt; ATTORNEY NOT PRESENT</span> entered 08/29/2017.", "entry_date": "8/29/2017"}, {"date": "8/29/2017", "number": "60", "contents": "<span class='description'>ATTY. FOR DEF. SIDDIQUI, S A</span> entered 08/29/2017.", "entry_date": "8/29/2017"}, {"date": "8/29/2017", "number": "59", "contents": "<span class='description'>JUDGE BORELLO, MARK</span> entered 08/29/2017.", "entry_date": "8/29/2017"}, {"date": "8/29/2017", "number": "58", "contents": "<span class='description'>STATE'S FIRST SUPPLEMENTAL DISCOVERY EXHIBIT</span> entered 08/30/2017.", "entry_date": "8/30/2017"}, {"date": "8/29/2017", "number": "57", "contents": "<span class='description'>PRETRIAL 08/30/2017 9:00 AM - 306 3RD FLOOR, 501 W ADAMS ST JACKSONVILLE FL 32202</span> entered 08/29/2017.", "entry_date": "8/29/2017"}, {"date": "8/29/2017", "number": "56", "contents": "<span class='description'>DEFENDANT NOT PRESENT</span> entered 08/29/2017.", "entry_date": "8/29/2017"}, {"date": "8/29/2017", "number": "55", "contents": "<span class='description'>ASST. STATE ATTY. HILL, GARRETT</span> entered 08/29/2017.", "entry_date": "8/29/2017"}, {"date": "8/8/2017", "number": "54", "contents": "<span class='description'>10/19/2017 FPT; 10/23/17 JS</span> entered 08/08/2017.", "entry_date": "8/8/2017"}, {"date": "8/8/2017", "number": "53", "contents": "<span class='description'>DEFENDANT PRESENT IN JAIL</span> entered 08/08/2017.", "entry_date": "8/8/2017"}, {"date": "8/8/2017", "number": "52", "contents": "<span class='description'>ASST. STATE ATTY. HILL, GARRETT</span> entered 08/08/2017.", "entry_date": "8/8/2017"}, {"date": "8/8/2017", "number": "51", "contents": "<span class='description'>MOTION FOR FORENSIC EXAMINATION</span> entered 08/09/2017.", "entry_date": "8/9/2017"}, {"date": "8/8/2017", "number": "50", "contents": "<span class='description'>PRETRIAL 08/29/2017 9:00 AM - 306 3RD FLOOR, 501 W ADAMS ST JACKSONVILLE FL 32202</span> entered 08/08/2017.", "entry_date": "8/8/2017"}, {"date": "8/8/2017", "number": "49", "contents": "<span class='description'>ATTY. FOR DEF. SIDDIQUI, S A</span> entered 08/08/2017.", "entry_date": "8/8/2017"}, {"date": "8/8/2017", "number": "48", "contents": "<span class='description'>JUDGE BORELLO, MARK</span> entered 08/08/2017.", "entry_date": "8/8/2017"}, {"date": "7/26/2017", "number": "47", "contents": "<span class='description'>PRETRIAL 08/08/2017 9:00 AM - 306 3RD FLOOR, 501 W ADAMS ST JACKSONVILLE FL 32202</span> entered 07/26/2017.", "entry_date": "7/26/2017"}, {"date": "7/26/2017", "number": "46", "contents": "<span class='description'>ATTY. FOR DEF. SIDDIQUI, S A</span> entered 07/26/2017.", "entry_date": "7/26/2017"}, {"date": "7/26/2017", "number": "45", "contents": "<span class='description'>JUDGE BORELLO, MARK</span> entered 07/26/2017.", "entry_date": "7/26/2017"}, {"date": "7/26/2017", "number": "44", "contents": "<span class='description'>DEFENDANT PRESENT IN JAIL</span> entered 07/26/2017.", "entry_date": "7/26/2017"}, {"date": "7/26/2017", "number": "43", "contents": "<span class='description'>ASST. STATE ATTY. HILL, GARRETT</span> entered 07/26/2017.", "entry_date": "7/26/2017"}, {"date": "7/5/2017", "number": "42", "contents": "<span class='description'>PRETRIAL 07/26/2017 9:00 AM - 306 3RD FLOOR, 501 W ADAMS ST JACKSONVILLE FL 32202</span> entered 07/05/2017.", "entry_date": "7/5/2017"}, {"date": "7/5/2017", "number": "41", "contents": "<span class='description'>DEF. W/READING OF INFO &amp; PLEAD NOT GUILTY</span> entered 07/05/2017.", "entry_date": "7/5/2017"}, {"date": "7/5/2017", "number": "40", "contents": "<span class='description'>DEFENDANT PRESENT IN JAIL</span> entered 07/05/2017.", "entry_date": "7/5/2017"}, {"date": "7/5/2017", "number": "39", "contents": "<span class='description'>ATTY. FOR DEF. SIDDIQUI, S A</span> entered 07/05/2017.", "entry_date": "7/5/2017"}, {"date": "7/5/2017", "number": "38", "contents": "<span class='description'>PLEA OF NOT GUILTY</span> entered 07/05/2017.", "entry_date": "7/5/2017"}, {"date": "7/5/2017", "number": "37", "contents": "<span class='description'>ASST. STATE ATTY. HILL, GARRETT</span> entered 07/05/2017.", "entry_date": "7/5/2017"}, {"date": "7/5/2017", "number": "36", "contents": "<span class='description'>JUDGE BORELLO, MARK</span> entered 07/05/2017.", "entry_date": "7/5/2017"}, {"date": "7/3/2017", "number": "35", "contents": "<span class='description'>STATE'S DISCOVERY EXHIBIT AND DEMAND FOR RECIPROCAL DISCOVERY</span> entered 07/03/2017.", "entry_date": "7/3/2017"}, {"date": "6/28/2017", "number": "34", "contents": "<span class='description'>WAIVER OF ARRAIGNMENT AND WRITTEN PLEA OF NOT GUILTY</span> entered 06/29/2017.", "entry_date": "6/29/2017"}, {"date": "6/28/2017", "number": "33", "contents": "<span class='description'>MOTION TO CONTINUE AND NOTICE OF CONFLICT</span> entered 06/29/2017.", "entry_date": "6/29/2017"}, {"date": "6/23/2017", "number": "31", "contents": "<span class='description'>PER JA E-MAIL</span> entered 06/23/2017.", "entry_date": "6/23/2017"}, {"date": "6/23/2017", "number": "30", "contents": "<span class='description'>TRIAL ASSISTANT STATE ATTORNEY CHANGED TO Hill, Garrett PER SAO</span> entered 06/23/2017.", "entry_date": "6/23/2017"}, {"date": "6/23/2017", "number": "29", "contents": "<span class='description'>&gt; CANCEL REASON -</span> entered 06/23/2017.", "entry_date": "6/23/2017"}, {"date": "6/23/2017", "number": "28", "contents": "<span class='description'>CANCELLED ARRAIGNMENT DATE ON 6/28/2017 9:00:00 AM</span> entered 06/23/2017.", "entry_date": "6/23/2017"}, {"date": "6/23/2017", "number": "27", "contents": "<span class='description'>ARRAIGNMENT DATE 07/05/2017 9:00 AM - 306 3RD FLOOR, 501 W ADAMS ST JACKSONVILLE FL 32202</span> entered 06/23/2017.", "entry_date": "6/23/2017"}, {"date": "6/21/2017", "number": "26", "contents": "<span class='description'>MOTION TO CONTINUE</span> entered 06/23/2017.", "entry_date": "6/23/2017"}, {"date": "6/21/2017", "number": "25", "contents": "<span class='description'>ARRAIGNMENT DATE 06/28/2017 9:00 AM - 306 3RD FLOOR, 501 W ADAMS ST JACKSONVILLE FL 32202</span> entered 06/21/2017.", "entry_date": "6/21/2017"}, {"date": "6/21/2017", "number": "24", "contents": "<span class='description'>PER JA E-MAIL</span> entered 06/21/2017.", "entry_date": "6/21/2017"}, {"date": "6/21/2017", "number": "23", "contents": "<span class='description'>&gt; CANCEL REASON -</span> entered 06/21/2017.", "entry_date": "6/21/2017"}, {"date": "6/21/2017", "number": "22", "contents": "<span class='description'>CANCELLED ARRAIGNMENT DATE ON 6/22/2017 9:00:00 AM</span> entered 06/21/2017.", "entry_date": "6/21/2017"}, {"date": "6/19/2017", "number": "21", "contents": "<span class='description'>ARRAIGNMENT DATE 06/22/2017 9:00 AM - 306 3RD FLOOR, 501 W ADAMS ST JACKSONVILLE FL 32202</span> entered 06/20/2017.", "entry_date": "6/20/2017"}, {"date": "6/19/2017", "number": "20", "contents": "<span class='description'>INFORMATION</span> entered 06/20/2017.", "entry_date": "6/20/2017"}, {"date": "6/19/2017", "number": "19", "contents": "<span class='description'>DROPPED/ABANDONED S782.04 MURDER</span> entered 06/20/2017.", "entry_date": "6/20/2017"}, {"date": "6/19/2017", "number": "18", "contents": "<span class='description'>INFORMATION FILED S782.04(2) MURDER IN THE SECOND DEGREE</span> entered 06/20/2017.", "entry_date": "6/20/2017"}, {"link_viewer": "https://www.docketalarm.com/cases/Florida_State_Duval_County_Fourth_Circuit_Court/2017-CF-004572/TENELLE_CAMERON_CANNON/17/", "number": "17", "link": "https://www.docketalarm.com/cases/Florida_State_Duval_County_Fourth_Circuit_Court/2017-CF-004572/TENELLE_CAMERON_CANNON/docs/17.pdf", "entry_date": "1/21/2020", "date": "6/13/2017", "contents": "<a href=\"/cases/Florida_State_Duval_County_Fourth_Circuit_Court/2017-CF-004572/TENELLE_CAMERON_CANNON/17/\"><span class='description'>FINDING OF PROBABLE CAUSE ,</span></a> entered 01/21/2020."}, {"link_viewer": "https://www.docketalarm.com/cases/Florida_State_Duval_County_Fourth_Circuit_Court/2017-CF-004572/TENELLE_CAMERON_CANNON/16/", "number": "16", "link": "https://www.docketalarm.com/cases/Florida_State_Duval_County_Fourth_Circuit_Court/2017-CF-004572/TENELLE_CAMERON_CANNON/docs/16.pdf", "entry_date": "1/21/2020", "date": "6/13/2017", "contents": "<a href=\"/cases/Florida_State_Duval_County_Fourth_Circuit_Court/2017-CF-004572/TENELLE_CAMERON_CANNON/16/\"><span class='description'>DEFENDANT DECLARED INDIGENT, ORDER APPOINTING PUBLIC DEFENDER - FILED</span></a> entered 01/21/2020."}, {"link_viewer": "https://www.docketalarm.com/cases/Florida_State_Duval_County_Fourth_Circuit_Court/2017-CF-004572/TENELLE_CAMERON_CANNON/15/", "number": "15", "link": "https://www.docketalarm.com/cases/Florida_State_Duval_County_Fourth_Circuit_Court/2017-CF-004572/TENELLE_CAMERON_CANNON/docs/15.pdf", "entry_date": "1/21/2020", "date": "6/13/2017", "contents": "<a href=\"/cases/Florida_State_Duval_County_Fourth_Circuit_Court/2017-CF-004572/TENELLE_CAMERON_CANNON/15/\"><span class='description'>APPLICATION FOR CRIMINAL INDIGENT STATUS - FILED</span></a> entered 01/21/2020."}, {"date": "6/13/2017", "number": "14", "contents": "<span class='description'>ARREST &amp; BOOKING REPORT 2017-012679 06/12/2017 *ADD ON*</span> entered 01/21/2020.", "entry_date": "1/21/2020"}, {"date": "6/12/2017", "number": "13", "contents": "<span class='description'>ARRAIGNMENT COURT DATE: 06/22/2017 SUBJECT TO CHANGE. CALL FOR VERIFICATION</span> entered 06/14/2017.", "entry_date": "6/14/2017"}, {"date": "6/12/2017", "number": "12", "contents": "<span class='description'>MOTION FOR BOND REDUCTION</span> entered 06/12/2017.", "entry_date": "6/12/2017"}, {"date": "6/7/2017", "number": "11", "contents": "<span class='description'>ARRAIGNMENT COURT DATE: 06/15/2017 SUBJECT TO CHANGE. CALL FOR VERIFICATION</span> entered 06/07/2017.", "entry_date": "6/7/2017"}, {"link_viewer": "https://www.docketalarm.com/cases/Florida_State_Duval_County_Fourth_Circuit_Court/2017-CF-004572/TENELLE_CAMERON_CANNON/10/", "number": "10", "link": "https://www.docketalarm.com/cases/Florida_State_Duval_County_Fourth_Circuit_Court/2017-CF-004572/TENELLE_CAMERON_CANNON/docs/10.pdf", "entry_date": "6/5/2017", "date": "6/2/2017", "contents": "<a href=\"/cases/Florida_State_Duval_County_Fourth_Circuit_Court/2017-CF-004572/TENELLE_CAMERON_CANNON/10/\"><span class='description'>NOTICE OF APPEARANCE SIDDIQUI, S A</span></a> entered 06/05/2017."}, {"date": "5/25/2017", "number": "9", "contents": "<span class='description'>MOTION FOR LEAVE TO WITHDRAW</span> entered 05/25/2017.", "entry_date": "5/25/2017"}, {"date": "5/24/2017", "number": "8", "contents": "<span class='description'>NOTICE OF DISCOVERY</span> entered 05/25/2017.", "entry_date": "5/25/2017"}, {"link_viewer": "https://www.docketalarm.com/cases/Florida_State_Duval_County_Fourth_Circuit_Court/2017-CF-004572/TENELLE_CAMERON_CANNON/7/", "number": "7", "link": "https://www.docketalarm.com/cases/Florida_State_Duval_County_Fourth_Circuit_Court/2017-CF-004572/TENELLE_CAMERON_CANNON/docs/7.pdf", "entry_date": "5/25/2017", "date": "5/24/2017", "contents": "<a href=\"/cases/Florida_State_Duval_County_Fourth_Circuit_Court/2017-CF-004572/TENELLE_CAMERON_CANNON/7/\"><span class='description'>NOTICE OF APPEARANCE MOSS, GENE THOMAS</span></a> entered 05/25/2017."}, {"date": "5/19/2017", "number": "6", "contents": "<span class='description'>ARRAIGNMENT COURT DATE: 06/08/2017 SUBJECT TO CHANGE. CALL FOR VERIFICATION</span> entered 05/22/2017.", "entry_date": "5/22/2017"}, {"date": "5/19/2017", "number": "5", "contents": "<span class='description'>DEFENDANT INFORMED COURT THAT HE/SHE HAS HIRED, OR PLANS TO HIRE A PRIVATE ATTORNEY - NO APPLICATION FOR INDIGENCE NEEDED</span> entered 05/22/2017.", "entry_date": "5/22/2017"}, {"date": "5/19/2017", "number": "4", "contents": "<span class='description'>BOND SET AT $500,003.00</span> entered 05/22/2017.", "entry_date": "5/22/2017"}, {"date": "5/19/2017", "number": "3", "contents": "<span class='description'>S782.04(2) ATTEMPTED MURDER IN THE SECOND DEGREE</span> entered 05/22/2017.", "entry_date": "5/22/2017"}, {"date": "5/19/2017", "number": "2", "contents": "<span class='description'>S782.04 MURDER</span> entered 06/15/2017.", "entry_date": "6/15/2017"}, {"date": "5/19/2017", "number": "1", "contents": "<span class='description'>ARREST &amp; BOOKING REPORT 2017-012679 5/18/2017</span> entered 05/22/2017.", "entry_date": "5/22/2017"}], "analyze": {"last_analyze": "6/22/2020"}, "success": true, "parties": [{"race": "B", "name_normalized": "Tenelle Cameron Cannon", "name": "TENELLE CAMERON CANNON", "sex": "Male", "other": [], "type": "Defendant"}]}