{"info": {"status": "DISPOSED", "division": "CR-G", "judges": ["HORKAN, MAUREEN"], "court": "Florida State, Duval County, Fourth Circuit Court", "title": "CARL EZEKIEL WOODS", "date_filed": "5/15/2015", "link": "https://www.docketalarm.com/cases/Florida_State_Duval_County_Fourth_Circuit_Court/2015-CF-004180/CARL_EZEKIEL_WOODS/", "judges_normalized": ["Horkan Maureen"], "judge": "HORKAN, MAUREEN", "type": "Circuit Criminal", "docket": "2015-CF-004180"}, "docket_report": [{"date": "12/31/2019", "number": "317", "contents": "<span class='description'>RECORD ON APPEAL E-FILED TO DCA</span> entered 01/03/2020.", "entry_date": "1/3/2020"}, {"date": "12/31/2019", "number": "316", "contents": "<span class='description'>INDEX &amp; RECORD OF APPEAL (1D19-3787)</span> entered 01/03/2020.", "entry_date": "1/3/2020"}, {"date": "12/26/2019", "number": "315", "contents": "<span class='description'>TESTIMONY &amp; PROCEEDINGS OF AUGUST 28, 2019, BEFORE THE HONORABLE JUDGE MAUREEN HORKAN</span> entered 12/26/2019.", "entry_date": "12/26/2019"}, {"date": "12/9/2019", "number": "314", "contents": "<span class='description'>RECORD ON APPEAL - NOTICE OF INABILITY - TRANSCRIPTS</span> entered 12/10/2019.", "entry_date": "12/10/2019"}, {"date": "11/21/2019", "number": "313", "contents": "<span class='description'>REPORTER\u2019S ACKNOWLEDGEMENT</span> entered 11/21/2019.", "entry_date": "11/21/2019"}, {"date": "11/20/2019", "number": "312", "contents": "<span class='description'>ORDER OF INSOLVENCY FOR PURPOSE OF APPEAL</span> entered 11/20/2019.", "entry_date": "11/20/2019"}, {"date": "10/21/2019", "number": "311", "contents": "<span class='description'>DCA ACKNOWLEDGMENT RECEIPT 1D19-3787</span> entered 10/21/2019.", "entry_date": "10/21/2019"}, {"date": "10/18/2019", "number": "310", "contents": "<span class='description'>DIRECTIONS TO CLERK</span> entered 10/18/2019.", "entry_date": "10/18/2019"}, {"date": "10/18/2019", "number": "309", "contents": "<span class='description'>DESIGNATION TO COURT REPORTER</span> entered 10/18/2019.", "entry_date": "10/18/2019"}, {"date": "10/18/2019", "number": "308", "contents": "<span class='description'>NOTICE OF APPEAL TO DISTRICT COURT (FEE OUTSTANDING) BOOK 18973 PAGE 2216-2217</span> entered 10/18/2019.", "entry_date": "10/18/2019"}, {"date": "10/17/2019", "number": "307", "contents": "<span class='description'>RECEIPT FOR CIVIL PROCESS, JAIL, WARRANTS</span> entered 10/23/2019.", "entry_date": "10/23/2019"}, {"date": "10/16/2019", "number": "306", "contents": "<span class='description'>ORDER RETURNING PRISONER</span> entered 10/17/2019.", "entry_date": "10/17/2019"}, {"date": "9/23/2019", "number": "305", "contents": "<span class='description'>ORDER DENYING MOTION TO VACATE JUDG. AND SENT.</span> entered 09/24/2019.", "entry_date": "9/24/2019"}, {"date": "8/28/2019", "number": "304", "contents": "<span class='description'>CLERKS EXHIBIT MEMO</span> entered 01/23/2020.", "entry_date": "1/23/2020"}, {"date": "8/28/2019", "number": "303", "contents": "<span class='description'>ORDER TO BE ENTERED TO TRANSPORT DEFT BACK TO FSP</span> entered 08/28/2019.", "entry_date": "8/28/2019"}, {"date": "8/28/2019", "number": "302", "contents": "<span class='description'>CLERKS MEMO OF HEARING</span> entered 08/28/2019.", "entry_date": "8/28/2019"}, {"date": "8/28/2019", "number": "301", "contents": "<span class='description'>EVIDENTIARY HEARING HELD IN HELD IN FULL/ RULING TO FOLLOW/ NO OTHER COURT DATES GIVEN</span> entered 08/28/2019.", "entry_date": "8/28/2019"}, {"date": "8/28/2019", "number": "300", "contents": "<span class='description'>DEFENDANT PRESENT IN JAIL</span> entered 08/28/2019.", "entry_date": "8/28/2019"}, {"date": "8/28/2019", "number": "299", "contents": "<span class='description'>ATTY. FOR DEF. MCLAIN, MATTHEW RAUL</span> entered 08/28/2019.", "entry_date": "8/28/2019"}, {"date": "8/28/2019", "number": "298", "contents": "<span class='description'>ASST. STATE ATTY. KITE, LONDON MAHOGANY</span> entered 08/28/2019.", "entry_date": "8/28/2019"}, {"date": "8/28/2019", "number": "297", "contents": "<span class='description'>JUDGE HORKAN, MAUREEN</span> entered 08/28/2019.", "entry_date": "8/28/2019"}, {"date": "7/15/2019", "number": "296", "contents": "<span class='description'>2:00PM</span> entered 07/15/2019.", "entry_date": "7/15/2019"}, {"date": "7/15/2019", "number": "295", "contents": "<span class='description'>EVIDENTIARY HEARING 08/28/2019 9:00 AM - 608 6TH FLOOR, 501 W ADAMS ST JACKSONVILLE FL 32202</span> entered 07/15/2019.", "entry_date": "7/15/2019"}, {"date": "7/15/2019", "number": "294", "contents": "<span class='description'>&gt; CANCEL REASON - PER JA EMAIL</span> entered 07/15/2019.", "entry_date": "7/15/2019"}, {"date": "7/15/2019", "number": "293", "contents": "<span class='description'>CANCELLED EVIDENTIARY HEARING ON 7/18/2019 9:00:00 AM</span> entered 07/15/2019.", "entry_date": "7/15/2019"}, {"date": "5/20/2019", "number": "292", "contents": "<span class='description'>RECEIPT FOR CIVIL PROCESS, JAIL, WARRANTS</span> entered 05/21/2019.", "entry_date": "5/21/2019"}, {"date": "5/20/2019", "number": "291", "contents": "<span class='description'>ORDER TO TRANSPORT</span> entered 05/20/2019.", "entry_date": "5/20/2019"}, {"date": "5/17/2019", "number": "290", "contents": "<span class='description'>MOTION TO TRANSPORT</span> entered 05/20/2019.", "entry_date": "5/20/2019"}, {"date": "5/6/2019", "number": "289", "contents": "<span class='description'>@ 2PM FOR 2 HOURS; PER JA EMAIL</span> entered 05/06/2019.", "entry_date": "5/6/2019"}, {"date": "5/6/2019", "number": "288", "contents": "<span class='description'>EVIDENTIARY HEARING 07/18/2019 9:00 AM - 608 6TH FLOOR, 501 W ADAMS ST JACKSONVILLE FL 32202</span> entered 05/06/2019.", "entry_date": "5/6/2019"}, {"date": "2/12/2019", "number": "287", "contents": "<span class='description'>COURT ORDER GRANTING DEFENDANT AN EVIDENTIARY HEARING</span> entered 02/15/2019.", "entry_date": "2/15/2019"}, {"date": "2/5/2019", "number": "286", "contents": "<span class='description'>STATE'S RESPONSE TO DEFT'S MT. FOR POST CONVICTION RELIEF</span> entered 02/05/2019.", "entry_date": "2/5/2019"}, {"date": "12/5/2018", "number": "285", "contents": "<span class='description'>ORDER DIRECTING THE STATE TO FILE A RESPONSE</span> entered 12/05/2018.", "entry_date": "12/5/2018"}, {"date": "10/2/2018", "number": "284", "contents": "<span class='description'>MOTION TO VACATE JUDG. &amp; SENT. (RULE 3.850)</span> entered 10/02/2018.", "entry_date": "10/2/2018"}, {"link_viewer": "https://www.docketalarm.com/cases/Florida_State_Duval_County_Fourth_Circuit_Court/2015-CF-004180/CARL_EZEKIEL_WOODS/283/", "number": "283", "link": "https://www.docketalarm.com/cases/Florida_State_Duval_County_Fourth_Circuit_Court/2015-CF-004180/CARL_EZEKIEL_WOODS/docs/283.pdf", "entry_date": "10/2/2018", "date": "10/2/2018", "contents": "<a href=\"/cases/Florida_State_Duval_County_Fourth_Circuit_Court/2015-CF-004180/CARL_EZEKIEL_WOODS/283/\"><span class='description'>NOTICE OF APPEARANCE</span></a> entered 10/02/2018."}, {"date": "9/10/2018", "number": "282", "contents": "<span class='description'>COURT ORDER FINDING THE DEFT. LIABLE FOR PAYMENT OF DEFENSE COSTS BOOK 18522 PAGE 971-972</span> entered 09/10/2018.", "entry_date": "9/10/2018"}, {"date": "9/10/2018", "number": "281", "contents": "<span class='description'>COURT ORDER FINDING THE DEFT. LIABLE FOR PAYMENT OF DEFENSE COSTS</span> entered 09/10/2018.", "entry_date": "9/10/2018"}, {"date": "9/5/2018", "number": "280", "contents": "<span class='description'>DOCUMENTS - ACCOUNTING OF DEFENSE COSTS</span> entered 09/06/2018.", "entry_date": "9/6/2018"}, {"date": "3/5/2018", "number": "279", "contents": "<span class='description'>JUSTICE ADMINISTRATIVE COMMISIONS RESPONSE TO MOTION FOR PAYMENT OF DUE PROCESS COSTS OF DEPOSITIIN TRANSCRIPTS AND PER DIEM AND REQUEST TO APPEAR TELEPHONICALLY</span> entered 03/08/2018.", "entry_date": "3/8/2018"}, {"date": "3/5/2018", "number": "278", "contents": "<span class='description'>MOTION FOR PAYMENT OF DUE PROCESS COSTS OF DEPOSITION TRANSCRIPTS AND PER DIEMS</span> entered 03/06/2018.", "entry_date": "3/6/2018"}, {"date": "12/7/2017", "number": "277", "contents": "<span class='description'>MANDATE FROM APPELLATE COURT AFFIRMED, 1D16-3679 BOOK 18215 PAGE 1357-1358</span> entered 12/08/2017.", "entry_date": "12/8/2017"}, {"date": "4/13/2017", "number": "276", "contents": "<span class='description'>RECORD ON APPEAL E-FILED TO DCA</span> entered 04/21/2017.", "entry_date": "4/21/2017"}, {"date": "4/13/2017", "number": "275", "contents": "<span class='description'>SUPPLEMENTAL RECORD OF APPEAL VOLUME 1, 1D16-3679</span> entered 04/21/2017.", "entry_date": "4/21/2017"}, {"date": "3/15/2017", "number": "274", "contents": "<span class='description'>REPORTER\u2019S ACKNOWLEDGEMENT</span> entered 03/15/2017.", "entry_date": "3/15/2017"}, {"date": "3/15/2017", "number": "273", "contents": "<span class='description'>TRIAL-TESTIMONY &amp; PROCEEDINGS MAY 27, 2016 BEFORE THE HONORABLE JUDGE JACK SCHEMER</span> entered 03/15/2017.", "entry_date": "3/15/2017"}, {"date": "3/14/2017", "number": "272", "contents": "<span class='description'>DCA ORDER GRANTING THE APPELLANT'S MOTION SEEKING TO SUPPLEMENT THE RECORD, 1D16-3679</span> entered 03/15/2017.", "entry_date": "3/15/2017"}, {"date": "3/14/2017", "number": "271", "contents": "<span class='description'>Designation to Court Reporter (Supplemental)</span> entered 03/14/2017.", "entry_date": "3/14/2017"}, {"date": "3/10/2017", "number": "270", "contents": "<span class='description'>MOTION TO SUPPLEMENT RECORD OF APPEAL</span> entered 03/13/2017.", "entry_date": "3/13/2017"}, {"date": "12/5/2016", "number": "269", "contents": "<span class='description'>DESIGNATION OF PUBLIC DEEFENDER OF THE SECOND JUDICIAL CIRCUIT FOR PURPOSE OF APPEAL, STYLED-DCA 1D16-3679</span> entered 12/05/2016.", "entry_date": "12/5/2016"}, {"date": "12/2/2016", "number": "268", "contents": "<span class='description'>RECORD ON APPEAL E-FILED TO DCA</span> entered 12/02/2016.", "entry_date": "12/2/2016"}, {"date": "12/2/2016", "number": "267", "contents": "<span class='description'>INDEX &amp; RECORD OF APPEAL VOLUME 3, 1D16-3679</span> entered 12/02/2016.", "entry_date": "12/2/2016"}, {"date": "12/2/2016", "number": "266", "contents": "<span class='description'>INDEX &amp; RECORD OF APPEAL VOLUME 2, 1D16-3679</span> entered 12/02/2016.", "entry_date": "12/2/2016"}, {"date": "12/2/2016", "number": "265", "contents": "<span class='description'>INDEX &amp; RECORD OF APPEAL VOLUME 1, 1D16-3679</span> entered 12/02/2016.", "entry_date": "12/2/2016"}, {"date": "10/24/2016", "number": "264", "contents": "<span class='description'>TESTIMONY &amp; PROCEEDINGS OF MASTER INDEX</span> entered 10/26/2016.", "entry_date": "10/26/2016"}, {"date": "10/24/2016", "number": "263", "contents": "<span class='description'>TRIAL-TESTIMONY &amp; PROCEEDINGS OF MAY 27TH, 2016 BEFORE THE HONORABLE JUDGE JACK SCHEMER</span> entered 10/26/2016.", "entry_date": "10/26/2016"}, {"date": "10/24/2016", "number": "262", "contents": "<span class='description'>TRIAL-TESTIMONY &amp; PROCEEDINGS OF MAY 26TH, 2016 BEFORE THE HONORABLE JUDGE JACK SCHEMER</span> entered 10/26/2016.", "entry_date": "10/26/2016"}, {"date": "10/17/2016", "number": "261", "contents": "<span class='description'>DCA ORDER GRANTING THE COURT REPORTER'S MOTION TO DELIVER TRANSCRIPTS ON OR BEFORE 11/09/2016, 1D16-3679</span> entered 10/19/2016.", "entry_date": "10/19/2016"}, {"date": "10/17/2016", "number": "260", "contents": "<span class='description'>TRIAL-TESTIMONY &amp; PROCEEDINGS ON MAY 26TH, 2016 BEFORE THE HONORABLE JUDGE JACK SCHEMER</span> entered 10/17/2016.", "entry_date": "10/17/2016"}, {"date": "10/17/2016", "number": "259", "contents": "<span class='description'>TRIAL-TESTIMONY &amp; PROCEEDINGS ON MAY 25TH, 2016 BEFORE THE HONORABLE JUDGE JACK SCHEMER</span> entered 10/17/2016.", "entry_date": "10/17/2016"}, {"date": "10/17/2016", "number": "258", "contents": "<span class='description'>TRIAL-TESTIMONY &amp; PROCEEDINGS ON MAY 24TH, 2016 BEFORE THE HONORABLE JUDGE JACK SCHEMER</span> entered 10/17/2016.", "entry_date": "10/17/2016"}, {"date": "10/12/2016", "number": "257", "contents": "<span class='description'>TESTIMONY &amp; PROCEEDINGS OF JUNE 29TH, 2016 BEFORE THE HONORABLE JUDGE JACK M. SCHEMER</span> entered 10/13/2016.", "entry_date": "10/13/2016"}, {"date": "10/5/2016", "number": "256", "contents": "<span class='description'>MOTION/REQUEST FOR EXTENSION OF TIME TO FILE TRANSCRIPTS</span> entered 10/05/2016.", "entry_date": "10/5/2016"}, {"date": "10/3/2016", "number": "255", "contents": "<span class='description'>TRIAL-TESTIMONY &amp; PROCEEDINGS OF MAY 23, 2016 BEFORE THE HONORABLE JUDGE JACK SCHEMER</span> entered 10/04/2016.", "entry_date": "10/4/2016"}, {"link_viewer": "https://www.docketalarm.com/cases/Florida_State_Duval_County_Fourth_Circuit_Court/2015-CF-004180/CARL_EZEKIEL_WOODS/254/", "number": "254", "link": "https://www.docketalarm.com/cases/Florida_State_Duval_County_Fourth_Circuit_Court/2015-CF-004180/CARL_EZEKIEL_WOODS/docs/254.pdf", "entry_date": "9/14/2016", "date": "9/9/2016", "contents": "<a href=\"/cases/Florida_State_Duval_County_Fourth_Circuit_Court/2015-CF-004180/CARL_EZEKIEL_WOODS/254/\"><span class='description'>NOTICE OF APPEARANCE</span></a> entered 09/14/2016."}, {"date": "9/9/2016", "number": "253", "contents": "<span class='description'>DIRECTIONS TO CLERK</span> entered 09/14/2016.", "entry_date": "9/14/2016"}, {"date": "9/9/2016", "number": "252", "contents": "<span class='description'>COURT ORDER OF INSOLVENCY AND APPOINTING COUNSEL FOR PURPOSE OF APPEAL</span> entered 09/09/2016.", "entry_date": "9/9/2016"}, {"date": "9/9/2016", "number": "251", "contents": "<span class='description'>REPORTER\u2019S ACKNOWLEDGEMENT</span> entered 09/09/2016.", "entry_date": "9/9/2016"}, {"date": "8/24/2016", "number": "250", "contents": "<span class='description'>DCA ORDER DIRECTING THE APPELLANT TO PAY THE FILING FEE OR FILE AN ORDER OF INSOLVENCY, 1D16-3679</span> entered 08/24/2016.", "entry_date": "8/24/2016"}, {"date": "8/16/2016", "number": "249", "contents": "<span class='description'>DCA ACKNOWLEDGMENT RECEIPT 1D16-3679</span> entered 08/16/2016.", "entry_date": "8/16/2016"}, {"date": "7/29/2016", "number": "248", "contents": "<span class='description'>STATEMENT OF JUDICIAL ACTS TO BE REVIEWED</span> entered 08/01/2016.", "entry_date": "8/1/2016"}, {"date": "7/29/2016", "number": "247", "contents": "<span class='description'>DESIGNATION TO COURT REPORTER</span> entered 08/01/2016.", "entry_date": "8/1/2016"}, {"date": "7/28/2016", "number": "246", "contents": "<span class='description'>NOTICE OF APPEAL TO DISTRICT COURT BOOK 17655 PAGE 467-467</span> entered 08/01/2016.", "entry_date": "8/1/2016"}, {"date": "7/6/2016", "number": "245", "contents": "<span class='description'>RECEIPT FOR CIVIL PROCESS, JAIL, WARRANTS</span> entered 07/07/2016.", "entry_date": "7/7/2016"}, {"link_viewer": "https://www.docketalarm.com/cases/Florida_State_Duval_County_Fourth_Circuit_Court/2015-CF-004180/CARL_EZEKIEL_WOODS/244/", "number": "244", "link": "https://www.docketalarm.com/cases/Florida_State_Duval_County_Fourth_Circuit_Court/2015-CF-004180/CARL_EZEKIEL_WOODS/docs/244.pdf", "entry_date": "6/30/2016", "date": "6/30/2016", "contents": "<a href=\"/cases/Florida_State_Duval_County_Fourth_Circuit_Court/2015-CF-004180/CARL_EZEKIEL_WOODS/244/\"><span class='description'>UNIFORM COMMITMENT TO CUSTODY OF DEPT. OF CORRECTIONS</span></a> entered 06/30/2016."}, {"link_viewer": "https://www.docketalarm.com/cases/Florida_State_Duval_County_Fourth_Circuit_Court/2015-CF-004180/CARL_EZEKIEL_WOODS/243/", "number": "243", "link": "https://www.docketalarm.com/cases/Florida_State_Duval_County_Fourth_Circuit_Court/2015-CF-004180/CARL_EZEKIEL_WOODS/docs/243.pdf", "entry_date": "6/30/2016", "date": "6/30/2016", "contents": "<a href=\"/cases/Florida_State_Duval_County_Fourth_Circuit_Court/2015-CF-004180/CARL_EZEKIEL_WOODS/243/\"><span class='description'>COMMITMENT CHECKLIST SENT</span></a> entered 06/30/2016."}, {"date": "6/30/2016", "number": "242", "contents": "<span class='description'>CERTIFICATE OF SERVICE FOR JUDGMENT AND SENTENCE</span> entered 06/30/2016.", "entry_date": "6/30/2016"}, {"date": "6/29/2016", "number": "240", "contents": "<span class='description'>PRE-SENT. INVESTIGATION REPORT SEALED ,</span> entered 06/30/2016.", "entry_date": "6/30/2016"}, {"date": "6/29/2016", "number": "239", "contents": "<span class='description'>RESTITUTION ORDER CREATED FOR: $ $14,548.00 BOOK 17618 PAGE 2233-2234</span> entered 06/30/2016.", "entry_date": "6/30/2016"}, {"date": "6/29/2016", "number": "238", "contents": "<span class='description'>SENTENCING GUIDELINES</span> entered 06/30/2016.", "entry_date": "6/30/2016"}, {"date": "6/29/2016", "number": "237", "contents": "<span class='description'>DOCUMENTS - VICTIM IMPACT LETTERS</span> entered 06/30/2016.", "entry_date": "6/30/2016"}, {"date": "6/29/2016", "number": "236", "contents": "<span class='description'>COURT ORDER DENYING MOTION FOR NEW TRIAL</span> entered 06/30/2016.", "entry_date": "6/30/2016"}, {"link_viewer": "https://www.docketalarm.com/cases/Florida_State_Duval_County_Fourth_Circuit_Court/2015-CF-004180/CARL_EZEKIEL_WOODS/235/", "number": "235", "link": "https://www.docketalarm.com/cases/Florida_State_Duval_County_Fourth_Circuit_Court/2015-CF-004180/CARL_EZEKIEL_WOODS/docs/235.pdf", "entry_date": "6/30/2016", "date": "6/29/2016", "contents": "<a href=\"/cases/Florida_State_Duval_County_Fourth_Circuit_Court/2015-CF-004180/CARL_EZEKIEL_WOODS/235/\"><span class='description'>PAYMENT AUTHORIZATION SHEET</span></a> entered 06/30/2016."}, {"link_viewer": "https://www.docketalarm.com/cases/Florida_State_Duval_County_Fourth_Circuit_Court/2015-CF-004180/CARL_EZEKIEL_WOODS/234/", "number": "234", "link": "https://www.docketalarm.com/cases/Florida_State_Duval_County_Fourth_Circuit_Court/2015-CF-004180/CARL_EZEKIEL_WOODS/docs/234.pdf", "entry_date": "6/30/2016", "date": "6/29/2016", "contents": "<a href=\"/cases/Florida_State_Duval_County_Fourth_Circuit_Court/2015-CF-004180/CARL_EZEKIEL_WOODS/234/\"><span class='description'>COURT ORDERED COSTS/FINES/FEES BOOK 17618 PAGE 2225-2226</span></a> entered 06/30/2016."}, {"date": "6/29/2016", "number": "232", "contents": "<span class='description'>CREDIT TIME: 412 DAYS</span> entered 06/30/2016.", "entry_date": "6/30/2016"}, {"date": "6/29/2016", "number": "231", "contents": "<span class='description'>JUDGMENT AND SENTENCE TO STATE PRISON FOR 35 YEARS</span> entered 06/30/2016.", "entry_date": "6/30/2016"}, {"date": "6/29/2016", "number": "230", "contents": "<span class='description'>DEF. ADJUDGED GUILTY - FINGERPRINTS TAKEN</span> entered 06/30/2016.", "entry_date": "6/30/2016"}, {"date": "6/29/2016", "number": "229", "contents": "<span class='description'>CREDIT TIME: 412 DAYS</span> entered 06/30/2016.", "entry_date": "6/30/2016"}, {"date": "6/29/2016", "number": "228", "contents": "<span class='description'>JUDGMENT AND SENTENCE TO STATE PRISON FOR 35 YEARS</span> entered 06/30/2016.", "entry_date": "6/30/2016"}, {"date": "6/29/2016", "number": "227", "contents": "<span class='description'>DEF. ADJUDGED GUILTY - FINGERPRINTS TAKEN</span> entered 06/30/2016.", "entry_date": "6/30/2016"}, {"date": "6/29/2016", "number": "226", "contents": "<span class='description'>FEES DUE: 9/30/2999</span> entered 06/30/2016.", "entry_date": "6/30/2016"}, {"date": "6/29/2016", "number": "225", "contents": "<span class='description'>CSTF 20.00 IMPOSED</span> entered 06/30/2016.", "entry_date": "6/30/2016"}, {"date": "6/29/2016", "number": "224", "contents": "<span class='description'>SAIEF 100.00 IMPOSED</span> entered 06/30/2016.", "entry_date": "6/30/2016"}, {"date": "6/29/2016", "number": "223", "contents": "<span class='description'>AACC 65.00 IMPOSED</span> entered 06/30/2016.", "entry_date": "6/30/2016"}, {"date": "6/29/2016", "number": "222", "contents": "<span class='description'>TNC 3.00 IMPOSED</span> entered 06/30/2016.", "entry_date": "6/30/2016"}, {"date": "6/29/2016", "number": "221", "contents": "<span class='description'>LGTF 225.00 IMPOSED</span> entered 06/30/2016.", "entry_date": "6/30/2016"}, {"date": "6/29/2016", "number": "220", "contents": "<span class='description'>CCT 50.00 IMPOSED</span> entered 06/30/2016.", "entry_date": "6/30/2016"}, {"date": "6/29/2016", "number": "219", "contents": "<span class='description'>COST OF COURT 50.00 IMPOSED</span> entered 06/30/2016.", "entry_date": "6/30/2016"}, {"date": "6/29/2016", "number": "218", "contents": "<span class='description'>LEEA 5.00 IMPOSED</span> entered 06/30/2016.", "entry_date": "6/30/2016"}, {"date": "6/29/2016", "number": "217", "contents": "<span class='description'>COUNTS 1, 2, AND 3 TO RUN CONCURRENT</span> entered 06/30/2016.", "entry_date": "6/30/2016"}, {"date": "6/29/2016", "number": "216", "contents": "<span class='description'>ALL MINIMUM MANDATORY SENTENCINGS TO RUN CONCURRENT</span> entered 06/30/2016.", "entry_date": "6/30/2016"}, {"date": "6/29/2016", "number": "215", "contents": "<span class='description'>35 YEAR MINIMUM MANDATORY SENTENCE IMPOSED PER F.S. 775.087 AS TO COUNTS 2 AND 3</span> entered 06/30/2016.", "entry_date": "6/30/2016"}, {"date": "6/29/2016", "number": "214", "contents": "<span class='description'>LIFE MINIMUM MANDATORY SENTENCE IMPOSED PER F.S. 775.087 AS TO COUNT 1</span> entered 06/30/2016.", "entry_date": "6/30/2016"}, {"date": "6/29/2016", "number": "213", "contents": "<span class='description'>CREDIT TIME: 412 DAYS</span> entered 06/30/2016.", "entry_date": "6/30/2016"}, {"date": "6/29/2016", "number": "212", "contents": "<span class='description'>JUDGMENT AND SENTENCE TO STATE PRISON FOR LIFE BOOK 17618 PAGE 2180-2188</span> entered 06/30/2016.", "entry_date": "6/30/2016"}, {"date": "6/29/2016", "number": "211", "contents": "<span class='description'>DEF. ADJUDGED GUILTY - FINGERPRINTS TAKEN</span> entered 06/30/2016.", "entry_date": "6/30/2016"}, {"date": "6/29/2016", "number": "210", "contents": "<span class='description'>DEFENDANT PRESENT IN JAIL</span> entered 06/30/2016.", "entry_date": "6/30/2016"}, {"date": "6/29/2016", "number": "209", "contents": "<span class='description'>ATTY. FOR DEF. HOLLIDAY, OCTAVIUS A JR</span> entered 06/30/2016.", "entry_date": "6/30/2016"}, {"date": "6/29/2016", "number": "208", "contents": "<span class='description'>ASST. STATE ATTY. KITE, LONDON MAHOGANY</span> entered 06/30/2016.", "entry_date": "6/30/2016"}, {"date": "6/29/2016", "number": "207", "contents": "<span class='description'>JUDGE SCHEMER, JACK M.</span> entered 06/30/2016.", "entry_date": "6/30/2016"}, {"date": "6/27/2016", "number": "206", "contents": "<span class='description'>@3:30PM</span> entered 06/27/2016.", "entry_date": "6/27/2016"}, {"date": "6/27/2016", "number": "205", "contents": "<span class='description'>SENTENCING 06/29/2016 9:00 AM - 505 5TH FLOOR, 501 W ADAMS ST JACKSONVILLE FL 32202</span> entered 06/27/2016.", "entry_date": "6/27/2016"}, {"date": "6/27/2016", "number": "204", "contents": "<span class='description'>OTHERS PRESENT: ASA: T. MANGAN FOR L. KITE</span> entered 06/27/2016.", "entry_date": "6/27/2016"}, {"date": "6/27/2016", "number": "203", "contents": "<span class='description'>DEFENDANT PRESENT IN JAIL</span> entered 06/27/2016.", "entry_date": "6/27/2016"}, {"date": "6/27/2016", "number": "202", "contents": "<span class='description'>ATTY. FOR DEF. HOLLIDAY, OCTAVIUS A JR</span> entered 06/27/2016.", "entry_date": "6/27/2016"}, {"date": "6/27/2016", "number": "201", "contents": "<span class='description'>ASST. STATE ATTY. KITE, LONDON MAHOGANY</span> entered 06/27/2016.", "entry_date": "6/27/2016"}, {"date": "6/27/2016", "number": "200", "contents": "<span class='description'>JUDGE SCHEMER, JACK M.</span> entered 06/27/2016.", "entry_date": "6/27/2016"}, {"date": "6/1/2016", "number": "199", "contents": "<span class='description'>CLERKS EXHIBIT MEMO</span> entered 06/15/2016.", "entry_date": "6/15/2016"}, {"date": "5/30/2016", "number": "198", "contents": "<span class='description'>MOTION FOR NEW TRIAL</span> entered 05/31/2016.", "entry_date": "5/31/2016"}, {"date": "5/27/2016", "number": "197", "contents": "<span class='description'>JURY INSTRUCTIONS \u2013 FILED</span> entered 06/02/2016.", "entry_date": "6/2/2016"}, {"date": "5/27/2016", "number": "196", "contents": "<span class='description'>CLERKS MEMO OF TRIAL</span> entered 06/02/2016.", "entry_date": "6/2/2016"}, {"date": "5/27/2016", "number": "195", "contents": "<span class='description'>STATES# SECOND SUPPLEMENTAL DISCOVERY</span> entered 05/31/2016.", "entry_date": "5/31/2016"}, {"date": "5/27/2016", "number": "194", "contents": "<span class='description'>NOTICE OF TAKING DEPOSITION</span> entered 05/31/2016.", "entry_date": "5/31/2016"}, {"date": "5/27/2016", "number": "193", "contents": "<span class='description'>SENTENCING - TO BE SET 06/27/2016 9:00 AM - 505 5TH FLOOR, 501 W ADAMS ST JACKSONVILLE FL 32202</span> entered 05/27/2016.", "entry_date": "5/27/2016"}, {"date": "5/27/2016", "number": "192", "contents": "<span class='description'>PSI ORDERED</span> entered 05/27/2016.", "entry_date": "5/27/2016"}, {"date": "5/27/2016", "number": "191", "contents": "<span class='description'>JURY DISCHARGED</span> entered 05/27/2016.", "entry_date": "5/27/2016"}, {"date": "5/27/2016", "number": "190", "contents": "<span class='description'>JURY POLLED</span> entered 05/27/2016.", "entry_date": "5/27/2016"}, {"date": "5/27/2016", "number": "189", "contents": "<span class='description'>VERDICT- GUILTY</span> entered 05/27/2016.", "entry_date": "5/27/2016"}, {"date": "5/27/2016", "number": "188", "contents": "<span class='description'>VERDICT- GUILTY</span> entered 05/27/2016.", "entry_date": "5/27/2016"}, {"date": "5/27/2016", "number": "187", "contents": "<span class='description'>VERDICT- GUILTY</span> entered 05/27/2016.", "entry_date": "5/27/2016"}, {"date": "5/27/2016", "number": "186", "contents": "<span class='description'>JURY IN AT 2:25 PM - JURY OUT AT 3:38PM - VERDICT</span> entered 05/27/2016.", "entry_date": "5/27/2016"}, {"date": "5/27/2016", "number": "185", "contents": "<span class='description'>INSTRUCTIONS TO JURY IN FULL</span> entered 05/27/2016.", "entry_date": "5/27/2016"}, {"date": "5/27/2016", "number": "184", "contents": "<span class='description'>CLOSING ARGUMENTS IN: FULL - BY STATE &amp; DEFENSE</span> entered 05/27/2016.", "entry_date": "5/27/2016"}, {"date": "5/27/2016", "number": "183", "contents": "<span class='description'>DEFENDANT PRESENT IN JAIL</span> entered 05/27/2016.", "entry_date": "5/27/2016"}, {"date": "5/27/2016", "number": "182", "contents": "<span class='description'>ATTY. FOR DEF. HOLLIDAY, OCTAVIUS A JR</span> entered 05/27/2016.", "entry_date": "5/27/2016"}, {"date": "5/27/2016", "number": "181", "contents": "<span class='description'>ASST. STATE ATTY. KITE, LONDON MAHOGANY</span> entered 05/27/2016.", "entry_date": "5/27/2016"}, {"date": "5/27/2016", "number": "180", "contents": "<span class='description'>JUDGE SCHEMER, JACK M.</span> entered 05/27/2016.", "entry_date": "5/27/2016"}, {"date": "5/26/2016", "number": "179", "contents": "<span class='description'>TRIAL 05/27/2016 9:00 AM - 505 5TH FLOOR, 501 W ADAMS ST JACKSONVILLE FL 32202</span> entered 05/26/2016.", "entry_date": "5/26/2016"}, {"date": "5/26/2016", "number": "178", "contents": "<span class='description'>CHARGE CONFERENCE HELD IN FULL</span> entered 05/26/2016.", "entry_date": "5/26/2016"}, {"date": "5/26/2016", "number": "177", "contents": "<span class='description'>DEFENSE RENEWS ORAL MOTION FOR JUDGMENT OF ACQUITTAL DENIED</span> entered 05/26/2016.", "entry_date": "5/26/2016"}, {"date": "5/26/2016", "number": "176", "contents": "<span class='description'>DEFENSE RESTS</span> entered 05/26/2016.", "entry_date": "5/26/2016"}, {"date": "5/26/2016", "number": "175", "contents": "<span class='description'>EVIDENCE TO JURY IN FULL BY DEFENSE</span> entered 05/26/2016.", "entry_date": "5/26/2016"}, {"date": "5/26/2016", "number": "174", "contents": "<span class='description'>DEFENSE ORAL MOTION FOR JUDGMENT OF ACQUITTAL DENIED</span> entered 05/26/2016.", "entry_date": "5/26/2016"}, {"date": "5/26/2016", "number": "173", "contents": "<span class='description'>STATE RESTS</span> entered 05/26/2016.", "entry_date": "5/26/2016"}, {"date": "5/26/2016", "number": "172", "contents": "<span class='description'>EVIDENCE TO JURY IN FULL BY STATE</span> entered 05/26/2016.", "entry_date": "5/26/2016"}, {"date": "5/26/2016", "number": "171", "contents": "<span class='description'>OTHERS PRESENT: T MANGAN CO CHAIR FOR STATE</span> entered 05/26/2016.", "entry_date": "5/26/2016"}, {"date": "5/26/2016", "number": "170", "contents": "<span class='description'>DEFENDANT PRESENT IN JAIL</span> entered 05/26/2016.", "entry_date": "5/26/2016"}, {"date": "5/26/2016", "number": "169", "contents": "<span class='description'>ATTY. FOR DEF. HOLLIDAY, OCTAVIUS A JR</span> entered 05/26/2016.", "entry_date": "5/26/2016"}, {"date": "5/26/2016", "number": "168", "contents": "<span class='description'>ASST. STATE ATTY. KITE, LONDON MAHOGANY</span> entered 05/26/2016.", "entry_date": "5/26/2016"}, {"date": "5/26/2016", "number": "167", "contents": "<span class='description'>JUDGE SCHEMER, JACK M.</span> entered 05/26/2016.", "entry_date": "5/26/2016"}, {"date": "5/25/2016", "number": "166", "contents": "<span class='description'>@10:30AM</span> entered 05/25/2016.", "entry_date": "5/25/2016"}, {"date": "5/25/2016", "number": "165", "contents": "<span class='description'>TRIAL 05/26/2016 9:00 AM - 505 5TH FLOOR, 501 W ADAMS ST JACKSONVILLE FL 32202</span> entered 05/25/2016.", "entry_date": "5/25/2016"}, {"date": "5/25/2016", "number": "164", "contents": "<span class='description'>EVIDENCE TO JURY IN PART BY STATE</span> entered 05/25/2016.", "entry_date": "5/25/2016"}, {"date": "5/25/2016", "number": "163", "contents": "<span class='description'>OTHERS PRESENT: T MANGAN CO CHAIR FOR THE STATE</span> entered 05/25/2016.", "entry_date": "5/25/2016"}, {"date": "5/25/2016", "number": "162", "contents": "<span class='description'>DEFENDANT PRESENT IN JAIL</span> entered 05/25/2016.", "entry_date": "5/25/2016"}, {"date": "5/25/2016", "number": "161", "contents": "<span class='description'>ATTY. FOR DEF. HOLLIDAY, OCTAVIUS A JR</span> entered 05/25/2016.", "entry_date": "5/25/2016"}, {"date": "5/25/2016", "number": "160", "contents": "<span class='description'>ASST. STATE ATTY. KITE, LONDON MAHOGANY</span> entered 05/25/2016.", "entry_date": "5/25/2016"}, {"date": "5/25/2016", "number": "159", "contents": "<span class='description'>JUDGE SCHEMER, JACK M.</span> entered 05/25/2016.", "entry_date": "5/25/2016"}, {"date": "5/24/2016", "number": "158", "contents": "<span class='description'>STATE EXHIBITS FILED 7T</span> entered 12/02/2016.", "entry_date": "12/2/2016"}, {"date": "5/24/2016", "number": "157", "contents": "<span class='description'>STATE EXHIBITS FILED 196</span> entered 12/02/2016.", "entry_date": "12/2/2016"}, {"date": "5/24/2016", "number": "156", "contents": "<span class='description'>STATE EXHIBITS FILED 195</span> entered 12/02/2016.", "entry_date": "12/2/2016"}, {"date": "5/24/2016", "number": "155", "contents": "<span class='description'>STATE EXHIBITS FILED 185 - 186</span> entered 12/02/2016.", "entry_date": "12/2/2016"}, {"date": "5/24/2016", "number": "154", "contents": "<span class='description'>STATE EXHIBITS FILED 182</span> entered 12/02/2016.", "entry_date": "12/2/2016"}, {"date": "5/24/2016", "number": "153", "contents": "<span class='description'>STATE EXHIBITS FILED 181</span> entered 12/02/2016.", "entry_date": "12/2/2016"}, {"date": "5/24/2016", "number": "152", "contents": "<span class='description'>STATE EXHIBITS FILED 180</span> entered 12/02/2016.", "entry_date": "12/2/2016"}, {"date": "5/24/2016", "number": "151", "contents": "<span class='description'>STATE EXHIBITS FILED 178</span> entered 12/02/2016.", "entry_date": "12/2/2016"}, {"date": "5/24/2016", "number": "150", "contents": "<span class='description'>STATE EXHIBITS FILED 177</span> entered 12/02/2016.", "entry_date": "12/2/2016"}, {"date": "5/24/2016", "number": "149", "contents": "<span class='description'>STATE EXHIBITS FILED 137</span> entered 12/02/2016.", "entry_date": "12/2/2016"}, {"date": "5/24/2016", "number": "148", "contents": "<span class='description'>STATE EXHIBITS FILED 135 - 136</span> entered 12/02/2016.", "entry_date": "12/2/2016"}, {"date": "5/24/2016", "number": "147", "contents": "<span class='description'>STATE EXHIBITS FILED 127 - 134</span> entered 12/02/2016.", "entry_date": "12/2/2016"}, {"date": "5/24/2016", "number": "146", "contents": "<span class='description'>STATE EXHIBITS FILED 1 - 126</span> entered 12/02/2016.", "entry_date": "12/2/2016"}, {"date": "5/24/2016", "number": "145", "contents": "<span class='description'>@10:30AM</span> entered 05/24/2016.", "entry_date": "5/24/2016"}, {"date": "5/24/2016", "number": "144", "contents": "<span class='description'>TRIAL 05/25/2016 9:00 AM - 505 5TH FLOOR, 501 W ADAMS ST JACKSONVILLE FL 32202</span> entered 05/24/2016.", "entry_date": "5/24/2016"}, {"date": "5/24/2016", "number": "143", "contents": "<span class='description'>EVIDENCE TO JURY IN PART BY STATE</span> entered 05/24/2016.", "entry_date": "5/24/2016"}, {"date": "5/24/2016", "number": "142", "contents": "<span class='description'>OPENING STATEMENTS TO JURY BY DEFENSE</span> entered 05/24/2016.", "entry_date": "5/24/2016"}, {"date": "5/24/2016", "number": "141", "contents": "<span class='description'>OPENING STATEMENTS TO JURY IN FULL BY STATE</span> entered 05/24/2016.", "entry_date": "5/24/2016"}, {"date": "5/24/2016", "number": "140", "contents": "<span class='description'>JURY EMPANELLED &amp; SWORN</span> entered 05/24/2016.", "entry_date": "5/24/2016"}, {"date": "5/24/2016", "number": "139", "contents": "<span class='description'>OTHERS PRESENT: T MANGAN-CO-CHAIR</span> entered 05/24/2016.", "entry_date": "5/24/2016"}, {"date": "5/24/2016", "number": "138", "contents": "<span class='description'>DEFENDANT PRESENT IN JAIL</span> entered 05/24/2016.", "entry_date": "5/24/2016"}, {"date": "5/24/2016", "number": "137", "contents": "<span class='description'>ATTY. FOR DEF. HOLLIDAY, OCTAVIUS A JR</span> entered 05/24/2016.", "entry_date": "5/24/2016"}, {"date": "5/24/2016", "number": "136", "contents": "<span class='description'>ASST. STATE ATTY. KITE, LONDON MAHOGANY</span> entered 05/24/2016.", "entry_date": "5/24/2016"}, {"date": "5/24/2016", "number": "135", "contents": "<span class='description'>JURY TRIAL HELD</span> entered 05/24/2016.", "entry_date": "5/24/2016"}, {"date": "5/24/2016", "number": "134", "contents": "<span class='description'>JUDGE SCHEMER, JACK M.</span> entered 05/24/2016.", "entry_date": "5/24/2016"}, {"date": "5/23/2016", "number": "133", "contents": "<span class='description'>DISCOVERY EXHIBIT (DEFENDANT'S)</span> entered 05/24/2016.", "entry_date": "5/24/2016"}, {"date": "5/23/2016", "number": "132", "contents": "<span class='description'>@10:30AM</span> entered 05/23/2016.", "entry_date": "5/23/2016"}, {"date": "5/23/2016", "number": "131", "contents": "<span class='description'>TRIAL 05/24/2016 9:00 AM - 505 5TH FLOOR, 501 W ADAMS ST JACKSONVILLE FL 32202</span> entered 05/23/2016.", "entry_date": "5/23/2016"}, {"date": "5/23/2016", "number": "130", "contents": "<span class='description'>JURY SELECTED</span> entered 05/23/2016.", "entry_date": "5/23/2016"}, {"date": "5/23/2016", "number": "129", "contents": "<span class='description'>JURY SELECTION HELD IN FULL</span> entered 05/23/2016.", "entry_date": "5/23/2016"}, {"date": "5/23/2016", "number": "128", "contents": "<span class='description'>OTHERS PRESENT: T MANGAN CO CHAIR FOR THE STATE</span> entered 05/23/2016.", "entry_date": "5/23/2016"}, {"date": "5/23/2016", "number": "127", "contents": "<span class='description'>DEFENDANT PRESENT IN JAIL</span> entered 05/23/2016.", "entry_date": "5/23/2016"}, {"date": "5/23/2016", "number": "126", "contents": "<span class='description'>ATTY. FOR DEF. HOLLIDAY, OCTAVIUS A JR</span> entered 05/23/2016.", "entry_date": "5/23/2016"}, {"date": "5/23/2016", "number": "125", "contents": "<span class='description'>ASST. STATE ATTY. KITE, LONDON MAHOGANY</span> entered 05/23/2016.", "entry_date": "5/23/2016"}, {"date": "5/23/2016", "number": "124", "contents": "<span class='description'>JUDGE SCHEMER, JACK M.</span> entered 05/23/2016.", "entry_date": "5/23/2016"}, {"date": "5/20/2016", "number": "123", "contents": "<span class='description'>DEFENDANT'S DISCOVERY EXHIBIT</span> entered 05/24/2016.", "entry_date": "5/24/2016"}, {"date": "5/20/2016", "number": "122", "contents": "<span class='description'>ORDER AUTHORIZING PAYMENT OF COSTS</span> entered 05/23/2016.", "entry_date": "5/23/2016"}, {"date": "5/18/2016", "number": "121", "contents": "<span class='description'>@1:00PM</span> entered 05/18/2016.", "entry_date": "5/18/2016"}, {"date": "5/18/2016", "number": "120", "contents": "<span class='description'>JURY SELECTION 05/23/2016 9:00 AM - 505 5TH FLOOR, 501 W ADAMS ST JACKSONVILLE FL 32202</span> entered 05/18/2016.", "entry_date": "5/18/2016"}, {"date": "5/18/2016", "number": "119", "contents": "<span class='description'>DEFENDANT PRESENT IN JAIL</span> entered 05/18/2016.", "entry_date": "5/18/2016"}, {"date": "5/18/2016", "number": "118", "contents": "<span class='description'>ATTY. FOR DEF. HOLLIDAY, OCTAVIUS A JR</span> entered 05/18/2016.", "entry_date": "5/18/2016"}, {"date": "5/18/2016", "number": "117", "contents": "<span class='description'>ASST. STATE ATTY. KITE, LONDON MAHOGANY</span> entered 05/18/2016.", "entry_date": "5/18/2016"}, {"date": "5/18/2016", "number": "116", "contents": "<span class='description'>JUDGE SCHEMER, JACK M.</span> entered 05/18/2016.", "entry_date": "5/18/2016"}, {"date": "5/17/2016", "number": "115", "contents": "<span class='description'>MOTION TO INCUR COSTS FOR DEPOSITION TRANSCRIPTS</span> entered 05/19/2016.", "entry_date": "5/19/2016"}, {"date": "5/12/2016", "number": "114", "contents": "<span class='description'>STATES FIRST SUPPLEMENTAL DISCOVERY EXHIBIT</span> entered 05/13/2016.", "entry_date": "5/13/2016"}, {"date": "3/21/2016", "number": "113", "contents": "<span class='description'>5/23/2016 JS</span> entered 03/21/2016.", "entry_date": "3/21/2016"}, {"date": "3/21/2016", "number": "112", "contents": "<span class='description'>FINAL PRETRIAL 05/18/2016 9:00 AM - 505 5TH FLOOR, 501 W ADAMS ST JACKSONVILLE FL 32202</span> entered 03/21/2016.", "entry_date": "3/21/2016"}, {"date": "3/21/2016", "number": "111", "contents": "<span class='description'>COURT ORDER - GRANTING DEFENSE MOTION TO CONTINUE TRIAL - ENTERED **STRIKE 3/21/2016 JS**</span> entered 03/21/2016.", "entry_date": "3/21/2016"}, {"date": "3/21/2016", "number": "110", "contents": "<span class='description'>DEFENDANT PRESENT IN JAIL</span> entered 03/21/2016.", "entry_date": "3/21/2016"}, {"date": "3/21/2016", "number": "109", "contents": "<span class='description'>ATTY. FOR DEF. HOLLIDAY, OCTAVIUS A JR</span> entered 03/21/2016.", "entry_date": "3/21/2016"}, {"date": "3/21/2016", "number": "108", "contents": "<span class='description'>ASST. STATE ATTY. KITE, LONDON MAHOGANY</span> entered 03/21/2016.", "entry_date": "3/21/2016"}, {"date": "3/21/2016", "number": "107", "contents": "<span class='description'>JUDGE SCHEMER, JACK M.</span> entered 03/21/2016.", "entry_date": "3/21/2016"}, {"date": "3/16/2016", "number": "106", "contents": "<span class='description'>COURT ORDER FINDING DEFENDANT INDIGENT FOR COSTS</span> entered 03/16/2016.", "entry_date": "3/16/2016"}, {"date": "3/16/2016", "number": "105", "contents": "<span class='description'>JURY SELECTION 03/21/2016 9:00 AM - 505 5TH FLOOR, 501 W ADAMS ST JACKSONVILLE FL 32202</span> entered 03/16/2016.", "entry_date": "3/16/2016"}, {"date": "3/16/2016", "number": "104", "contents": "<span class='description'>MOTION FOR CONTINUANCE (DEFENSE) - FILED</span> entered 03/16/2016.", "entry_date": "3/16/2016"}, {"date": "3/16/2016", "number": "103", "contents": "<span class='description'>DEFENDANT NOT PRESENT (DCJ)</span> entered 03/16/2016.", "entry_date": "3/16/2016"}, {"date": "3/16/2016", "number": "102", "contents": "<span class='description'>ATTY. FOR DEF. HOLLIDAY, OCTAVIUS A JR</span> entered 03/16/2016.", "entry_date": "3/16/2016"}, {"date": "3/16/2016", "number": "101", "contents": "<span class='description'>ASST. STATE ATTY. KITE, LONDON MAHOGANY</span> entered 03/16/2016.", "entry_date": "3/16/2016"}, {"date": "3/16/2016", "number": "100", "contents": "<span class='description'>JUDGE SCHEMER, JACK M.</span> entered 03/16/2016.", "entry_date": "3/16/2016"}, {"date": "3/15/2016", "number": "99", "contents": "<span class='description'>3/21/16 JS. PER JA E- MAIL.</span> entered 03/15/2016.", "entry_date": "3/15/2016"}, {"date": "3/15/2016", "number": "98", "contents": "<span class='description'>FINAL PRETRIAL 03/16/2016 9:00 AM - 505 5TH FLOOR, 501 W ADAMS ST JACKSONVILLE FL 32202</span> entered 03/15/2016.", "entry_date": "3/15/2016"}, {"date": "3/15/2016", "number": "97", "contents": "<span class='description'>&gt; CANCEL REASON -</span> entered 03/15/2016.", "entry_date": "3/15/2016"}, {"date": "3/15/2016", "number": "96", "contents": "<span class='description'>CANCELLED FINAL PRETRIAL ON 3/17/2016 9:00:00 AM</span> entered 03/15/2016.", "entry_date": "3/15/2016"}, {"date": "2/3/2016", "number": "95", "contents": "<span class='description'>APPLICATION FOR DETERMINATION OF CRIMINAL INDIGENCE</span> entered 02/04/2016.", "entry_date": "2/4/2016"}, {"date": "2/3/2016", "number": "94", "contents": "<span class='description'>AFFIDAVIT</span> entered 02/04/2016.", "entry_date": "2/4/2016"}, {"date": "2/3/2016", "number": "93", "contents": "<span class='description'>MOTION FOR ATTORNEY FEES, COSTS, OR EXPENSES</span> entered 02/04/2016.", "entry_date": "2/4/2016"}, {"date": "1/6/2016", "number": "92", "contents": "<span class='description'>3/21/2016 JS</span> entered 01/06/2016.", "entry_date": "1/6/2016"}, {"date": "1/6/2016", "number": "91", "contents": "<span class='description'>FINAL PRETRIAL 03/17/2016 9:00 AM - 505 5TH FLOOR, 501 W ADAMS ST JACKSONVILLE FL 32202</span> entered 01/06/2016.", "entry_date": "1/6/2016"}, {"date": "1/6/2016", "number": "90", "contents": "<span class='description'>DEFENDANT APPEARANCE WAIVED</span> entered 01/06/2016.", "entry_date": "1/6/2016"}, {"date": "1/6/2016", "number": "89", "contents": "<span class='description'>ATTY. FOR DEF. HOLLIDAY, OCTAVIUS A JR</span> entered 01/06/2016.", "entry_date": "1/6/2016"}, {"date": "1/6/2016", "number": "88", "contents": "<span class='description'>ASST. STATE ATTY. KITE, LONDON MAHOGANY</span> entered 01/06/2016.", "entry_date": "1/6/2016"}, {"date": "1/6/2016", "number": "87", "contents": "<span class='description'>JUDGE SCHEMER, JACK M.</span> entered 01/06/2016.", "entry_date": "1/6/2016"}, {"date": "1/6/2016", "number": "86", "contents": "<span class='description'>PRETRIAL 01/06/2016 9:00 AM - 505 5TH FLOOR, 501 W ADAMS ST JACKSONVILLE FL 32202</span> entered 01/06/2016.", "entry_date": "1/6/2016"}, {"date": "1/6/2016", "number": "85", "contents": "<span class='description'>&gt; CANCEL REASON - PER JUDGE IN OPEN COURT</span> entered 01/06/2016.", "entry_date": "1/6/2016"}, {"date": "1/6/2016", "number": "84", "contents": "<span class='description'>CANCELLED PRETRIAL ON 1/7/2016 9:00:00 AM</span> entered 01/06/2016.", "entry_date": "1/6/2016"}, {"date": "12/9/2015", "number": "83", "contents": "<span class='description'>PRETRIAL 01/07/2016 9:00 AM - 505 5TH FLOOR, 501 W ADAMS ST JACKSONVILLE FL 32202</span> entered 12/09/2015.", "entry_date": "12/9/2015"}, {"date": "12/9/2015", "number": "82", "contents": "<span class='description'>OTHERS PRESENT: ASA: T. MANGAN FOR L. KITE</span> entered 12/09/2015.", "entry_date": "12/9/2015"}, {"date": "12/9/2015", "number": "81", "contents": "<span class='description'>DEFENDANT APPEARANCE WAIVED</span> entered 12/09/2015.", "entry_date": "12/9/2015"}, {"date": "12/9/2015", "number": "80", "contents": "<span class='description'>ATTY. FOR DEF. HOLLIDAY, OCTAVIUS A JR</span> entered 12/09/2015.", "entry_date": "12/9/2015"}, {"date": "12/9/2015", "number": "79", "contents": "<span class='description'>ASST. STATE ATTY. KITE, LONDON MAHOGANY</span> entered 12/09/2015.", "entry_date": "12/9/2015"}, {"date": "12/9/2015", "number": "78", "contents": "<span class='description'>JUDGE SCHEMER, JACK M.</span> entered 12/09/2015.", "entry_date": "12/9/2015"}, {"date": "10/22/2015", "number": "77", "contents": "<span class='description'>PRETRIAL 12/09/2015 9:00 AM - 505 5TH FLOOR, 501 W ADAMS ST JACKSONVILLE FL 32202</span> entered 10/22/2015.", "entry_date": "10/22/2015"}, {"date": "10/22/2015", "number": "76", "contents": "<span class='description'>&gt; CANCEL REASON - PER CONTINUANCE IN OPEN COURT</span> entered 10/22/2015.", "entry_date": "10/22/2015"}, {"date": "10/22/2015", "number": "75", "contents": "<span class='description'>CANCELLED JURY SELECTION ON 10/26/2015 9:00:00 AM</span> entered 10/22/2015.", "entry_date": "10/22/2015"}, {"link_viewer": "https://www.docketalarm.com/cases/Florida_State_Duval_County_Fourth_Circuit_Court/2015-CF-004180/CARL_EZEKIEL_WOODS/74/", "number": "74", "link": "https://www.docketalarm.com/cases/Florida_State_Duval_County_Fourth_Circuit_Court/2015-CF-004180/CARL_EZEKIEL_WOODS/docs/74.pdf", "entry_date": "10/22/2015", "date": "10/22/2015", "contents": "<a href=\"/cases/Florida_State_Duval_County_Fourth_Circuit_Court/2015-CF-004180/CARL_EZEKIEL_WOODS/74/\"><span class='description'>** WAIVER OF SPEEDY TRIAL **</span></a> entered 10/22/2015."}, {"date": "10/22/2015", "number": "73", "contents": "<span class='description'>DEFENSE/STATE'S ORAL MOTION FOR CONTINUANCE (DEFENSE) - GRANTED/NO OBJECTION</span> entered 10/22/2015.", "entry_date": "10/22/2015"}, {"date": "10/22/2015", "number": "72", "contents": "<span class='description'>OTHERS PRESENT: ASA: S. BLEDSOE FOR L. KITE</span> entered 10/22/2015.", "entry_date": "10/22/2015"}, {"date": "10/22/2015", "number": "71", "contents": "<span class='description'>DEFENDANT PRESENT IN JAIL</span> entered 10/22/2015.", "entry_date": "10/22/2015"}, {"date": "10/22/2015", "number": "70", "contents": "<span class='description'>ATTY. FOR DEF. HOLLIDAY, OCTAVIUS A JR</span> entered 10/22/2015.", "entry_date": "10/22/2015"}, {"date": "10/22/2015", "number": "69", "contents": "<span class='description'>ASST. STATE ATTY. KITE, LONDON MAHOGANY</span> entered 10/22/2015.", "entry_date": "10/22/2015"}, {"date": "10/22/2015", "number": "68", "contents": "<span class='description'>JUDGE SCHEMER, JACK M.</span> entered 10/22/2015.", "entry_date": "10/22/2015"}, {"date": "9/30/2015", "number": "67", "contents": "<span class='description'>COURT DATE PREVIOUSLY SET 10/22/15 FPT TO REMAIN ON CALENDAR</span> entered 09/30/2015.", "entry_date": "9/30/2015"}, {"date": "9/30/2015", "number": "66", "contents": "<span class='description'>DEFENDANT PRESENT IN JAIL</span> entered 09/30/2015.", "entry_date": "9/30/2015"}, {"date": "9/30/2015", "number": "65", "contents": "<span class='description'>ATTY. FOR DEF. HOLLIDAY, OCTAVIUS A JR</span> entered 09/30/2015.", "entry_date": "9/30/2015"}, {"date": "9/30/2015", "number": "64", "contents": "<span class='description'>ASST. STATE ATTY. KITE, LONDON MAHOGANY</span> entered 09/30/2015.", "entry_date": "9/30/2015"}, {"date": "9/30/2015", "number": "63", "contents": "<span class='description'>JUDGE SCHEMER, JACK M.</span> entered 09/30/2015.", "entry_date": "9/30/2015"}, {"date": "7/30/2015", "number": "62", "contents": "<span class='description'>FINAL PRETRIAL 10/22/2015 9:00 AM - 505 5TH FLOOR, 501 W ADAMS ST JACKSONVILLE FL 32202</span> entered 07/30/2015.", "entry_date": "7/30/2015"}, {"date": "7/30/2015", "number": "61", "contents": "<span class='description'>10/22/15 FPT &amp; 10/26/15 JS</span> entered 07/30/2015.", "entry_date": "7/30/2015"}, {"date": "7/30/2015", "number": "60", "contents": "<span class='description'>PRETRIAL 09/30/2015 9:00 AM - 505 5TH FLOOR, 501 W ADAMS ST JACKSONVILLE FL 32202</span> entered 07/30/2015.", "entry_date": "7/30/2015"}, {"date": "7/30/2015", "number": "59", "contents": "<span class='description'>JURY SELECTION 10/26/2015 9:00 AM - 505 5TH FLOOR, 501 W ADAMS ST JACKSONVILLE FL 32202</span> entered 07/30/2015.", "entry_date": "7/30/2015"}, {"date": "7/30/2015", "number": "58", "contents": "<span class='description'>DEFENDANT PRESENT IN JAIL</span> entered 07/30/2015.", "entry_date": "7/30/2015"}, {"date": "7/30/2015", "number": "57", "contents": "<span class='description'>ATTY. FOR DEF. HOLLIDAY, OCTAVIUS A</span> entered 07/30/2015.", "entry_date": "7/30/2015"}, {"date": "7/30/2015", "number": "56", "contents": "<span class='description'>ASST. STATE ATTY. KITE, LONDON MAHOGANY</span> entered 07/30/2015.", "entry_date": "7/30/2015"}, {"date": "7/30/2015", "number": "55", "contents": "<span class='description'>JUDGE SCHEMER, JACK M.</span> entered 07/30/2015.", "entry_date": "7/30/2015"}, {"date": "7/9/2015", "number": "54", "contents": "<span class='description'>DEFENDANT WAIVED READING OF INDICTMENT AND PLEAD NG</span> entered 07/09/2015.", "entry_date": "7/9/2015"}, {"date": "7/9/2015", "number": "53", "contents": "<span class='description'>PRETRIAL 07/30/2015 9:00 AM - 505 5TH FLOOR, 501 W ADAMS ST JACKSONVILLE FL 32202</span> entered 07/09/2015.", "entry_date": "7/9/2015"}, {"date": "7/9/2015", "number": "52", "contents": "<span class='description'>OTHERS PRESENT: MANGAN FOR KITE</span> entered 07/09/2015.", "entry_date": "7/9/2015"}, {"date": "7/9/2015", "number": "51", "contents": "<span class='description'>DEFENDANT PRESENT IN JAIL</span> entered 07/09/2015.", "entry_date": "7/9/2015"}, {"date": "7/9/2015", "number": "50", "contents": "<span class='description'>ATTY. FOR DEF. HOLLIDAY, OCTAVIUS A</span> entered 07/09/2015.", "entry_date": "7/9/2015"}, {"date": "7/9/2015", "number": "49", "contents": "<span class='description'>ASST. STATE ATTY. KITE, LONDON MAHOGANY</span> entered 07/09/2015.", "entry_date": "7/9/2015"}, {"date": "7/9/2015", "number": "48", "contents": "<span class='description'>JUDGE SCHEMER, JACK M.</span> entered 07/09/2015.", "entry_date": "7/9/2015"}, {"date": "7/8/2015", "number": "47", "contents": "<span class='description'>PRETRIAL 07/09/2015 9:00 AM - 505 5TH FLOOR, 501 W ADAMS ST JACKSONVILLE FL 32202</span> entered 07/08/2015.", "entry_date": "7/8/2015"}, {"date": "7/8/2015", "number": "46", "contents": "<span class='description'>OTHERS PRESENT: BLEDSOE FOR KITE</span> entered 07/08/2015.", "entry_date": "7/8/2015"}, {"date": "7/8/2015", "number": "45", "contents": "<span class='description'>DEFENDANT NOT PRESENT</span> entered 07/08/2015.", "entry_date": "7/8/2015"}, {"date": "7/8/2015", "number": "44", "contents": "<span class='description'>&gt; ATTORNEY NOT PRESENT</span> entered 07/08/2015.", "entry_date": "7/8/2015"}, {"date": "7/8/2015", "number": "43", "contents": "<span class='description'>ATTY. FOR DEF. HOLLIDAY, OCTAVIUS A</span> entered 07/08/2015.", "entry_date": "7/8/2015"}, {"date": "7/8/2015", "number": "42", "contents": "<span class='description'>ASST. STATE ATTY. KITE, LONDON MAHOGANY</span> entered 07/08/2015.", "entry_date": "7/8/2015"}, {"date": "7/8/2015", "number": "41", "contents": "<span class='description'>JUDGE SCHEMER, JACK M.</span> entered 07/08/2015.", "entry_date": "7/8/2015"}, {"date": "6/22/2015", "number": "39", "contents": "<span class='description'>STATE'S DISCOVERY EXHIBIT AND DEMAND FOR RECIPROCAL DISCOVERY</span> entered 06/23/2015.", "entry_date": "6/23/2015"}, {"link_viewer": "https://www.docketalarm.com/cases/Florida_State_Duval_County_Fourth_Circuit_Court/2015-CF-004180/CARL_EZEKIEL_WOODS/38/", "number": "38", "link": "https://www.docketalarm.com/cases/Florida_State_Duval_County_Fourth_Circuit_Court/2015-CF-004180/CARL_EZEKIEL_WOODS/docs/38.pdf", "entry_date": "6/25/2015", "date": "6/20/2015", "contents": "<a href=\"/cases/Florida_State_Duval_County_Fourth_Circuit_Court/2015-CF-004180/CARL_EZEKIEL_WOODS/38/\"><span class='description'>FINDING OF PROBABLE CAUSE ,</span></a> entered 06/25/2015."}, {"date": "6/20/2015", "number": "37", "contents": "<span class='description'>ARREST &amp; BOOKING REPORT 2015-012891 05/14/2015 GRAND JURY INDICTMENT</span> entered 06/24/2015.", "entry_date": "6/24/2015"}, {"date": "6/18/2015", "number": "36", "contents": "<span class='description'>INDICTMENT FILED FOR S810.02(2)(B) BURGLARY - ARMED/BECOMES ARMED WITH DANGEROUS WEAPON</span> entered 06/18/2015.", "entry_date": "6/18/2015"}, {"date": "6/18/2015", "number": "35", "contents": "<span class='description'>INDICTMENT FILED FOR S812.13(2)(A) ARMED ROBBERY</span> entered 06/18/2015.", "entry_date": "6/18/2015"}, {"date": "6/18/2015", "number": "34", "contents": "<span class='description'>INDICTMENT FILED FOR S782.04(1)(A) MURDER - FIRST DEGREE</span> entered 06/18/2015.", "entry_date": "6/18/2015"}, {"date": "6/11/2015", "number": "33", "contents": "<span class='description'>PLEA OF NOT GUILTY</span> entered 06/11/2015.", "entry_date": "6/11/2015"}, {"date": "6/11/2015", "number": "32", "contents": "<span class='description'>PLEA OF NOT GUILTY</span> entered 06/11/2015.", "entry_date": "6/11/2015"}, {"date": "6/11/2015", "number": "31", "contents": "<span class='description'>PLEA OF NOT GUILTY</span> entered 06/11/2015.", "entry_date": "6/11/2015"}, {"date": "6/11/2015", "number": "30", "contents": "<span class='description'>PRETRIAL 07/08/2015 9:00 AM - 505 5TH FLOOR, 501 W ADAMS ST JACKSONVILLE FL 32202</span> entered 06/11/2015.", "entry_date": "6/11/2015"}, {"date": "6/11/2015", "number": "29", "contents": "<span class='description'>DEF. W/READING OF INFO &amp; PLEAD NG</span> entered 06/11/2015.", "entry_date": "6/11/2015"}, {"date": "6/11/2015", "number": "28", "contents": "<span class='description'>DEFENDANT PRESENT IN JAIL</span> entered 06/11/2015.", "entry_date": "6/11/2015"}, {"date": "6/11/2015", "number": "27", "contents": "<span class='description'>ATTY. FOR DEF. HOLLIDAY, OCTAVIUS A</span> entered 06/11/2015.", "entry_date": "6/11/2015"}, {"date": "6/11/2015", "number": "26", "contents": "<span class='description'>PUBLIC DEFENDER PERMITTED TO WITHDRAW AS COUNSEL FOR DEF.</span> entered 06/11/2015.", "entry_date": "6/11/2015"}, {"date": "6/11/2015", "number": "25", "contents": "<span class='description'>ASST. PUB. DEF. PUBLIC DEFENDER ASSIGNED</span> entered 06/11/2015.", "entry_date": "6/11/2015"}, {"date": "6/11/2015", "number": "24", "contents": "<span class='description'>ASST. STATE ATTY. KITE, LONDON MAHOGANY</span> entered 06/11/2015.", "entry_date": "6/11/2015"}, {"date": "6/11/2015", "number": "23", "contents": "<span class='description'>JUDGE SCHEMER, JACK M.</span> entered 06/11/2015.", "entry_date": "6/11/2015"}, {"date": "6/10/2015", "number": "22", "contents": "<span class='description'>NOTICE OF DISCOVERY &amp; SPECIFIC DEMAND FOR INFORMATION</span> entered 06/11/2015.", "entry_date": "6/11/2015"}, {"link_viewer": "https://www.docketalarm.com/cases/Florida_State_Duval_County_Fourth_Circuit_Court/2015-CF-004180/CARL_EZEKIEL_WOODS/21/", "number": "21", "link": "https://www.docketalarm.com/cases/Florida_State_Duval_County_Fourth_Circuit_Court/2015-CF-004180/CARL_EZEKIEL_WOODS/docs/21.pdf", "entry_date": "6/11/2015", "date": "6/10/2015", "contents": "<a href=\"/cases/Florida_State_Duval_County_Fourth_Circuit_Court/2015-CF-004180/CARL_EZEKIEL_WOODS/21/\"><span class='description'>NOTICE OF APPEARANCE</span></a> entered 06/11/2015."}, {"date": "6/5/2015", "number": "20", "contents": "<span class='description'>ARRAIGNMENT DATE 06/11/2015 9:00 AM - 505 5TH FLOOR, 501 W ADAMS ST JACKSONVILLE FL 32202</span> entered 06/05/2015.", "entry_date": "6/5/2015"}, {"date": "6/5/2015", "number": "19", "contents": "<span class='description'>INFORMATION FILED S812.13(2)(A) ARMED ROBBERY</span> entered 06/05/2015.", "entry_date": "6/5/2015"}, {"date": "6/5/2015", "number": "18", "contents": "<span class='description'>INFORMATION FILED S812.13(2)(A) ARMED ROBBERY</span> entered 06/05/2015.", "entry_date": "6/5/2015"}, {"date": "6/5/2015", "number": "17", "contents": "<span class='description'>INFORMATION FILED S782.04(2) MURDER - SECOND DEGREE</span> entered 06/05/2015.", "entry_date": "6/5/2015"}, {"date": "6/4/2015", "number": "16", "contents": "<span class='description'>INFORMATION</span> entered 06/05/2015.", "entry_date": "6/5/2015"}, {"date": "6/3/2015", "number": "15", "contents": "<span class='description'>ARRAIGNMENT COURT DATE: 06/11/2015 SUBJECT TO CHANGE. CALL FOR VERIFICATION</span> entered 06/03/2015.", "entry_date": "6/3/2015"}, {"date": "5/29/2015", "number": "14", "contents": "<span class='description'>TRIAL ASSISTANT STATE ATTORNEY CHANGED TO Kite, London Mahogany PER SAO</span> entered 05/29/2015.", "entry_date": "5/29/2015"}, {"date": "5/20/2015", "number": "13", "contents": "<span class='description'>MOTION FOR STATEMENT OF PARTICULARS</span> entered 05/20/2015.", "entry_date": "5/20/2015"}, {"date": "5/20/2015", "number": "12", "contents": "<span class='description'>NOTICE OF DISCOVERY &amp; SPECIFIC DEMAND FOR INFORMATION</span> entered 05/20/2015.", "entry_date": "5/20/2015"}, {"date": "5/15/2015", "number": "11", "contents": "<span class='description'>ARRAIGNMENT COURT DATE: 06/04/2015 SUBJECT TO CHANGE. CALL FOR VERIFICATION</span> entered 05/18/2015.", "entry_date": "5/18/2015"}, {"date": "5/15/2015", "number": "10", "contents": "<span class='description'>MOTION ON BOND</span> entered 05/18/2015.", "entry_date": "5/18/2015"}, {"link_viewer": "https://www.docketalarm.com/cases/Florida_State_Duval_County_Fourth_Circuit_Court/2015-CF-004180/CARL_EZEKIEL_WOODS/9/", "number": "9", "link": "https://www.docketalarm.com/cases/Florida_State_Duval_County_Fourth_Circuit_Court/2015-CF-004180/CARL_EZEKIEL_WOODS/docs/9.pdf", "entry_date": "5/18/2015", "date": "5/15/2015", "contents": "<a href=\"/cases/Florida_State_Duval_County_Fourth_Circuit_Court/2015-CF-004180/CARL_EZEKIEL_WOODS/9/\"><span class='description'>APPLICATION FOR CRIMINAL INDIGENT STATUS - FILED</span></a> entered 05/18/2015."}, {"link_viewer": "https://www.docketalarm.com/cases/Florida_State_Duval_County_Fourth_Circuit_Court/2015-CF-004180/CARL_EZEKIEL_WOODS/8/", "number": "8", "link": "https://www.docketalarm.com/cases/Florida_State_Duval_County_Fourth_Circuit_Court/2015-CF-004180/CARL_EZEKIEL_WOODS/docs/8.pdf", "entry_date": "5/18/2015", "date": "5/15/2015", "contents": "<a href=\"/cases/Florida_State_Duval_County_Fourth_Circuit_Court/2015-CF-004180/CARL_EZEKIEL_WOODS/8/\"><span class='description'>DEFENDANT DECLARED INDIGENT, ORDER APPOINTING PUBLIC DEFENDER - FILED</span></a> entered 05/18/2015."}, {"date": "5/15/2015", "number": "7", "contents": "<span class='description'>FEES DUE: 6/17/2015</span> entered 05/18/2015.", "entry_date": "5/18/2015"}, {"date": "5/15/2015", "number": "6", "contents": "<span class='description'>PD APP FEE 50.00 IMPOSED</span> entered 05/18/2015.", "entry_date": "5/18/2015"}, {"date": "5/15/2015", "number": "5", "contents": "<span class='description'>BOND SET AT NONE</span> entered 05/18/2015.", "entry_date": "5/18/2015"}, {"date": "5/15/2015", "number": "4", "contents": "<span class='description'>BOND SET AT NONE</span> entered 05/18/2015.", "entry_date": "5/18/2015"}, {"date": "5/15/2015", "number": "3", "contents": "<span class='description'>S812.13(2)(A) ROBBERY - ARMED WITH FIREARM OR DEADLYWEAPON</span> entered 05/18/2015.", "entry_date": "5/18/2015"}, {"date": "5/15/2015", "number": "2", "contents": "<span class='description'>S782.04 MURDER</span> entered 05/18/2015.", "entry_date": "5/18/2015"}, {"date": "5/15/2015", "number": "1", "contents": "<span class='description'>ARREST &amp; BOOKING REPORT 2015-012891 5/14/2015</span> entered 05/18/2015.", "entry_date": "5/18/2015"}], "analyze": {"last_analyze": "6/22/2020"}, "success": true, "parties": [{"race": "B", "name_normalized": "Carl Ezekiel Woods", "name": "CARL EZEKIEL WOODS", "sex": "Male", "other": [], "type": "Defendant"}]}