{"info": {"status": "DISPOSED", "division": "CR-I", "judges": ["HEALEY, RUSSELL L."], "court": "Florida State, Duval County, Fourth Circuit Court", "title": "JULIAN MARCUS GEORGE JR.", "date_filed": "10/14/2017", "link": "https://www.docketalarm.com/cases/Florida_State_Duval_County_Fourth_Circuit_Court/2017-CF-009369/JULIAN_MARCUS_GEORGE_JR./", "judges_normalized": ["Healey Russell L."], "judge": "HEALEY, RUSSELL L.", "type": "Circuit Criminal", "docket": "2017-CF-009369"}, "docket_report": [{"date": "10/16/2018", "number": "148", "contents": "<span class='description'>COURT ORDER DENYING DEFENDANT'S MOTION TO ACCEPT MOTION TO REDUCE AND/OR MODIFY SENTENCE AS TIMELY FILED</span> entered 10/16/2018.", "entry_date": "10/16/2018"}, {"date": "10/16/2018", "number": "147", "contents": "<span class='description'>ORDER TO REDUCE AND MODIFY SENTENCE \u2013 3.800(C) DENIED</span> entered 10/16/2018.", "entry_date": "10/16/2018"}, {"date": "10/10/2018", "number": "146", "contents": "<span class='description'>MOTION TO ACCEPT 3.800(C) MOTION TO REDUCE AND/OR MODIFY SENTENCE AS TIMELY FILED</span> entered 10/11/2018.", "entry_date": "10/11/2018"}, {"date": "10/10/2018", "number": "145", "contents": "<span class='description'>MOTION TO REDUCE AND MODIFY SENTENCE - 3.800(C)</span> entered 10/11/2018.", "entry_date": "10/11/2018"}, {"date": "4/30/2018", "number": "144", "contents": "<span class='description'>RECEIPT FOR CIVIL PROCESS, JAIL, WARRANTS</span> entered 04/30/2018.", "entry_date": "4/30/2018"}, {"date": "4/30/2018", "number": "143", "contents": "<span class='description'>CERTIFICATE OF SERVICE FOR JUDGMENT AND SENTENCE</span> entered 04/30/2018.", "entry_date": "4/30/2018"}, {"link_viewer": "https://www.docketalarm.com/cases/Florida_State_Duval_County_Fourth_Circuit_Court/2017-CF-009369/JULIAN_MARCUS_GEORGE_JR./142/", "number": "142", "link": "https://www.docketalarm.com/cases/Florida_State_Duval_County_Fourth_Circuit_Court/2017-CF-009369/JULIAN_MARCUS_GEORGE_JR./docs/142.pdf", "entry_date": "4/30/2018", "date": "4/30/2018", "contents": "<a href=\"/cases/Florida_State_Duval_County_Fourth_Circuit_Court/2017-CF-009369/JULIAN_MARCUS_GEORGE_JR./142/\"><span class='description'>UNIFORM COMMITMENT TO CUSTODY OF DEPT. OF CORRECTIONS</span></a> entered 04/30/2018."}, {"link_viewer": "https://www.docketalarm.com/cases/Florida_State_Duval_County_Fourth_Circuit_Court/2017-CF-009369/JULIAN_MARCUS_GEORGE_JR./141/", "number": "141", "link": "https://www.docketalarm.com/cases/Florida_State_Duval_County_Fourth_Circuit_Court/2017-CF-009369/JULIAN_MARCUS_GEORGE_JR./docs/141.pdf", "entry_date": "4/30/2018", "date": "4/30/2018", "contents": "<a href=\"/cases/Florida_State_Duval_County_Fourth_Circuit_Court/2017-CF-009369/JULIAN_MARCUS_GEORGE_JR./141/\"><span class='description'>COMMITMENT CHECKLIST SENT</span></a> entered 04/30/2018."}, {"date": "4/25/2018", "number": "139", "contents": "<span class='description'>LETTER FROM - CHARACTER REFERENCES</span> entered 04/30/2018.", "entry_date": "4/30/2018"}, {"date": "4/25/2018", "number": "138", "contents": "<span class='description'>CLERKS MEMO OF HEARING</span> entered 04/30/2018.", "entry_date": "4/30/2018"}, {"date": "4/25/2018", "number": "137", "contents": "<span class='description'>SENTENCING GUIDELINES</span> entered 04/30/2018.", "entry_date": "4/30/2018"}, {"link_viewer": "https://www.docketalarm.com/cases/Florida_State_Duval_County_Fourth_Circuit_Court/2017-CF-009369/JULIAN_MARCUS_GEORGE_JR./136/", "number": "136", "link": "https://www.docketalarm.com/cases/Florida_State_Duval_County_Fourth_Circuit_Court/2017-CF-009369/JULIAN_MARCUS_GEORGE_JR./docs/136.pdf", "entry_date": "4/30/2018", "date": "4/25/2018", "contents": "<a href=\"/cases/Florida_State_Duval_County_Fourth_Circuit_Court/2017-CF-009369/JULIAN_MARCUS_GEORGE_JR./136/\"><span class='description'>PAYMENT AUTHORIZATION SHEET</span></a> entered 04/30/2018."}, {"link_viewer": "https://www.docketalarm.com/cases/Florida_State_Duval_County_Fourth_Circuit_Court/2017-CF-009369/JULIAN_MARCUS_GEORGE_JR./135/", "number": "135", "link": "https://www.docketalarm.com/cases/Florida_State_Duval_County_Fourth_Circuit_Court/2017-CF-009369/JULIAN_MARCUS_GEORGE_JR./docs/135.pdf", "entry_date": "4/30/2018", "date": "4/25/2018", "contents": "<a href=\"/cases/Florida_State_Duval_County_Fourth_Circuit_Court/2017-CF-009369/JULIAN_MARCUS_GEORGE_JR./135/\"><span class='description'>COURT ORDERED COSTS/FINES/FEES BOOK 18368 PAGE 1404-1405</span></a> entered 04/30/2018."}, {"date": "4/25/2018", "number": "134", "contents": "<span class='description'>SENTENCING HEARING HELD IN FULL</span> entered 04/30/2018.", "entry_date": "4/30/2018"}, {"date": "4/25/2018", "number": "133", "contents": "<span class='description'>CREDIT TIME: 194 DAYS</span> entered 04/30/2018.", "entry_date": "4/30/2018"}, {"date": "4/25/2018", "number": "132", "contents": "<span class='description'>JUDGMENT AND SENTENCE TO STATE PRISON FOR 10 YEARS</span> entered 04/30/2018.", "entry_date": "4/30/2018"}, {"date": "4/25/2018", "number": "131", "contents": "<span class='description'>DEF. ADJUDGED GUILTY - FINGERPRINTS TAKEN</span> entered 04/30/2018.", "entry_date": "4/30/2018"}, {"date": "4/25/2018", "number": "130", "contents": "<span class='description'>FEES DUE: 7/24/2028</span> entered 04/30/2018.", "entry_date": "4/30/2018"}, {"date": "4/25/2018", "number": "129", "contents": "<span class='description'>RCTF 151.00 IMPOSED</span> entered 04/30/2018.", "entry_date": "4/30/2018"}, {"date": "4/25/2018", "number": "128", "contents": "<span class='description'>CSTF 20.00 IMPOSED</span> entered 04/30/2018.", "entry_date": "4/30/2018"}, {"date": "4/25/2018", "number": "127", "contents": "<span class='description'>SAIEF 100.00 IMPOSED</span> entered 04/30/2018.", "entry_date": "4/30/2018"}, {"date": "4/25/2018", "number": "126", "contents": "<span class='description'>AACC 65.00 IMPOSED</span> entered 04/30/2018.", "entry_date": "4/30/2018"}, {"date": "4/25/2018", "number": "125", "contents": "<span class='description'>DOBS 201.00 IMPOSED</span> entered 04/30/2018.", "entry_date": "4/30/2018"}, {"date": "4/25/2018", "number": "124", "contents": "<span class='description'>TNC 3.00 IMPOSED</span> entered 04/30/2018.", "entry_date": "4/30/2018"}, {"date": "4/25/2018", "number": "123", "contents": "<span class='description'>LGTF 225.00 IMPOSED</span> entered 04/30/2018.", "entry_date": "4/30/2018"}, {"date": "4/25/2018", "number": "122", "contents": "<span class='description'>CCT 50.00 IMPOSED</span> entered 04/30/2018.", "entry_date": "4/30/2018"}, {"date": "4/25/2018", "number": "121", "contents": "<span class='description'>COST OF COURT 50.00 IMPOSED</span> entered 04/30/2018.", "entry_date": "4/30/2018"}, {"date": "4/25/2018", "number": "120", "contents": "<span class='description'>LEEA 5.00 IMPOSED</span> entered 04/30/2018.", "entry_date": "4/30/2018"}, {"date": "4/25/2018", "number": "119", "contents": "<span class='description'>10 YEAR MINIMUM MANDATORY SENTENCE IMPOSED PER F.S. 775.087(2)(A) AS TO COUNT: 1</span> entered 04/30/2018.", "entry_date": "4/30/2018"}, {"date": "4/25/2018", "number": "118", "contents": "<span class='description'>CONCURRENT WITH CASE NUMBER/S 16-2016-CF-003906-AXXX-MA</span> entered 04/30/2018.", "entry_date": "4/30/2018"}, {"date": "4/25/2018", "number": "117", "contents": "<span class='description'>CONCURRENT WITH COUNT/S 1-2</span> entered 04/30/2018.", "entry_date": "4/30/2018"}, {"date": "4/25/2018", "number": "116", "contents": "<span class='description'>CREDIT TIME: 194 DAYS</span> entered 04/30/2018.", "entry_date": "4/30/2018"}, {"link_viewer": "https://www.docketalarm.com/cases/Florida_State_Duval_County_Fourth_Circuit_Court/2017-CF-009369/JULIAN_MARCUS_GEORGE_JR./115/", "number": "115", "link": "https://www.docketalarm.com/cases/Florida_State_Duval_County_Fourth_Circuit_Court/2017-CF-009369/JULIAN_MARCUS_GEORGE_JR./docs/115.pdf", "entry_date": "4/30/2018", "date": "4/25/2018", "contents": "<a href=\"/cases/Florida_State_Duval_County_Fourth_Circuit_Court/2017-CF-009369/JULIAN_MARCUS_GEORGE_JR./115/\"><span class='description'>JUDGMENT AND SENTENCE TO STATE PRISON FOR 10 YEARS BOOK 18368 PAGE 1396-1402</span></a> entered 04/30/2018."}, {"date": "4/25/2018", "number": "114", "contents": "<span class='description'>DEF. ADJUDGED GUILTY - FINGERPRINTS TAKEN</span> entered 04/30/2018.", "entry_date": "4/30/2018"}, {"date": "4/25/2018", "number": "113", "contents": "<span class='description'>DEFENDANT PRESENT IN JAIL</span> entered 04/30/2018.", "entry_date": "4/30/2018"}, {"date": "4/25/2018", "number": "112", "contents": "<span class='description'>ATTY. FOR DEF. REINHOLD, TRAVIS A</span> entered 04/30/2018.", "entry_date": "4/30/2018"}, {"date": "4/25/2018", "number": "111", "contents": "<span class='description'>ASST. STATE ATTY. HUISH, LAUREN MARIE</span> entered 04/30/2018.", "entry_date": "4/30/2018"}, {"date": "4/25/2018", "number": "110", "contents": "<span class='description'>JUDGE HEALEY, RUSSELL L.</span> entered 04/30/2018.", "entry_date": "4/30/2018"}, {"date": "4/23/2018", "number": "109", "contents": "<span class='description'>SENTENCING 04/25/2018 9:00 AM - 305 3RD FLOOR, 501 W ADAMS ST JACKSONVILLE FL 32202</span> entered 04/23/2018.", "entry_date": "4/23/2018"}, {"date": "4/23/2018", "number": "108", "contents": "<span class='description'>DEFENDANT PRESENT IN JAIL</span> entered 04/23/2018.", "entry_date": "4/23/2018"}, {"date": "4/23/2018", "number": "107", "contents": "<span class='description'>ATTY. FOR DEF. REINHOLD, TRAVIS A</span> entered 04/23/2018.", "entry_date": "4/23/2018"}, {"date": "4/23/2018", "number": "106", "contents": "<span class='description'>ASST. STATE ATTY. HUISH, LAUREN MARIE</span> entered 04/23/2018.", "entry_date": "4/23/2018"}, {"date": "4/23/2018", "number": "105", "contents": "<span class='description'>JUDGE HEALEY, RUSSELL L.</span> entered 04/23/2018.", "entry_date": "4/23/2018"}, {"date": "4/12/2018", "number": "104", "contents": "<span class='description'>SENTENCING - TO BE SET 04/23/2018 9:00 AM - 305 3RD FLOOR, 501 W ADAMS ST JACKSONVILLE FL 32202</span> entered 04/12/2018.", "entry_date": "4/12/2018"}, {"date": "4/12/2018", "number": "103", "contents": "<span class='description'>DEFENDANT PLEAD GUILTY</span> entered 04/19/2018.", "entry_date": "4/19/2018"}, {"date": "4/12/2018", "number": "102", "contents": "<span class='description'>DEFENDANT PLEAD GUILTY</span> entered 04/19/2018.", "entry_date": "4/19/2018"}, {"link_viewer": "https://www.docketalarm.com/cases/Florida_State_Duval_County_Fourth_Circuit_Court/2017-CF-009369/JULIAN_MARCUS_GEORGE_JR./101/", "number": "101", "link": "https://www.docketalarm.com/cases/Florida_State_Duval_County_Fourth_Circuit_Court/2017-CF-009369/JULIAN_MARCUS_GEORGE_JR./docs/101.pdf", "entry_date": "4/12/2018", "date": "4/12/2018", "contents": "<a href=\"/cases/Florida_State_Duval_County_Fourth_Circuit_Court/2017-CF-009369/JULIAN_MARCUS_GEORGE_JR./101/\"><span class='description'>WAIVER OF PRE-SENTENCE INVESTIGATION</span></a> entered 04/12/2018."}, {"date": "4/12/2018", "number": "100", "contents": "<span class='description'>ACKNOWLEDGE. OF RIGHTS &amp; VOLUNTARINESS OF ENTRY OF PLEA</span> entered 04/12/2018.", "entry_date": "4/12/2018"}, {"date": "4/12/2018", "number": "99", "contents": "<span class='description'>AMENDED INFORMATION FILED S790.19 SHOOTING OR THROWING DEADLY MISSLES</span> entered 04/13/2018.", "entry_date": "4/13/2018"}, {"date": "4/12/2018", "number": "98", "contents": "<span class='description'>AMENDED INFORMATION FILED S784.045(1)(A)2 AGGRAVATED BATTERY</span> entered 04/13/2018.", "entry_date": "4/13/2018"}, {"date": "4/12/2018", "number": "97", "contents": "<span class='description'>AMENDED INFORMATION FILED IN OPEN COURT</span> entered 04/13/2018.", "entry_date": "4/13/2018"}, {"date": "4/12/2018", "number": "96", "contents": "<span class='description'>DEFENDANT WAIVED READING OF AMENDED INFORMATION AND PLEAD GUILTY</span> entered 04/12/2018.", "entry_date": "4/12/2018"}, {"date": "4/12/2018", "number": "95", "contents": "<span class='description'>DEFENDANT PRESENT IN JAIL</span> entered 04/12/2018.", "entry_date": "4/12/2018"}, {"date": "4/12/2018", "number": "94", "contents": "<span class='description'>ATTY. FOR DEF. REINHOLD, TRAVIS A</span> entered 04/12/2018.", "entry_date": "4/12/2018"}, {"date": "4/12/2018", "number": "93", "contents": "<span class='description'>ASST. STATE ATTY. HUISH, LAUREN MARIE</span> entered 04/12/2018.", "entry_date": "4/12/2018"}, {"date": "4/12/2018", "number": "92", "contents": "<span class='description'>JUDGE HEALEY, RUSSELL L.</span> entered 04/12/2018.", "entry_date": "4/12/2018"}, {"date": "4/11/2018", "number": "91", "contents": "<span class='description'>PER JA E-MAIL FOR PLEA</span> entered 04/11/2018.", "entry_date": "4/11/2018"}, {"date": "4/11/2018", "number": "90", "contents": "<span class='description'>DISPOSITION 04/12/2018 9:00 AM - 305 3RD FLOOR, 501 W ADAMS ST JACKSONVILLE FL 32202</span> entered 04/11/2018.", "entry_date": "4/11/2018"}, {"date": "4/11/2018", "number": "89", "contents": "<span class='description'>&gt; CANCEL REASON - PER JA E-MAIL</span> entered 04/11/2018.", "entry_date": "4/11/2018"}, {"date": "4/11/2018", "number": "88", "contents": "<span class='description'>CANCELLED PRETRIAL ON 4/13/2018 9:00:00 AM</span> entered 04/11/2018.", "entry_date": "4/11/2018"}, {"date": "4/6/2018", "number": "87", "contents": "<span class='description'>PRETRIAL 04/13/2018 9:00 AM - 305 3RD FLOOR, 501 W ADAMS ST JACKSONVILLE FL 32202</span> entered 04/06/2018.", "entry_date": "4/6/2018"}, {"date": "4/6/2018", "number": "86", "contents": "<span class='description'>DEFENDANT PRESENT IN JAIL</span> entered 04/06/2018.", "entry_date": "4/6/2018"}, {"date": "4/6/2018", "number": "85", "contents": "<span class='description'>ATTY. FOR DEF. REINHOLD, TRAVIS A</span> entered 04/06/2018.", "entry_date": "4/6/2018"}, {"date": "4/6/2018", "number": "84", "contents": "<span class='description'>ASST. STATE ATTY. HUISH, LAUREN MARIE</span> entered 04/06/2018.", "entry_date": "4/6/2018"}, {"date": "4/6/2018", "number": "83", "contents": "<span class='description'>JUDGE HEALEY, RUSSELL L.</span> entered 04/06/2018.", "entry_date": "4/6/2018"}, {"date": "4/2/2018", "number": "82", "contents": "<span class='description'>PRETRIAL 04/06/2018 9:00 AM - 305 3RD FLOOR, 501 W ADAMS ST JACKSONVILLE FL 32202</span> entered 04/02/2018.", "entry_date": "4/2/2018"}, {"date": "4/2/2018", "number": "81", "contents": "<span class='description'>DEFENDANT PRESENT IN JAIL</span> entered 04/02/2018.", "entry_date": "4/2/2018"}, {"date": "4/2/2018", "number": "80", "contents": "<span class='description'>ATTY. FOR DEF. REINHOLD, TRAVIS A</span> entered 04/02/2018.", "entry_date": "4/2/2018"}, {"date": "4/2/2018", "number": "79", "contents": "<span class='description'>ASST. STATE ATTY. HUISH, LAUREN MARIE</span> entered 04/02/2018.", "entry_date": "4/2/2018"}, {"date": "4/2/2018", "number": "78", "contents": "<span class='description'>JUDGE HEALEY, RUSSELL L.</span> entered 04/02/2018.", "entry_date": "4/2/2018"}, {"date": "3/8/2018", "number": "77", "contents": "<span class='description'>(POSSIBLE DISPOSITION)</span> entered 03/08/2018.", "entry_date": "3/8/2018"}, {"date": "3/8/2018", "number": "76", "contents": "<span class='description'>PRETRIAL 04/02/2018 9:00 AM - 305 3RD FLOOR, 501 W ADAMS ST JACKSONVILLE FL 32202</span> entered 03/08/2018.", "entry_date": "3/8/2018"}, {"date": "3/8/2018", "number": "75", "contents": "<span class='description'>DEFENDANT PRESENT IN JAIL</span> entered 03/08/2018.", "entry_date": "3/8/2018"}, {"date": "3/8/2018", "number": "74", "contents": "<span class='description'>ATTY. FOR DEF. REINHOLD, TRAVIS A</span> entered 03/08/2018.", "entry_date": "3/8/2018"}, {"date": "3/8/2018", "number": "73", "contents": "<span class='description'>PUBLIC DEFENDER PERMITTED TO WITHDRAW AS COUNSEL FOR DEF.</span> entered 03/08/2018.", "entry_date": "3/8/2018"}, {"date": "3/8/2018", "number": "72", "contents": "<span class='description'>ASST. PUB. DEF. BEARD, JOSHUA ANDREW</span> entered 03/08/2018.", "entry_date": "3/8/2018"}, {"date": "3/8/2018", "number": "71", "contents": "<span class='description'>ASST. STATE ATTY. HUISH, LAUREN MARIE</span> entered 03/08/2018.", "entry_date": "3/8/2018"}, {"date": "3/8/2018", "number": "70", "contents": "<span class='description'>JUDGE HEALEY, RUSSELL L.</span> entered 03/08/2018.", "entry_date": "3/8/2018"}, {"date": "2/23/2018", "number": "69", "contents": "<span class='description'>NOTICE OF DISCOVERY</span> entered 02/26/2018.", "entry_date": "2/26/2018"}, {"link_viewer": "https://www.docketalarm.com/cases/Florida_State_Duval_County_Fourth_Circuit_Court/2017-CF-009369/JULIAN_MARCUS_GEORGE_JR./68/", "number": "68", "link": "https://www.docketalarm.com/cases/Florida_State_Duval_County_Fourth_Circuit_Court/2017-CF-009369/JULIAN_MARCUS_GEORGE_JR./docs/68.pdf", "entry_date": "2/26/2018", "date": "2/23/2018", "contents": "<a href=\"/cases/Florida_State_Duval_County_Fourth_Circuit_Court/2017-CF-009369/JULIAN_MARCUS_GEORGE_JR./68/\"><span class='description'>NOTICE OF APPEARANCE REINHOLD, TRAVIS A</span></a> entered 02/26/2018."}, {"date": "2/23/2018", "number": "67", "contents": "<span class='description'>PLEA NOT GUILTY AND WAIVER OF APPEARANCE</span> entered 02/26/2018.", "entry_date": "2/26/2018"}, {"date": "2/21/2018", "number": "66", "contents": "<span class='description'>STATE'S DISCOVERY EXHIBIT AND DEMAND FOR RECIPROCAL DISCOVERY</span> entered 02/21/2018.", "entry_date": "2/21/2018"}, {"date": "2/21/2018", "number": "65", "contents": "<span class='description'>MOTION TO COMPEL SUBJECT TO DISCLOSE CELLPHONE PASSWORD</span> entered 02/21/2018.", "entry_date": "2/21/2018"}, {"date": "2/5/2018", "number": "64", "contents": "<span class='description'>PRETRIAL 03/08/2018 9:00 AM - 305 3RD FLOOR, 501 W ADAMS ST JACKSONVILLE FL 32202</span> entered 02/05/2018.", "entry_date": "2/5/2018"}, {"date": "2/5/2018", "number": "63", "contents": "<span class='description'>DEFENDANT APPEARANCE WAIVED</span> entered 02/05/2018.", "entry_date": "2/5/2018"}, {"date": "2/5/2018", "number": "62", "contents": "<span class='description'>ASST. PUB. DEF. BEARD, JOSHUA ANDREW</span> entered 02/05/2018.", "entry_date": "2/5/2018"}, {"date": "2/5/2018", "number": "61", "contents": "<span class='description'>ASST. STATE ATTY. HUISH, LAUREN MARIE</span> entered 02/05/2018.", "entry_date": "2/5/2018"}, {"date": "2/5/2018", "number": "60", "contents": "<span class='description'>JUDGE HEALEY, RUSSELL L.</span> entered 02/05/2018.", "entry_date": "2/5/2018"}, {"date": "1/24/2018", "number": "59", "contents": "<span class='description'>SUBPOENA FOR DEPOSITION</span> entered 01/25/2018.", "entry_date": "1/25/2018"}, {"date": "1/24/2018", "number": "58", "contents": "<span class='description'>NOTICE OF TAKING DEPOSITION</span> entered 01/25/2018.", "entry_date": "1/25/2018"}, {"date": "1/3/2018", "number": "57", "contents": "<span class='description'>PRETRIAL 02/05/2018 9:00 AM - 305 3RD FLOOR, 501 W ADAMS ST JACKSONVILLE FL 32202</span> entered 01/03/2018.", "entry_date": "1/3/2018"}, {"date": "1/3/2018", "number": "56", "contents": "<span class='description'>OTHERS PRESENT: A. KANE FOR J. BEARD</span> entered 01/03/2018.", "entry_date": "1/3/2018"}, {"date": "1/3/2018", "number": "55", "contents": "<span class='description'>DEFENDANT PRESENT IN JAIL</span> entered 01/03/2018.", "entry_date": "1/3/2018"}, {"date": "1/3/2018", "number": "54", "contents": "<span class='description'>ASST. PUB. DEF. BEARD, JOSHUA ANDREW</span> entered 01/03/2018.", "entry_date": "1/3/2018"}, {"date": "1/3/2018", "number": "53", "contents": "<span class='description'>ASST. STATE ATTY. HUISH, LAUREN MARIE</span> entered 01/03/2018.", "entry_date": "1/3/2018"}, {"date": "1/3/2018", "number": "52", "contents": "<span class='description'>JUDGE HEALEY, RUSSELL L.</span> entered 01/03/2018.", "entry_date": "1/3/2018"}, {"date": "12/21/2017", "number": "51", "contents": "<span class='description'>PRETRIAL 01/03/2018 9:00 AM - 305 3RD FLOOR, 501 W ADAMS ST JACKSONVILLE FL 32202</span> entered 12/21/2017.", "entry_date": "12/21/2017"}, {"date": "12/21/2017", "number": "50", "contents": "<span class='description'>DEFENDANT APPEARANCE WAIVED</span> entered 12/21/2017.", "entry_date": "12/21/2017"}, {"date": "12/21/2017", "number": "49", "contents": "<span class='description'>ASST. PUB. DEF. BEARD, JOSHUA ANDREW</span> entered 12/21/2017.", "entry_date": "12/21/2017"}, {"date": "12/21/2017", "number": "48", "contents": "<span class='description'>ASST. STATE ATTY. HUISH, LAUREN MARIE</span> entered 12/21/2017.", "entry_date": "12/21/2017"}, {"date": "12/21/2017", "number": "47", "contents": "<span class='description'>JUDGE HEALEY, RUSSELL L.</span> entered 12/21/2017.", "entry_date": "12/21/2017"}, {"date": "12/18/2017", "number": "46", "contents": "<span class='description'>STATE'S FIRST SUPPLEMENTAL DISCOVERY EXHIBIT</span> entered 12/19/2017.", "entry_date": "12/19/2017"}, {"date": "12/14/2017", "number": "45", "contents": "<span class='description'>TRIAL ASSISTANT STATE ATTORNEY CHANGED TO Huish, Lauren Marie PER SAO</span> entered 12/14/2017.", "entry_date": "12/14/2017"}, {"date": "12/6/2017", "number": "44", "contents": "<span class='description'>PRETRIAL 12/21/2017 9:00 AM - 305 3RD FLOOR, 501 W ADAMS ST JACKSONVILLE FL 32202</span> entered 12/06/2017.", "entry_date": "12/6/2017"}, {"date": "12/6/2017", "number": "43", "contents": "<span class='description'>DEFENDANT APPEARANCE WAIVED</span> entered 12/06/2017.", "entry_date": "12/6/2017"}, {"date": "12/6/2017", "number": "42", "contents": "<span class='description'>ASST. PUB. DEF. BEARD, JOSHUA ANDREW</span> entered 12/06/2017.", "entry_date": "12/6/2017"}, {"date": "12/6/2017", "number": "41", "contents": "<span class='description'>ASST. STATE ATTY. HARRIS, CHASE REED</span> entered 12/06/2017.", "entry_date": "12/6/2017"}, {"date": "12/6/2017", "number": "40", "contents": "<span class='description'>JUDGE HEALEY, RUSSELL L.</span> entered 12/06/2017.", "entry_date": "12/6/2017"}, {"date": "12/5/2017", "number": "39", "contents": "<span class='description'>STATE'S DISCOVERY EXHIBIT AND DEMAND FOR RECIPROCAL DISCOVERY</span> entered 12/06/2017.", "entry_date": "12/6/2017"}, {"date": "11/22/2017", "number": "38", "contents": "<span class='description'>NOTICE OF DISCOVERY AND SPECIFIC DEMAND</span> entered 11/27/2017.", "entry_date": "11/27/2017"}, {"date": "11/22/2017", "number": "37", "contents": "<span class='description'>PLEA OF NOT GUILTY</span> entered 11/22/2017.", "entry_date": "11/22/2017"}, {"date": "11/22/2017", "number": "36", "contents": "<span class='description'>PLEA OF NOT GUILTY</span> entered 11/22/2017.", "entry_date": "11/22/2017"}, {"date": "11/22/2017", "number": "35", "contents": "<span class='description'>PRETRIAL 12/06/2017 9:00 AM - 305 3RD FLOOR, 501 W ADAMS ST JACKSONVILLE FL 32202</span> entered 11/22/2017.", "entry_date": "11/22/2017"}, {"date": "11/22/2017", "number": "34", "contents": "<span class='description'>DEF. W/READING OF INFO &amp; PLEAD NOT GUILTY</span> entered 11/22/2017.", "entry_date": "11/22/2017"}, {"date": "11/22/2017", "number": "33", "contents": "<span class='description'>DEFENDANT PRESENT IN JAIL</span> entered 11/22/2017.", "entry_date": "11/22/2017"}, {"date": "11/22/2017", "number": "32", "contents": "<span class='description'>ASST. PUB. DEF. BEARD, JOSHUA ANDREW</span> entered 11/22/2017.", "entry_date": "11/22/2017"}, {"date": "11/22/2017", "number": "31", "contents": "<span class='description'>ASST. STATE ATTY. HARRIS, CHASE REED</span> entered 11/22/2017.", "entry_date": "11/22/2017"}, {"date": "11/22/2017", "number": "30", "contents": "<span class='description'>JUDGE HEALEY, RUSSELL L.</span> entered 11/22/2017.", "entry_date": "11/22/2017"}, {"date": "11/21/2017", "number": "29", "contents": "<span class='description'>ARRAIGNMENT DATE 11/22/2017 9:00 AM - 305 3RD FLOOR, 501 W ADAMS ST JACKSONVILLE FL 32202</span> entered 11/21/2017.", "entry_date": "11/21/2017"}, {"date": "11/21/2017", "number": "28", "contents": "<span class='description'>DROPPED/ABANDONED S782.04(2) MURDER IN THE SECOND DEGREE WITH A WEAPON</span> entered 11/21/2017.", "entry_date": "11/21/2017"}, {"date": "11/21/2017", "number": "27", "contents": "<span class='description'>DROPPED/ABANDONED S782.04(1)(A) ATTEMPTED MURDER IN THE FIRST DEGREE</span> entered 11/21/2017.", "entry_date": "11/21/2017"}, {"date": "11/21/2017", "number": "26", "contents": "<span class='description'>INFORMATION FILED S790.19 SHOOTING OR THROWING DEADLY MISSLES</span> entered 11/21/2017.", "entry_date": "11/21/2017"}, {"date": "11/21/2017", "number": "25", "contents": "<span class='description'>INFORMATION FILED S782.04(2) ATTEMPTED MURDER IN THE SECOND DEGREE</span> entered 11/21/2017.", "entry_date": "11/21/2017"}, {"date": "11/21/2017", "number": "24", "contents": "<span class='description'>INFORMATION</span> entered 11/21/2017.", "entry_date": "11/21/2017"}, {"date": "11/20/2017", "number": "23", "contents": "<span class='description'>MOTION TO RELEASE DUE TO FAILURE OF THE STATE TO FILE CHARGES</span> entered 11/21/2017.", "entry_date": "11/21/2017"}, {"date": "11/17/2017", "number": "22", "contents": "<span class='description'>MOTION TO COMPEL FINGERPRINT SPECIMENS</span> entered 11/17/2017.", "entry_date": "11/17/2017"}, {"date": "11/17/2017", "number": "21", "contents": "<span class='description'>MOTION TO COMPEL BODY MATERIAL SAMPLES</span> entered 11/17/2017.", "entry_date": "11/17/2017"}, {"date": "11/16/2017", "number": "20", "contents": "<span class='description'>TRIAL ASSISTANT STATE ATTORNEY CHANGED TO Harris, Chase Reed PER SAO</span> entered 11/16/2017.", "entry_date": "11/16/2017"}, {"date": "11/14/2017", "number": "19", "contents": "<span class='description'>ARRAIGNMENT COURT DATE: 11/22/2017 SUBJECT TO CHANGE. CALL FOR VERIFICATION</span> entered 11/14/2017.", "entry_date": "11/14/2017"}, {"date": "11/13/2017", "number": "18", "contents": "<span class='description'>MOTION TO RELEASE DUE TO FAILURE OF THE STATE TO FILE CHARGES</span> entered 11/14/2017.", "entry_date": "11/14/2017"}, {"date": "11/3/2017", "number": "17", "contents": "<span class='description'>ARRAIGNMENT COURT DATE: 11/15/2017 SUBJECT TO CHANGE. CALL FOR VERIFICATION</span> entered 11/03/2017.", "entry_date": "11/3/2017"}, {"date": "11/1/2017", "number": "16", "contents": "<span class='description'>MOTION FOR ADVERSARY PRELIMINARY HEARING</span> entered 11/02/2017.", "entry_date": "11/2/2017"}, {"date": "10/17/2017", "number": "15", "contents": "<span class='description'>ARREST &amp; BOOKING REPORT CORRECTED DOCKET</span> entered 10/18/2017.", "entry_date": "10/18/2017"}, {"date": "10/14/2017", "number": "14", "contents": "<span class='description'>ARRAIGNMENT COURT DATE: 11/06/2017 SUBJECT TO CHANGE. CALL FOR VERIFICATION</span> entered 10/16/2017.", "entry_date": "10/16/2017"}, {"link_viewer": "https://www.docketalarm.com/cases/Florida_State_Duval_County_Fourth_Circuit_Court/2017-CF-009369/JULIAN_MARCUS_GEORGE_JR./13/", "number": "13", "link": "https://www.docketalarm.com/cases/Florida_State_Duval_County_Fourth_Circuit_Court/2017-CF-009369/JULIAN_MARCUS_GEORGE_JR./docs/13.pdf", "entry_date": "10/16/2017", "date": "10/14/2017", "contents": "<a href=\"/cases/Florida_State_Duval_County_Fourth_Circuit_Court/2017-CF-009369/JULIAN_MARCUS_GEORGE_JR./13/\"><span class='description'>APPLICATION FOR CRIMINAL INDIGENT STATUS - FILED</span></a> entered 10/16/2017."}, {"link_viewer": "https://www.docketalarm.com/cases/Florida_State_Duval_County_Fourth_Circuit_Court/2017-CF-009369/JULIAN_MARCUS_GEORGE_JR./12/", "number": "12", "link": "https://www.docketalarm.com/cases/Florida_State_Duval_County_Fourth_Circuit_Court/2017-CF-009369/JULIAN_MARCUS_GEORGE_JR./docs/12.pdf", "entry_date": "10/16/2017", "date": "10/14/2017", "contents": "<a href=\"/cases/Florida_State_Duval_County_Fourth_Circuit_Court/2017-CF-009369/JULIAN_MARCUS_GEORGE_JR./12/\"><span class='description'>DEFENDANT DECLARED INDIGENT, ORDER APPOINTING PUBLIC DEFENDER - FILED</span></a> entered 10/16/2017."}, {"date": "10/14/2017", "number": "11", "contents": "<span class='description'>FEES DUE: 10/16/2017</span> entered 10/16/2017.", "entry_date": "10/16/2017"}, {"date": "10/14/2017", "number": "10", "contents": "<span class='description'>PD APP FEE 50.00 IMPOSED</span> entered 10/16/2017.", "entry_date": "10/16/2017"}, {"date": "10/14/2017", "number": "9", "contents": "<span class='description'>BOND SET AT $75,003.00</span> entered 10/16/2017.", "entry_date": "10/16/2017"}, {"date": "10/14/2017", "number": "8", "contents": "<span class='description'>BOND SET AT $100,003.00</span> entered 10/16/2017.", "entry_date": "10/16/2017"}, {"date": "10/14/2017", "number": "7", "contents": "<span class='description'>BOND SET AT $100,003.00</span> entered 10/16/2017.", "entry_date": "10/16/2017"}, {"date": "10/14/2017", "number": "6", "contents": "<span class='description'>BOND SET AT NONE</span> entered 10/16/2017.", "entry_date": "10/16/2017"}, {"date": "10/14/2017", "number": "5", "contents": "<span class='description'>S790.19 SHOOTING/THROWING DEADLY MISSILES INTO DWELLING, PUBLIC/PRIVATE BLDG</span> entered 10/16/2017.", "entry_date": "10/16/2017"}, {"date": "10/14/2017", "number": "4", "contents": "<span class='description'>S782.04(2) MURDER IN THE SECOND DEGREE WITH A WEAPON</span> entered 10/16/2017.", "entry_date": "10/16/2017"}, {"date": "10/14/2017", "number": "3", "contents": "<span class='description'>S782.04(2) ATTEMPTED MURDER IN THE SECOND DEGREE</span> entered 10/16/2017.", "entry_date": "10/16/2017"}, {"date": "10/14/2017", "number": "2", "contents": "<span class='description'>S782.04(1)(A) ATTEMPTED MURDER IN THE FIRST DEGREE</span> entered 10/16/2017.", "entry_date": "10/16/2017"}, {"date": "10/14/2017", "number": "1", "contents": "<span class='description'>ARREST &amp; BOOKING REPORT 2017-025878 10/13/2017</span> entered 10/16/2017.", "entry_date": "10/16/2017"}], "analyze": {"last_analyze": "6/22/2020"}, "success": true, "parties": [{"race": "B", "name_normalized": "Julian Marcus George JR.", "name": "JULIAN MARCUS GEORGE JR.", "sex": "Male", "other": [], "type": "Defendant"}]}