{"info": {"status": "DISPOSED", "division": "CR-A", "judges": ["Anderson Jr, Bruce R"], "court": "Florida State, Duval County, Fourth Circuit Court", "title": "PHILLIP JASON SMITH", "date_filed": "2/8/2017", "link": "https://www.docketalarm.com/cases/Florida_State_Duval_County_Fourth_Circuit_Court/2017-CF-001292/PHILLIP_JASON_SMITH/", "judges_normalized": ["Anderson R"], "judge": "Anderson Jr, Bruce R", "type": "Circuit Criminal", "docket": "2017-CF-001292"}, "docket_report": [{"date": "2/19/2020", "number": "189", "contents": "<span class='description'>ORDER DENYING PETITIONER'S PETITION FOR WRIT OF MANDAMUS</span> entered 02/19/2020.", "entry_date": "2/19/2020"}, {"date": "1/31/2020", "number": "188", "contents": "<span class='description'>PETITION FOR WRIT OF MANDAMUS (STYLED 4TH JUDICIAL)</span> entered 01/31/2020.", "entry_date": "1/31/2020"}, {"date": "1/28/2019", "number": "187", "contents": "<span class='description'>REQUEST FOR DOCUMENTS</span> entered 01/29/2019.", "entry_date": "1/29/2019"}, {"date": "12/10/2018", "number": "186", "contents": "<span class='description'>REQUEST FOR DOCUMENTS</span> entered 12/14/2018.", "entry_date": "12/14/2018"}, {"date": "8/13/2018", "number": "185", "contents": "<span class='description'>REQUEST FOR DOCUMENTS</span> entered 08/16/2018.", "entry_date": "8/16/2018"}, {"date": "7/30/2018", "number": "184", "contents": "<span class='description'>ORDER OF INSOL. &amp; APPT. OF COUNSEL FOR PUR.OF APPEAL</span> entered 07/30/2018.", "entry_date": "7/30/2018"}, {"date": "7/23/2018", "number": "183", "contents": "<span class='description'>AFFIDAVIT AND MOTION FOR ORDER OF INSOLVENCY</span> entered 07/23/2018.", "entry_date": "7/23/2018"}, {"date": "7/23/2018", "number": "182", "contents": "<span class='description'>MOTION FOR APPOINTMENT OF COUNSEL</span> entered 07/23/2018.", "entry_date": "7/23/2018"}, {"date": "7/23/2018", "number": "181", "contents": "<span class='description'>DESIGNATION TO COURT REPORTER</span> entered 07/23/2018.", "entry_date": "7/23/2018"}, {"date": "7/23/2018", "number": "180", "contents": "<span class='description'>STATEMENT OF JUDICIAL ACTS TO BE REVIEWED</span> entered 07/23/2018.", "entry_date": "7/23/2018"}, {"date": "7/18/2018", "number": "179", "contents": "<span class='description'>JUDGMENT &amp; RESTITUTION ORDER BOOK PAGE BOOK 18463 PAGE 1394-1395</span> entered 07/19/2018.", "entry_date": "7/19/2018"}, {"date": "5/24/2018", "number": "178", "contents": "<span class='description'>RECEIPT FOR CIVIL PROCESS, JAIL, WARRANTS</span> entered 05/24/2018.", "entry_date": "5/24/2018"}, {"link_viewer": "https://www.docketalarm.com/cases/Florida_State_Duval_County_Fourth_Circuit_Court/2017-CF-001292/PHILLIP_JASON_SMITH/177/", "number": "177", "link": "https://www.docketalarm.com/cases/Florida_State_Duval_County_Fourth_Circuit_Court/2017-CF-001292/PHILLIP_JASON_SMITH/docs/177.pdf", "entry_date": "5/24/2018", "date": "5/24/2018", "contents": "<a href=\"/cases/Florida_State_Duval_County_Fourth_Circuit_Court/2017-CF-001292/PHILLIP_JASON_SMITH/177/\"><span class='description'>UNIFORM COMMITMENT TO CUSTODY OF DEPT. OF CORRECTIONS</span></a> entered 05/24/2018."}, {"link_viewer": "https://www.docketalarm.com/cases/Florida_State_Duval_County_Fourth_Circuit_Court/2017-CF-001292/PHILLIP_JASON_SMITH/176/", "number": "176", "link": "https://www.docketalarm.com/cases/Florida_State_Duval_County_Fourth_Circuit_Court/2017-CF-001292/PHILLIP_JASON_SMITH/docs/176.pdf", "entry_date": "5/24/2018", "date": "5/24/2018", "contents": "<a href=\"/cases/Florida_State_Duval_County_Fourth_Circuit_Court/2017-CF-001292/PHILLIP_JASON_SMITH/176/\"><span class='description'>COMMITMENT CHECKLIST SENT</span></a> entered 05/24/2018."}, {"date": "5/24/2018", "number": "175", "contents": "<span class='description'>CERTIFICATE OF SERVICE FOR JUDGMENT AND SENTENCE</span> entered 05/24/2018.", "entry_date": "5/24/2018"}, {"date": "5/23/2018", "number": "173", "contents": "<span class='description'>CLERKS EXHIBIT MEMO</span> entered 05/24/2018.", "entry_date": "5/24/2018"}, {"link_viewer": "https://www.docketalarm.com/cases/Florida_State_Duval_County_Fourth_Circuit_Court/2017-CF-001292/PHILLIP_JASON_SMITH/172/", "number": "172", "link": "https://www.docketalarm.com/cases/Florida_State_Duval_County_Fourth_Circuit_Court/2017-CF-001292/PHILLIP_JASON_SMITH/docs/172.pdf", "entry_date": "5/24/2018", "date": "5/23/2018", "contents": "<a href=\"/cases/Florida_State_Duval_County_Fourth_Circuit_Court/2017-CF-001292/PHILLIP_JASON_SMITH/172/\"><span class='description'>ORDER OF CONVERSION TO FINAL JUDGMENT 05/23/2018 BOOK 18398 PAGE 2481-2481</span></a> entered 05/24/2018."}, {"date": "5/23/2018", "number": "171", "contents": "<span class='description'>STATE'S WAIVER OF THE DEATH PENALTY</span> entered 05/24/2018.", "entry_date": "5/24/2018"}, {"date": "5/23/2018", "number": "169", "contents": "<span class='description'>SENTENCING GUIDELINES</span> entered 05/24/2018.", "entry_date": "5/24/2018"}, {"date": "5/23/2018", "number": "168", "contents": "<span class='description'>SENTENCING HEARING HELD IN FULL</span> entered 05/24/2018.", "entry_date": "5/24/2018"}, {"date": "5/23/2018", "number": "167", "contents": "<span class='description'>CLERKS MEMO OF HEARING</span> entered 05/24/2018.", "entry_date": "5/24/2018"}, {"link_viewer": "https://www.docketalarm.com/cases/Florida_State_Duval_County_Fourth_Circuit_Court/2017-CF-001292/PHILLIP_JASON_SMITH/166/", "number": "166", "link": "https://www.docketalarm.com/cases/Florida_State_Duval_County_Fourth_Circuit_Court/2017-CF-001292/PHILLIP_JASON_SMITH/docs/166.pdf", "entry_date": "5/24/2018", "date": "5/23/2018", "contents": "<a href=\"/cases/Florida_State_Duval_County_Fourth_Circuit_Court/2017-CF-001292/PHILLIP_JASON_SMITH/166/\"><span class='description'>COURT ORDERED COSTS/FINES/FEES BOOK 18398 PAGE 2471-2472</span></a> entered 05/24/2018."}, {"date": "5/23/2018", "number": "165", "contents": "<span class='description'>FEES DUE: 9/9/9999</span> entered 05/24/2018.", "entry_date": "5/24/2018"}, {"date": "5/23/2018", "number": "164", "contents": "<span class='description'>CSTF 20.00 IMPOSED</span> entered 05/24/2018.", "entry_date": "5/24/2018"}, {"date": "5/23/2018", "number": "163", "contents": "<span class='description'>SAIEF 100.00 IMPOSED</span> entered 05/24/2018.", "entry_date": "5/24/2018"}, {"date": "5/23/2018", "number": "162", "contents": "<span class='description'>AACC 65.00 IMPOSED</span> entered 05/24/2018.", "entry_date": "5/24/2018"}, {"date": "5/23/2018", "number": "161", "contents": "<span class='description'>TNC 3.00 IMPOSED</span> entered 05/24/2018.", "entry_date": "5/24/2018"}, {"date": "5/23/2018", "number": "160", "contents": "<span class='description'>PD FEE 100.00 IMPOSED</span> entered 05/24/2018.", "entry_date": "5/24/2018"}, {"date": "5/23/2018", "number": "159", "contents": "<span class='description'>LGTF 225.00 IMPOSED</span> entered 05/24/2018.", "entry_date": "5/24/2018"}, {"date": "5/23/2018", "number": "158", "contents": "<span class='description'>CCT 50.00 IMPOSED</span> entered 05/24/2018.", "entry_date": "5/24/2018"}, {"date": "5/23/2018", "number": "157", "contents": "<span class='description'>COST OF COURT 50.00 IMPOSED</span> entered 05/24/2018.", "entry_date": "5/24/2018"}, {"date": "5/23/2018", "number": "156", "contents": "<span class='description'>LEEA 5.00 IMPOSED</span> entered 05/24/2018.", "entry_date": "5/24/2018"}, {"date": "5/23/2018", "number": "155", "contents": "<span class='description'>LIFE WITH NO PAROLE</span> entered 05/24/2018.", "entry_date": "5/24/2018"}, {"date": "5/23/2018", "number": "154", "contents": "<span class='description'>JUDGMENT AND SENTENCE TO STATE PRISON FOR LIFE BOOK 18398 PAGE 2465-2470</span> entered 05/24/2018.", "entry_date": "5/24/2018"}, {"date": "5/23/2018", "number": "153", "contents": "<span class='description'>JURISDICTION RESERVED TO DETERMINE RESTITUTION FOR: 60 DAYS</span> entered 05/24/2018.", "entry_date": "5/24/2018"}, {"date": "5/23/2018", "number": "152", "contents": "<span class='description'>CREDIT TIME: 470 DAYS</span> entered 05/24/2018.", "entry_date": "5/24/2018"}, {"date": "5/23/2018", "number": "151", "contents": "<span class='description'>DEF. ADJUDGED GUILTY - FINGERPRINTS TAKEN</span> entered 05/24/2018.", "entry_date": "5/24/2018"}, {"date": "5/23/2018", "number": "150", "contents": "<span class='description'>DEFENDANT PLEAD GUILTY</span> entered 05/24/2018.", "entry_date": "5/24/2018"}, {"date": "5/23/2018", "number": "149", "contents": "<span class='description'>ACKNOWLEDGE. OF RIGHTS &amp; VOLUNTARINESS OF ENTRY OF PLEA</span> entered 05/24/2018.", "entry_date": "5/24/2018"}, {"date": "5/23/2018", "number": "148", "contents": "<span class='description'>DEF. PERMITTED TO W/D PLEA OF NOT GUILTY PLEAD GUILTY</span> entered 05/24/2018.", "entry_date": "5/24/2018"}, {"date": "5/23/2018", "number": "147", "contents": "<span class='description'>DEFENDANT PRESENT IN JAIL</span> entered 05/24/2018.", "entry_date": "5/24/2018"}, {"date": "5/23/2018", "number": "146", "contents": "<span class='description'>ASST. PUB. DEF. BILLARD, DEBRA DEKAY</span> entered 05/24/2018.", "entry_date": "5/24/2018"}, {"date": "5/23/2018", "number": "145", "contents": "<span class='description'>ASST. STATE ATTY. KITE, LONDON MAHOGANY</span> entered 05/24/2018.", "entry_date": "5/24/2018"}, {"date": "5/23/2018", "number": "144", "contents": "<span class='description'>JUDGE ANDERSON JR, BRUCE R</span> entered 05/24/2018.", "entry_date": "5/24/2018"}, {"date": "5/15/2018", "number": "143", "contents": "<span class='description'>@2:30-3:30</span> entered 05/15/2018.", "entry_date": "5/15/2018"}, {"date": "5/15/2018", "number": "142", "contents": "<span class='description'>SENTENCING 05/23/2018 9:00 AM - 508 5TH FLOOR, 501 W ADAMS ST JACKSONVILLE FL 32202</span> entered 05/15/2018.", "entry_date": "5/15/2018"}, {"date": "5/15/2018", "number": "141", "contents": "<span class='description'>CANCEL REASON - PER COURT</span> entered 05/15/2018.", "entry_date": "5/15/2018"}, {"date": "5/15/2018", "number": "140", "contents": "<span class='description'>CANCELLED PRETRIAL ON 5/29/2018 9:00:00 AM</span> entered 05/15/2018.", "entry_date": "5/15/2018"}, {"date": "5/4/2018", "number": "139", "contents": "<span class='description'>SUBPOENA FOR DEPOSITION</span> entered 05/04/2018.", "entry_date": "5/4/2018"}, {"date": "5/4/2018", "number": "138", "contents": "<span class='description'>NOTICE OF TAKING DEPOSITION</span> entered 05/04/2018.", "entry_date": "5/4/2018"}, {"date": "5/4/2018", "number": "137", "contents": "<span class='description'>NOTICE OF TAKING DEPOSITION</span> entered 05/04/2018.", "entry_date": "5/4/2018"}, {"date": "4/20/2018", "number": "136", "contents": "<span class='description'>WAIVER OF APPEARANCE FOR PRETRIAL CONFERENCES</span> entered 04/23/2018.", "entry_date": "4/23/2018"}, {"date": "4/20/2018", "number": "135", "contents": "<span class='description'>WAIVER OF APPEARANCE FOR PRETRIAL CONFERENCES</span> entered 04/23/2018.", "entry_date": "4/23/2018"}, {"date": "4/11/2018", "number": "134", "contents": "<span class='description'>PRETRIAL 05/29/2018 9:00 AM - 508 5TH FLOOR, 501 W ADAMS ST JACKSONVILLE FL 32202</span> entered 04/11/2018.", "entry_date": "4/11/2018"}, {"date": "4/11/2018", "number": "133", "contents": "<span class='description'>DEFENDANT PRESENT IN JAIL</span> entered 04/11/2018.", "entry_date": "4/11/2018"}, {"date": "4/11/2018", "number": "132", "contents": "<span class='description'>PD- M. BUNCOME FOR D. BILLARD</span> entered 04/11/2018.", "entry_date": "4/11/2018"}, {"date": "4/11/2018", "number": "131", "contents": "<span class='description'>ASST. PUB. DEF. BILLARD, DEBRA DEKAY</span> entered 04/11/2018.", "entry_date": "4/11/2018"}, {"date": "4/11/2018", "number": "130", "contents": "<span class='description'>OTHERS PRESENT: ASA- J. LESSARD FOR L.KITE</span> entered 04/11/2018.", "entry_date": "4/11/2018"}, {"date": "4/11/2018", "number": "129", "contents": "<span class='description'>ASST. STATE ATTY. KITE, LONDON MAHOGANY</span> entered 04/11/2018.", "entry_date": "4/11/2018"}, {"date": "4/11/2018", "number": "128", "contents": "<span class='description'>JUDGE ANDERSON JR, BRUCE R</span> entered 04/11/2018.", "entry_date": "4/11/2018"}, {"date": "4/6/2018", "number": "127", "contents": "<span class='description'>ORDER FOR SUBPOENA DUCES TECUM</span> entered 04/06/2018.", "entry_date": "4/6/2018"}, {"date": "3/20/2018", "number": "126", "contents": "<span class='description'>SUBPOENA FOR DEPOSITION</span> entered 03/21/2018.", "entry_date": "3/21/2018"}, {"date": "3/20/2018", "number": "125", "contents": "<span class='description'>SUBPOENA FOR DEPOSITION</span> entered 03/21/2018.", "entry_date": "3/21/2018"}, {"date": "3/19/2018", "number": "124", "contents": "<span class='description'>SUBPOENA DUCES TECUM FOR DEPOSITION</span> entered 03/20/2018.", "entry_date": "3/20/2018"}, {"date": "3/14/2018", "number": "123", "contents": "<span class='description'>SUBPOENA DUCES TECUM WITHOUT DEPOSITION (2 ATTACHED) - DEFENSE</span> entered 03/16/2018.", "entry_date": "3/16/2018"}, {"date": "3/14/2018", "number": "122", "contents": "<span class='description'>SUBPOENA DUCES TECUM WITHOUT DEPOSITION (2 ATTACHED) - DEFENSE</span> entered 03/16/2018.", "entry_date": "3/16/2018"}, {"date": "3/9/2018", "number": "121", "contents": "<span class='description'>SUBPOENA FOR DEPOSITION</span> entered 03/12/2018.", "entry_date": "3/12/2018"}, {"date": "3/8/2018", "number": "120", "contents": "<span class='description'>SUBPOENA DUCES TECUM FOR DEPOSITION</span> entered 03/12/2018.", "entry_date": "3/12/2018"}, {"date": "3/5/2018", "number": "119", "contents": "<span class='description'>SUBPOENA FOR DEPOSITION(4)</span> entered 03/06/2018.", "entry_date": "3/6/2018"}, {"date": "3/5/2018", "number": "118", "contents": "<span class='description'>ORDER FOR SUBPOENA DUCES TECUM</span> entered 03/06/2018.", "entry_date": "3/6/2018"}, {"date": "3/5/2018", "number": "117", "contents": "<span class='description'>NOTICE OF TAKING DEPOSITION</span> entered 03/05/2018.", "entry_date": "3/5/2018"}, {"date": "3/2/2018", "number": "116", "contents": "<span class='description'>NOTICE OF TAKING DEPOSITION</span> entered 03/02/2018.", "entry_date": "3/2/2018"}, {"date": "3/2/2018", "number": "115", "contents": "<span class='description'>NOTICE OF TAKING DEPOSITION</span> entered 03/02/2018.", "entry_date": "3/2/2018"}, {"date": "2/28/2018", "number": "114", "contents": "<span class='description'>PRETRIAL 04/11/2018 9:00 AM - 508 5TH FLOOR, 501 W ADAMS ST JACKSONVILLE FL 32202</span> entered 02/28/2018.", "entry_date": "2/28/2018"}, {"date": "2/28/2018", "number": "113", "contents": "<span class='description'>DEFENDANT PRESENT IN JAIL</span> entered 02/28/2018.", "entry_date": "2/28/2018"}, {"date": "2/28/2018", "number": "112", "contents": "<span class='description'>ASST. PUB. DEF. BILLARD, DEBRA DEKAY</span> entered 02/28/2018.", "entry_date": "2/28/2018"}, {"date": "2/28/2018", "number": "111", "contents": "<span class='description'>ASST. STATE ATTY. KITE, LONDON MAHOGANY</span> entered 02/28/2018.", "entry_date": "2/28/2018"}, {"date": "2/28/2018", "number": "110", "contents": "<span class='description'>JUDGE ANDERSON JR, BRUCE R</span> entered 02/28/2018.", "entry_date": "2/28/2018"}, {"date": "2/16/2018", "number": "109", "contents": "<span class='description'>SUBPOENA FOR DEPOSITION</span> entered 02/20/2018.", "entry_date": "2/20/2018"}, {"date": "1/11/2018", "number": "108", "contents": "<span class='description'>SUBPOENA FOR DEPOSITION (6)</span> entered 01/16/2018.", "entry_date": "1/16/2018"}, {"date": "1/11/2018", "number": "107", "contents": "<span class='description'>NOTICE OF TAKING DEPOSITION</span> entered 01/16/2018.", "entry_date": "1/16/2018"}, {"date": "1/10/2018", "number": "106", "contents": "<span class='description'>PRETRIAL 02/28/2018 9:00 AM - 508 5TH FLOOR, 501 W ADAMS ST JACKSONVILLE FL 32202</span> entered 01/10/2018.", "entry_date": "1/10/2018"}, {"date": "1/10/2018", "number": "105", "contents": "<span class='description'>DEFENDANT PRESENT IN JAIL</span> entered 01/10/2018.", "entry_date": "1/10/2018"}, {"date": "1/10/2018", "number": "104", "contents": "<span class='description'>ASST. PUB. DEF. BILLARD, DEBRA DEKAY</span> entered 01/10/2018.", "entry_date": "1/10/2018"}, {"date": "1/10/2018", "number": "103", "contents": "<span class='description'>ASST. STATE ATTY. KITE, LONDON MAHOGANY</span> entered 01/10/2018.", "entry_date": "1/10/2018"}, {"date": "1/10/2018", "number": "102", "contents": "<span class='description'>JUDGE ANDERSON JR, BRUCE R</span> entered 01/10/2018.", "entry_date": "1/10/2018"}, {"date": "1/4/2018", "number": "101", "contents": "<span class='description'>RULE 3.112(i), FLORIDA RULES OF CRIMINAL PROCEDURE - CERTIFICATION BY PUBLIC DEFENDER</span> entered 01/09/2018.", "entry_date": "1/9/2018"}, {"link_viewer": "https://www.docketalarm.com/cases/Florida_State_Duval_County_Fourth_Circuit_Court/2017-CF-001292/PHILLIP_JASON_SMITH/100/", "number": "100", "link": "https://www.docketalarm.com/cases/Florida_State_Duval_County_Fourth_Circuit_Court/2017-CF-001292/PHILLIP_JASON_SMITH/docs/100.pdf", "entry_date": "11/17/2017", "date": "11/16/2017", "contents": "<a href=\"/cases/Florida_State_Duval_County_Fourth_Circuit_Court/2017-CF-001292/PHILLIP_JASON_SMITH/100/\"><span class='description'>** WAIVER OF SPEEDY TRIAL **</span></a> entered 11/17/2017."}, {"date": "11/15/2017", "number": "99", "contents": "<span class='description'>SUBPOENA FOR DEPOSITION (11 FILED)</span> entered 11/16/2017.", "entry_date": "11/16/2017"}, {"date": "11/15/2017", "number": "98", "contents": "<span class='description'>PRETRIAL 01/10/2018 9:00 AM - 508 5TH FLOOR, 501 W ADAMS ST JACKSONVILLE FL 32202</span> entered 11/15/2017.", "entry_date": "11/15/2017"}, {"date": "11/15/2017", "number": "97", "contents": "<span class='description'>DEFENDANT PRESENT IN JAIL</span> entered 11/15/2017.", "entry_date": "11/15/2017"}, {"date": "11/15/2017", "number": "96", "contents": "<span class='description'>ASST. PUB. DEF. BILLARD, DEBRA DEKAY</span> entered 11/15/2017.", "entry_date": "11/15/2017"}, {"date": "11/15/2017", "number": "95", "contents": "<span class='description'>OTHERS PRESENT: ASA- A. YOUNG FOR L .KITE</span> entered 11/15/2017.", "entry_date": "11/15/2017"}, {"date": "11/15/2017", "number": "94", "contents": "<span class='description'>ASST. STATE ATTY. KITE, LONDON MAHOGANY</span> entered 11/15/2017.", "entry_date": "11/15/2017"}, {"date": "11/15/2017", "number": "93", "contents": "<span class='description'>JUDGE ANDERSON JR, BRUCE R</span> entered 11/15/2017.", "entry_date": "11/15/2017"}, {"date": "11/14/2017", "number": "92", "contents": "<span class='description'>NOTICE OF TAKING DEPOSITION</span> entered 11/16/2017.", "entry_date": "11/16/2017"}, {"date": "11/14/2017", "number": "91", "contents": "<span class='description'>NOTICE OF TAKING DEPOSITION</span> entered 11/16/2017.", "entry_date": "11/16/2017"}, {"date": "10/17/2017", "number": "90", "contents": "<span class='description'>PRETRIAL 11/15/2017 9:00 AM - 508 5TH FLOOR, 501 W ADAMS ST JACKSONVILLE FL 32202</span> entered 10/17/2017.", "entry_date": "10/17/2017"}, {"date": "10/17/2017", "number": "89", "contents": "<span class='description'>OTHERS PRESENT ASA: M. POLIMENI FOR L. KITE</span> entered 10/17/2017.", "entry_date": "10/17/2017"}, {"date": "10/17/2017", "number": "88", "contents": "<span class='description'>DEFENDANT PRESENT IN JAIL</span> entered 10/17/2017.", "entry_date": "10/17/2017"}, {"date": "10/17/2017", "number": "87", "contents": "<span class='description'>ASST. PUB. DEF. BILLARD, DEBRA DEKAY</span> entered 10/17/2017.", "entry_date": "10/17/2017"}, {"date": "10/17/2017", "number": "86", "contents": "<span class='description'>ASST. STATE ATTY. KITE, LONDON MAHOGANY</span> entered 10/17/2017.", "entry_date": "10/17/2017"}, {"date": "10/17/2017", "number": "85", "contents": "<span class='description'>JUDGE ANDERSON JR, BRUCE R</span> entered 10/17/2017.", "entry_date": "10/17/2017"}, {"date": "9/21/2017", "number": "84", "contents": "<span class='description'>STATE'S FIRST SUPPLEMENTAL DISCOVERY EXHIBIT AND DEMAND FOR RECIPROCAL DISCOVERY</span> entered 09/21/2017.", "entry_date": "9/21/2017"}, {"date": "9/19/2017", "number": "83", "contents": "<span class='description'>PRETRIAL 10/17/2017 9:00 AM - 508 5TH FLOOR, 501 W ADAMS ST JACKSONVILLE FL 32202</span> entered 09/19/2017.", "entry_date": "9/19/2017"}, {"date": "9/19/2017", "number": "82", "contents": "<span class='description'>OTHERS PRESENT: ASA: M. POLIMENI FOR L. KITE</span> entered 09/19/2017.", "entry_date": "9/19/2017"}, {"date": "9/19/2017", "number": "81", "contents": "<span class='description'>DEFENDANT PRESENT IN JAIL</span> entered 09/19/2017.", "entry_date": "9/19/2017"}, {"date": "9/19/2017", "number": "80", "contents": "<span class='description'>ASST. PUB. DEF. BILLARD, DEBRA DEKAY</span> entered 09/19/2017.", "entry_date": "9/19/2017"}, {"date": "9/19/2017", "number": "79", "contents": "<span class='description'>ASST. STATE ATTY. KITE, LONDON MAHOGANY</span> entered 09/19/2017.", "entry_date": "9/19/2017"}, {"date": "9/19/2017", "number": "78", "contents": "<span class='description'>JUDGE ANDERSON JR, BRUCE R</span> entered 09/19/2017.", "entry_date": "9/19/2017"}, {"date": "8/21/2017", "number": "77", "contents": "<span class='description'>PRETRIAL 09/19/2017 9:00 AM - 508 5TH FLOOR, 501 W ADAMS ST JACKSONVILLE FL 32202</span> entered 08/21/2017.", "entry_date": "8/21/2017"}, {"date": "8/21/2017", "number": "76", "contents": "<span class='description'>NOTICE OF INTENT TO SEEK DEATH PENALTY AND NOTICE OF AGGRAVATING FACTORS- PREVIOUSLY FILED AND SERVED</span> entered 08/21/2017.", "entry_date": "8/21/2017"}, {"date": "8/21/2017", "number": "75", "contents": "<span class='description'>PLEA OF NOT GUILTY</span> entered 08/21/2017.", "entry_date": "8/21/2017"}, {"date": "8/21/2017", "number": "74", "contents": "<span class='description'>DEFENDANT WAIVED READING OF INDICTMENT AND PLEAD NOT GUILTY</span> entered 08/21/2017.", "entry_date": "8/21/2017"}, {"date": "8/21/2017", "number": "73", "contents": "<span class='description'>DEFENDANT PRESENT IN JAIL</span> entered 08/21/2017.", "entry_date": "8/21/2017"}, {"date": "8/21/2017", "number": "72", "contents": "<span class='description'>OTHERS PRESENT: PD- A.PERKINS FOR D. BILLARD</span> entered 08/21/2017.", "entry_date": "8/21/2017"}, {"date": "8/21/2017", "number": "71", "contents": "<span class='description'>ASST. PUB. DEF. BILLARD, DEBRA DEKAY</span> entered 08/21/2017.", "entry_date": "8/21/2017"}, {"date": "8/21/2017", "number": "70", "contents": "<span class='description'>ASST. STATE ATTY. KITE, LONDON MAHOGANY</span> entered 08/21/2017.", "entry_date": "8/21/2017"}, {"date": "8/21/2017", "number": "69", "contents": "<span class='description'>JUDGE ANDERSON JR, BRUCE R</span> entered 08/21/2017.", "entry_date": "8/21/2017"}, {"date": "8/16/2017", "number": "68", "contents": "<span class='description'>(FOR INDICTMENT AND SERVICE OF NOTICE)</span> entered 08/16/2017.", "entry_date": "8/16/2017"}, {"date": "8/16/2017", "number": "67", "contents": "<span class='description'>ARRAIGNMENT 08/21/2017 9:00 AM - 508 5TH FLOOR, 501 W ADAMS ST JACKSONVILLE FL 32202</span> entered 08/16/2017.", "entry_date": "8/16/2017"}, {"date": "8/16/2017", "number": "66", "contents": "<span class='description'>NOTICE OF INTENT TO SEEK DEATH PENALTY AND NOTICE OF AGGRAVATING FACTORS - FILED</span> entered 08/16/2017.", "entry_date": "8/16/2017"}, {"date": "8/16/2017", "number": "65", "contents": "<span class='description'>DEFENDANT APPEARANCE WAIVED</span> entered 08/16/2017.", "entry_date": "8/16/2017"}, {"date": "8/16/2017", "number": "64", "contents": "<span class='description'>ASST. PUB. DEF. PERKINS, ALPHONSE BERNARD</span> entered 08/16/2017.", "entry_date": "8/16/2017"}, {"date": "8/16/2017", "number": "63", "contents": "<span class='description'>ASST. STATE ATTY. KITE, LONDON MAHOGANY</span> entered 08/16/2017.", "entry_date": "8/16/2017"}, {"date": "8/16/2017", "number": "62", "contents": "<span class='description'>JUDGE ANDERSON JR, BRUCE R</span> entered 08/16/2017.", "entry_date": "8/16/2017"}, {"date": "8/15/2017", "number": "61", "contents": "<span class='description'>NOTICE OF INTENT TO SEEK DEATH PENALTY AND NOTICE OF AGGRAVATING FACTORS</span> entered 08/17/2017.", "entry_date": "8/17/2017"}, {"date": "8/15/2017", "number": "60", "contents": "<span class='description'>DROPPED/ABANDONED S784.08(2)(A) AGGRAVATED BATTERY WITH A DEADLY WEAPON ON A PERSON 65 YEARS OF AGE OR OLDER</span> entered 08/16/2017.", "entry_date": "8/16/2017"}, {"date": "8/15/2017", "number": "59", "contents": "<span class='description'>INDICTMENT FILED FOR S782.04(1)(A) MURDER IN THE FIRST DEGREE</span> entered 08/16/2017.", "entry_date": "8/16/2017"}, {"date": "8/15/2017", "number": "58", "contents": "<span class='description'>INDICTMENT</span> entered 08/16/2017.", "entry_date": "8/16/2017"}, {"date": "7/19/2017", "number": "57", "contents": "<span class='description'>CT 2- SURCHARGES $201.00/$151.00</span> entered 07/19/2017.", "entry_date": "7/19/2017"}, {"date": "7/19/2017", "number": "56", "contents": "<span class='description'>PRETRIAL 08/16/2017 9:00 AM - 508 5TH FLOOR, 501 W ADAMS ST JACKSONVILLE FL 32202</span> entered 07/19/2017.", "entry_date": "7/19/2017"}, {"date": "7/19/2017", "number": "55", "contents": "<span class='description'>OTHERS PRESENT: ASA: M. POLIMENI FOR L. KITE</span> entered 07/19/2017.", "entry_date": "7/19/2017"}, {"date": "7/19/2017", "number": "54", "contents": "<span class='description'>DEFENDANT PRESENT IN JAIL</span> entered 07/19/2017.", "entry_date": "7/19/2017"}, {"date": "7/19/2017", "number": "53", "contents": "<span class='description'>ASST. PUB. DEF. PERKINS, ALPHONSE BERNARD</span> entered 07/19/2017.", "entry_date": "7/19/2017"}, {"date": "7/19/2017", "number": "52", "contents": "<span class='description'>ASST. STATE ATTY. KITE, LONDON MAHOGANY</span> entered 07/19/2017.", "entry_date": "7/19/2017"}, {"date": "7/19/2017", "number": "51", "contents": "<span class='description'>JUDGE ANDERSON JR, BRUCE R</span> entered 07/19/2017.", "entry_date": "7/19/2017"}, {"date": "5/17/2017", "number": "50", "contents": "<span class='description'>COUNT 2- SURCHARGES: $201.00/$151.00</span> entered 05/17/2017.", "entry_date": "5/17/2017"}, {"date": "5/17/2017", "number": "49", "contents": "<span class='description'>PRETRIAL 07/19/2017 9:00 AM - 508 5TH FLOOR, 501 W ADAMS ST JACKSONVILLE FL 32202</span> entered 05/17/2017.", "entry_date": "5/17/2017"}, {"link_viewer": "https://www.docketalarm.com/cases/Florida_State_Duval_County_Fourth_Circuit_Court/2017-CF-001292/PHILLIP_JASON_SMITH/48/", "number": "48", "link": "https://www.docketalarm.com/cases/Florida_State_Duval_County_Fourth_Circuit_Court/2017-CF-001292/PHILLIP_JASON_SMITH/docs/48.pdf", "entry_date": "5/17/2017", "date": "5/17/2017", "contents": "<a href=\"/cases/Florida_State_Duval_County_Fourth_Circuit_Court/2017-CF-001292/PHILLIP_JASON_SMITH/48/\"><span class='description'>** WAIVER OF SPEEDY TRIAL **</span></a> entered 05/17/2017."}, {"date": "5/17/2017", "number": "47", "contents": "<span class='description'>OTHERS PRESENT: ASA: K. SUTTON FOR L. KITE</span> entered 05/17/2017.", "entry_date": "5/17/2017"}, {"date": "5/17/2017", "number": "46", "contents": "<span class='description'>DEFENDANT PRESENT IN JAIL</span> entered 05/17/2017.", "entry_date": "5/17/2017"}, {"date": "5/17/2017", "number": "45", "contents": "<span class='description'>ASST. PUB. DEF. PERKINS, ALPHONSE BERNARD</span> entered 05/17/2017.", "entry_date": "5/17/2017"}, {"date": "5/17/2017", "number": "44", "contents": "<span class='description'>ASST. STATE ATTY. KITE, LONDON MAHOGANY</span> entered 05/17/2017.", "entry_date": "5/17/2017"}, {"date": "5/17/2017", "number": "43", "contents": "<span class='description'>JUDGE ANDERSON JR, BRUCE R</span> entered 05/17/2017.", "entry_date": "5/17/2017"}, {"date": "5/16/2017", "number": "42", "contents": "<span class='description'>SURCHARGES: CT. 2: $151.00/$201.00 (PER JA EMAIL)</span> entered 05/16/2017.", "entry_date": "5/16/2017"}, {"date": "5/16/2017", "number": "41", "contents": "<span class='description'>PRETRIAL 05/17/2017 9:00 AM - 508 5TH FLOOR, 501 W ADAMS ST JACKSONVILLE FL 32202</span> entered 05/16/2017.", "entry_date": "5/16/2017"}, {"date": "5/16/2017", "number": "40", "contents": "<span class='description'>&gt; CANCEL REASON - PER JA EMAIL</span> entered 05/16/2017.", "entry_date": "5/16/2017"}, {"date": "5/16/2017", "number": "39", "contents": "<span class='description'>CANCELLED PRETRIAL ON 5/18/2017 9:00:00 AM</span> entered 05/16/2017.", "entry_date": "5/16/2017"}, {"date": "5/10/2017", "number": "38", "contents": "<span class='description'>SURCHARGES: CT. 2: $151.00/$201.00</span> entered 05/10/2017.", "entry_date": "5/10/2017"}, {"date": "5/10/2017", "number": "37", "contents": "<span class='description'>PRETRIAL 05/18/2017 9:00 AM - 508 5TH FLOOR, 501 W ADAMS ST JACKSONVILLE FL 32202</span> entered 05/10/2017.", "entry_date": "5/10/2017"}, {"date": "5/10/2017", "number": "36", "contents": "<span class='description'>OTHERS PRESENT: (ASA) K. SUTTON FOR L. KITE</span> entered 05/10/2017.", "entry_date": "5/10/2017"}, {"date": "5/10/2017", "number": "35", "contents": "<span class='description'>DEFENDANT PRESENT IN JAIL</span> entered 05/10/2017.", "entry_date": "5/10/2017"}, {"date": "5/10/2017", "number": "34", "contents": "<span class='description'>ASST. PUB. DEF. PERKINS, ALPHONSE BERNARD</span> entered 05/10/2017.", "entry_date": "5/10/2017"}, {"date": "5/10/2017", "number": "33", "contents": "<span class='description'>ASST. STATE ATTY. KITE, LONDON MAHOGANY</span> entered 05/10/2017.", "entry_date": "5/10/2017"}, {"date": "5/10/2017", "number": "32", "contents": "<span class='description'>JUDGE ANDERSON JR, BRUCE R</span> entered 05/10/2017.", "entry_date": "5/10/2017"}, {"date": "4/5/2017", "number": "31", "contents": "<span class='description'>PRETRIAL 05/10/2017 9:00 AM - 508 5TH FLOOR, 501 W ADAMS ST JACKSONVILLE FL 32202</span> entered 04/05/2017.", "entry_date": "4/5/2017"}, {"date": "4/5/2017", "number": "30", "contents": "<span class='description'>STATE'S DISCOVERY EXHIBIT AND DEMAND FOR RECIPROCAL DISCOVERY</span> entered 04/05/2017.", "entry_date": "4/5/2017"}, {"date": "4/5/2017", "number": "29", "contents": "<span class='description'>DEFENDANT APPEARANCE WAIVED</span> entered 04/05/2017.", "entry_date": "4/5/2017"}, {"date": "4/5/2017", "number": "28", "contents": "<span class='description'>OTHERS PRESENT: PD: M. BATEH FOR A. PERKINS</span> entered 04/05/2017.", "entry_date": "4/5/2017"}, {"date": "4/5/2017", "number": "27", "contents": "<span class='description'>ASST. PUB. DEF. PERKINS, ALPHONSE BERNARD</span> entered 04/05/2017.", "entry_date": "4/5/2017"}, {"date": "4/5/2017", "number": "26", "contents": "<span class='description'>ASST. STATE ATTY. KITE, LONDON MAHOGANY</span> entered 04/05/2017.", "entry_date": "4/5/2017"}, {"date": "4/5/2017", "number": "25", "contents": "<span class='description'>JUDGE ANDERSON JR, BRUCE R</span> entered 04/05/2017.", "entry_date": "4/5/2017"}, {"date": "3/1/2017", "number": "24", "contents": "<span class='description'>PRETRIAL 04/05/2017 9:00 AM - 508 5TH FLOOR, 501 W ADAMS ST JACKSONVILLE FL 32202</span> entered 03/01/2017.", "entry_date": "3/1/2017"}, {"date": "3/1/2017", "number": "23", "contents": "<span class='description'>PLEA OF NOT GUILTY</span> entered 03/01/2017.", "entry_date": "3/1/2017"}, {"date": "3/1/2017", "number": "22", "contents": "<span class='description'>PLEA OF NOT GUILTY</span> entered 03/01/2017.", "entry_date": "3/1/2017"}, {"date": "3/1/2017", "number": "21", "contents": "<span class='description'>DEF. W/READING OF INFO &amp; PLEAD NOT GUILTY</span> entered 03/01/2017.", "entry_date": "3/1/2017"}, {"date": "3/1/2017", "number": "20", "contents": "<span class='description'>DEFENDANT PRESENT IN JAIL</span> entered 03/01/2017.", "entry_date": "3/1/2017"}, {"date": "3/1/2017", "number": "19", "contents": "<span class='description'>ASST. PUB. DEF. PERKINS, ALPHONSE BERNARD</span> entered 03/01/2017.", "entry_date": "3/1/2017"}, {"date": "3/1/2017", "number": "18", "contents": "<span class='description'>ASST. STATE ATTY. KITE, LONDON MAHOGANY</span> entered 03/01/2017.", "entry_date": "3/1/2017"}, {"date": "3/1/2017", "number": "17", "contents": "<span class='description'>JUDGE ANDERSON JR, BRUCE R</span> entered 03/01/2017.", "entry_date": "3/1/2017"}, {"date": "2/23/2017", "number": "16", "contents": "<span class='description'>ARRAIGNMENT DATE 03/01/2017 9:00 AM - 508 5TH FLOOR, 501 W ADAMS ST JACKSONVILLE FL 32202</span> entered 02/23/2017.", "entry_date": "2/23/2017"}, {"date": "2/23/2017", "number": "15", "contents": "<span class='description'>INFORMATION FILED S784.08(2)(A) AGGRAVATED BATTERY WITH A DEADLY WEAPON ON A PERSON 65 YEARS OF AGE OR OLDER</span> entered 02/23/2017.", "entry_date": "2/23/2017"}, {"date": "2/23/2017", "number": "14", "contents": "<span class='description'>INFORMATION FILED S782.04(2) MURDER IN THE SECOND DEGREE WITH A WEAPON</span> entered 02/23/2017.", "entry_date": "2/23/2017"}, {"date": "2/23/2017", "number": "13", "contents": "<span class='description'>INFORMATION</span> entered 02/23/2017.", "entry_date": "2/23/2017"}, {"date": "2/13/2017", "number": "12", "contents": "<span class='description'>MOTION FOR STATEMENT OF PARTICULARS</span> entered 02/13/2017.", "entry_date": "2/13/2017"}, {"date": "2/13/2017", "number": "11", "contents": "<span class='description'>NOTICE OF DISCOVERY &amp; SPECIFIC DEMAND FOR INFORMATION</span> entered 02/13/2017.", "entry_date": "2/13/2017"}, {"date": "2/9/2017", "number": "9", "contents": "<span class='description'>TRIAL ASSISTANT STATE ATTORNEY CHANGED TO Kite, London Mahogany PER SAO</span> entered 02/09/2017.", "entry_date": "2/9/2017"}, {"date": "2/8/2017", "number": "8", "contents": "<span class='description'>ARRAIGNMENT COURT DATE: 03/01/2017 SUBJECT TO CHANGE. CALL FOR VERIFICATION</span> entered 02/09/2017.", "entry_date": "2/9/2017"}, {"date": "2/8/2017", "number": "7", "contents": "<span class='description'>FEES DUE: 2/9/2017</span> entered 02/09/2017.", "entry_date": "2/9/2017"}, {"date": "2/8/2017", "number": "6", "contents": "<span class='description'>PD APP FEE 50.00 IMPOSED</span> entered 02/09/2017.", "entry_date": "2/9/2017"}, {"link_viewer": "https://www.docketalarm.com/cases/Florida_State_Duval_County_Fourth_Circuit_Court/2017-CF-001292/PHILLIP_JASON_SMITH/5/", "number": "5", "link": "https://www.docketalarm.com/cases/Florida_State_Duval_County_Fourth_Circuit_Court/2017-CF-001292/PHILLIP_JASON_SMITH/docs/5.pdf", "entry_date": "2/9/2017", "date": "2/8/2017", "contents": "<a href=\"/cases/Florida_State_Duval_County_Fourth_Circuit_Court/2017-CF-001292/PHILLIP_JASON_SMITH/5/\"><span class='description'>DEFENDANT DECLARED INDIGENT, ORDER APPOINTING PUBLIC DEFENDER - FILED</span></a> entered 02/09/2017."}, {"link_viewer": "https://www.docketalarm.com/cases/Florida_State_Duval_County_Fourth_Circuit_Court/2017-CF-001292/PHILLIP_JASON_SMITH/4/", "number": "4", "link": "https://www.docketalarm.com/cases/Florida_State_Duval_County_Fourth_Circuit_Court/2017-CF-001292/PHILLIP_JASON_SMITH/docs/4.pdf", "entry_date": "2/9/2017", "date": "2/8/2017", "contents": "<a href=\"/cases/Florida_State_Duval_County_Fourth_Circuit_Court/2017-CF-001292/PHILLIP_JASON_SMITH/4/\"><span class='description'>APPLICATION FOR CRIMINAL INDIGENT STATUS - FILED</span></a> entered 02/09/2017."}, {"date": "2/8/2017", "number": "3", "contents": "<span class='description'>BOND SET AT NONE</span> entered 02/09/2017.", "entry_date": "2/9/2017"}, {"date": "2/8/2017", "number": "2", "contents": "<span class='description'>S782.04 MURDER</span> entered 02/09/2017.", "entry_date": "2/9/2017"}, {"date": "2/8/2017", "number": "1", "contents": "<span class='description'>ARREST &amp; BOOKING REPORT 2017-003553 2/7/2017</span> entered 02/09/2017.", "entry_date": "2/9/2017"}], "analyze": {"last_analyze": "6/22/2020"}, "success": true, "parties": [{"race": "W", "name_normalized": "Phillip Jason Smith", "name": "PHILLIP JASON SMITH", "sex": "Male", "other": [], "type": "Defendant"}]}