{"info": {"status": "CLOSED", "division": "CR-G", "judges": ["DANIEL, JAMES H."], "court": "Florida State, Duval County, Fourth Circuit Court", "title": "NAPOLEON ISAIAH BROWN", "date_filed": "5/29/2017", "link": "https://www.docketalarm.com/cases/Florida_State_Duval_County_Fourth_Circuit_Court/2017-CF-004909/NAPOLEON_ISAIAH_BROWN/", "judges_normalized": ["Daniel James H."], "judge": "DANIEL, JAMES H.", "type": "Circuit Criminal", "docket": "2017-CF-004909"}, "docket_report": [{"date": "10/26/2017", "number": "43", "contents": "<span class='description'>DROPPED/ABANDONED S784.021(1)(A) AGGRAVATED ASSAULT - DEADLY WEAPON</span> entered 10/26/2017.", "entry_date": "10/26/2017"}, {"date": "10/26/2017", "number": "42", "contents": "<span class='description'>DROPPED/ABANDONED S782.04 MURDER</span> entered 10/26/2017.", "entry_date": "10/26/2017"}, {"link_viewer": "https://www.docketalarm.com/cases/Florida_State_Duval_County_Fourth_Circuit_Court/2017-CF-004909/NAPOLEON_ISAIAH_BROWN/41/", "number": "41", "link": "https://www.docketalarm.com/cases/Florida_State_Duval_County_Fourth_Circuit_Court/2017-CF-004909/NAPOLEON_ISAIAH_BROWN/docs/41.pdf", "entry_date": "10/26/2017", "date": "10/26/2017", "contents": "<a href=\"/cases/Florida_State_Duval_County_Fourth_Circuit_Court/2017-CF-004909/NAPOLEON_ISAIAH_BROWN/41/\"><span class='description'>DISPOSITION NOTICE DROP NOTICE</span></a> entered 10/26/2017."}, {"date": "10/23/2017", "number": "40", "contents": "<span class='description'>ARRAIGNMENT COURT DATE: 10/31/2017 SUBJECT TO CHANGE. CALL FOR VERIFICATION</span> entered 10/23/2017.", "entry_date": "10/23/2017"}, {"date": "10/16/2017", "number": "39", "contents": "<span class='description'>ARRAIGNMENT COURT DATE: 10/24/2017 SUBJECT TO CHANGE. CALL FOR VERIFICATION</span> entered 10/16/2017.", "entry_date": "10/16/2017"}, {"date": "10/9/2017", "number": "38", "contents": "<span class='description'>ARRAIGNMENT COURT DATE: 10/17/2017 SUBJECT TO CHANGE. CALL FOR VERIFICATION</span> entered 10/09/2017.", "entry_date": "10/9/2017"}, {"date": "10/2/2017", "number": "37", "contents": "<span class='description'>ARRAIGNMENT COURT DATE: 10/10/2017 SUBJECT TO CHANGE. CALL FOR VERIFICATION</span> entered 10/02/2017.", "entry_date": "10/2/2017"}, {"date": "9/25/2017", "number": "36", "contents": "<span class='description'>ARRAIGNMENT COURT DATE: 10/03/2017 SUBJECT TO CHANGE. CALL FOR VERIFICATION</span> entered 09/25/2017.", "entry_date": "9/25/2017"}, {"date": "9/18/2017", "number": "35", "contents": "<span class='description'>ARRAIGNMENT COURT DATE: 09/26/2017 SUBJECT TO CHANGE. CALL FOR VERIFICATION</span> entered 09/18/2017.", "entry_date": "9/18/2017"}, {"date": "9/7/2017", "number": "34", "contents": "<span class='description'>ARRAIGNMENT COURT DATE: 09/19/2017 SUBJECT TO CHANGE. CALL FOR VERIFICATION</span> entered 09/07/2017.", "entry_date": "9/7/2017"}, {"date": "9/1/2017", "number": "33", "contents": "<span class='description'>ARRAIGNMENT COURT DATE: 09/12/2017 SUBJECT TO CHANGE. CALL FOR VERIFICATION</span> entered 09/01/2017.", "entry_date": "9/1/2017"}, {"date": "8/25/2017", "number": "32", "contents": "<span class='description'>ARRAIGNMENT COURT DATE: 09/05/2017 SUBJECT TO CHANGE. CALL FOR VERIFICATION</span> entered 08/25/2017.", "entry_date": "8/25/2017"}, {"date": "8/18/2017", "number": "31", "contents": "<span class='description'>ARRAIGNMENT COURT DATE: 08/28/2017 SUBJECT TO CHANGE. CALL FOR VERIFICATION</span> entered 08/18/2017.", "entry_date": "8/18/2017"}, {"date": "8/10/2017", "number": "30", "contents": "<span class='description'>ARRAIGNMENT COURT DATE: 08/21/2017 SUBJECT TO CHANGE. CALL FOR VERIFICATION</span> entered 08/11/2017.", "entry_date": "8/11/2017"}, {"date": "8/3/2017", "number": "29", "contents": "<span class='description'>ARRAIGNMENT COURT DATE: 08/14/2017 SUBJECT TO CHANGE. CALL FOR VERIFICATION</span> entered 08/04/2017.", "entry_date": "8/4/2017"}, {"date": "7/28/2017", "number": "28", "contents": "<span class='description'>ARRAIGNMENT COURT DATE: 08/07/2017 SUBJECT TO CHANGE. CALL FOR VERIFICATION</span> entered 07/28/2017.", "entry_date": "7/28/2017"}, {"link_viewer": "https://www.docketalarm.com/cases/Florida_State_Duval_County_Fourth_Circuit_Court/2017-CF-004909/NAPOLEON_ISAIAH_BROWN/27/", "number": "27", "link": "https://www.docketalarm.com/cases/Florida_State_Duval_County_Fourth_Circuit_Court/2017-CF-004909/NAPOLEON_ISAIAH_BROWN/docs/27.pdf", "entry_date": "8/1/2017", "date": "7/21/2017", "contents": "<a href=\"/cases/Florida_State_Duval_County_Fourth_Circuit_Court/2017-CF-004909/NAPOLEON_ISAIAH_BROWN/27/\"><span class='description'>BOND - AMOUNT $0.00, COMPANY ROR</span></a> entered 08/01/2017."}, {"date": "7/21/2017", "number": "26", "contents": "<span class='description'>Motion for Release on Recognizance (ROR)</span> entered 07/24/2017.", "entry_date": "7/24/2017"}, {"date": "7/21/2017", "number": "25", "contents": "<span class='description'>BOND SET AT ROR</span> entered 07/24/2017.", "entry_date": "7/24/2017"}, {"date": "7/21/2017", "number": "24", "contents": "<span class='description'>BOND SET AT ROR</span> entered 07/24/2017.", "entry_date": "7/24/2017"}, {"date": "7/21/2017", "number": "23", "contents": "<span class='description'>COURT ORDER GRANTING DEFENDANTS MOTION FOR REDUCTION OF BOND-ROR</span> entered 07/24/2017.", "entry_date": "7/24/2017"}, {"date": "7/21/2017", "number": "22", "contents": "<span class='description'>ARRAIGNMENT COURT DATE: 07/31/2017 SUBJECT TO CHANGE. CALL FOR VERIFICATION</span> entered 07/21/2017.", "entry_date": "7/21/2017"}, {"date": "7/14/2017", "number": "21", "contents": "<span class='description'>ARRAIGNMENT COURT DATE: 07/24/2017 SUBJECT TO CHANGE. CALL FOR VERIFICATION</span> entered 07/14/2017.", "entry_date": "7/14/2017"}, {"date": "7/7/2017", "number": "20", "contents": "<span class='description'>ARRAIGNMENT COURT DATE: 07/17/2017 SUBJECT TO CHANGE. CALL FOR VERIFICATION</span> entered 07/07/2017.", "entry_date": "7/7/2017"}, {"date": "7/5/2017", "number": "19", "contents": "<span class='description'>MOTION TO RELEASE DUE TO FAILURE OF THE STATE TO FILE CHARGES</span> entered 07/06/2017.", "entry_date": "7/6/2017"}, {"date": "6/26/2017", "number": "18", "contents": "<span class='description'>MOTION TO RELEASE DUE TO FAILURE OF THE STATE TO FILE CHARGES</span> entered 06/27/2017.", "entry_date": "6/27/2017"}, {"date": "6/26/2017", "number": "17", "contents": "<span class='description'>ARRAIGNMENT COURT DATE: 07/10/2017 SUBJECT TO CHANGE. CALL FOR VERIFICATION</span> entered 06/26/2017.", "entry_date": "6/26/2017"}, {"link_viewer": "https://www.docketalarm.com/cases/Florida_State_Duval_County_Fourth_Circuit_Court/2017-CF-004909/NAPOLEON_ISAIAH_BROWN/16/", "number": "16", "link": "https://www.docketalarm.com/cases/Florida_State_Duval_County_Fourth_Circuit_Court/2017-CF-004909/NAPOLEON_ISAIAH_BROWN/docs/16.pdf", "entry_date": "6/19/2017", "date": "6/19/2017", "contents": "<a href=\"/cases/Florida_State_Duval_County_Fourth_Circuit_Court/2017-CF-004909/NAPOLEON_ISAIAH_BROWN/16/\"><span class='description'>NOTICE OF APPEARANCE HAMRICK, JOSEPH STEWART</span></a> entered 06/19/2017."}, {"date": "6/19/2017", "number": "15", "contents": "<span class='description'>ARRAIGNMENT COURT DATE: 06/27/2017 SUBJECT TO CHANGE. CALL FOR VERIFICATION</span> entered 06/19/2017.", "entry_date": "6/19/2017"}, {"date": "6/16/2017", "number": "14", "contents": "<span class='description'>MOTION FOR ADVERSARY PRELIMINARY HEARING</span> entered 06/19/2017.", "entry_date": "6/19/2017"}, {"date": "5/29/2017", "number": "13", "contents": "<span class='description'>FEES DUE: 5/31/2017</span> entered 05/31/2017.", "entry_date": "5/31/2017"}, {"date": "5/29/2017", "number": "12", "contents": "<span class='description'>PD APP FEE 50.00 IMPOSED</span> entered 05/31/2017.", "entry_date": "5/31/2017"}, {"date": "5/29/2017", "number": "11", "contents": "<span class='description'>NO VICTIMS CONTACT</span> entered 05/31/2017.", "entry_date": "5/31/2017"}, {"date": "5/29/2017", "number": "10", "contents": "<span class='description'>BOND SET AT $100,003.00</span> entered 05/31/2017.", "entry_date": "5/31/2017"}, {"date": "5/29/2017", "number": "9", "contents": "<span class='description'>NO VICTIMS CONTACT</span> entered 05/31/2017.", "entry_date": "5/31/2017"}, {"date": "5/29/2017", "number": "8", "contents": "<span class='description'>BOND SET AT $250,003.00</span> entered 05/31/2017.", "entry_date": "5/31/2017"}, {"date": "5/29/2017", "number": "7", "contents": "<span class='description'>ARRAIGNMENT COURT DATE: 06/20/2017 SUBJECT TO CHANGE. CALL FOR VERIFICATION</span> entered 05/31/2017.", "entry_date": "5/31/2017"}, {"link_viewer": "https://www.docketalarm.com/cases/Florida_State_Duval_County_Fourth_Circuit_Court/2017-CF-004909/NAPOLEON_ISAIAH_BROWN/6/", "number": "6", "link": "https://www.docketalarm.com/cases/Florida_State_Duval_County_Fourth_Circuit_Court/2017-CF-004909/NAPOLEON_ISAIAH_BROWN/docs/6.pdf", "entry_date": "5/31/2017", "date": "5/29/2017", "contents": "<a href=\"/cases/Florida_State_Duval_County_Fourth_Circuit_Court/2017-CF-004909/NAPOLEON_ISAIAH_BROWN/6/\"><span class='description'>FINDING OF PROBABLE CAUSE ,</span></a> entered 05/31/2017."}, {"link_viewer": "https://www.docketalarm.com/cases/Florida_State_Duval_County_Fourth_Circuit_Court/2017-CF-004909/NAPOLEON_ISAIAH_BROWN/5/", "number": "5", "link": "https://www.docketalarm.com/cases/Florida_State_Duval_County_Fourth_Circuit_Court/2017-CF-004909/NAPOLEON_ISAIAH_BROWN/docs/5.pdf", "entry_date": "5/31/2017", "date": "5/29/2017", "contents": "<a href=\"/cases/Florida_State_Duval_County_Fourth_Circuit_Court/2017-CF-004909/NAPOLEON_ISAIAH_BROWN/5/\"><span class='description'>APPLICATION FOR CRIMINAL INDIGENT STATUS - FILED</span></a> entered 05/31/2017."}, {"link_viewer": "https://www.docketalarm.com/cases/Florida_State_Duval_County_Fourth_Circuit_Court/2017-CF-004909/NAPOLEON_ISAIAH_BROWN/4/", "number": "4", "link": "https://www.docketalarm.com/cases/Florida_State_Duval_County_Fourth_Circuit_Court/2017-CF-004909/NAPOLEON_ISAIAH_BROWN/docs/4.pdf", "entry_date": "5/31/2017", "date": "5/29/2017", "contents": "<a href=\"/cases/Florida_State_Duval_County_Fourth_Circuit_Court/2017-CF-004909/NAPOLEON_ISAIAH_BROWN/4/\"><span class='description'>DEFENDANT DECLARED INDIGENT, ORDER APPOINTING PUBLIC DEFENDER - FILED</span></a> entered 05/31/2017."}, {"date": "5/29/2017", "number": "3", "contents": "<span class='description'>S784.021(1)(A) AGGRAVATED ASSAULT - DEADLY WEAPON</span> entered 05/31/2017.", "entry_date": "5/31/2017"}, {"date": "5/29/2017", "number": "2", "contents": "<span class='description'>S782.04 MURDER</span> entered 05/31/2017.", "entry_date": "5/31/2017"}, {"date": "5/29/2017", "number": "1", "contents": "<span class='description'>ARREST &amp; BOOKING REPORT 2017-013610 5/28/2017</span> entered 05/31/2017.", "entry_date": "5/31/2017"}], "analyze": {"last_analyze": "6/22/2020"}, "success": true, "parties": [{"race": "B", "name_normalized": "Napoleon Isaiah Brown", "name": "NAPOLEON ISAIAH BROWN", "sex": "Male", "other": [], "type": "Defendant"}]}