{"info": {"status": "RE-OPEN", "division": "CR-H", "judges": ["AHO, MARIANNE"], "court": "Florida State, Duval County, Fourth Circuit Court", "title": "DWAYNE WIMBERLY", "date_filed": "10/28/2016", "link": "https://www.docketalarm.com/cases/Florida_State_Duval_County_Fourth_Circuit_Court/2016-CF-009410/DWAYNE_WIMBERLY/", "judges_normalized": ["Aho Marianne"], "judge": "AHO, MARIANNE", "type": "Circuit Criminal", "docket": "2016-CF-009410"}, "docket_report": [{"date": "4/10/2020", "number": "443", "contents": "<span class='description'>MOTION TO VACATE JUDG. &amp; SENT. (RULE 3.850)</span> entered 04/10/2020.", "entry_date": "4/10/2020"}, {"date": "3/2/2020", "number": "442", "contents": "<span class='description'>COURT ORDER DISMISSING DEFT'S MT. FOR POSTCONVICTION RELIEF AND GRANTING LEAVE TO AMENED</span> entered 03/02/2020.", "entry_date": "3/2/2020"}, {"date": "3/2/2020", "number": "441", "contents": "<span class='description'>ORDER GRANTING DEFT'S MOTION FOR REINSTATEMENT</span> entered 03/02/2020.", "entry_date": "3/2/2020"}, {"date": "2/19/2020", "number": "440", "contents": "<span class='description'>MOTION FOR REHEARING /REINSTATEMENT</span> entered 02/20/2020.", "entry_date": "2/20/2020"}, {"date": "1/29/2020", "number": "439", "contents": "<span class='description'>ORDER DISMISSING DEFENDANT'S MOTION FOR POST CONVICTION RELIEF WITH PREJUDICE</span> entered 01/30/2020.", "entry_date": "1/30/2020"}, {"date": "10/11/2019", "number": "438", "contents": "<span class='description'>ORDER DISMISSING POST CONVICTION MOTION 3.850 AND GRANTING LEAVE TO AMEND</span> entered 10/11/2019.", "entry_date": "10/11/2019"}, {"date": "10/7/2019", "number": "437", "contents": "<span class='description'>MOTION TO VACATE JUDG. &amp; SENT. (RULE 3.850)</span> entered 10/09/2019.", "entry_date": "10/9/2019"}, {"date": "5/22/2019", "number": "436", "contents": "<span class='description'>MANDATE FROM APPELLATE COURT AFFIRMED, 1D18-2465 BOOK 18801 PAGE 1824-1826</span> entered 05/22/2019.", "entry_date": "5/22/2019"}, {"date": "9/5/2018", "number": "435", "contents": "<span class='description'>ORDER ON MOTION FOR ATTORNEY FEES IN EXCESS OF FLORIDA STATUTE 27.11 FOR EXTRAORDINARY AND UNUSUAL REPRESENTATION AND MOTION FOR DISCHARGE</span> entered 09/05/2018.", "entry_date": "9/5/2018"}, {"date": "8/27/2018", "number": "434", "contents": "<span class='description'>DESIGNATION OF A PUBLIC DEFENDER OF THE SECOND JUDICIAL CIRCUIT FOR PURPOSES OF APPEAL; STYLED DCA (1D18-2465)</span> entered 08/29/2018.", "entry_date": "8/29/2018"}, {"date": "8/27/2018", "number": "433", "contents": "<span class='description'>CERTIFICATE OF MINISTERIAL ACTION; STYLED DCA, 1D18-2465 (COURTESY COPY)</span> entered 08/29/2018.", "entry_date": "8/29/2018"}, {"date": "8/22/2018", "number": "432", "contents": "<span class='description'>COURT ORDER SETTING HEARING ON MOTION FOR ATTORNEY FEES IN EXCESS OF F.S.27.11 FOR EXTRAORDINARY &amp; UNUSUAL REPRESENTATION &amp; MT. FOR DISCHARGE</span> entered 08/22/2018.", "entry_date": "8/22/2018"}, {"date": "8/9/2018", "number": "431", "contents": "<span class='description'>ORDER PERT. TO PAYMENT OF COSTS - AUTHORIZING DEFENDANT TO INCUR CERTAIN SPECIFIED COSTS TO BE PAID BY JUSTICE ADMINISTRATION COMMISSION</span> entered 08/13/2018.", "entry_date": "8/13/2018"}, {"date": "8/8/2018", "number": "430", "contents": "<span class='description'>MOTION FOR PAYMENT OF COSTS FOR PROFESSIONAL FEE CHARGED BY THE DUVAL COUNTY MEDICAL EXAMINER FOR HIS DEPOSITION AT THE COST TO THE STATE OF FLORIDA</span> entered 08/09/2018.", "entry_date": "8/9/2018"}, {"date": "8/8/2018", "number": "429", "contents": "<span class='description'>RECORD ON APPEAL E-FILED TO DCA</span> entered 08/08/2018.", "entry_date": "8/8/2018"}, {"date": "8/8/2018", "number": "428", "contents": "<span class='description'>INDEX &amp; RECORD OF APPEAL VOLUME 2 (1D18-2465)</span> entered 08/08/2018.", "entry_date": "8/8/2018"}, {"date": "8/8/2018", "number": "427", "contents": "<span class='description'>INDEX &amp; RECORD OF APPEAL VOLUME 1 (1D18-2465)</span> entered 08/08/2018.", "entry_date": "8/8/2018"}, {"date": "8/3/2018", "number": "426", "contents": "<span class='description'>TRIAL-TESTIMONY &amp; PROCEEDINGS OF MAY 7, 2018, BEFORE THE HOORABLE JUDGE STEVEN B. WHITTINGTON</span> entered 08/06/2018.", "entry_date": "8/6/2018"}, {"date": "8/2/2018", "number": "425", "contents": "<span class='description'>TESTIMONY &amp; PROCEEDINGS OF MAY 24TH, 2018, BEFORE THE HONORABLE JUDGE STEVEN B. WHITTINGTON</span> entered 08/06/2018.", "entry_date": "8/6/2018"}, {"date": "7/31/2018", "number": "424", "contents": "<span class='description'>ORDER PERT. TO PAYMENT OF COSTS - ON MOTION FOR PAYMENT OF ATTORNEY'S FEES- NO OBJECTION LETTER FROM JAC (GRANTED)</span> entered 07/31/2018.", "entry_date": "7/31/2018"}, {"date": "7/26/2018", "number": "423", "contents": "<span class='description'>MOTION FOR PAYMENT OF ATTORNEY'S FEES-NO OBJECTION LETTER FROM JAC</span> entered 07/26/2018.", "entry_date": "7/26/2018"}, {"date": "7/24/2018", "number": "422", "contents": "<span class='description'>MOTION/REQUEST FOR EXTENSION OF TIME TO FILE TRANSCRIPTS ;STYLED - DCA, 1D18-2465 (COURTSEY COPY)</span> entered 07/25/2018.", "entry_date": "7/25/2018"}, {"date": "7/23/2018", "number": "421", "contents": "<span class='description'>DCA ORDER GRANTING THE COURT REPORTER'S MOTION TO DELIVER TRANSCRIPTS ON OR BEFORE 07/30/2018, 12D18-2465</span> entered 07/23/2018.", "entry_date": "7/23/2018"}, {"date": "7/16/2018", "number": "420", "contents": "<span class='description'>TRIAL-TESTIMONY &amp; PROCEEDINGS (MASTER INDEX FOR MAY 7TH, 2018. MAY 8TH, 2018, AND MAY 9TH, 2018)</span> entered 07/18/2018.", "entry_date": "7/18/2018"}, {"date": "7/16/2018", "number": "419", "contents": "<span class='description'>TRIAL-TESTIMONY &amp; PROCEEDINGS OF MAY 9TH, 2018, BEFORE THE HONORABLE JUDGE STEVEN WHITTINGTON</span> entered 07/18/2018.", "entry_date": "7/18/2018"}, {"date": "7/16/2018", "number": "418", "contents": "<span class='description'>TRIAL-TESTIMONY &amp; PROCEEDINGS OF MAY 8TH, 2018, BEFORE THE HONORABLE JUDGE STEVEN WHITTINGTON</span> entered 07/18/2018.", "entry_date": "7/18/2018"}, {"date": "6/14/2018", "number": "417", "contents": "<span class='description'>REPORTER\u2019S ACKNOWLEDGEMENT</span> entered 06/15/2018.", "entry_date": "6/15/2018"}, {"date": "6/14/2018", "number": "416", "contents": "<span class='description'>DESIGNATION TO COURT REPORTER</span> entered 06/15/2018.", "entry_date": "6/15/2018"}, {"link_viewer": "https://www.docketalarm.com/cases/Florida_State_Duval_County_Fourth_Circuit_Court/2016-CF-009410/DWAYNE_WIMBERLY/415/", "number": "415", "link": "https://www.docketalarm.com/cases/Florida_State_Duval_County_Fourth_Circuit_Court/2016-CF-009410/DWAYNE_WIMBERLY/docs/415.pdf", "entry_date": "6/15/2018", "date": "6/14/2018", "contents": "<a href=\"/cases/Florida_State_Duval_County_Fourth_Circuit_Court/2016-CF-009410/DWAYNE_WIMBERLY/415/\"><span class='description'>NOTICE OF APPEARANCE (STYLED DCA, 1D18-2465) WEBB, ELIZABETH HOGAN</span></a> entered 06/15/2018."}, {"date": "6/13/2018", "number": "414", "contents": "<span class='description'>DCA ACKNOWLEDGMENT RECEIPT 1D18-2465</span> entered 06/15/2018.", "entry_date": "6/15/2018"}, {"date": "6/8/2018", "number": "413", "contents": "<span class='description'>COURT ORDER GRANTING MOTION FOR APPOINTED ATTORNEY TO WITHDRAW AS COUNSEL</span> entered 06/11/2018.", "entry_date": "6/11/2018"}, {"date": "6/7/2018", "number": "412", "contents": "<span class='description'>ORDER OF INSOL. &amp; APPT. OF COUNSEL FOR PUR.OF APPEAL</span> entered 06/08/2018.", "entry_date": "6/8/2018"}, {"date": "6/5/2018", "number": "411", "contents": "<span class='description'>MOTION TO WITHDRAW AS COUNSEL SUBSEQUENT TO FILING INITIAL APPELLATE DOCUMENTS</span> entered 06/06/2018.", "entry_date": "6/6/2018"}, {"date": "6/4/2018", "number": "410", "contents": "<span class='description'>NOTICE OF APPEAL BOOK 18412 PAGE 1817-1817</span> entered 06/06/2018.", "entry_date": "6/6/2018"}, {"date": "5/31/2018", "number": "409", "contents": "<span class='description'>STATEMENT OF JUDICIAL ACTS TO BE REVIEWED</span> entered 06/06/2018.", "entry_date": "6/6/2018"}, {"date": "5/31/2018", "number": "408", "contents": "<span class='description'>DIRECTIONS TO CLERK</span> entered 06/06/2018.", "entry_date": "6/6/2018"}, {"date": "5/25/2018", "number": "407", "contents": "<span class='description'>RECEIPT FOR CIVIL PROCESS, JAIL, WARRANTS</span> entered 05/29/2018.", "entry_date": "5/29/2018"}, {"link_viewer": "https://www.docketalarm.com/cases/Florida_State_Duval_County_Fourth_Circuit_Court/2016-CF-009410/DWAYNE_WIMBERLY/406/", "number": "406", "link": "https://www.docketalarm.com/cases/Florida_State_Duval_County_Fourth_Circuit_Court/2016-CF-009410/DWAYNE_WIMBERLY/docs/406.pdf", "entry_date": "5/25/2018", "date": "5/25/2018", "contents": "<a href=\"/cases/Florida_State_Duval_County_Fourth_Circuit_Court/2016-CF-009410/DWAYNE_WIMBERLY/406/\"><span class='description'>UNIFORM COMMITMENT TO CUSTODY OF DEPT. OF CORRECTIONS</span></a> entered 05/25/2018."}, {"link_viewer": "https://www.docketalarm.com/cases/Florida_State_Duval_County_Fourth_Circuit_Court/2016-CF-009410/DWAYNE_WIMBERLY/405/", "number": "405", "link": "https://www.docketalarm.com/cases/Florida_State_Duval_County_Fourth_Circuit_Court/2016-CF-009410/DWAYNE_WIMBERLY/docs/405.pdf", "entry_date": "5/25/2018", "date": "5/25/2018", "contents": "<a href=\"/cases/Florida_State_Duval_County_Fourth_Circuit_Court/2016-CF-009410/DWAYNE_WIMBERLY/405/\"><span class='description'>COMMITMENT CHECKLIST SENT</span></a> entered 05/25/2018."}, {"date": "5/25/2018", "number": "404", "contents": "<span class='description'>CERTIFICATE OF SERVICE FOR JUDGMENT AND SENTENCE</span> entered 05/25/2018.", "entry_date": "5/25/2018"}, {"date": "5/24/2018", "number": "402", "contents": "<span class='description'>COURT ORDER MOTION FOR NEW TRIAL -DENIED</span> entered 05/25/2018.", "entry_date": "5/25/2018"}, {"date": "5/24/2018", "number": "401", "contents": "<span class='description'>SENTENCING HEARING HELD IN FULL</span> entered 05/25/2018.", "entry_date": "5/25/2018"}, {"date": "5/24/2018", "number": "400", "contents": "<span class='description'>CLERKS MEMO OF HEARING</span> entered 05/25/2018.", "entry_date": "5/25/2018"}, {"date": "5/24/2018", "number": "398", "contents": "<span class='description'>SENTENCING GUIDELINES</span> entered 05/25/2018.", "entry_date": "5/25/2018"}, {"link_viewer": "https://www.docketalarm.com/cases/Florida_State_Duval_County_Fourth_Circuit_Court/2016-CF-009410/DWAYNE_WIMBERLY/397/", "number": "397", "link": "https://www.docketalarm.com/cases/Florida_State_Duval_County_Fourth_Circuit_Court/2016-CF-009410/DWAYNE_WIMBERLY/docs/397.pdf", "entry_date": "5/25/2018", "date": "5/24/2018", "contents": "<a href=\"/cases/Florida_State_Duval_County_Fourth_Circuit_Court/2016-CF-009410/DWAYNE_WIMBERLY/397/\"><span class='description'>PAYMENT AUTHORIZATION SHEET</span></a> entered 05/25/2018."}, {"link_viewer": "https://www.docketalarm.com/cases/Florida_State_Duval_County_Fourth_Circuit_Court/2016-CF-009410/DWAYNE_WIMBERLY/396/", "number": "396", "link": "https://www.docketalarm.com/cases/Florida_State_Duval_County_Fourth_Circuit_Court/2016-CF-009410/DWAYNE_WIMBERLY/docs/396.pdf", "entry_date": "5/25/2018", "date": "5/24/2018", "contents": "<a href=\"/cases/Florida_State_Duval_County_Fourth_Circuit_Court/2016-CF-009410/DWAYNE_WIMBERLY/396/\"><span class='description'>COURT ORDERED COSTS/FINES/FEES BOOK 18402 PAGE 291-292</span></a> entered 05/25/2018."}, {"date": "5/24/2018", "number": "395", "contents": "<span class='description'>FEES DUE: 9/6/9999</span> entered 05/25/2018.", "entry_date": "5/25/2018"}, {"date": "5/24/2018", "number": "394", "contents": "<span class='description'>CSTF 20.00 IMPOSED</span> entered 05/25/2018.", "entry_date": "5/25/2018"}, {"date": "5/24/2018", "number": "393", "contents": "<span class='description'>SAIEF 100.00 IMPOSED</span> entered 05/25/2018.", "entry_date": "5/25/2018"}, {"date": "5/24/2018", "number": "392", "contents": "<span class='description'>AACC 65.00 IMPOSED</span> entered 05/25/2018.", "entry_date": "5/25/2018"}, {"date": "5/24/2018", "number": "391", "contents": "<span class='description'>TNC 3.00 IMPOSED</span> entered 05/25/2018.", "entry_date": "5/25/2018"}, {"date": "5/24/2018", "number": "390", "contents": "<span class='description'>LGTF 225.00 IMPOSED</span> entered 05/25/2018.", "entry_date": "5/25/2018"}, {"date": "5/24/2018", "number": "389", "contents": "<span class='description'>CCT 50.00 IMPOSED</span> entered 05/25/2018.", "entry_date": "5/25/2018"}, {"date": "5/24/2018", "number": "388", "contents": "<span class='description'>COST OF COURT 50.00 IMPOSED</span> entered 05/25/2018.", "entry_date": "5/25/2018"}, {"date": "5/24/2018", "number": "387", "contents": "<span class='description'>LEEA 5.00 IMPOSED</span> entered 05/25/2018.", "entry_date": "5/25/2018"}, {"date": "5/24/2018", "number": "386", "contents": "<span class='description'>JUDGMENT AND SENTENCE TO STATE PRISON FOR LIFE BOOK 18402 PAGE 284-290</span> entered 05/25/2018.", "entry_date": "5/25/2018"}, {"date": "5/24/2018", "number": "385", "contents": "<span class='description'>25 YEAR MINIMUM MANDATORY SENTENCE IMPOSED PER F.S. 775.087 AS TO COUNT: 1</span> entered 05/25/2018.", "entry_date": "5/25/2018"}, {"date": "5/24/2018", "number": "384", "contents": "<span class='description'>CONSECUTIVE TO CASE NUMBER/S 16-2015-CF-3565-AXXX-MA, 16-2014-CF-4472-AXXX-MA</span> entered 05/25/2018.", "entry_date": "5/25/2018"}, {"date": "5/24/2018", "number": "383", "contents": "<span class='description'>CREDIT TIME: 574 DAYS</span> entered 05/25/2018.", "entry_date": "5/25/2018"}, {"date": "5/24/2018", "number": "382", "contents": "<span class='description'>DEF. ADJUDGED GUILTY - FINGERPRINTS TAKEN</span> entered 05/25/2018.", "entry_date": "5/25/2018"}, {"date": "5/24/2018", "number": "381", "contents": "<span class='description'>DEFENDANT PRESENT IN JAIL</span> entered 05/25/2018.", "entry_date": "5/25/2018"}, {"date": "5/24/2018", "number": "380", "contents": "<span class='description'>ATTY. FOR DEF. SHEA, FRANCIS JEROME</span> entered 05/25/2018.", "entry_date": "5/25/2018"}, {"date": "5/24/2018", "number": "379", "contents": "<span class='description'>ASST. STATE ATTY. MILO, M KOREY</span> entered 05/25/2018.", "entry_date": "5/25/2018"}, {"date": "5/24/2018", "number": "378", "contents": "<span class='description'>SITTING JUDGE - WHITTINGTON, STEVEN B</span> entered 05/25/2018.", "entry_date": "5/25/2018"}, {"date": "5/24/2018", "number": "377", "contents": "<span class='description'>JUDGE AHO, MARIANNE</span> entered 05/25/2018.", "entry_date": "5/25/2018"}, {"date": "5/22/2018", "number": "376", "contents": "<span class='description'>MOTION FOR NEW TRIAL</span> entered 05/24/2018.", "entry_date": "5/24/2018"}, {"date": "5/21/2018", "number": "375", "contents": "<span class='description'>@ 1: 30 P.M. (BEFORE JUDGE WHITTINGTON)</span> entered 05/21/2018.", "entry_date": "5/21/2018"}, {"date": "5/21/2018", "number": "374", "contents": "<span class='description'>SENTENCING 05/24/2018 9:00 AM - 307 3RD FLOOR, 501 W ADAMS ST JACKSONVILLE FL 32202</span> entered 05/21/2018.", "entry_date": "5/21/2018"}, {"date": "5/21/2018", "number": "373", "contents": "<span class='description'>DEFENDANT PRESENT IN JAIL</span> entered 05/21/2018.", "entry_date": "5/21/2018"}, {"date": "5/21/2018", "number": "372", "contents": "<span class='description'>ATTY. FOR DEF. SHEA, FRANCIS JEROME</span> entered 05/21/2018.", "entry_date": "5/21/2018"}, {"date": "5/21/2018", "number": "371", "contents": "<span class='description'>ASST. STATE ATTY. MILO, M KOREY</span> entered 05/21/2018.", "entry_date": "5/21/2018"}, {"date": "5/21/2018", "number": "370", "contents": "<span class='description'>JUDGE WHITTINGTON, STEVEN B</span> entered 05/21/2018.", "entry_date": "5/21/2018"}, {"date": "5/9/2018", "number": "369", "contents": "<span class='description'>(BEFORE JUDGE WHITTINGTON)</span> entered 05/09/2018.", "entry_date": "5/9/2018"}, {"date": "5/9/2018", "number": "368", "contents": "<span class='description'>SENTENCING - TO BE SET 05/21/2018 9:00 AM - 307 3RD FLOOR, 501 W ADAMS ST JACKSONVILLE FL 32202</span> entered 05/09/2018.", "entry_date": "5/9/2018"}, {"date": "5/9/2018", "number": "367", "contents": "<span class='description'>NOL PROS (CODE 30) S790.23(1)(A) POSSESSION OF A FIREARM OR WEAPON BY A CONVICTED FELON</span> entered 05/09/2018.", "entry_date": "5/9/2018"}, {"date": "5/9/2018", "number": "366", "contents": "<span class='description'>CLERKS EXHIBIT MEMO</span> entered 05/09/2018.", "entry_date": "5/9/2018"}, {"date": "5/9/2018", "number": "365", "contents": "<span class='description'>JURY INSTRUCTIONS \u2013 FILED</span> entered 05/09/2018.", "entry_date": "5/9/2018"}, {"date": "5/9/2018", "number": "364", "contents": "<span class='description'>CLERKS MEMO OF TRIAL</span> entered 05/09/2018.", "entry_date": "5/9/2018"}, {"date": "5/9/2018", "number": "363", "contents": "<span class='description'>**BOND PREVIOUSLY SET @ NONE**</span> entered 05/09/2018.", "entry_date": "5/9/2018"}, {"date": "5/9/2018", "number": "362", "contents": "<span class='description'>JURY DISCHARGED</span> entered 05/09/2018.", "entry_date": "5/9/2018"}, {"date": "5/9/2018", "number": "361", "contents": "<span class='description'>JURY POLLED</span> entered 05/09/2018.", "entry_date": "5/9/2018"}, {"date": "5/9/2018", "number": "360", "contents": "<span class='description'>VERDICT- GUILTY AS CHARGED</span> entered 05/09/2018.", "entry_date": "5/9/2018"}, {"date": "5/9/2018", "number": "359", "contents": "<span class='description'>JURY IN AT 5:23 P.M. - JURY OUT AT 6:11 P.M.</span> entered 05/09/2018.", "entry_date": "5/9/2018"}, {"date": "5/9/2018", "number": "358", "contents": "<span class='description'>ALTERNATE JUROR DISCHARGED (2)</span> entered 05/09/2018.", "entry_date": "5/9/2018"}, {"date": "5/9/2018", "number": "357", "contents": "<span class='description'>INSTRUCTIONS TO JURY IN FULL</span> entered 05/09/2018.", "entry_date": "5/9/2018"}, {"date": "5/9/2018", "number": "356", "contents": "<span class='description'>CLOSING ARGUMENTS IN: FULL BY STATE AND DEFENSE</span> entered 05/09/2018.", "entry_date": "5/9/2018"}, {"date": "5/9/2018", "number": "355", "contents": "<span class='description'>DEFENSE RENEWS ORAL MOTION FOR JUDGMENT OF ACQUITTAL - DENIED</span> entered 05/09/2018.", "entry_date": "5/9/2018"}, {"date": "5/9/2018", "number": "354", "contents": "<span class='description'>CHARGE CONFERENCE HELD IN FULL</span> entered 05/09/2018.", "entry_date": "5/9/2018"}, {"date": "5/9/2018", "number": "353", "contents": "<span class='description'>DEFENSE RESTS</span> entered 05/09/2018.", "entry_date": "5/9/2018"}, {"date": "5/9/2018", "number": "352", "contents": "<span class='description'>DEFENSE ORAL MOTION FOR JUDGMENT OF ACQUITTAL - DENIED</span> entered 05/09/2018.", "entry_date": "5/9/2018"}, {"date": "5/9/2018", "number": "351", "contents": "<span class='description'>EVIDENCE TO JURY IN FULL BY STATE</span> entered 05/09/2018.", "entry_date": "5/9/2018"}, {"date": "5/9/2018", "number": "350", "contents": "<span class='description'>JURY TRIAL HELD</span> entered 05/09/2018.", "entry_date": "5/9/2018"}, {"date": "5/9/2018", "number": "349", "contents": "<span class='description'>OTHERS PRESENT: ASA 2ND CHAIR: C. HUBAND</span> entered 05/09/2018.", "entry_date": "5/9/2018"}, {"date": "5/9/2018", "number": "348", "contents": "<span class='description'>DEFENDANT PRESENT IN JAIL</span> entered 05/09/2018.", "entry_date": "5/9/2018"}, {"date": "5/9/2018", "number": "347", "contents": "<span class='description'>ATTY. FOR DEF. SHEA, FRANCIS JEROME</span> entered 05/09/2018.", "entry_date": "5/9/2018"}, {"date": "5/9/2018", "number": "346", "contents": "<span class='description'>ASST. STATE ATTY. MILO, M KOREY</span> entered 05/09/2018.", "entry_date": "5/9/2018"}, {"date": "5/9/2018", "number": "345", "contents": "<span class='description'>SITTING JUDGE - WHITTINGTON, STEVEN B</span> entered 05/09/2018.", "entry_date": "5/9/2018"}, {"date": "5/9/2018", "number": "344", "contents": "<span class='description'>JUDGE AHO, MARIANNE</span> entered 05/09/2018.", "entry_date": "5/9/2018"}, {"date": "5/8/2018", "number": "343", "contents": "<span class='description'>STATE EXHIBITS FILED #15</span> entered 08/08/2018.", "entry_date": "8/8/2018"}, {"date": "5/8/2018", "number": "342", "contents": "<span class='description'>STATE EXHIBITS FILED #14</span> entered 08/06/2018.", "entry_date": "8/6/2018"}, {"date": "5/8/2018", "number": "341", "contents": "<span class='description'>@ 9:30 A.M. (BEFORE JUDGE WHITTINGTON)</span> entered 05/08/2018.", "entry_date": "5/8/2018"}, {"date": "5/8/2018", "number": "340", "contents": "<span class='description'>TRIAL 05/09/2018 9:00 AM - 307 3RD FLOOR, 501 W ADAMS ST JACKSONVILLE FL 32202</span> entered 05/08/2018.", "entry_date": "5/8/2018"}, {"date": "5/8/2018", "number": "339", "contents": "<span class='description'>EVIDENCE TO JURY IN PART BY STATE</span> entered 05/08/2018.", "entry_date": "5/8/2018"}, {"date": "5/8/2018", "number": "338", "contents": "<span class='description'>OPENING STATEMENTS TO JURY IN FULL BY STATE AND DEFENSE</span> entered 05/08/2018.", "entry_date": "5/8/2018"}, {"date": "5/8/2018", "number": "337", "contents": "<span class='description'>JURY EMPANELLED &amp; SWORN</span> entered 05/08/2018.", "entry_date": "5/8/2018"}, {"date": "5/8/2018", "number": "336", "contents": "<span class='description'>STIPULATION TO IDENTITY OF DECEASED- FILED</span> entered 05/08/2018.", "entry_date": "5/8/2018"}, {"date": "5/8/2018", "number": "335", "contents": "<span class='description'>JURY TRIAL HELD</span> entered 05/08/2018.", "entry_date": "5/8/2018"}, {"date": "5/8/2018", "number": "334", "contents": "<span class='description'>OTHERS PRESENT: ASA 2ND CHAIR: C. HUBAND</span> entered 05/08/2018.", "entry_date": "5/8/2018"}, {"date": "5/8/2018", "number": "333", "contents": "<span class='description'>DEFENDANT PRESENT IN JAIL</span> entered 05/08/2018.", "entry_date": "5/8/2018"}, {"date": "5/8/2018", "number": "332", "contents": "<span class='description'>ATTY. FOR DEF. SHEA, FRANCIS JEROME</span> entered 05/08/2018.", "entry_date": "5/8/2018"}, {"date": "5/8/2018", "number": "331", "contents": "<span class='description'>ASST. STATE ATTY. MILO, M KOREY</span> entered 05/08/2018.", "entry_date": "5/8/2018"}, {"date": "5/8/2018", "number": "330", "contents": "<span class='description'>SITTING JUDGE - WHITTINGTON, STEVEN B</span> entered 05/08/2018.", "entry_date": "5/8/2018"}, {"date": "5/8/2018", "number": "329", "contents": "<span class='description'>JUDGE AHO, MARIANNE</span> entered 05/08/2018.", "entry_date": "5/8/2018"}, {"date": "5/7/2018", "number": "328", "contents": "<span class='description'>@ 10:30 AM (BEFORE JUDGE WHITTINGTON)</span> entered 05/07/2018.", "entry_date": "5/7/2018"}, {"date": "5/7/2018", "number": "327", "contents": "<span class='description'>TRIAL 05/08/2018 9:00 AM - 307 3RD FLOOR, 501 W ADAMS ST JACKSONVILLE FL 32202</span> entered 05/07/2018.", "entry_date": "5/7/2018"}, {"date": "5/7/2018", "number": "326", "contents": "<span class='description'>COURT ORDER APPOINTING INVESTIGATOR TO THE COST OF THE STATE OF FLORIDA- ENTERED</span> entered 05/07/2018.", "entry_date": "5/7/2018"}, {"date": "5/7/2018", "number": "325", "contents": "<span class='description'>JURY SELECTED</span> entered 05/07/2018.", "entry_date": "5/7/2018"}, {"date": "5/7/2018", "number": "324", "contents": "<span class='description'>JURY SELECTION HELD IN FULL</span> entered 05/07/2018.", "entry_date": "5/7/2018"}, {"date": "5/7/2018", "number": "323", "contents": "<span class='description'>OTHERS PRESENT: ASA 2ND CHAIR: C. HUBAND</span> entered 05/07/2018.", "entry_date": "5/7/2018"}, {"date": "5/7/2018", "number": "322", "contents": "<span class='description'>DEFENDANT PRESENT IN JAIL</span> entered 05/07/2018.", "entry_date": "5/7/2018"}, {"date": "5/7/2018", "number": "321", "contents": "<span class='description'>ATTY. FOR DEF. SHEA, FRANCIS JEROME</span> entered 05/07/2018.", "entry_date": "5/7/2018"}, {"date": "5/7/2018", "number": "320", "contents": "<span class='description'>ASST. STATE ATTY. MILO, M KOREY</span> entered 05/07/2018.", "entry_date": "5/7/2018"}, {"date": "5/7/2018", "number": "319", "contents": "<span class='description'>SITTING JUDGE - WHITTINGTON, STEVEN B</span> entered 05/07/2018.", "entry_date": "5/7/2018"}, {"date": "5/7/2018", "number": "318", "contents": "<span class='description'>JUDGE AHO, MARIANNE</span> entered 05/07/2018.", "entry_date": "5/7/2018"}, {"date": "5/6/2018", "number": "317", "contents": "<span class='description'>DEFENDANTS MOTION FOR SEVERENCE OF COUNT 2 OF OFFENSES</span> entered 05/08/2018.", "entry_date": "5/8/2018"}, {"date": "5/6/2018", "number": "316", "contents": "<span class='description'>DEFENDANT'S THIRD RECIPROCAL DISCOVERY</span> entered 05/07/2018.", "entry_date": "5/7/2018"}, {"date": "5/3/2018", "number": "315", "contents": "<span class='description'>@ 10:30 AM (BEFORE JUDGE WHITTINGTON)</span> entered 05/03/2018.", "entry_date": "5/3/2018"}, {"date": "5/3/2018", "number": "314", "contents": "<span class='description'>JURY SELECTION 05/07/2018 9:00 AM - 307 3RD FLOOR, 501 W ADAMS ST JACKSONVILLE FL 32202</span> entered 05/03/2018.", "entry_date": "5/3/2018"}, {"date": "5/3/2018", "number": "313", "contents": "<span class='description'>---ADD ON PER COURT IN CR-E---- (5/07/18 JS @ 10:30 AM)</span> entered 05/03/2018.", "entry_date": "5/3/2018"}, {"date": "5/3/2018", "number": "312", "contents": "<span class='description'>FINAL PRETRIAL 05/03/2018 9:00 AM - 307 3RD FLOOR, 501 W ADAMS ST JACKSONVILLE FL 32202</span> entered 05/03/2018.", "entry_date": "5/3/2018"}, {"date": "5/3/2018", "number": "311", "contents": "<span class='description'>DEFENDANT PRESENT IN JAIL</span> entered 05/03/2018.", "entry_date": "5/3/2018"}, {"date": "5/3/2018", "number": "310", "contents": "<span class='description'>ATTY. FOR DEF. SHEA, FRANCIS JEROME</span> entered 05/03/2018.", "entry_date": "5/3/2018"}, {"date": "5/3/2018", "number": "309", "contents": "<span class='description'>ASST. STATE ATTY. MILO, M KOREY</span> entered 05/03/2018.", "entry_date": "5/3/2018"}, {"date": "5/3/2018", "number": "308", "contents": "<span class='description'>SITTING JUDGE - WHITTINGTON, STEVEN B</span> entered 05/03/2018.", "entry_date": "5/3/2018"}, {"date": "5/3/2018", "number": "307", "contents": "<span class='description'>JUDGE AHO, MARIANNE</span> entered 05/03/2018.", "entry_date": "5/3/2018"}, {"date": "5/1/2018", "number": "306", "contents": "<span class='description'>05/08/18 JS - CASE TO BE HEARD IN CR 406</span> entered 05/02/2018.", "entry_date": "5/2/2018"}, {"date": "5/1/2018", "number": "305", "contents": "<span class='description'>ORDER AUTHORIZIG THE DEFENSE TO INCUR COSTS FOR TRANSCRIPTION OF DEPOSITION AT THE COST OF THE STATE OF FLORIDA</span> entered 05/02/2018.", "entry_date": "5/2/2018"}, {"date": "5/1/2018", "number": "304", "contents": "<span class='description'>ORDER AUTHORIZING THE DEFENSE TO INCUR COSTS FOR TRANSCRIPTION OF DEPOSITION AT THE COST OF THE STATE OF FLORIDA</span> entered 05/02/2018.", "entry_date": "5/2/2018"}, {"date": "5/1/2018", "number": "303", "contents": "<span class='description'>05/08/18 JS</span> entered 05/01/2018.", "entry_date": "5/1/2018"}, {"date": "5/1/2018", "number": "302", "contents": "<span class='description'>FINAL PRETRIAL 05/03/2018 9:00 AM - 408 4TH FLOOR, 501 W ADAMS ST JACKSONVILLE FL 32202</span> entered 05/01/2018.", "entry_date": "5/1/2018"}, {"date": "5/1/2018", "number": "301", "contents": "<span class='description'>DEFENDANT PRESENT IN JAIL</span> entered 05/01/2018.", "entry_date": "5/1/2018"}, {"date": "5/1/2018", "number": "300", "contents": "<span class='description'>ATTY. FOR DEF. SHEA, FRANCIS JEROME</span> entered 05/01/2018.", "entry_date": "5/1/2018"}, {"date": "5/1/2018", "number": "299", "contents": "<span class='description'>ASST. STATE ATTY. MILO, M KOREY</span> entered 05/01/2018.", "entry_date": "5/1/2018"}, {"date": "5/1/2018", "number": "298", "contents": "<span class='description'>JUDGE AHO, MARIANNE</span> entered 05/01/2018.", "entry_date": "5/1/2018"}, {"date": "4/23/2018", "number": "297", "contents": "<span class='description'>MOTION TO ALLOW DEFENDANT TO ORDER TRANSCRIPTION OF DEPOSITION AT THE COST OF THE STATE OF FLORIDA</span> entered 04/24/2018.", "entry_date": "4/24/2018"}, {"date": "4/23/2018", "number": "296", "contents": "<span class='description'>MOTION TO ALLOW DEFENDANT TO ORDER TRANSCRIPTION OF DEPOSITION AT THE COST OF THE STATE OF FLORIDA</span> entered 04/24/2018.", "entry_date": "4/24/2018"}, {"date": "4/19/2018", "number": "295", "contents": "<span class='description'>STATES# EIGHTH SUPPLEMENTAL DISCOVERY EXHIBIT</span> entered 04/19/2018.", "entry_date": "4/19/2018"}, {"date": "4/18/2018", "number": "294", "contents": "<span class='description'>STIPULATION (JOINT STIPULATION DEFENDANT'S MOTION IN LIMINE)</span> entered 04/19/2018.", "entry_date": "4/19/2018"}, {"date": "4/18/2018", "number": "293", "contents": "<span class='description'>COURT ORDER ON DEFENDANT'S ELEVENTH MOTION IN LIMINE - GRANTED</span> entered 04/19/2018.", "entry_date": "4/19/2018"}, {"date": "4/18/2018", "number": "292", "contents": "<span class='description'>COURT ORDER ON DEFENDANT'S TENTH MOTION IN LIMINE - GRANTED</span> entered 04/19/2018.", "entry_date": "4/19/2018"}, {"date": "4/18/2018", "number": "291", "contents": "<span class='description'>COURT ORDER ON DEFENDANT'S NINTH MOTION IN LIMINE - GRANTED</span> entered 04/19/2018.", "entry_date": "4/19/2018"}, {"date": "4/18/2018", "number": "290", "contents": "<span class='description'>COURT ORDER ON DEFENDANT'S EIGHTH MOTION IN LIMINE - GRANTED</span> entered 04/19/2018.", "entry_date": "4/19/2018"}, {"date": "4/18/2018", "number": "289", "contents": "<span class='description'>COURT ORDER ON DEFENDANT'S SEVENTH MOTION IN LIMINE - GRANTED</span> entered 04/19/2018.", "entry_date": "4/19/2018"}, {"date": "4/18/2018", "number": "288", "contents": "<span class='description'>COURT ORDER ON DEFENDANT'S SIXTH MOTION IN LIMINE - GRANTED</span> entered 04/19/2018.", "entry_date": "4/19/2018"}, {"date": "4/18/2018", "number": "287", "contents": "<span class='description'>COURT ORDER ON DEFENDANT'S FIFTH MOTION IN LIMINE - GRANTED</span> entered 04/19/2018.", "entry_date": "4/19/2018"}, {"date": "4/18/2018", "number": "286", "contents": "<span class='description'>COURT ORDER ON DEFENDANT'S THIRD MOTION IN LIMINE - GRANTED</span> entered 04/19/2018.", "entry_date": "4/19/2018"}, {"date": "4/18/2018", "number": "285", "contents": "<span class='description'>COURT ORDER ON DEFENDANT'S SECOND MOTION IN LIMINE - GRANTED</span> entered 04/19/2018.", "entry_date": "4/19/2018"}, {"date": "4/18/2018", "number": "284", "contents": "<span class='description'>COURT ORDER ON DEFENDANT'S FIRST MOTION IN LIMINE - GRANTED</span> entered 04/19/2018.", "entry_date": "4/19/2018"}, {"date": "4/18/2018", "number": "283", "contents": "<span class='description'>05/08/18 JS</span> entered 04/18/2018.", "entry_date": "4/18/2018"}, {"date": "4/18/2018", "number": "282", "contents": "<span class='description'>FINAL PRETRIAL 05/01/2018 9:00 AM - 408 4TH FLOOR, 501 W ADAMS ST JACKSONVILLE FL 32202</span> entered 04/18/2018.", "entry_date": "4/18/2018"}, {"date": "4/18/2018", "number": "281", "contents": "<span class='description'>ORDER TO SHOW CAUSE ENTERED ON 040918 IS MUTE</span> entered 04/18/2018.", "entry_date": "4/18/2018"}, {"date": "4/18/2018", "number": "280", "contents": "<span class='description'>DEFENDANT PRESENT IN JAIL</span> entered 04/18/2018.", "entry_date": "4/18/2018"}, {"date": "4/18/2018", "number": "279", "contents": "<span class='description'>ATTY. FOR DEF. SHEA, FRANCIS JEROME</span> entered 04/18/2018.", "entry_date": "4/18/2018"}, {"date": "4/18/2018", "number": "278", "contents": "<span class='description'>ASST. STATE ATTY. MILO, M KOREY</span> entered 04/18/2018.", "entry_date": "4/18/2018"}, {"date": "4/18/2018", "number": "277", "contents": "<span class='description'>JUDGE AHO, MARIANNE</span> entered 04/18/2018.", "entry_date": "4/18/2018"}, {"date": "4/17/2018", "number": "276", "contents": "<span class='description'>05/01/18 FPT; 05/07/18 JS</span> entered 04/17/2018.", "entry_date": "4/17/2018"}, {"date": "4/17/2018", "number": "275", "contents": "<span class='description'>PRETRIAL 04/18/2018 9:00 AM - 408 4TH FLOOR, 501 W ADAMS ST JACKSONVILLE FL 32202</span> entered 04/17/2018.", "entry_date": "4/17/2018"}, {"date": "4/17/2018", "number": "274", "contents": "<span class='description'>1ST MOTION IN LIMINE FILED 08/31/17 HAS BEEN WITHDRAWN IN LIEU OF AMENDED MOTION BEING FILED</span> entered 04/17/2018.", "entry_date": "4/17/2018"}, {"date": "4/17/2018", "number": "273", "contents": "<span class='description'>DEFENDANT PRESENT IN JAIL FOR PRETRIAL PRECEEDINGS</span> entered 04/17/2018.", "entry_date": "4/17/2018"}, {"date": "4/17/2018", "number": "272", "contents": "<span class='description'>&gt; FOR PURPOSES OF ORDER TO SHOW CAUSE</span> entered 04/17/2018.", "entry_date": "4/17/2018"}, {"date": "4/17/2018", "number": "271", "contents": "<span class='description'>DEFENDANT APPEARANCE WAIVED</span> entered 04/17/2018.", "entry_date": "4/17/2018"}, {"date": "4/17/2018", "number": "270", "contents": "<span class='description'>ATTY. FOR DEF. SHEA, FRANCIS JEROME</span> entered 04/17/2018.", "entry_date": "4/17/2018"}, {"date": "4/17/2018", "number": "269", "contents": "<span class='description'>ASST. STATE ATTY. MILO, M KOREY</span> entered 04/17/2018.", "entry_date": "4/17/2018"}, {"date": "4/17/2018", "number": "268", "contents": "<span class='description'>JUDGE AHO, MARIANNE</span> entered 04/17/2018.", "entry_date": "4/17/2018"}, {"date": "4/12/2018", "number": "267", "contents": "<span class='description'>Notice of Intent to Rely Certification of Business Record</span> entered 04/12/2018.", "entry_date": "4/12/2018"}, {"date": "4/12/2018", "number": "266", "contents": "<span class='description'>STATES# SEVENTH SUPPLEMENTAL DISCOVERY EXHIBIT</span> entered 04/12/2018.", "entry_date": "4/12/2018"}, {"date": "4/11/2018", "number": "265", "contents": "<span class='description'>ORDER PERT. TO PAYMENT OF COSTS - AUTHORIZING THE DEFENSE TO INCUR COSTS FOR TRANSCRIPTION OF DEPOSITIONS AT THE COST OF THE STATE OF FLORIDA</span> entered 04/12/2018.", "entry_date": "4/12/2018"}, {"date": "4/11/2018", "number": "264", "contents": "<span class='description'>ORDER PERT. TO PAYMENT OF COSTS - AUTHORIZING THE DEFENSE TO INCUR COSTS FOR TRANSCRIPTION OF DEPOSITIONS AT THE COST OF THE STATE OF FLORIDA</span> entered 04/12/2018.", "entry_date": "4/12/2018"}, {"date": "4/10/2018", "number": "263", "contents": "<span class='description'>MOTION TO ALLOW DEFENDANT TO ORDER TRANSCRIPTIONS OF DEPOSITION AT THE COST OF THE STATE OF FLORIDA</span> entered 04/11/2018.", "entry_date": "4/11/2018"}, {"date": "4/10/2018", "number": "262", "contents": "<span class='description'>NOTICE OF TAKING DEPOSITION</span> entered 04/10/2018.", "entry_date": "4/10/2018"}, {"date": "4/10/2018", "number": "261", "contents": "<span class='description'>NOTICE OF TAKING DEPOSITION</span> entered 04/10/2018.", "entry_date": "4/10/2018"}, {"date": "4/9/2018", "number": "260", "contents": "<span class='description'>MOTION FOR ORDER TO SHOW CAUSE</span> entered 04/10/2018.", "entry_date": "4/10/2018"}, {"date": "4/9/2018", "number": "259", "contents": "<span class='description'>COURT ORDER TO SHOW CAUSE</span> entered 04/10/2018.", "entry_date": "4/10/2018"}, {"date": "4/9/2018", "number": "258", "contents": "<span class='description'>MOTION TO ALLOW DEFENDANT TO ORDER TRANSCRIPTION OF DEPOSITIONS AT THE COST OF THE STATE OF FLORIDA</span> entered 04/10/2018.", "entry_date": "4/10/2018"}, {"date": "4/9/2018", "number": "257", "contents": "<span class='description'>MOTION TO ALLOW DEFENDANT TO ORDER TRANSCRIPTION OF DEPOSITIONS AT THE COST OF THE STATE OF FLORIDA</span> entered 04/10/2018.", "entry_date": "4/10/2018"}, {"date": "4/9/2018", "number": "256", "contents": "<span class='description'>05/01/18 FPT; 05/07/18 JS</span> entered 04/09/2018.", "entry_date": "4/9/2018"}, {"date": "4/9/2018", "number": "255", "contents": "<span class='description'>HEARING ON MOTION 04/17/2018 9:00 AM - 408 4TH FLOOR, 501 W ADAMS ST JACKSONVILLE FL 32202</span> entered 04/09/2018.", "entry_date": "4/9/2018"}, {"date": "4/9/2018", "number": "254", "contents": "<span class='description'>DEFENDANT PRESENT IN JAIL</span> entered 04/09/2018.", "entry_date": "4/9/2018"}, {"date": "4/9/2018", "number": "253", "contents": "<span class='description'>ATTY. FOR DEF. SHEA, FRANCIS JEROME</span> entered 04/09/2018.", "entry_date": "4/9/2018"}, {"date": "4/9/2018", "number": "252", "contents": "<span class='description'>ASST. STATE ATTY. MILO, M KOREY</span> entered 04/09/2018.", "entry_date": "4/9/2018"}, {"date": "4/9/2018", "number": "251", "contents": "<span class='description'>JUDGE AHO, MARIANNE</span> entered 04/09/2018.", "entry_date": "4/9/2018"}, {"date": "4/6/2018", "number": "250", "contents": "<span class='description'>MOTION FOR ORDER TO SHOW CAUSE</span> entered 04/09/2018.", "entry_date": "4/9/2018"}, {"date": "4/3/2018", "number": "249", "contents": "<span class='description'>AFFIDAVIT/RETURN OF SERVICE</span> entered 04/03/2018.", "entry_date": "4/3/2018"}, {"date": "4/3/2018", "number": "248", "contents": "<span class='description'>AFFIDAVIT/RETURN OF SERVICE</span> entered 04/03/2018.", "entry_date": "4/3/2018"}, {"date": "4/3/2018", "number": "247", "contents": "<span class='description'>AFFIDAVIT/RETURN OF SERVICE</span> entered 04/03/2018.", "entry_date": "4/3/2018"}, {"date": "4/3/2018", "number": "246", "contents": "<span class='description'>AFFIDAVIT/RETURN OF SERVICE</span> entered 04/03/2018.", "entry_date": "4/3/2018"}, {"date": "4/3/2018", "number": "245", "contents": "<span class='description'>AFFIDAVIT/RETURN OF SERVICE</span> entered 04/03/2018.", "entry_date": "4/3/2018"}, {"date": "3/29/2018", "number": "244", "contents": "<span class='description'>AFFIDAVIT/RETURN OF SERVICE</span> entered 03/29/2018.", "entry_date": "3/29/2018"}, {"date": "3/27/2018", "number": "243", "contents": "<span class='description'>ORDER PERT. TO PAYMENT OF COSTS - AUTHORIZING THE DEFENSE TO INCUR COSTS FOR TRANSCRIPTION OF DEPOSITION AT THE COST OF THE STATE OF FLORIDA</span> entered 03/28/2018.", "entry_date": "3/28/2018"}, {"date": "3/27/2018", "number": "242", "contents": "<span class='description'>MOTION FOR PAYMENT OF COSTS - TO ALLOW DEFENDANT TO ORDER TRANSCRIPTION DEPOSITIONS AT THE COST OF THE STATE OF FLORIDA</span> entered 03/28/2018.", "entry_date": "3/28/2018"}, {"date": "3/26/2018", "number": "241", "contents": "<span class='description'>NOTICE OF TAKING DEPOSITION</span> entered 03/27/2018.", "entry_date": "3/27/2018"}, {"date": "3/26/2018", "number": "240", "contents": "<span class='description'>NOTICE OF TAKING DEPOSITION</span> entered 03/27/2018.", "entry_date": "3/27/2018"}, {"date": "3/8/2018", "number": "239", "contents": "<span class='description'>ORDER PERT. TO PAYMENT OF COSTS - SECOND AMENDED ORDER AUTHORIZING THE DEFENSE TO INCUR COSTS FOR TRANSCRIPTION OF DEPOSITIONS AT THE COST OF THE STATE OF FLORIDA</span> entered 03/13/2018.", "entry_date": "3/13/2018"}, {"date": "3/7/2018", "number": "238", "contents": "<span class='description'>MOTION TO ALLOW DEFENDANT TO ORDER TRANSCRIPTION OF DEPOSITIONS AT THE COST OF THE STATE OF FLORIDA</span> entered 03/08/2018.", "entry_date": "3/8/2018"}, {"date": "3/6/2018", "number": "237", "contents": "<span class='description'>SECOND AMENDED MOTION TO ALLOW DEFENDANTS TO ORDER TRANSCRIPTION OF DEPOSITION AT THE COST OF THE STATE OF FLORIDA</span> entered 03/08/2018.", "entry_date": "3/8/2018"}, {"date": "2/20/2018", "number": "236", "contents": "<span class='description'>NOTICE OF CANCELLING TAKING TELEPHONIC DEPOSITION</span> entered 02/21/2018.", "entry_date": "2/21/2018"}, {"date": "2/16/2018", "number": "235", "contents": "<span class='description'>NOTICE OF TAKING TELEPHONIC DEPOSITION</span> entered 02/20/2018.", "entry_date": "2/20/2018"}, {"date": "2/15/2018", "number": "234", "contents": "<span class='description'>AFFIDAVIT/RETURN OF SERVICE</span> entered 02/15/2018.", "entry_date": "2/15/2018"}, {"date": "2/14/2018", "number": "233", "contents": "<span class='description'>COURT DATE PREVIOUSLY SET 04/09/18 JS - TRIAL RESET TO 05/01/18 FPT; 05/07/18 JS</span> entered 02/14/2018.", "entry_date": "2/14/2018"}, {"date": "2/14/2018", "number": "232", "contents": "<span class='description'>DEFENSE/STATE'S ORAL MOTION FOR CONTINUANCE (ADMINSTRATIVELY) -</span> entered 02/14/2018.", "entry_date": "2/14/2018"}, {"date": "2/14/2018", "number": "231", "contents": "<span class='description'>DEFENDANT PRESENT IN JAIL</span> entered 02/14/2018.", "entry_date": "2/14/2018"}, {"date": "2/14/2018", "number": "230", "contents": "<span class='description'>ATTY. FOR DEF. SHEA, FRANCIS JEROME</span> entered 02/14/2018.", "entry_date": "2/14/2018"}, {"date": "2/14/2018", "number": "229", "contents": "<span class='description'>ASST. STATE ATTY. MILO, M KOREY</span> entered 02/14/2018.", "entry_date": "2/14/2018"}, {"date": "2/14/2018", "number": "228", "contents": "<span class='description'>JUDGE AHO, MARIANNE</span> entered 02/14/2018.", "entry_date": "2/14/2018"}, {"date": "2/13/2018", "number": "227", "contents": "<span class='description'>AFFIDAVIT/RETURN OF SERVICE</span> entered 02/15/2018.", "entry_date": "2/15/2018"}, {"date": "2/13/2018", "number": "226", "contents": "<span class='description'>ELEVENTH MOTION IN LIMINE</span> entered 02/13/2018.", "entry_date": "2/13/2018"}, {"date": "2/13/2018", "number": "225", "contents": "<span class='description'>ELEVENTH MOTION IN LIMINE</span> entered 02/13/2018.", "entry_date": "2/13/2018"}, {"date": "2/13/2018", "number": "224", "contents": "<span class='description'>NOTICE OF TAKING DEPOSITION</span> entered 02/13/2018.", "entry_date": "2/13/2018"}, {"date": "2/13/2018", "number": "223", "contents": "<span class='description'>AFFIDAVIT/RETURN OF SERVICE</span> entered 02/13/2018.", "entry_date": "2/13/2018"}, {"date": "2/13/2018", "number": "222", "contents": "<span class='description'>04/24/2018 FPT; 04/30/2018 JS</span> entered 02/13/2018.", "entry_date": "2/13/2018"}, {"date": "2/13/2018", "number": "221", "contents": "<span class='description'>PRETRIAL 02/14/2018 9:00 AM - 408 4TH FLOOR, 501 W ADAMS ST JACKSONVILLE FL 32202</span> entered 02/13/2018.", "entry_date": "2/13/2018"}, {"date": "2/7/2018", "number": "220", "contents": "<span class='description'>STATES# SIXTH SUPPLEMENTAL DISCOVERY EXHIBIT</span> entered 02/07/2018.", "entry_date": "2/7/2018"}, {"date": "2/7/2018", "number": "219", "contents": "<span class='description'>STATES# FIFTH SUPPLEMENTAL DISCOVERY EXHIBIT</span> entered 02/07/2018.", "entry_date": "2/7/2018"}, {"date": "2/1/2018", "number": "218", "contents": "<span class='description'>NINTH MOTION IN LIMINE</span> entered 02/05/2018.", "entry_date": "2/5/2018"}, {"date": "2/1/2018", "number": "217", "contents": "<span class='description'>TENTH MOTION IN LIMINE</span> entered 02/02/2018.", "entry_date": "2/2/2018"}, {"date": "1/31/2018", "number": "216", "contents": "<span class='description'>MOTION IN LIMINE (EIGHTH)</span> entered 02/01/2018.", "entry_date": "2/1/2018"}, {"date": "1/31/2018", "number": "215", "contents": "<span class='description'>MOTION IN LIMINE (SEVENTH)</span> entered 02/01/2018.", "entry_date": "2/1/2018"}, {"date": "1/31/2018", "number": "214", "contents": "<span class='description'>MOTION IN LIMINE (SIXTH)</span> entered 02/01/2018.", "entry_date": "2/1/2018"}, {"date": "1/31/2018", "number": "213", "contents": "<span class='description'>MOTION IN LIMINE (FIFTH)</span> entered 02/01/2018.", "entry_date": "2/1/2018"}, {"date": "1/30/2018", "number": "212", "contents": "<span class='description'>NOTICE OF SECOND SUPPLEMENTAL DISCOVERY</span> entered 01/31/2018.", "entry_date": "1/31/2018"}, {"date": "1/25/2018", "number": "211", "contents": "<span class='description'>MOTION TO ALLOW DEFENDANT TO ORDER TRANSCRIPTION OF DEPOSITIONS AT THE COST OF THE STATE OF FLORIDA</span> entered 01/26/2018.", "entry_date": "1/26/2018"}, {"date": "1/12/2018", "number": "210", "contents": "<span class='description'>NOTICE OF TAKING DEPOSITION</span> entered 01/17/2018.", "entry_date": "1/17/2018"}, {"date": "1/10/2018", "number": "209", "contents": "<span class='description'>05/01/18 FPT; 05/07/18 JS</span> entered 02/14/2018.", "entry_date": "2/14/2018"}, {"date": "1/10/2018", "number": "208", "contents": "<span class='description'>ORDER PERT. TO PAYMENT OF COSTS - AUTHORIZING THE DEFENSE TO INCUR COSTS FOR TRANSCRIPTION OF DEPOSITIONS AT THE COST OF THE STATE OF FLORIDA</span> entered 01/11/2018.", "entry_date": "1/11/2018"}, {"date": "1/10/2018", "number": "207", "contents": "<span class='description'>04/24/2018 FPT &amp; 04/30/2018 JS</span> entered 01/10/2018.", "entry_date": "1/10/2018"}, {"date": "1/10/2018", "number": "206", "contents": "<span class='description'>PRETRIAL 04/09/2018 9:00 AM - 408 4TH FLOOR, 501 W ADAMS ST JACKSONVILLE FL 32202</span> entered 01/10/2018.", "entry_date": "1/10/2018"}, {"date": "1/10/2018", "number": "205", "contents": "<span class='description'>DEFENDANT PRESENT IN JAIL</span> entered 01/10/2018.", "entry_date": "1/10/2018"}, {"date": "1/10/2018", "number": "204", "contents": "<span class='description'>ATTY. FOR DEF. SHEA, FRANCIS JEROME</span> entered 01/10/2018.", "entry_date": "1/10/2018"}, {"date": "1/10/2018", "number": "203", "contents": "<span class='description'>ASST. STATE ATTY. MILO, M KOREY</span> entered 01/10/2018.", "entry_date": "1/10/2018"}, {"date": "1/10/2018", "number": "202", "contents": "<span class='description'>JUDGE AHO, MARIANNE</span> entered 01/10/2018.", "entry_date": "1/10/2018"}, {"date": "1/5/2018", "number": "201", "contents": "<span class='description'>MOTION TO ALLOW DEFENDANT TO ORDER TRANSCRIPTION OF DEPOSITIONS AT THE COST OF THE STATE OF FLORIDA</span> entered 01/08/2018.", "entry_date": "1/8/2018"}, {"date": "1/3/2018", "number": "200", "contents": "<span class='description'>PRETRIAL 01/10/2018 9:00 AM - 408 4TH FLOOR, 501 W ADAMS ST JACKSONVILLE FL 32202</span> entered 01/03/2018.", "entry_date": "1/3/2018"}, {"date": "1/3/2018", "number": "199", "contents": "<span class='description'>DEFENDANT PRESENT IN JAIL</span> entered 01/03/2018.", "entry_date": "1/3/2018"}, {"date": "1/3/2018", "number": "198", "contents": "<span class='description'>ATTY. FOR DEF. SHEA, FRANCIS JEROME</span> entered 01/03/2018.", "entry_date": "1/3/2018"}, {"date": "1/3/2018", "number": "197", "contents": "<span class='description'>ASST. STATE ATTY. MILO, M KOREY</span> entered 01/03/2018.", "entry_date": "1/3/2018"}, {"date": "1/3/2018", "number": "196", "contents": "<span class='description'>JUDGE AHO, MARIANNE</span> entered 01/03/2018.", "entry_date": "1/3/2018"}, {"date": "12/20/2017", "number": "195", "contents": "<span class='description'>AFFIDAVIT/RETURN OF SERVICE</span> entered 12/21/2017.", "entry_date": "12/21/2017"}, {"date": "12/20/2017", "number": "194", "contents": "<span class='description'>AFFIDAVIT/RETURN OF SERVICE</span> entered 12/21/2017.", "entry_date": "12/21/2017"}, {"date": "12/5/2017", "number": "193", "contents": "<span class='description'>AFFIDAVIT/RETURN OF SERVICE</span> entered 12/05/2017.", "entry_date": "12/5/2017"}, {"date": "12/5/2017", "number": "192", "contents": "<span class='description'>SUBPOENA FOR DEPOSITION</span> entered 12/05/2017.", "entry_date": "12/5/2017"}, {"date": "12/5/2017", "number": "191", "contents": "<span class='description'>AFFIDAVIT/RETURN OF SERVICE</span> entered 12/05/2017.", "entry_date": "12/5/2017"}, {"date": "12/5/2017", "number": "190", "contents": "<span class='description'>SUBPOENA FOR DEPOSITION</span> entered 12/05/2017.", "entry_date": "12/5/2017"}, {"date": "11/21/2017", "number": "189", "contents": "<span class='description'>NOTICE OF TAKING DEPOSITION</span> entered 11/21/2017.", "entry_date": "11/21/2017"}, {"date": "11/15/2017", "number": "188", "contents": "<span class='description'>DEFENDANT'S FIRST SUPPLEMENTAL DEMAND FOR DISCOVERY</span> entered 11/16/2017.", "entry_date": "11/16/2017"}, {"date": "11/15/2017", "number": "187", "contents": "<span class='description'>AMENDED FIRST MOTION IN LIMINE</span> entered 11/16/2017.", "entry_date": "11/16/2017"}, {"date": "11/14/2017", "number": "186", "contents": "<span class='description'>FOURTH MOTION IN LIMINE</span> entered 11/15/2017.", "entry_date": "11/15/2017"}, {"date": "11/14/2017", "number": "185", "contents": "<span class='description'>THIRD MOTION IN LIMINE</span> entered 11/15/2017.", "entry_date": "11/15/2017"}, {"date": "11/13/2017", "number": "184", "contents": "<span class='description'>STATES FOURTH SUPPLEMENTAL DISCOVERY EXHIBIT</span> entered 11/15/2017.", "entry_date": "11/15/2017"}, {"date": "11/13/2017", "number": "183", "contents": "<span class='description'>MOTION IN LIMINE DEFT'S SECOND RULE 90.401 RELEVANT EVIDENCE; RULE 90.403 EXCLUSION ON GROUNDS OF PREJUDICE AND CONFUSION; RULE 90.404 CHARACTER EVIDENCE IN CRIMINAL CASES</span> entered 11/14/2017.", "entry_date": "11/14/2017"}, {"date": "11/8/2017", "number": "182", "contents": "<span class='description'>COURT ORDER DEFENDANT'S MOTION TO CONTINUE TRIAL - GRANTED. NO OBJECTION BY THE STATE</span> entered 11/09/2017.", "entry_date": "11/9/2017"}, {"date": "11/8/2017", "number": "181", "contents": "<span class='description'>PRETRIAL 01/03/2018 9:00 AM - 408 4TH FLOOR, 501 W ADAMS ST JACKSONVILLE FL 32202</span> entered 11/08/2017.", "entry_date": "11/8/2017"}, {"date": "11/8/2017", "number": "180", "contents": "<span class='description'>MOTION FOR CONTINUANCE (DEFENSE) - GRANTED W/OUT OBJECTION - STRIKE 12/05/17 FPT &amp; 12/11/17 JS</span> entered 11/08/2017.", "entry_date": "11/8/2017"}, {"date": "11/8/2017", "number": "179", "contents": "<span class='description'>DEFENDANT PRESENT IN JAIL</span> entered 11/08/2017.", "entry_date": "11/8/2017"}, {"date": "11/8/2017", "number": "178", "contents": "<span class='description'>ATTY. FOR DEF. SHEA, FRANCIS JEROME</span> entered 11/08/2017.", "entry_date": "11/8/2017"}, {"date": "11/8/2017", "number": "177", "contents": "<span class='description'>ASST. STATE ATTY. MILO, M KOREY</span> entered 11/08/2017.", "entry_date": "11/8/2017"}, {"date": "11/8/2017", "number": "176", "contents": "<span class='description'>JUDGE AHO, MARIANNE</span> entered 11/08/2017.", "entry_date": "11/8/2017"}, {"date": "11/2/2017", "number": "175", "contents": "<span class='description'>DEFENDANT'S MOTION TO CONTINUE TRIAL</span> entered 11/07/2017.", "entry_date": "11/7/2017"}, {"date": "10/26/2017", "number": "174", "contents": "<span class='description'>NOTICE OF TAKING DEPOSITION (AMENDED)</span> entered 10/26/2017.", "entry_date": "10/26/2017"}, {"date": "10/25/2017", "number": "173", "contents": "<span class='description'>NOTICE OF TAKING DEPOSITION (AMENDED)</span> entered 10/26/2017.", "entry_date": "10/26/2017"}, {"date": "10/10/2017", "number": "172", "contents": "<span class='description'>ORDER PERT. TO PAYMENT OF COSTS - AUTHORIZING THE DEFENSE TO INCUR COSTS FOR TRANSCRIPTION OF DEPOSITIONS AT THE COST OF THE STATE OF FLORIDA</span> entered 10/10/2017.", "entry_date": "10/10/2017"}, {"date": "10/6/2017", "number": "171", "contents": "<span class='description'>NOTICE OF TAKING DEPOSITION</span> entered 10/09/2017.", "entry_date": "10/9/2017"}, {"date": "10/6/2017", "number": "170", "contents": "<span class='description'>NOTICE OF TAKING DEPOSITION</span> entered 10/09/2017.", "entry_date": "10/9/2017"}, {"date": "10/5/2017", "number": "169", "contents": "<span class='description'>ORDER PERT. TO PAYMENT OF COSTS - AUTHORIZING THE DEFENSE TO INCUR COSTS FOR TRANSCRIPTION OF DEPOSITIONS AT THE COST OF THE STATE OF FLORIDA</span> entered 10/09/2017.", "entry_date": "10/9/2017"}, {"date": "9/22/2017", "number": "168", "contents": "<span class='description'>MOTION TO ALLOW DEFENDANT TO ORDER TRANSCRIPTION OF DEPOSITIONS AT THE COST OF THE STATE OF FLORIDA</span> entered 09/25/2017.", "entry_date": "9/25/2017"}, {"date": "9/15/2017", "number": "167", "contents": "<span class='description'>STATE'S THIRD SUPPLEMENTAL DISCOVERY EXHIBIT</span> entered 09/18/2017.", "entry_date": "9/18/2017"}, {"date": "8/31/2017", "number": "166", "contents": "<span class='description'>FIRST MOTION IN LIMINE</span> entered 09/01/2017.", "entry_date": "9/1/2017"}, {"date": "8/29/2017", "number": "165", "contents": "<span class='description'>STATE'S SECOND SUPPLEMENTAL DISCOVERY EXHIBIT</span> entered 08/30/2017.", "entry_date": "8/30/2017"}, {"date": "8/29/2017", "number": "164", "contents": "<span class='description'>STATE'S DISCOVERY EXHIBIT</span> entered 08/30/2017.", "entry_date": "8/30/2017"}, {"date": "8/14/2017", "number": "163", "contents": "<span class='description'>ORDER PERT. TO PAYMENT OF COSTS - AUTHORIZING THE DEFENSE TO INCUR COSTS FOR EX-PARTE MOTION TO INCUR COSTS TO TRANSCRIBE STATE WITNESSES STATEMENTS</span> entered 08/15/2017.", "entry_date": "8/15/2017"}, {"date": "8/14/2017", "number": "162", "contents": "<span class='description'>12/05/17 FPT; 12/11/17 JS</span> entered 08/14/2017.", "entry_date": "8/14/2017"}, {"date": "8/14/2017", "number": "161", "contents": "<span class='description'>PRETRIAL 11/08/2017 9:00 AM - 408 4TH FLOOR, 501 W ADAMS ST JACKSONVILLE FL 32202</span> entered 08/14/2017.", "entry_date": "8/14/2017"}, {"date": "8/14/2017", "number": "160", "contents": "<span class='description'>DEFENDANT PRESENT IN JAIL</span> entered 08/14/2017.", "entry_date": "8/14/2017"}, {"date": "8/14/2017", "number": "159", "contents": "<span class='description'>ATTY. FOR DEF. SHEA, FRANCIS JEROME</span> entered 08/14/2017.", "entry_date": "8/14/2017"}, {"date": "8/14/2017", "number": "158", "contents": "<span class='description'>OTHERS PRESENT: ASA- C. STIFLER FOR K. MILO</span> entered 08/14/2017.", "entry_date": "8/14/2017"}, {"date": "8/14/2017", "number": "157", "contents": "<span class='description'>ASST. STATE ATTY. MILO, M KOREY</span> entered 08/14/2017.", "entry_date": "8/14/2017"}, {"date": "8/14/2017", "number": "156", "contents": "<span class='description'>JUDGE AHO, MARIANNE</span> entered 08/14/2017.", "entry_date": "8/14/2017"}, {"date": "8/9/2017", "number": "155", "contents": "<span class='description'>MOTION AND PROPOSED ORDER TO INCUR COSTS FOR TRANSCRIPTS OF STATEMENTS OF STATE WITNESSES</span> entered 08/10/2017.", "entry_date": "8/10/2017"}, {"date": "7/27/2017", "number": "154", "contents": "<span class='description'>EX PARTE MOTION TO APPOINT PRIVATE INVESTIGATOR AND PROPOSED ORDER</span> entered 07/28/2017.", "entry_date": "7/28/2017"}, {"date": "7/20/2017", "number": "153", "contents": "<span class='description'>AFFIDAVIT/RETURN OF SERVICE</span> entered 07/24/2017.", "entry_date": "7/24/2017"}, {"date": "7/18/2017", "number": "152", "contents": "<span class='description'>AFFIDAVIT/RETURN OF SERVICE (5 FILED)</span> entered 07/19/2017.", "entry_date": "7/19/2017"}, {"date": "7/13/2017", "number": "151", "contents": "<span class='description'>AFFIDAVIT/RETURN OF SERVICE</span> entered 07/13/2017.", "entry_date": "7/13/2017"}, {"date": "7/13/2017", "number": "150", "contents": "<span class='description'>AFFIDAVIT/RETURN OF SERVICE</span> entered 07/13/2017.", "entry_date": "7/13/2017"}, {"date": "7/12/2017", "number": "149", "contents": "<span class='description'>NOTICE OF TAKING DEPOSITION</span> entered 07/13/2017.", "entry_date": "7/13/2017"}, {"date": "7/5/2017", "number": "148", "contents": "<span class='description'>DEMAND FOR DISCOVERY</span> entered 07/05/2017.", "entry_date": "7/5/2017"}, {"date": "6/28/2017", "number": "147", "contents": "<span class='description'>12/05/17 FPT; 12/11/17 JS</span> entered 06/28/2017.", "entry_date": "6/28/2017"}, {"date": "6/28/2017", "number": "146", "contents": "<span class='description'>PRETRIAL 08/14/2017 9:00 AM - 408 4TH FLOOR, 501 W ADAMS ST JACKSONVILLE FL 32202</span> entered 06/28/2017.", "entry_date": "6/28/2017"}, {"date": "6/28/2017", "number": "145", "contents": "<span class='description'>DEFENDANT PRESENT IN JAIL</span> entered 06/28/2017.", "entry_date": "6/28/2017"}, {"date": "6/28/2017", "number": "144", "contents": "<span class='description'>ATTY. FOR DEF. SHEA, FRANCIS JEROME</span> entered 06/28/2017.", "entry_date": "6/28/2017"}, {"date": "6/28/2017", "number": "143", "contents": "<span class='description'>ASST. STATE ATTY. MILO, M KOREY</span> entered 06/28/2017.", "entry_date": "6/28/2017"}, {"date": "6/28/2017", "number": "142", "contents": "<span class='description'>JUDGE AHO, MARIANNE</span> entered 06/28/2017.", "entry_date": "6/28/2017"}, {"link_viewer": "https://www.docketalarm.com/cases/Florida_State_Duval_County_Fourth_Circuit_Court/2016-CF-009410/DWAYNE_WIMBERLY/141/", "number": "141", "link": "https://www.docketalarm.com/cases/Florida_State_Duval_County_Fourth_Circuit_Court/2016-CF-009410/DWAYNE_WIMBERLY/docs/141.pdf", "entry_date": "6/1/2017", "date": "5/31/2017", "contents": "<a href=\"/cases/Florida_State_Duval_County_Fourth_Circuit_Court/2016-CF-009410/DWAYNE_WIMBERLY/141/\"><span class='description'>ORDER APPOINTING ATTORNEY - COURT APPOINTED COUNSEL</span></a> entered 06/01/2017."}, {"date": "5/31/2017", "number": "140", "contents": "<span class='description'>COURT DATE PREVIOUSLY SET 06/28/17 PRETRIAL</span> entered 05/31/2017.", "entry_date": "5/31/2017"}, {"date": "5/31/2017", "number": "139", "contents": "<span class='description'>OTHERS PRESENT J. HERNANDEZ,</span> entered 05/31/2017.", "entry_date": "5/31/2017"}, {"date": "5/31/2017", "number": "138", "contents": "<span class='description'>MOTION TO WITHDRAW AS COUNSELOF RECORD J. HERNANDEZ - (GRANTED) NO OBJECTION BY STATE,-ORDER ENTERED</span> entered 05/31/2017.", "entry_date": "5/31/2017"}, {"date": "5/31/2017", "number": "137", "contents": "<span class='description'>DEFENDANT PRESENT IN JAIL</span> entered 05/31/2017.", "entry_date": "5/31/2017"}, {"date": "5/31/2017", "number": "136", "contents": "<span class='description'>ATTY. FOR DEF. SHEA, FRANCIS JEROME</span> entered 05/31/2017.", "entry_date": "5/31/2017"}, {"date": "5/31/2017", "number": "135", "contents": "<span class='description'>ASST. STATE ATTY. MILO, M KOREY</span> entered 05/31/2017.", "entry_date": "5/31/2017"}, {"date": "5/31/2017", "number": "134", "contents": "<span class='description'>JUDGE AHO, MARIANNE</span> entered 05/31/2017.", "entry_date": "5/31/2017"}, {"date": "5/25/2017", "number": "133", "contents": "<span class='description'>PER JA EMAIL</span> entered 05/25/2017.", "entry_date": "5/25/2017"}, {"date": "5/25/2017", "number": "132", "contents": "<span class='description'>HEARING ON MOTION 05/31/2017 9:00 AM - 408 4TH FLOOR, 501 W ADAMS ST JACKSONVILLE FL 32202</span> entered 05/25/2017.", "entry_date": "5/25/2017"}, {"date": "5/24/2017", "number": "131", "contents": "<span class='description'>MOTION TO WITHDRAW AS COUNSEL OF RECORD</span> entered 05/25/2017.", "entry_date": "5/25/2017"}, {"date": "5/18/2017", "number": "130", "contents": "<span class='description'>ORDER PERT. TO PAYMENT OF COSTS - DEPOSITION TRANSCRIPTS</span> entered 05/18/2017.", "entry_date": "5/18/2017"}, {"date": "5/18/2017", "number": "129", "contents": "<span class='description'>EXPARTE MOTION FOR AUTHORIZATION TO INCUR COSTS FOR DEPOSITION TRANSCRIPTS</span> entered 05/18/2017.", "entry_date": "5/18/2017"}, {"date": "5/17/2017", "number": "128", "contents": "<span class='description'>PRETRIAL 06/28/2017 9:00 AM - 408 4TH FLOOR, 501 W ADAMS ST JACKSONVILLE FL 32202</span> entered 05/17/2017.", "entry_date": "5/17/2017"}, {"date": "5/17/2017", "number": "127", "contents": "<span class='description'>OTHERS PRESENT: C. HUBBAND FOR K. MILO</span> entered 05/17/2017.", "entry_date": "5/17/2017"}, {"date": "5/17/2017", "number": "126", "contents": "<span class='description'>DEFENDANT PRESENT IN JAIL</span> entered 05/17/2017.", "entry_date": "5/17/2017"}, {"date": "5/17/2017", "number": "125", "contents": "<span class='description'>ATTY. FOR DEF. HERNANDEZ, JAMES ANTONIO</span> entered 05/17/2017.", "entry_date": "5/17/2017"}, {"date": "5/17/2017", "number": "124", "contents": "<span class='description'>ASST. STATE ATTY. MILO, M KOREY</span> entered 05/17/2017.", "entry_date": "5/17/2017"}, {"date": "5/17/2017", "number": "123", "contents": "<span class='description'>JUDGE AHO, MARIANNE</span> entered 05/17/2017.", "entry_date": "5/17/2017"}, {"date": "5/15/2017", "number": "122", "contents": "<span class='description'>EX-PARTE MOTION FOR AUTHORIZATION TO INCUR COSTS FOR DEPOSITION TRANSCRIPT(s)</span> entered 05/15/2017.", "entry_date": "5/15/2017"}, {"date": "4/11/2017", "number": "121", "contents": "<span class='description'>AFFIDAVIT/RETURN OF SERVICE</span> entered 04/11/2017.", "entry_date": "4/11/2017"}, {"date": "4/10/2017", "number": "120", "contents": "<span class='description'>PRETRIAL 05/17/2017 9:00 AM - 408 4TH FLOOR, 501 W ADAMS ST JACKSONVILLE FL 32202</span> entered 04/10/2017.", "entry_date": "4/10/2017"}, {"date": "4/10/2017", "number": "119", "contents": "<span class='description'>MOTION FOR MISCELLANEOUS RELIEF (FILED ON 03/28/17) - WITHDRAWN BY DEFENSE</span> entered 04/10/2017.", "entry_date": "4/10/2017"}, {"date": "4/10/2017", "number": "118", "contents": "<span class='description'>DEFENDANT PRESENT IN JAIL</span> entered 04/10/2017.", "entry_date": "4/10/2017"}, {"date": "4/10/2017", "number": "117", "contents": "<span class='description'>ATTY. FOR DEF. HERNANDEZ, JAMES ANTONIO</span> entered 04/10/2017.", "entry_date": "4/10/2017"}, {"date": "4/10/2017", "number": "116", "contents": "<span class='description'>ASST. STATE ATTY. MILO, M KOREY</span> entered 04/10/2017.", "entry_date": "4/10/2017"}, {"date": "4/10/2017", "number": "115", "contents": "<span class='description'>JUDGE AHO, MARIANNE</span> entered 04/10/2017.", "entry_date": "4/10/2017"}, {"date": "4/6/2017", "number": "114", "contents": "<span class='description'>AFFIDAVIT/RETURN OF SERVICE</span> entered 04/07/2017.", "entry_date": "4/7/2017"}, {"date": "4/6/2017", "number": "113", "contents": "<span class='description'>AFFIDAVIT/RETURN OF SERVICE</span> entered 04/07/2017.", "entry_date": "4/7/2017"}, {"date": "4/6/2017", "number": "112", "contents": "<span class='description'>AFFIDAVIT/RETURN OF SERVICE</span> entered 04/07/2017.", "entry_date": "4/7/2017"}, {"date": "4/6/2017", "number": "111", "contents": "<span class='description'>AFFIDAVIT/RETURN OF SERVICE</span> entered 04/07/2017.", "entry_date": "4/7/2017"}, {"date": "4/6/2017", "number": "110", "contents": "<span class='description'>AFFIDAVIT/RETURN OF SERVICE</span> entered 04/07/2017.", "entry_date": "4/7/2017"}, {"date": "4/6/2017", "number": "109", "contents": "<span class='description'>AFFIDAVIT/RETURN OF SERVICE</span> entered 04/07/2017.", "entry_date": "4/7/2017"}, {"date": "4/6/2017", "number": "108", "contents": "<span class='description'>AFFIDAVIT/RETURN OF SERVICE</span> entered 04/07/2017.", "entry_date": "4/7/2017"}, {"date": "4/6/2017", "number": "107", "contents": "<span class='description'>AFFIDAVIT/RETURN OF SERVICE</span> entered 04/07/2017.", "entry_date": "4/7/2017"}, {"date": "4/6/2017", "number": "106", "contents": "<span class='description'>AFFIDAVIT/RETURN OF SERVICE</span> entered 04/07/2017.", "entry_date": "4/7/2017"}, {"date": "4/6/2017", "number": "105", "contents": "<span class='description'>AFFIDAVIT/RETURN OF SERVICE</span> entered 04/07/2017.", "entry_date": "4/7/2017"}, {"date": "4/6/2017", "number": "104", "contents": "<span class='description'>AFFIDAVIT/RETURN OF SERVICE</span> entered 04/07/2017.", "entry_date": "4/7/2017"}, {"date": "4/6/2017", "number": "103", "contents": "<span class='description'>AFFIDAVIT/RETURN OF SERVICE</span> entered 04/07/2017.", "entry_date": "4/7/2017"}, {"date": "4/6/2017", "number": "102", "contents": "<span class='description'>AFFIDAVIT/RETURN OF SERVICE</span> entered 04/07/2017.", "entry_date": "4/7/2017"}, {"date": "4/6/2017", "number": "101", "contents": "<span class='description'>AFFIDAVIT/RETURN OF SERVICE</span> entered 04/07/2017.", "entry_date": "4/7/2017"}, {"date": "4/6/2017", "number": "100", "contents": "<span class='description'>AFFIDAVIT/RETURN OF SERVICE</span> entered 04/07/2017.", "entry_date": "4/7/2017"}, {"date": "4/6/2017", "number": "99", "contents": "<span class='description'>AFFIDAVIT/RETURN OF SERVICE</span> entered 04/07/2017.", "entry_date": "4/7/2017"}, {"date": "4/6/2017", "number": "98", "contents": "<span class='description'>AFFIDAVIT/RETURN OF SERVICE</span> entered 04/07/2017.", "entry_date": "4/7/2017"}, {"date": "4/6/2017", "number": "97", "contents": "<span class='description'>AFFIDAVIT/RETURN OF SERVICE</span> entered 04/07/2017.", "entry_date": "4/7/2017"}, {"date": "4/6/2017", "number": "96", "contents": "<span class='description'>AFFIDAVIT/RETURN OF SERVICE</span> entered 04/07/2017.", "entry_date": "4/7/2017"}, {"date": "4/3/2017", "number": "95", "contents": "<span class='description'>HEARING ON MOTION (TO BE SET) 04/10/2017 9:00 AM - 408 4TH FLOOR, 501 W ADAMS ST JACKSONVILLE FL 32202</span> entered 04/03/2017.", "entry_date": "4/3/2017"}, {"date": "4/3/2017", "number": "94", "contents": "<span class='description'>DEFENDANT PRESENT IN JAIL</span> entered 04/03/2017.", "entry_date": "4/3/2017"}, {"date": "4/3/2017", "number": "93", "contents": "<span class='description'>ATTY. FOR DEF. HERNANDEZ, JAMES ANTONIO</span> entered 04/03/2017.", "entry_date": "4/3/2017"}, {"date": "4/3/2017", "number": "92", "contents": "<span class='description'>ASST. STATE ATTY. MILO, M KOREY</span> entered 04/03/2017.", "entry_date": "4/3/2017"}, {"date": "4/3/2017", "number": "91", "contents": "<span class='description'>JUDGE AHO, MARIANNE</span> entered 04/03/2017.", "entry_date": "4/3/2017"}, {"date": "3/31/2017", "number": "90", "contents": "<span class='description'>NOTICE OF TAKING DEPOSITION (6 ATTACHED)</span> entered 03/31/2017.", "entry_date": "3/31/2017"}, {"date": "3/29/2017", "number": "89", "contents": "<span class='description'>HEARING ON MOTION (TO BE SET) 04/03/2017 9:00 AM - 408 4TH FLOOR, 501 W ADAMS ST JACKSONVILLE FL 32202</span> entered 03/29/2017.", "entry_date": "3/29/2017"}, {"date": "3/29/2017", "number": "88", "contents": "<span class='description'>DEFENDANT APPEARANCE WAIVED</span> entered 03/29/2017.", "entry_date": "3/29/2017"}, {"date": "3/29/2017", "number": "87", "contents": "<span class='description'>ATTY. FOR DEF. HERNANDEZ, JAMES ANTONIO</span> entered 03/29/2017.", "entry_date": "3/29/2017"}, {"date": "3/29/2017", "number": "86", "contents": "<span class='description'>ASST. STATE ATTY. MILO, M KOREY</span> entered 03/29/2017.", "entry_date": "3/29/2017"}, {"date": "3/29/2017", "number": "85", "contents": "<span class='description'>JUDGE AHO, MARIANNE</span> entered 03/29/2017.", "entry_date": "3/29/2017"}, {"date": "3/28/2017", "number": "84", "contents": "<span class='description'>MOTION FOR MISCELLANEOUS RELIEF</span> entered 03/28/2017.", "entry_date": "3/28/2017"}, {"date": "3/27/2017", "number": "83", "contents": "<span class='description'>TRIAL ASSISTANT STATE ATTORNEY CHANGED TO Milo, M Korey PER SAO</span> entered 03/27/2017.", "entry_date": "3/27/2017"}, {"date": "3/14/2017", "number": "82", "contents": "<span class='description'>DEFENDANT PRESENT IN JAIL</span> entered 03/14/2017.", "entry_date": "3/14/2017"}, {"date": "3/14/2017", "number": "81", "contents": "<span class='description'>ATTY. FOR DEF. HERNANDEZ, JAMES ANTONIO</span> entered 03/14/2017.", "entry_date": "3/14/2017"}, {"date": "3/14/2017", "number": "80", "contents": "<span class='description'>ASST. STATE ATTY. FEUER, AARON SULLIVAN</span> entered 03/14/2017.", "entry_date": "3/14/2017"}, {"date": "3/14/2017", "number": "79", "contents": "<span class='description'>JUDGE AHO, MARIANNE</span> entered 03/14/2017.", "entry_date": "3/14/2017"}, {"date": "3/13/2017", "number": "78", "contents": "<span class='description'>PRETRIAL 03/29/2017 9:00 AM - 408 4TH FLOOR, 501 W ADAMS ST JACKSONVILLE FL 32202</span> entered 03/14/2017.", "entry_date": "3/14/2017"}, {"date": "3/3/2017", "number": "77", "contents": "<span class='description'>NOTICE OF TAKING DEPOSITION (6 FILED)</span> entered 03/06/2017.", "entry_date": "3/6/2017"}, {"date": "2/8/2017", "number": "76", "contents": "<span class='description'>PRETRIAL 03/14/2017 9:00 AM - 408 4TH FLOOR, 501 W ADAMS ST JACKSONVILLE FL 32202</span> entered 02/08/2017.", "entry_date": "2/8/2017"}, {"link_viewer": "https://www.docketalarm.com/cases/Florida_State_Duval_County_Fourth_Circuit_Court/2016-CF-009410/DWAYNE_WIMBERLY/75/", "number": "75", "link": "https://www.docketalarm.com/cases/Florida_State_Duval_County_Fourth_Circuit_Court/2016-CF-009410/DWAYNE_WIMBERLY/docs/75.pdf", "entry_date": "2/8/2017", "date": "2/8/2017", "contents": "<a href=\"/cases/Florida_State_Duval_County_Fourth_Circuit_Court/2016-CF-009410/DWAYNE_WIMBERLY/75/\"><span class='description'>** WAIVER OF SPEEDY TRIAL **</span></a> entered 02/08/2017."}, {"date": "2/8/2017", "number": "74", "contents": "<span class='description'>OTHERS PRESENT: Y JONES FOR A FEUER</span> entered 02/08/2017.", "entry_date": "2/8/2017"}, {"date": "2/8/2017", "number": "73", "contents": "<span class='description'>DEFENDANT PRESENT IN JAIL</span> entered 02/08/2017.", "entry_date": "2/8/2017"}, {"date": "2/8/2017", "number": "72", "contents": "<span class='description'>ATTY. FOR DEF. HERNANDEZ, JAMES ANTONIO</span> entered 02/08/2017.", "entry_date": "2/8/2017"}, {"date": "2/8/2017", "number": "71", "contents": "<span class='description'>ASST. STATE ATTY. FEUER, AARON SULLIVAN</span> entered 02/08/2017.", "entry_date": "2/8/2017"}, {"date": "2/8/2017", "number": "70", "contents": "<span class='description'>JUDGE AHO, MARIANNE</span> entered 02/08/2017.", "entry_date": "2/8/2017"}, {"date": "1/30/2017", "number": "69", "contents": "<span class='description'>COURT ORDER APPOINTING PRIVATE INVESTIGATOR</span> entered 01/30/2017.", "entry_date": "1/30/2017"}, {"date": "1/23/2017", "number": "68", "contents": "<span class='description'>PRETRIAL 02/08/2017 9:00 AM - 408 4TH FLOOR, 501 W ADAMS ST JACKSONVILLE FL 32202</span> entered 01/23/2017.", "entry_date": "1/23/2017"}, {"date": "1/23/2017", "number": "67", "contents": "<span class='description'>DEFENDANT PRESENT IN JAIL</span> entered 01/23/2017.", "entry_date": "1/23/2017"}, {"date": "1/23/2017", "number": "66", "contents": "<span class='description'>ATTY. FOR DEF. HERNANDEZ, JAMES ANTONIO</span> entered 01/23/2017.", "entry_date": "1/23/2017"}, {"date": "1/23/2017", "number": "65", "contents": "<span class='description'>OTHERS PRESENT: G HILL FOR A FEUER</span> entered 01/23/2017.", "entry_date": "1/23/2017"}, {"date": "1/23/2017", "number": "64", "contents": "<span class='description'>ASST. STATE ATTY. FEUER, AARON SULLIVAN</span> entered 01/23/2017.", "entry_date": "1/23/2017"}, {"date": "1/23/2017", "number": "63", "contents": "<span class='description'>JUDGE AHO, MARIANNE</span> entered 01/23/2017.", "entry_date": "1/23/2017"}, {"date": "1/20/2017", "number": "62", "contents": "<span class='description'>EX PARTE MOTION FOR THE APPOINTMENT OF A PRIVATE INVESTIGATOR</span> entered 01/22/2017.", "entry_date": "1/22/2017"}, {"link_viewer": "https://www.docketalarm.com/cases/Florida_State_Duval_County_Fourth_Circuit_Court/2016-CF-009410/DWAYNE_WIMBERLY/61/", "number": "61", "link": "https://www.docketalarm.com/cases/Florida_State_Duval_County_Fourth_Circuit_Court/2016-CF-009410/DWAYNE_WIMBERLY/docs/61.pdf", "entry_date": "1/19/2017", "date": "1/19/2017", "contents": "<a href=\"/cases/Florida_State_Duval_County_Fourth_Circuit_Court/2016-CF-009410/DWAYNE_WIMBERLY/61/\"><span class='description'>ORDER APPOINTING ATTORNEY / COURT-APPOINTED COUNSEL</span></a> entered 01/19/2017."}, {"date": "1/18/2017", "number": "60", "contents": "<span class='description'>COURT ORDER ON CERTIFICATE OF CONFLICT AND MOTION TO WITHDRAW- GRANTED. THE RULING ON THE RECORD ON 1/18/17 IS INCORPORATED BY REFEERENCE.</span> entered 01/19/2017.", "entry_date": "1/19/2017"}, {"date": "1/18/2017", "number": "59", "contents": "<span class='description'>APPOINT COUNSEL</span> entered 01/18/2017.", "entry_date": "1/18/2017"}, {"date": "1/18/2017", "number": "58", "contents": "<span class='description'>PRETRIAL 01/23/2017 9:00 AM - 408 4TH FLOOR, 501 W ADAMS ST JACKSONVILLE FL 32202</span> entered 01/18/2017.", "entry_date": "1/18/2017"}, {"date": "1/18/2017", "number": "57", "contents": "<span class='description'>DEFENDANT PRESENT IN JAIL</span> entered 01/18/2017.", "entry_date": "1/18/2017"}, {"date": "1/18/2017", "number": "56", "contents": "<span class='description'>REGIONAL CONFLICT COUNSEL PERMITTED TO WITHDRAW AS COUNSEL FOR DEFENDANT</span> entered 01/18/2017.", "entry_date": "1/18/2017"}, {"date": "1/18/2017", "number": "55", "contents": "<span class='description'>PUBLIC DEFENDER PERMITTED TO WITHDRAW AS COUNSEL FOR DEF.</span> entered 01/18/2017.", "entry_date": "1/18/2017"}, {"date": "1/18/2017", "number": "54", "contents": "<span class='description'>ASST. PUB. DEF. PERKINS, ALPHONSE BERNARD</span> entered 01/18/2017.", "entry_date": "1/18/2017"}, {"date": "1/18/2017", "number": "53", "contents": "<span class='description'>ASST. STATE ATTY. HILL, GARRETT</span> entered 01/18/2017.", "entry_date": "1/18/2017"}, {"date": "1/18/2017", "number": "52", "contents": "<span class='description'>JUDGE AHO, MARIANNE</span> entered 01/18/2017.", "entry_date": "1/18/2017"}, {"date": "1/17/2017", "number": "51", "contents": "<span class='description'>PER JA EMAIL</span> entered 01/17/2017.", "entry_date": "1/17/2017"}, {"date": "1/17/2017", "number": "50", "contents": "<span class='description'>PRETRIAL 01/18/2017 9:00 AM - 408 4TH FLOOR, 501 W ADAMS ST JACKSONVILLE FL 32202</span> entered 01/17/2017.", "entry_date": "1/17/2017"}, {"date": "1/17/2017", "number": "49", "contents": "<span class='description'>&gt; CANCEL REASON - PER JA</span> entered 01/17/2017.", "entry_date": "1/17/2017"}, {"date": "1/17/2017", "number": "48", "contents": "<span class='description'>CANCELLED PRETRIAL ON 1/26/2017 9:00:00 AM</span> entered 01/17/2017.", "entry_date": "1/17/2017"}, {"date": "1/10/2017", "number": "47", "contents": "<span class='description'>CERTIFICATE OF CONFLICT &amp; MOTION TO WITHDRAW</span> entered 01/10/2017.", "entry_date": "1/10/2017"}, {"date": "1/5/2017", "number": "46", "contents": "<span class='description'>PRETRIAL 01/26/2017 9:00 AM - 408 4TH FLOOR, 501 W ADAMS ST JACKSONVILLE FL 32202</span> entered 01/05/2017.", "entry_date": "1/5/2017"}, {"date": "1/5/2017", "number": "45", "contents": "<span class='description'>DEFENDANT PRESENT IN JAIL</span> entered 01/05/2017.", "entry_date": "1/5/2017"}, {"date": "1/5/2017", "number": "44", "contents": "<span class='description'>ASST. PUB. DEF. PERKINS, ALPHONSE BERNARD</span> entered 01/05/2017.", "entry_date": "1/5/2017"}, {"date": "1/5/2017", "number": "43", "contents": "<span class='description'>ASST. STATE ATTY. FEUER, AARON SULLIVAN</span> entered 01/05/2017.", "entry_date": "1/5/2017"}, {"date": "1/5/2017", "number": "42", "contents": "<span class='description'>JUDGE AHO, MARIANNE</span> entered 01/05/2017.", "entry_date": "1/5/2017"}, {"date": "12/6/2016", "number": "41", "contents": "<span class='description'>PLEA OF NOT GUILTY</span> entered 12/06/2016.", "entry_date": "12/6/2016"}, {"date": "12/6/2016", "number": "40", "contents": "<span class='description'>PLEA OF NOT GUILTY</span> entered 12/06/2016.", "entry_date": "12/6/2016"}, {"date": "12/6/2016", "number": "39", "contents": "<span class='description'>PRETRIAL 01/05/2017 9:00 AM - 408 4TH FLOOR, 501 W ADAMS ST JACKSONVILLE FL 32202</span> entered 12/06/2016.", "entry_date": "12/6/2016"}, {"date": "12/6/2016", "number": "38", "contents": "<span class='description'>DEF. W/READING OF INFO &amp; PLEAD NOT GUILTY</span> entered 12/06/2016.", "entry_date": "12/6/2016"}, {"date": "12/6/2016", "number": "37", "contents": "<span class='description'>DEFENDANT PRESENT IN JAIL</span> entered 12/06/2016.", "entry_date": "12/6/2016"}, {"date": "12/6/2016", "number": "36", "contents": "<span class='description'>ASST. PUB. DEF. PERKINS, ALPHONSE BERNARD</span> entered 12/06/2016.", "entry_date": "12/6/2016"}, {"date": "12/6/2016", "number": "35", "contents": "<span class='description'>ASST. STATE ATTY. FEUER, AARON SULLIVAN</span> entered 12/06/2016.", "entry_date": "12/6/2016"}, {"date": "12/6/2016", "number": "34", "contents": "<span class='description'>JUDGE AHO, MARIANNE</span> entered 12/06/2016.", "entry_date": "12/6/2016"}, {"link_viewer": "https://www.docketalarm.com/cases/Florida_State_Duval_County_Fourth_Circuit_Court/2016-CF-009410/DWAYNE_WIMBERLY/33/", "number": "33", "link": "https://www.docketalarm.com/cases/Florida_State_Duval_County_Fourth_Circuit_Court/2016-CF-009410/DWAYNE_WIMBERLY/docs/33.pdf", "entry_date": "5/30/2019", "date": "12/3/2016", "contents": "<a href=\"/cases/Florida_State_Duval_County_Fourth_Circuit_Court/2016-CF-009410/DWAYNE_WIMBERLY/33/\"><span class='description'>FINDING OF PROBABLE CAUSE ,</span></a> entered 05/30/2019."}, {"link_viewer": "https://www.docketalarm.com/cases/Florida_State_Duval_County_Fourth_Circuit_Court/2016-CF-009410/DWAYNE_WIMBERLY/32/", "number": "32", "link": "https://www.docketalarm.com/cases/Florida_State_Duval_County_Fourth_Circuit_Court/2016-CF-009410/DWAYNE_WIMBERLY/docs/32.pdf", "entry_date": "5/30/2019", "date": "12/3/2016", "contents": "<a href=\"/cases/Florida_State_Duval_County_Fourth_Circuit_Court/2016-CF-009410/DWAYNE_WIMBERLY/32/\"><span class='description'>DEFENDANT DECLARED INDIGENT, ORDER APPOINTING PUBLIC DEFENDER - FILED</span></a> entered 05/30/2019."}, {"link_viewer": "https://www.docketalarm.com/cases/Florida_State_Duval_County_Fourth_Circuit_Court/2016-CF-009410/DWAYNE_WIMBERLY/31/", "number": "31", "link": "https://www.docketalarm.com/cases/Florida_State_Duval_County_Fourth_Circuit_Court/2016-CF-009410/DWAYNE_WIMBERLY/docs/31.pdf", "entry_date": "5/30/2019", "date": "12/3/2016", "contents": "<a href=\"/cases/Florida_State_Duval_County_Fourth_Circuit_Court/2016-CF-009410/DWAYNE_WIMBERLY/31/\"><span class='description'>APPLICATION FOR CRIMINAL INDIGENT STATUS - FILED</span></a> entered 05/30/2019."}, {"date": "12/3/2016", "number": "30", "contents": "<span class='description'>ARREST &amp; BOOKING REPORT 2016-027431 10/27/2016 *INDICTMENT*</span> entered 05/30/2019.", "entry_date": "5/30/2019"}, {"date": "12/1/2016", "number": "28", "contents": "<span class='description'>INDICTMENT FILED FOR S782.04(1)(A) MURDER - FIRST DEGREE</span> entered 05/30/2018.", "entry_date": "5/30/2018"}, {"date": "12/1/2016", "number": "27", "contents": "<span class='description'>INDICTMENT FILED FOR S782.04(1)(A) MURDER - FIRST DEGREE</span> entered 05/30/2018.", "entry_date": "5/30/2018"}, {"date": "12/1/2016", "number": "26", "contents": "<span class='description'>(INDICTMENT)</span> entered 12/01/2016.", "entry_date": "12/1/2016"}, {"date": "12/1/2016", "number": "25", "contents": "<span class='description'>ARRAIGNMENT DATE 12/06/2016 9:00 AM - 408 4TH FLOOR, 501 W ADAMS ST JACKSONVILLE FL 32202</span> entered 12/01/2016.", "entry_date": "12/1/2016"}, {"date": "12/1/2016", "number": "24", "contents": "<span class='description'>OTHERS PRESENT: C. MESSINA FOR A. PERKINS</span> entered 12/01/2016.", "entry_date": "12/1/2016"}, {"date": "12/1/2016", "number": "23", "contents": "<span class='description'>DEFENDANT APPEARANCE WAIVED</span> entered 12/01/2016.", "entry_date": "12/1/2016"}, {"date": "12/1/2016", "number": "22", "contents": "<span class='description'>ASST. PUB. DEF. PERKINS, ALPHONSE BERNARD</span> entered 12/01/2016.", "entry_date": "12/1/2016"}, {"date": "12/1/2016", "number": "21", "contents": "<span class='description'>ASST. STATE ATTY. FEUER, AARON SULLIVAN</span> entered 12/01/2016.", "entry_date": "12/1/2016"}, {"date": "12/1/2016", "number": "20", "contents": "<span class='description'>JUDGE AHO, MARIANNE</span> entered 12/01/2016.", "entry_date": "12/1/2016"}, {"date": "12/1/2016", "number": "19", "contents": "<span class='description'>INDICTMENT FILED FOR S790.23(1)(A) POSSESSION OF A FIREARM OR WEAPON BY A CONVICTED FELON</span> entered 12/01/2016.", "entry_date": "12/1/2016"}, {"date": "12/1/2016", "number": "18", "contents": "<span class='description'>INDICTMENT FILED FOR S782.04(1)(A) MURDER - FIRST DEGREE</span> entered 12/01/2016.", "entry_date": "12/1/2016"}, {"date": "11/18/2016", "number": "17", "contents": "<span class='description'>ARRAIGNMENT DATE 12/01/2016 9:00 AM - 408 4TH FLOOR, 501 W ADAMS ST JACKSONVILLE FL 32202</span> entered 11/21/2016.", "entry_date": "11/21/2016"}, {"date": "11/18/2016", "number": "16", "contents": "<span class='description'>INFORMATION FILED S782.04(2) MURDER IN THE SECOND DEGREE</span> entered 11/21/2016.", "entry_date": "11/21/2016"}, {"date": "11/18/2016", "number": "15", "contents": "<span class='description'>INFORMATION</span> entered 11/21/2016.", "entry_date": "11/21/2016"}, {"date": "11/16/2016", "number": "14", "contents": "<span class='description'>ARRAIGNMENT COURT DATE: 12/01/2016 SUBJECT TO CHANGE. CALL FOR VERIFICATION</span> entered 11/16/2016.", "entry_date": "11/16/2016"}, {"date": "11/2/2016", "number": "13", "contents": "<span class='description'>NOTICE OF DISCOVERY &amp; SPECIFIC DEMAND FOR INFORMATION</span> entered 11/02/2016.", "entry_date": "11/2/2016"}, {"date": "11/2/2016", "number": "12", "contents": "<span class='description'>MOTION FOR STATEMENT OF PARTICULARS</span> entered 11/02/2016.", "entry_date": "11/2/2016"}, {"date": "10/28/2016", "number": "10", "contents": "<span class='description'>ARRAIGNMENT COURT DATE: 11/17/2016 SUBJECT TO CHANGE. CALL FOR VERIFICATION</span> entered 10/31/2016.", "entry_date": "10/31/2016"}, {"date": "10/28/2016", "number": "9", "contents": "<span class='description'>MOTION TO SET BOND</span> entered 10/31/2016.", "entry_date": "10/31/2016"}, {"link_viewer": "https://www.docketalarm.com/cases/Florida_State_Duval_County_Fourth_Circuit_Court/2016-CF-009410/DWAYNE_WIMBERLY/8/", "number": "8", "link": "https://www.docketalarm.com/cases/Florida_State_Duval_County_Fourth_Circuit_Court/2016-CF-009410/DWAYNE_WIMBERLY/docs/8.pdf", "entry_date": "10/31/2016", "date": "10/28/2016", "contents": "<a href=\"/cases/Florida_State_Duval_County_Fourth_Circuit_Court/2016-CF-009410/DWAYNE_WIMBERLY/8/\"><span class='description'>FINDING OF PROBABLE CAUSE ,</span></a> entered 10/31/2016."}, {"date": "10/28/2016", "number": "7", "contents": "<span class='description'>FEES DUE: 10/31/2016</span> entered 10/31/2016.", "entry_date": "10/31/2016"}, {"date": "10/28/2016", "number": "6", "contents": "<span class='description'>PD APP FEE 50.00 IMPOSED</span> entered 10/31/2016.", "entry_date": "10/31/2016"}, {"link_viewer": "https://www.docketalarm.com/cases/Florida_State_Duval_County_Fourth_Circuit_Court/2016-CF-009410/DWAYNE_WIMBERLY/5/", "number": "5", "link": "https://www.docketalarm.com/cases/Florida_State_Duval_County_Fourth_Circuit_Court/2016-CF-009410/DWAYNE_WIMBERLY/docs/5.pdf", "entry_date": "10/31/2016", "date": "10/28/2016", "contents": "<a href=\"/cases/Florida_State_Duval_County_Fourth_Circuit_Court/2016-CF-009410/DWAYNE_WIMBERLY/5/\"><span class='description'>DEFENDANT DECLARED INDIGENT, ORDER APPOINTING PUBLIC DEFENDER - FILED</span></a> entered 10/31/2016."}, {"link_viewer": "https://www.docketalarm.com/cases/Florida_State_Duval_County_Fourth_Circuit_Court/2016-CF-009410/DWAYNE_WIMBERLY/4/", "number": "4", "link": "https://www.docketalarm.com/cases/Florida_State_Duval_County_Fourth_Circuit_Court/2016-CF-009410/DWAYNE_WIMBERLY/docs/4.pdf", "entry_date": "10/31/2016", "date": "10/28/2016", "contents": "<a href=\"/cases/Florida_State_Duval_County_Fourth_Circuit_Court/2016-CF-009410/DWAYNE_WIMBERLY/4/\"><span class='description'>APPLICATION FOR CRIMINAL INDIGENT STATUS - FILED</span></a> entered 10/31/2016."}, {"date": "10/28/2016", "number": "3", "contents": "<span class='description'>BOND SET AT NONE</span> entered 10/31/2016.", "entry_date": "10/31/2016"}, {"date": "10/28/2016", "number": "2", "contents": "<span class='description'>S782.04 MURDER</span> entered 10/31/2016.", "entry_date": "10/31/2016"}, {"date": "10/28/2016", "number": "1", "contents": "<span class='description'>ARREST &amp; BOOKING REPORT 2016-027431 10/27/2016</span> entered 10/31/2016.", "entry_date": "10/31/2016"}], "analyze": {"last_analyze": "6/22/2020"}, "success": true, "parties": [{"race": "B", "name_normalized": "Dwayne Wimberly", "name": "DWAYNE WIMBERLY", "sex": "Male", "other": [], "type": "Defendant"}]}