{"info": {"status": "CLOSED", "division": "CR-E", "judges": ["WHITTINGTON, STEVEN B"], "court": "Florida State, Duval County, Fourth Circuit Court", "title": "RODERICK STEPHAN LOVE JR.", "date_filed": "5/27/2017", "link": "https://www.docketalarm.com/cases/Florida_State_Duval_County_Fourth_Circuit_Court/2017-CF-004902/RODERICK_STEPHAN_LOVE_JR./", "judges_normalized": ["Whittington B"], "judge": "WHITTINGTON, STEVEN B", "type": "Circuit Criminal", "docket": "2017-CF-004902"}, "docket_report": [{"date": "7/6/2017", "number": "19", "contents": "<span class='description'>MOTION FOR RELEASE DUE TO FAILURE OF THE STATE TO FILE CHARGES</span> entered 07/09/2017.", "entry_date": "7/9/2017"}, {"date": "6/29/2017", "number": "18", "contents": "<span class='description'>DROPPED/ABANDONED S782.04 ATTEMPTED MURDER</span> entered 07/05/2017.", "entry_date": "7/5/2017"}, {"date": "6/29/2017", "number": "17", "contents": "<span class='description'>CONSOLIDATED S812.13(2)(A) ROBBERY - ARMED WITH FIREARM OR DEADLYWEAPON</span> entered 07/05/2017.", "entry_date": "7/5/2017"}, {"date": "6/29/2017", "number": "16", "contents": "<span class='description'>CHARGING NOTICE CONSOLIDATED</span> entered 07/05/2017.", "entry_date": "7/5/2017"}, {"date": "6/29/2017", "number": "15", "contents": "<span class='description'>CHARGES CONSOLIDATED TO - 16-2017-CF-004778-AXXX-MA</span> entered 07/05/2017.", "entry_date": "7/5/2017"}, {"date": "6/26/2017", "number": "14", "contents": "<span class='description'>MOTION TO RELEASE DUE TO FAILURE OF THE STATE TO FILE CHARGES</span> entered 06/27/2017.", "entry_date": "6/27/2017"}, {"date": "6/26/2017", "number": "13", "contents": "<span class='description'>ARRAIGNMENT COURT DATE: 07/11/2017 SUBJECT TO CHANGE. CALL FOR VERIFICATION</span> entered 06/26/2017.", "entry_date": "6/26/2017"}, {"date": "6/16/2017", "number": "12", "contents": "<span class='description'>ARRAIGNMENT COURT DATE: 06/27/2017 SUBJECT TO CHANGE. CALL FOR VERIFICATION</span> entered 06/16/2017.", "entry_date": "6/16/2017"}, {"date": "6/12/2017", "number": "11", "contents": "<span class='description'>MOTION FOR ADVERSARY PRELIMINARY HEARING</span> entered 06/13/2017.", "entry_date": "6/13/2017"}, {"date": "5/27/2017", "number": "10", "contents": "<span class='description'>ARRAIGNMENT COURT DATE: 06/19/2017 SUBJECT TO CHANGE. CALL FOR VERIFICATION</span> entered 05/31/2017.", "entry_date": "5/31/2017"}, {"link_viewer": "https://www.docketalarm.com/cases/Florida_State_Duval_County_Fourth_Circuit_Court/2017-CF-004902/RODERICK_STEPHAN_LOVE_JR./9/", "number": "9", "link": "https://www.docketalarm.com/cases/Florida_State_Duval_County_Fourth_Circuit_Court/2017-CF-004902/RODERICK_STEPHAN_LOVE_JR./docs/9.pdf", "entry_date": "5/31/2017", "date": "5/27/2017", "contents": "<a href=\"/cases/Florida_State_Duval_County_Fourth_Circuit_Court/2017-CF-004902/RODERICK_STEPHAN_LOVE_JR./9/\"><span class='description'>FINDING OF PROBABLE CAUSE ,</span></a> entered 05/31/2017."}, {"link_viewer": "https://www.docketalarm.com/cases/Florida_State_Duval_County_Fourth_Circuit_Court/2017-CF-004902/RODERICK_STEPHAN_LOVE_JR./8/", "number": "8", "link": "https://www.docketalarm.com/cases/Florida_State_Duval_County_Fourth_Circuit_Court/2017-CF-004902/RODERICK_STEPHAN_LOVE_JR./docs/8.pdf", "entry_date": "5/31/2017", "date": "5/27/2017", "contents": "<a href=\"/cases/Florida_State_Duval_County_Fourth_Circuit_Court/2017-CF-004902/RODERICK_STEPHAN_LOVE_JR./8/\"><span class='description'>DEFENDANT DECLARED INDIGENT, ORDER APPOINTING PUBLIC DEFENDER - FILED</span></a> entered 05/31/2017."}, {"link_viewer": "https://www.docketalarm.com/cases/Florida_State_Duval_County_Fourth_Circuit_Court/2017-CF-004902/RODERICK_STEPHAN_LOVE_JR./7/", "number": "7", "link": "https://www.docketalarm.com/cases/Florida_State_Duval_County_Fourth_Circuit_Court/2017-CF-004902/RODERICK_STEPHAN_LOVE_JR./docs/7.pdf", "entry_date": "5/31/2017", "date": "5/27/2017", "contents": "<a href=\"/cases/Florida_State_Duval_County_Fourth_Circuit_Court/2017-CF-004902/RODERICK_STEPHAN_LOVE_JR./7/\"><span class='description'>APPLICATION FOR CRIMINAL INDIGENT STATUS - FILED</span></a> entered 05/31/2017."}, {"date": "5/27/2017", "number": "6", "contents": "<span class='description'>PD APP FEE 50.00 IMPOSED</span> entered 05/31/2017.", "entry_date": "5/31/2017"}, {"date": "5/27/2017", "number": "5", "contents": "<span class='description'>BOND SET AT $250,003.00</span> entered 05/31/2017.", "entry_date": "5/31/2017"}, {"date": "5/27/2017", "number": "4", "contents": "<span class='description'>BOND SET AT NONE</span> entered 05/31/2017.", "entry_date": "5/31/2017"}, {"date": "5/27/2017", "number": "3", "contents": "<span class='description'>S782.04 ATTEMPTED MURDER</span> entered 05/31/2017.", "entry_date": "5/31/2017"}, {"date": "5/27/2017", "number": "2", "contents": "<span class='description'>S812.13(2)(A) ROBBERY - ARMED WITH FIREARM OR DEADLYWEAPON</span> entered 05/31/2017.", "entry_date": "5/31/2017"}, {"date": "5/27/2017", "number": "1", "contents": "<span class='description'>ARREST &amp; BOOKING REPORT 2017-013222 5/24/2017</span> entered 05/31/2017.", "entry_date": "5/31/2017"}], "analyze": {"last_analyze": "6/22/2020"}, "success": true, "parties": [{"race": "B", "name_normalized": "Roderick Stephan Love JR.", "name": "RODERICK STEPHAN LOVE JR.", "sex": "Male", "other": [], "type": "Defendant"}]}