{"info": {"status": "DISPOSED", "division": "CR-D", "judges": ["BORELLO, MARK"], "court": "Florida State, Duval County, Fourth Circuit Court", "title": "JIHAD ABDUL SMITH", "date_filed": "4/1/2017", "link": "https://www.docketalarm.com/cases/Florida_State_Duval_County_Fourth_Circuit_Court/2017-CF-003079/JIHAD_ABDUL_SMITH/", "judges_normalized": ["Borello Mark"], "judge": "BORELLO, MARK", "type": "Circuit Criminal", "docket": "2017-CF-003079"}, "docket_report": [{"date": "1/30/2020", "number": "506", "contents": "<span class='description'>RECORD ON APPEAL E-FILED TO DCA</span> entered 02/03/2020.", "entry_date": "2/3/2020"}, {"date": "1/30/2020", "number": "505", "contents": "<span class='description'>SUPPLEMENTAL RECORD OF APPEAL (1D19-2817)</span> entered 02/03/2020.", "entry_date": "2/3/2020"}, {"date": "1/16/2020", "number": "504", "contents": "<span class='description'>Directions to Clerk or Court Reporter (Supplemental)</span> entered 01/16/2020.", "entry_date": "1/16/2020"}, {"date": "1/16/2020", "number": "503", "contents": "<span class='description'>1ST DCA ORDER TO SUPPLEMENT RECORD OF APPEAL 1D19-2817</span> entered 01/16/2020.", "entry_date": "1/16/2020"}, {"date": "1/9/2020", "number": "502", "contents": "<span class='description'>MOTION TO SUPPLEMENT RECORD OF APPEAL (STYLED DCA, COURTESY COPY)</span> entered 01/09/2020.", "entry_date": "1/9/2020"}, {"date": "10/15/2019", "number": "501", "contents": "<span class='description'>CERTIFICATE OF MINISTERIAL ACTION ONLY</span> entered 10/15/2019.", "entry_date": "10/15/2019"}, {"date": "10/15/2019", "number": "500", "contents": "<span class='description'>DESIGNATION OF A PUBLIC DEFENDER</span> entered 10/15/2019.", "entry_date": "10/15/2019"}, {"date": "10/10/2019", "number": "498", "contents": "<span class='description'>RECORD ON APPEAL E-FILED TO DCA</span> entered 10/10/2019.", "entry_date": "10/10/2019"}, {"date": "10/10/2019", "number": "497", "contents": "<span class='description'>INDEX &amp; RECORD OF APPEAL TRANSCRIPTS, 1D19-2817</span> entered 10/10/2019.", "entry_date": "10/10/2019"}, {"date": "10/10/2019", "number": "496", "contents": "<span class='description'>INDEX &amp; RECORD OF APPEAL 1D19-2817</span> entered 10/10/2019.", "entry_date": "10/10/2019"}, {"date": "9/30/2019", "number": "495", "contents": "<span class='description'>TRIAL-TESTIMONY &amp; PROCEEDINGS OF MAY 2, 2019 BEFORE THE HONORABLE JUDGE MARK BORELLO</span> entered 09/30/2019.", "entry_date": "9/30/2019"}, {"date": "9/30/2019", "number": "494", "contents": "<span class='description'>TRIAL-TESTIMONY &amp; PROCEEDINGS OF MAY 1, 2019 BEFORE THE HONORABLE JUDGE MARK BORELLO</span> entered 09/30/2019.", "entry_date": "9/30/2019"}, {"date": "9/30/2019", "number": "493", "contents": "<span class='description'>TRIAL-TESTIMONY &amp; PROCEEDINGS APRIL 30, 2019 BEFORE THE HONORABLE JUDGE MARK BORELLO</span> entered 09/30/2019.", "entry_date": "9/30/2019"}, {"date": "9/6/2019", "number": "492", "contents": "<span class='description'>TESTIMONY &amp; PROCEEDINGS OF JUNE 14, 2019 BEFORE THE HONORABLE JUDGE MARK BORELLO</span> entered 09/09/2019.", "entry_date": "9/9/2019"}, {"date": "9/2/2019", "number": "491", "contents": "<span class='description'>TRIAL-TESTIMONY &amp; PROCEEDINGS OF APRIL 29, 2019 BEFORE THE HONORABLE JUDGE MARK BORELLO</span> entered 09/06/2019.", "entry_date": "9/6/2019"}, {"date": "8/30/2019", "number": "490", "contents": "<span class='description'>TESTIMONY &amp; PROCEEDINGS OF JUNE 10, 2019 BEFORE THE HONORABLE MARK BORELLO</span> entered 08/30/2019.", "entry_date": "8/30/2019"}, {"date": "8/30/2019", "number": "489", "contents": "<span class='description'>TESTIMONY &amp; PROCEEDINGS OF JUNE 3, 2019 BEFORE THE HONORABLE JUDGE MARK BORELLO</span> entered 08/30/2019.", "entry_date": "8/30/2019"}, {"date": "8/19/2019", "number": "488", "contents": "<span class='description'>TESTIMONY &amp; PROCEEDINGS OF JULY 3, 2019 BEFORE THE HONORABLE JUDGE MARK BORELLO</span> entered 08/19/2019.", "entry_date": "8/19/2019"}, {"date": "8/15/2019", "number": "487", "contents": "<span class='description'>DCA ORDER GRANTING COURT REPORTER'S MOTION FOR EXTENSION OF TIME, 1D19-2817</span> entered 08/19/2019.", "entry_date": "8/19/2019"}, {"date": "8/5/2019", "number": "486", "contents": "<span class='description'>MOTION/REQUEST FOR EXTENSION OF TIME TO FILE TRANSCRIPTS</span> entered 08/05/2019.", "entry_date": "8/5/2019"}, {"date": "8/2/2019", "number": "485", "contents": "<span class='description'>DCA ACKNOWLEDGMENT RECEIPT 1D19-2817</span> entered 08/05/2019.", "entry_date": "8/5/2019"}, {"link_viewer": "https://www.docketalarm.com/cases/Florida_State_Duval_County_Fourth_Circuit_Court/2017-CF-003079/JIHAD_ABDUL_SMITH/484/", "number": "484", "link": "https://www.docketalarm.com/cases/Florida_State_Duval_County_Fourth_Circuit_Court/2017-CF-003079/JIHAD_ABDUL_SMITH/docs/484.pdf", "entry_date": "8/5/2019", "date": "8/2/2019", "contents": "<a href=\"/cases/Florida_State_Duval_County_Fourth_Circuit_Court/2017-CF-003079/JIHAD_ABDUL_SMITH/484/\"><span class='description'>NOTICE OF APPEARANCE WEBB, ELIZABETH HOGAN</span></a> entered 08/05/2019."}, {"date": "7/31/2019", "number": "483", "contents": "<span class='description'>AMENDED NOTICE OF APPEAL BOOK 18887 PAGE 1244-1244</span> entered 08/02/2019.", "entry_date": "8/2/2019"}, {"date": "7/31/2019", "number": "482", "contents": "<span class='description'>REPORTER\u2019S ACKNOWLEDGEMENT</span> entered 07/31/2019.", "entry_date": "7/31/2019"}, {"date": "7/31/2019", "number": "481", "contents": "<span class='description'>DIRECTIONS TO CLERK</span> entered 07/31/2019.", "entry_date": "7/31/2019"}, {"date": "7/31/2019", "number": "480", "contents": "<span class='description'>DESIGNATION TO COURT REPORTER</span> entered 07/31/2019.", "entry_date": "7/31/2019"}, {"date": "7/31/2019", "number": "479", "contents": "<span class='description'>STATEMENT OF JUDICIAL ACTS TO BE REVIEWED</span> entered 07/31/2019.", "entry_date": "7/31/2019"}, {"date": "7/31/2019", "number": "478", "contents": "<span class='description'>NOTICE OF APPEAL TO DISTRICT COURT BOOK 18884 PAGE 1684-1684</span> entered 07/31/2019.", "entry_date": "7/31/2019"}, {"date": "7/9/2019", "number": "477", "contents": "<span class='description'>RECEIPT FOR CIVIL PROCESS, JAIL, WARRANTS</span> entered 07/09/2019.", "entry_date": "7/9/2019"}, {"link_viewer": "https://www.docketalarm.com/cases/Florida_State_Duval_County_Fourth_Circuit_Court/2017-CF-003079/JIHAD_ABDUL_SMITH/475/", "number": "475", "link": "https://www.docketalarm.com/cases/Florida_State_Duval_County_Fourth_Circuit_Court/2017-CF-003079/JIHAD_ABDUL_SMITH/docs/475.pdf", "entry_date": "7/8/2019", "date": "7/8/2019", "contents": "<a href=\"/cases/Florida_State_Duval_County_Fourth_Circuit_Court/2017-CF-003079/JIHAD_ABDUL_SMITH/475/\"><span class='description'>UNIFORM COMMITMENT TO CUSTODY OF DEPT. OF CORRECTIONS</span></a> entered 07/08/2019."}, {"link_viewer": "https://www.docketalarm.com/cases/Florida_State_Duval_County_Fourth_Circuit_Court/2017-CF-003079/JIHAD_ABDUL_SMITH/474/", "number": "474", "link": "https://www.docketalarm.com/cases/Florida_State_Duval_County_Fourth_Circuit_Court/2017-CF-003079/JIHAD_ABDUL_SMITH/docs/474.pdf", "entry_date": "7/8/2019", "date": "7/8/2019", "contents": "<a href=\"/cases/Florida_State_Duval_County_Fourth_Circuit_Court/2017-CF-003079/JIHAD_ABDUL_SMITH/474/\"><span class='description'>COMMITMENT CHECKLIST SENT</span></a> entered 07/08/2019."}, {"date": "7/5/2019", "number": "472", "contents": "<span class='description'>RECEIPT FOR CIVIL PROCESS, JAIL, WARRANTS</span> entered 07/05/2019.", "entry_date": "7/5/2019"}, {"link_viewer": "https://www.docketalarm.com/cases/Florida_State_Duval_County_Fourth_Circuit_Court/2017-CF-003079/JIHAD_ABDUL_SMITH/471/", "number": "471", "link": "https://www.docketalarm.com/cases/Florida_State_Duval_County_Fourth_Circuit_Court/2017-CF-003079/JIHAD_ABDUL_SMITH/docs/471.pdf", "entry_date": "7/8/2019", "date": "7/3/2019", "contents": "<a href=\"/cases/Florida_State_Duval_County_Fourth_Circuit_Court/2017-CF-003079/JIHAD_ABDUL_SMITH/471/\"><span class='description'>ORDER DENYING RESTITUTION</span></a> entered 07/08/2019."}, {"date": "7/3/2019", "number": "469", "contents": "<span class='description'>SENTENCING GUIDELINES</span> entered 07/08/2019.", "entry_date": "7/8/2019"}, {"date": "7/3/2019", "number": "468", "contents": "<span class='description'>PRE-SENT. INVESTIGATION REPORT SEALED ,</span> entered 07/08/2019.", "entry_date": "7/8/2019"}, {"date": "7/3/2019", "number": "467", "contents": "<span class='description'>COURT ORDER OF SENTENCING</span> entered 07/08/2019.", "entry_date": "7/8/2019"}, {"link_viewer": "https://www.docketalarm.com/cases/Florida_State_Duval_County_Fourth_Circuit_Court/2017-CF-003079/JIHAD_ABDUL_SMITH/466/", "number": "466", "link": "https://www.docketalarm.com/cases/Florida_State_Duval_County_Fourth_Circuit_Court/2017-CF-003079/JIHAD_ABDUL_SMITH/docs/466.pdf", "entry_date": "7/8/2019", "date": "7/3/2019", "contents": "<a href=\"/cases/Florida_State_Duval_County_Fourth_Circuit_Court/2017-CF-003079/JIHAD_ABDUL_SMITH/466/\"><span class='description'>PAYMENT AUTHORIZATION SHEET</span></a> entered 07/08/2019."}, {"date": "7/3/2019", "number": "464", "contents": "<span class='description'>NOL PROS (CODE 30) S790.23(1)(B) POSSESSION OF A FIREARM BY A JUVENILE DELINQUENT FOUND TO HAVE COMMITTED A FELONY ACT</span> entered 07/08/2019.", "entry_date": "7/8/2019"}, {"date": "7/3/2019", "number": "463", "contents": "<span class='description'>CREDIT TIME: 966 DAYS</span> entered 07/08/2019.", "entry_date": "7/8/2019"}, {"date": "7/3/2019", "number": "462", "contents": "<span class='description'>JUDGMENT AND SENTENCE TO STATE PRISON FOR 5 YEARS</span> entered 07/08/2019.", "entry_date": "7/8/2019"}, {"date": "7/3/2019", "number": "461", "contents": "<span class='description'>FEES DUE: 10/3/3000</span> entered 07/08/2019.", "entry_date": "7/8/2019"}, {"date": "7/3/2019", "number": "460", "contents": "<span class='description'>CSTF 20.00 IMPOSED</span> entered 07/08/2019.", "entry_date": "7/8/2019"}, {"date": "7/3/2019", "number": "459", "contents": "<span class='description'>SAIEF 100.00 IMPOSED</span> entered 07/08/2019.", "entry_date": "7/8/2019"}, {"date": "7/3/2019", "number": "458", "contents": "<span class='description'>AACC 65.00 IMPOSED</span> entered 07/08/2019.", "entry_date": "7/8/2019"}, {"date": "7/3/2019", "number": "457", "contents": "<span class='description'>TNC 3.00 IMPOSED</span> entered 07/08/2019.", "entry_date": "7/8/2019"}, {"date": "7/3/2019", "number": "456", "contents": "<span class='description'>LGTF 225.00 IMPOSED</span> entered 07/08/2019.", "entry_date": "7/8/2019"}, {"date": "7/3/2019", "number": "455", "contents": "<span class='description'>CCT 50.00 IMPOSED</span> entered 07/08/2019.", "entry_date": "7/8/2019"}, {"date": "7/3/2019", "number": "454", "contents": "<span class='description'>COST OF COURT 50.00 IMPOSED</span> entered 07/08/2019.", "entry_date": "7/8/2019"}, {"date": "7/3/2019", "number": "453", "contents": "<span class='description'>LEEA 5.00 IMPOSED</span> entered 07/08/2019.", "entry_date": "7/8/2019"}, {"date": "7/3/2019", "number": "452", "contents": "<span class='description'>PURSUANT TO SECTION 921.1402(B), DEFENDANT WILL RECIEVE A REVIEW OF HIS SENTENCE AFTER 25YEARS</span> entered 07/08/2019.", "entry_date": "7/8/2019"}, {"date": "7/3/2019", "number": "451", "contents": "<span class='description'>25 YEAR MINIMUM MANDATORY SENTENCE IMPOSED PER F.S. 775.087 AS TO COUNT: 1</span> entered 07/08/2019.", "entry_date": "7/8/2019"}, {"date": "7/3/2019", "number": "450", "contents": "<span class='description'>COUNTS 1-2 RUN CONCURRENT</span> entered 07/08/2019.", "entry_date": "7/8/2019"}, {"date": "7/3/2019", "number": "449", "contents": "<span class='description'>CREDIT TIME: 966 DAYS</span> entered 07/08/2019.", "entry_date": "7/8/2019"}, {"date": "7/3/2019", "number": "448", "contents": "<span class='description'>JUDGMENT AND SENTENCE TO STATE PRISON FOR LIFE</span> entered 07/08/2019.", "entry_date": "7/8/2019"}, {"date": "7/3/2019", "number": "447", "contents": "<span class='description'>DEFENDANT PRESENT IN JAIL</span> entered 07/08/2019.", "entry_date": "7/8/2019"}, {"date": "7/3/2019", "number": "446", "contents": "<span class='description'>ATTY. FOR DEF. WRIGHT, REGINA LAVERNE</span> entered 07/08/2019.", "entry_date": "7/8/2019"}, {"date": "7/3/2019", "number": "445", "contents": "<span class='description'>ASST. STATE ATTY. LICANDRO, JOSEPH RUDOLPH</span> entered 07/08/2019.", "entry_date": "7/8/2019"}, {"date": "7/3/2019", "number": "444", "contents": "<span class='description'>JUDGE BORELLO, MARK</span> entered 07/08/2019.", "entry_date": "7/8/2019"}, {"date": "7/3/2019", "number": "443", "contents": "<span class='description'>ORDER OF INMATE RETURN</span> entered 07/03/2019.", "entry_date": "7/3/2019"}, {"date": "6/14/2019", "number": "442", "contents": "<span class='description'>EXHIBIT (STATE FOR IDENTIFICATION)-A: MITIGATION PACKET</span> entered 01/30/2020.", "entry_date": "1/30/2020"}, {"date": "6/14/2019", "number": "441", "contents": "<span class='description'>PRE-DISPOSITION REPORT</span> entered 10/08/2019.", "entry_date": "10/8/2019"}, {"date": "6/14/2019", "number": "440", "contents": "<span class='description'>ORDER OF INSOL. &amp; APPT. OF COUNSEL FOR PUR.OF APPEAL</span> entered 07/08/2019.", "entry_date": "7/8/2019"}, {"date": "6/14/2019", "number": "439", "contents": "<span class='description'>COURT ORDER DENYING MOTION FOR NEW TRIAL</span> entered 07/08/2019.", "entry_date": "7/8/2019"}, {"date": "6/14/2019", "number": "438", "contents": "<span class='description'>MEMORANDUM - CLERK'SMEMORANDUM OF SENTENCING</span> entered 06/18/2019.", "entry_date": "6/18/2019"}, {"date": "6/14/2019", "number": "437", "contents": "<span class='description'>SENTENCING 07/03/2019 9:00 AM - 306 3RD FLOOR, 501 W ADAMS ST JACKSONVILLE FL 32202</span> entered 06/14/2019.", "entry_date": "6/14/2019"}, {"date": "6/14/2019", "number": "436", "contents": "<span class='description'>CLERKS MEMO OF TRIAL</span> entered 06/14/2019.", "entry_date": "6/14/2019"}, {"date": "6/14/2019", "number": "435", "contents": "<span class='description'>HEARING ON SENTENCING HELD IN FULL.</span> entered 06/14/2019.", "entry_date": "6/14/2019"}, {"date": "6/14/2019", "number": "434", "contents": "<span class='description'>MOTION FOR NEW TRIAL - - DENIED.</span> entered 06/14/2019.", "entry_date": "6/14/2019"}, {"date": "6/14/2019", "number": "433", "contents": "<span class='description'>DEFENDANT PRESENT IN JAIL</span> entered 06/14/2019.", "entry_date": "6/14/2019"}, {"date": "6/14/2019", "number": "432", "contents": "<span class='description'>ATTY. FOR DEF. WRIGHT, REGINA LAVERNE</span> entered 06/14/2019.", "entry_date": "6/14/2019"}, {"date": "6/14/2019", "number": "431", "contents": "<span class='description'>ASST. STATE ATTY. LICANDRO, JOSEPH RUDOLPH</span> entered 06/14/2019.", "entry_date": "6/14/2019"}, {"date": "6/14/2019", "number": "430", "contents": "<span class='description'>JUDGE BORELLO, MARK</span> entered 06/14/2019.", "entry_date": "6/14/2019"}, {"date": "6/10/2019", "number": "429", "contents": "<span class='description'>@ 1:30PM PER JA EMAIL</span> entered 06/13/2019.", "entry_date": "6/13/2019"}, {"date": "6/10/2019", "number": "428", "contents": "<span class='description'>SENTENCING 06/14/2019 9:00 AM - 306 3RD FLOOR, 501 W ADAMS ST JACKSONVILLE FL 32202</span> entered 06/10/2019.", "entry_date": "6/10/2019"}, {"date": "6/10/2019", "number": "427", "contents": "<span class='description'>DEFENDANT PRESENT IN JAIL</span> entered 06/10/2019.", "entry_date": "6/10/2019"}, {"date": "6/10/2019", "number": "426", "contents": "<span class='description'>ATTY. FOR DEF. WRIGHT, REGINA LAVERNE</span> entered 06/10/2019.", "entry_date": "6/10/2019"}, {"date": "6/10/2019", "number": "425", "contents": "<span class='description'>ASST. STATE ATTY. LICANDRO, JOSEPH RUDOLPH</span> entered 06/10/2019.", "entry_date": "6/10/2019"}, {"date": "6/10/2019", "number": "424", "contents": "<span class='description'>JUDGE BORELLO, MARK</span> entered 06/10/2019.", "entry_date": "6/10/2019"}, {"date": "6/3/2019", "number": "423", "contents": "<span class='description'>SENTENCING - TO BE SET 06/10/2019 9:00 AM - 306 3RD FLOOR, 501 W ADAMS ST JACKSONVILLE FL 32202</span> entered 06/03/2019.", "entry_date": "6/3/2019"}, {"date": "6/3/2019", "number": "422", "contents": "<span class='description'>DEFENDANT PRESENT IN JAIL</span> entered 06/03/2019.", "entry_date": "6/3/2019"}, {"date": "6/3/2019", "number": "421", "contents": "<span class='description'>ATTY. FOR DEF. WRIGHT, REGINA LAVERNE</span> entered 06/03/2019.", "entry_date": "6/3/2019"}, {"date": "6/3/2019", "number": "420", "contents": "<span class='description'>ASST. STATE ATTY. LICANDRO, JOSEPH RUDOLPH</span> entered 06/03/2019.", "entry_date": "6/3/2019"}, {"date": "6/3/2019", "number": "419", "contents": "<span class='description'>JUDGE BORELLO, MARK</span> entered 06/03/2019.", "entry_date": "6/3/2019"}, {"date": "5/13/2019", "number": "418", "contents": "<span class='description'>MOTION FOR NEW TRIAL</span> entered 05/14/2019.", "entry_date": "5/14/2019"}, {"date": "5/6/2019", "number": "417", "contents": "<span class='description'>DOCUMENTS(email)</span> entered 05/07/2019.", "entry_date": "5/7/2019"}, {"date": "5/6/2019", "number": "416", "contents": "<span class='description'>STATE'S SUPP. DISCOVERY EXHIBIT J DEMAND FOR RECIPROCAL DISCOVERY</span> entered 05/06/2019.", "entry_date": "5/6/2019"}, {"date": "5/2/2019", "number": "415", "contents": "<span class='description'>JURY INSTRUCTIONS \u2013 FILED READ TO BY THE HONORABLE MARK J. BORELLO</span> entered 05/07/2019.", "entry_date": "5/7/2019"}, {"date": "5/2/2019", "number": "414", "contents": "<span class='description'>SENTENCING - TO BE SET 06/03/2019 9:00 AM - 306 3RD FLOOR, 501 W ADAMS ST JACKSONVILLE FL 32202</span> entered 05/02/2019.", "entry_date": "5/2/2019"}, {"date": "5/2/2019", "number": "412", "contents": "<span class='description'>STIPULATION - FILED</span> entered 05/03/2019.", "entry_date": "5/3/2019"}, {"date": "5/2/2019", "number": "411", "contents": "<span class='description'>JUROR QUESTION \u2013 FILED ( 3 )</span> entered 05/02/2019.", "entry_date": "5/2/2019"}, {"date": "5/2/2019", "number": "410", "contents": "<span class='description'>JURY INSTRUCTIONS \u2013 FILED</span> entered 05/02/2019.", "entry_date": "5/2/2019"}, {"date": "5/2/2019", "number": "409", "contents": "<span class='description'>CLERKS EXHIBIT MEMO</span> entered 05/02/2019.", "entry_date": "5/2/2019"}, {"date": "5/2/2019", "number": "408", "contents": "<span class='description'>CLERKS MEMO OF TRIAL</span> entered 05/02/2019.", "entry_date": "5/2/2019"}, {"date": "5/2/2019", "number": "407", "contents": "<span class='description'>PREDISPOSITION REPORT AND PRE-SENTENCE INVESTIGATION REPORT ORDERED</span> entered 05/02/2019.", "entry_date": "5/2/2019"}, {"date": "5/2/2019", "number": "406", "contents": "<span class='description'>DEF. REMANDED TO JAIL</span> entered 05/02/2019.", "entry_date": "5/2/2019"}, {"date": "5/2/2019", "number": "405", "contents": "<span class='description'>BOND REVOKED COUNTS 1 &amp; 2, AND SET @ NONE</span> entered 05/02/2019.", "entry_date": "5/2/2019"}, {"date": "5/2/2019", "number": "404", "contents": "<span class='description'>JURY POLLED AND DISCHARGED</span> entered 05/02/2019.", "entry_date": "5/2/2019"}, {"date": "5/2/2019", "number": "403", "contents": "<span class='description'>DEF. FOUND GUILTY</span> entered 05/02/2019.", "entry_date": "5/2/2019"}, {"date": "5/2/2019", "number": "402", "contents": "<span class='description'>VERDICT- GUILTY AS CHARGED</span> entered 05/02/2019.", "entry_date": "5/2/2019"}, {"date": "5/2/2019", "number": "401", "contents": "<span class='description'>DEF. FOUND GUILTY</span> entered 05/02/2019.", "entry_date": "5/2/2019"}, {"date": "5/2/2019", "number": "400", "contents": "<span class='description'>VERDICT- GUILTY AS CHARGED</span> entered 05/02/2019.", "entry_date": "5/2/2019"}, {"date": "5/2/2019", "number": "399", "contents": "<span class='description'>JURY IN AT 3:37 PM - JURY OUT AT 3:57 PM</span> entered 05/02/2019.", "entry_date": "5/2/2019"}, {"date": "5/2/2019", "number": "398", "contents": "<span class='description'>JURY IN AT 12:27 PM - JURY OUT AT 2:37 PM (TESTIMONY READ BACK)</span> entered 05/02/2019.", "entry_date": "5/2/2019"}, {"date": "5/2/2019", "number": "397", "contents": "<span class='description'>JURY IN AT 11:06 AM - JURY OUT AT 11:54 AM (QUESTION)</span> entered 05/02/2019.", "entry_date": "5/2/2019"}, {"date": "5/2/2019", "number": "396", "contents": "<span class='description'>ALTERNATE JUROR DISCHARGED</span> entered 05/02/2019.", "entry_date": "5/2/2019"}, {"date": "5/2/2019", "number": "395", "contents": "<span class='description'>ARGUMENTS &amp; CHARGE TO JURY</span> entered 05/02/2019.", "entry_date": "5/2/2019"}, {"date": "5/2/2019", "number": "394", "contents": "<span class='description'>OTHER -- JUROR # 3 EXCUSED.</span> entered 05/02/2019.", "entry_date": "5/2/2019"}, {"date": "5/2/2019", "number": "393", "contents": "<span class='description'>OTHERS PRESENT: STATE 2ND CHAIR - CHRISTINA STIFLER</span> entered 05/02/2019.", "entry_date": "5/2/2019"}, {"date": "5/2/2019", "number": "392", "contents": "<span class='description'>DEFENDANT PRESENT IN JAIL</span> entered 05/02/2019.", "entry_date": "5/2/2019"}, {"date": "5/2/2019", "number": "391", "contents": "<span class='description'>ATTY. FOR DEF. WRIGHT, REGINA LAVERNE</span> entered 05/02/2019.", "entry_date": "5/2/2019"}, {"date": "5/2/2019", "number": "390", "contents": "<span class='description'>ASST. STATE ATTY. LICANDRO, JOSEPH RUDOLPH</span> entered 05/02/2019.", "entry_date": "5/2/2019"}, {"date": "5/2/2019", "number": "389", "contents": "<span class='description'>JUDGE BORELLO, MARK</span> entered 05/02/2019.", "entry_date": "5/2/2019"}, {"date": "5/1/2019", "number": "388", "contents": "<span class='description'>STATE EXHIBITS FILED #27</span> entered 10/02/2019.", "entry_date": "10/2/2019"}, {"date": "5/1/2019", "number": "387", "contents": "<span class='description'>STATE EXHIBITS FILED #28</span> entered 10/02/2019.", "entry_date": "10/2/2019"}, {"date": "5/1/2019", "number": "386", "contents": "<span class='description'>STATE EXHIBITS FILED #29</span> entered 10/02/2019.", "entry_date": "10/2/2019"}, {"date": "5/1/2019", "number": "385", "contents": "<span class='description'>STATE EXHIBITS FILED # 30</span> entered 10/02/2019.", "entry_date": "10/2/2019"}, {"date": "5/1/2019", "number": "384", "contents": "<span class='description'>STATE EXHIBITS FILED #33</span> entered 10/02/2019.", "entry_date": "10/2/2019"}, {"date": "5/1/2019", "number": "383", "contents": "<span class='description'>STATE EXHIBITS FILED #34</span> entered 10/02/2019.", "entry_date": "10/2/2019"}, {"date": "5/1/2019", "number": "382", "contents": "<span class='description'>STATE EXHIBITS FILED #35</span> entered 10/02/2019.", "entry_date": "10/2/2019"}, {"date": "5/1/2019", "number": "381", "contents": "<span class='description'>DEFENSE EXHIBITS #2</span> entered 10/02/2019.", "entry_date": "10/2/2019"}, {"date": "5/1/2019", "number": "380", "contents": "<span class='description'>DEFENSE EXHIBITS #1</span> entered 10/02/2019.", "entry_date": "10/2/2019"}, {"date": "5/1/2019", "number": "378", "contents": "<span class='description'>@ 8:00 AM</span> entered 05/01/2019.", "entry_date": "5/1/2019"}, {"date": "5/1/2019", "number": "377", "contents": "<span class='description'>TRIAL 05/02/2019 9:00 AM - 306 3RD FLOOR, 501 W ADAMS ST JACKSONVILLE FL 32202</span> entered 05/01/2019.", "entry_date": "5/1/2019"}, {"date": "5/1/2019", "number": "376", "contents": "<span class='description'>CHARGE CONFERENCE HELD IN FULL.</span> entered 05/01/2019.", "entry_date": "5/1/2019"}, {"date": "5/1/2019", "number": "375", "contents": "<span class='description'>DEFENSE RENEWS ORAL MOTION FOR JUDGMENT OF ACQUITTAL - DENIED.</span> entered 05/01/2019.", "entry_date": "5/1/2019"}, {"date": "5/1/2019", "number": "374", "contents": "<span class='description'>DEFENSE RESTS</span> entered 05/01/2019.", "entry_date": "5/1/2019"}, {"date": "5/1/2019", "number": "373", "contents": "<span class='description'>EVIDENCE TO JURY IN FULL BY STATE.</span> entered 05/01/2019.", "entry_date": "5/1/2019"}, {"date": "5/1/2019", "number": "372", "contents": "<span class='description'>MOTION FOR JUDGMENT OF ACQUITTAL - DENIED.</span> entered 05/01/2019.", "entry_date": "5/1/2019"}, {"date": "5/1/2019", "number": "371", "contents": "<span class='description'>OTHERS PRESENT: STATES 2ND CHAIR - CHRISTINA STIFLER</span> entered 05/01/2019.", "entry_date": "5/1/2019"}, {"date": "5/1/2019", "number": "370", "contents": "<span class='description'>DEFENDANT PRESENT IN JAIL</span> entered 05/01/2019.", "entry_date": "5/1/2019"}, {"date": "5/1/2019", "number": "369", "contents": "<span class='description'>ATTY. FOR DEF. WRIGHT, REGINA LAVERNE</span> entered 05/01/2019.", "entry_date": "5/1/2019"}, {"date": "5/1/2019", "number": "368", "contents": "<span class='description'>ASST. STATE ATTY. LICANDRO, JOSEPH RUDOLPH</span> entered 05/01/2019.", "entry_date": "5/1/2019"}, {"date": "5/1/2019", "number": "367", "contents": "<span class='description'>JURY TRIAL HELD</span> entered 05/01/2019.", "entry_date": "5/1/2019"}, {"date": "5/1/2019", "number": "366", "contents": "<span class='description'>JUDGE BORELLO, MARK</span> entered 05/01/2019.", "entry_date": "5/1/2019"}, {"date": "4/30/2019", "number": "364", "contents": "<span class='description'>@ 10:00 AM</span> entered 04/30/2019.", "entry_date": "4/30/2019"}, {"date": "4/30/2019", "number": "363", "contents": "<span class='description'>TRIAL 05/01/2019 9:00 AM - 306 3RD FLOOR, 501 W ADAMS ST JACKSONVILLE FL 32202</span> entered 04/30/2019.", "entry_date": "4/30/2019"}, {"date": "4/30/2019", "number": "362", "contents": "<span class='description'>EVIDENCE TO JURY IN PART BY STATE</span> entered 04/30/2019.", "entry_date": "4/30/2019"}, {"date": "4/30/2019", "number": "361", "contents": "<span class='description'>OPENING STATEMENTS TO JURY IN FULL</span> entered 04/30/2019.", "entry_date": "4/30/2019"}, {"date": "4/30/2019", "number": "360", "contents": "<span class='description'>JURY EMPANELLED &amp; SWORN</span> entered 04/30/2019.", "entry_date": "4/30/2019"}, {"date": "4/30/2019", "number": "359", "contents": "<span class='description'>RULE INVOKED</span> entered 04/30/2019.", "entry_date": "4/30/2019"}, {"date": "4/30/2019", "number": "358", "contents": "<span class='description'>OTHERS PRESENT: STATES 2ND CHAIR - CHRISTINA STIFLER</span> entered 04/30/2019.", "entry_date": "4/30/2019"}, {"date": "4/30/2019", "number": "357", "contents": "<span class='description'>DEFENDANT PRESENT IN JAIL</span> entered 04/30/2019.", "entry_date": "4/30/2019"}, {"date": "4/30/2019", "number": "356", "contents": "<span class='description'>ATTY. FOR DEF. WRIGHT, REGINA LAVERNE</span> entered 04/30/2019.", "entry_date": "4/30/2019"}, {"date": "4/30/2019", "number": "355", "contents": "<span class='description'>ASST. STATE ATTY. LICANDRO, JOSEPH RUDOLPH</span> entered 04/30/2019.", "entry_date": "4/30/2019"}, {"date": "4/30/2019", "number": "354", "contents": "<span class='description'>JUDGE BORELLO, MARK</span> entered 04/30/2019.", "entry_date": "4/30/2019"}, {"date": "4/29/2019", "number": "353", "contents": "<span class='description'>COURT ORDER GRANTING MOTION TO STRIKE</span> entered 04/30/2019.", "entry_date": "4/30/2019"}, {"date": "4/29/2019", "number": "352", "contents": "<span class='description'>@ 10:00 AM</span> entered 04/29/2019.", "entry_date": "4/29/2019"}, {"date": "4/29/2019", "number": "351", "contents": "<span class='description'>TRIAL 04/30/2019 9:00 AM - 306 3RD FLOOR, 501 W ADAMS ST JACKSONVILLE FL 32202</span> entered 04/29/2019.", "entry_date": "4/29/2019"}, {"date": "4/29/2019", "number": "350", "contents": "<span class='description'>JURY SELECTED</span> entered 04/29/2019.", "entry_date": "4/29/2019"}, {"date": "4/29/2019", "number": "349", "contents": "<span class='description'>MOTION -- STATES MOTION TO STRIKE - GRANTED.</span> entered 04/29/2019.", "entry_date": "4/29/2019"}, {"date": "4/29/2019", "number": "348", "contents": "<span class='description'>OTHERS PRESENT: STATES 2ND CHAIR - CHRISTINA STIFLER</span> entered 04/29/2019.", "entry_date": "4/29/2019"}, {"date": "4/29/2019", "number": "347", "contents": "<span class='description'>DEFENDANT PRESENT IN JAIL</span> entered 04/29/2019.", "entry_date": "4/29/2019"}, {"date": "4/29/2019", "number": "346", "contents": "<span class='description'>ATTY. FOR DEF. WRIGHT, REGINA LAVERNE</span> entered 04/29/2019.", "entry_date": "4/29/2019"}, {"date": "4/29/2019", "number": "345", "contents": "<span class='description'>ASST. STATE ATTY. LICANDRO, JOSEPH RUDOLPH</span> entered 04/29/2019.", "entry_date": "4/29/2019"}, {"date": "4/29/2019", "number": "344", "contents": "<span class='description'>JUDGE BORELLO, MARK</span> entered 04/29/2019.", "entry_date": "4/29/2019"}, {"date": "4/26/2019", "number": "343", "contents": "<span class='description'>49 JURORS AROUND 10:30AM / \" MOTION TO STRIKE\" TO BE HEARD IN THE AM</span> entered 04/26/2019.", "entry_date": "4/26/2019"}, {"date": "4/26/2019", "number": "342", "contents": "<span class='description'>JURY SELECTION 04/29/2019 9:00 AM - 306 3RD FLOOR, 501 W ADAMS ST JACKSONVILLE FL 32202</span> entered 04/26/2019.", "entry_date": "4/26/2019"}, {"date": "4/26/2019", "number": "341", "contents": "<span class='description'>MOTION TO STRIKE / CONTINUED, ORALLY ASKED BY DEFENSE/ STATE HAS NO OBJECTION</span> entered 04/26/2019.", "entry_date": "4/26/2019"}, {"date": "4/26/2019", "number": "340", "contents": "<span class='description'>DEFENDANT APPEARANCE WAIVED</span> entered 04/26/2019.", "entry_date": "4/26/2019"}, {"date": "4/26/2019", "number": "339", "contents": "<span class='description'>ATTY. FOR DEF. WRIGHT, REGINA LAVERNE</span> entered 04/26/2019.", "entry_date": "4/26/2019"}, {"date": "4/26/2019", "number": "338", "contents": "<span class='description'>ASST. STATE ATTY. LICANDRO, JOSEPH RUDOLPH</span> entered 04/26/2019.", "entry_date": "4/26/2019"}, {"date": "4/26/2019", "number": "337", "contents": "<span class='description'>JUDGE BORELLO, MARK</span> entered 04/26/2019.", "entry_date": "4/26/2019"}, {"date": "4/25/2019", "number": "336", "contents": "<span class='description'>CLERKS MEMO OF HEARING - FILED</span> entered 04/26/2019.", "entry_date": "4/26/2019"}, {"date": "4/25/2019", "number": "335", "contents": "<span class='description'>@ 1:30 PM</span> entered 04/25/2019.", "entry_date": "4/25/2019"}, {"date": "4/25/2019", "number": "334", "contents": "<span class='description'>HEARING ON MOTION 04/26/2019 9:00 AM - 306 3RD FLOOR, 501 W ADAMS ST JACKSONVILLE FL 32202</span> entered 04/25/2019.", "entry_date": "4/25/2019"}, {"date": "4/25/2019", "number": "333", "contents": "<span class='description'>CLERKS MEMO OF HEARING - FILED</span> entered 04/25/2019.", "entry_date": "4/25/2019"}, {"date": "4/25/2019", "number": "332", "contents": "<span class='description'>MOTION -- STATES MOTION TO PERPETUATE TESTIMONY - GRANTED. TESTIMONY HEARD IN FULL.</span> entered 04/25/2019.", "entry_date": "4/25/2019"}, {"date": "4/25/2019", "number": "331", "contents": "<span class='description'>DEFENDANT PRESENT IN JAIL</span> entered 04/25/2019.", "entry_date": "4/25/2019"}, {"date": "4/25/2019", "number": "330", "contents": "<span class='description'>ATTY. FOR DEF. WRIGHT, REGINA LAVERNE</span> entered 04/25/2019.", "entry_date": "4/25/2019"}, {"date": "4/25/2019", "number": "329", "contents": "<span class='description'>ASST. STATE ATTY. LICANDRO, JOSEPH RUDOLPH</span> entered 04/25/2019.", "entry_date": "4/25/2019"}, {"date": "4/25/2019", "number": "328", "contents": "<span class='description'>JUDGE BORELLO, MARK</span> entered 04/25/2019.", "entry_date": "4/25/2019"}, {"date": "4/22/2019", "number": "327", "contents": "<span class='description'>@ 8:30 AM AND 1:30 PM. (FPT &amp; 4/29/19 JS)</span> entered 04/22/2019.", "entry_date": "4/22/2019"}, {"date": "4/22/2019", "number": "326", "contents": "<span class='description'>HEARING ON MOTION 04/25/2019 9:00 AM - 306 3RD FLOOR, 501 W ADAMS ST JACKSONVILLE FL 32202</span> entered 04/22/2019.", "entry_date": "4/22/2019"}, {"date": "4/22/2019", "number": "325", "contents": "<span class='description'>MOTION -- STATES MOTION TO PERPETUATE TESTIMONY - GRANTED.</span> entered 04/22/2019.", "entry_date": "4/22/2019"}, {"date": "4/22/2019", "number": "324", "contents": "<span class='description'>DEFENDANT PRESENT IN JAIL</span> entered 04/22/2019.", "entry_date": "4/22/2019"}, {"date": "4/22/2019", "number": "323", "contents": "<span class='description'>ATTY. FOR DEF. WRIGHT, REGINA LAVERNE</span> entered 04/22/2019.", "entry_date": "4/22/2019"}, {"date": "4/22/2019", "number": "322", "contents": "<span class='description'>ASST. STATE ATTY. LICANDRO, JOSEPH RUDOLPH</span> entered 04/22/2019.", "entry_date": "4/22/2019"}, {"date": "4/22/2019", "number": "321", "contents": "<span class='description'>JUDGE BORELLO, MARK</span> entered 04/22/2019.", "entry_date": "4/22/2019"}, {"date": "4/17/2019", "number": "320", "contents": "<span class='description'>SUBPOENA FOR TRIAL</span> entered 04/17/2019.", "entry_date": "4/17/2019"}, {"date": "4/15/2019", "number": "319", "contents": "<span class='description'>MOTION TO STRIKE</span> entered 04/15/2019.", "entry_date": "4/15/2019"}, {"date": "4/15/2019", "number": "318", "contents": "<span class='description'>4/25/19 FPT, 4/29/19 JS</span> entered 04/15/2019.", "entry_date": "4/15/2019"}, {"date": "4/15/2019", "number": "317", "contents": "<span class='description'>HEARING ON MOTION (TO BE SET) 04/22/2019 9:00 AM - 306 3RD FLOOR, 501 W ADAMS ST JACKSONVILLE FL 32202</span> entered 04/15/2019.", "entry_date": "4/15/2019"}, {"date": "4/15/2019", "number": "316", "contents": "<span class='description'>DEFENDANT PRESENT IN JAIL</span> entered 04/15/2019.", "entry_date": "4/15/2019"}, {"date": "4/15/2019", "number": "315", "contents": "<span class='description'>ATTY. FOR DEF. WRIGHT, REGINA LAVERNE</span> entered 04/15/2019.", "entry_date": "4/15/2019"}, {"date": "4/15/2019", "number": "314", "contents": "<span class='description'>ASST. STATE ATTY. LICANDRO, JOSEPH RUDOLPH</span> entered 04/15/2019.", "entry_date": "4/15/2019"}, {"date": "4/15/2019", "number": "313", "contents": "<span class='description'>JUDGE BORELLO, MARK</span> entered 04/15/2019.", "entry_date": "4/15/2019"}, {"date": "4/10/2019", "number": "312", "contents": "<span class='description'>4/25/19 FPT, 4/29/19 JS</span> entered 04/10/2019.", "entry_date": "4/10/2019"}, {"date": "4/10/2019", "number": "311", "contents": "<span class='description'>HEARING ON MOTION (TO BE SET) 04/15/2019 9:00 AM - 306 3RD FLOOR, 501 W ADAMS ST JACKSONVILLE FL 32202</span> entered 04/10/2019.", "entry_date": "4/10/2019"}, {"date": "4/10/2019", "number": "310", "contents": "<span class='description'>DEFENDANT PRESENT IN JAIL</span> entered 04/10/2019.", "entry_date": "4/10/2019"}, {"date": "4/10/2019", "number": "309", "contents": "<span class='description'>ATTY. FOR DEF. WRIGHT, REGINA LAVERNE</span> entered 04/10/2019.", "entry_date": "4/10/2019"}, {"date": "4/10/2019", "number": "308", "contents": "<span class='description'>ASST. STATE ATTY. LICANDRO, JOSEPH RUDOLPH</span> entered 04/10/2019.", "entry_date": "4/10/2019"}, {"date": "4/10/2019", "number": "307", "contents": "<span class='description'>JUDGE BORELLO, MARK</span> entered 04/10/2019.", "entry_date": "4/10/2019"}, {"date": "4/1/2019", "number": "306", "contents": "<span class='description'>4/25/19 FPT, 4/29/19 JS</span> entered 04/01/2019.", "entry_date": "4/1/2019"}, {"date": "4/1/2019", "number": "305", "contents": "<span class='description'>PRETRIAL 04/10/2019 9:00 AM - 306 3RD FLOOR, 501 W ADAMS ST JACKSONVILLE FL 32202</span> entered 04/01/2019.", "entry_date": "4/1/2019"}, {"date": "4/1/2019", "number": "304", "contents": "<span class='description'>DEFENDANT PRESENT IN JAIL</span> entered 04/01/2019.", "entry_date": "4/1/2019"}, {"date": "4/1/2019", "number": "303", "contents": "<span class='description'>ATTY. FOR DEF. WRIGHT, REGINA LAVERNE</span> entered 04/01/2019.", "entry_date": "4/1/2019"}, {"date": "4/1/2019", "number": "302", "contents": "<span class='description'>ASST. STATE ATTY. LICANDRO, JOSEPH RUDOLPH</span> entered 04/01/2019.", "entry_date": "4/1/2019"}, {"date": "4/1/2019", "number": "301", "contents": "<span class='description'>JUDGE BORELLO, MARK</span> entered 04/01/2019.", "entry_date": "4/1/2019"}, {"date": "3/28/2019", "number": "300", "contents": "<span class='description'>PRETRIAL 04/01/2019 9:00 AM - 306 3RD FLOOR, 501 W ADAMS ST JACKSONVILLE FL 32202</span> entered 03/28/2019.", "entry_date": "3/28/2019"}, {"date": "3/28/2019", "number": "299", "contents": "<span class='description'>MOTION -- STATES ORAL MOTION FOR CONTINUANCE OF TRIAL - GRANTED</span> entered 03/28/2019.", "entry_date": "3/28/2019"}, {"date": "3/28/2019", "number": "298", "contents": "<span class='description'>DEFENDANT PRESENT IN JAIL</span> entered 03/28/2019.", "entry_date": "3/28/2019"}, {"date": "3/28/2019", "number": "297", "contents": "<span class='description'>ATTY. FOR DEF. WRIGHT, REGINA LAVERNE</span> entered 03/28/2019.", "entry_date": "3/28/2019"}, {"date": "3/28/2019", "number": "296", "contents": "<span class='description'>ASST. STATE ATTY. LICANDRO, JOSEPH RUDOLPH</span> entered 03/28/2019.", "entry_date": "3/28/2019"}, {"date": "3/28/2019", "number": "295", "contents": "<span class='description'>JUDGE BORELLO, MARK</span> entered 03/28/2019.", "entry_date": "3/28/2019"}, {"date": "3/22/2019", "number": "294", "contents": "<span class='description'>SUBPOENA FOR TRIAL</span> entered 03/22/2019.", "entry_date": "3/22/2019"}, {"date": "3/20/2019", "number": "293", "contents": "<span class='description'>RECEIPT FOR CIVIL PROCESS, JAIL, WARRANTS</span> entered 03/21/2019.", "entry_date": "3/21/2019"}, {"date": "3/19/2019", "number": "292", "contents": "<span class='description'>ORDER RETURNING DEF. TO DUVAL COUNTY</span> entered 03/20/2019.", "entry_date": "3/20/2019"}, {"date": "3/18/2019", "number": "291", "contents": "<span class='description'>DISCLOSURE TO PROSECUTION</span> entered 03/19/2019.", "entry_date": "3/19/2019"}, {"date": "3/18/2019", "number": "290", "contents": "<span class='description'>4/1/19 JS</span> entered 03/18/2019.", "entry_date": "3/18/2019"}, {"date": "3/18/2019", "number": "289", "contents": "<span class='description'>FINAL PRETRIAL 03/28/2019 9:00 AM - 306 3RD FLOOR, 501 W ADAMS ST JACKSONVILLE FL 32202</span> entered 03/18/2019.", "entry_date": "3/18/2019"}, {"date": "3/18/2019", "number": "288", "contents": "<span class='description'>DEFENDANT PRESENT IN JAIL</span> entered 03/18/2019.", "entry_date": "3/18/2019"}, {"date": "3/18/2019", "number": "287", "contents": "<span class='description'>ATTY. FOR DEF. WRIGHT, REGINA LAVERNE</span> entered 03/18/2019.", "entry_date": "3/18/2019"}, {"date": "3/18/2019", "number": "286", "contents": "<span class='description'>ASST. STATE ATTY. LICANDRO, JOSEPH RUDOLPH</span> entered 03/18/2019.", "entry_date": "3/18/2019"}, {"date": "3/18/2019", "number": "285", "contents": "<span class='description'>JUDGE BORELLO, MARK</span> entered 03/18/2019.", "entry_date": "3/18/2019"}, {"date": "3/12/2019", "number": "284", "contents": "<span class='description'>NOTICE OF INTENT TO RELY ON CERTIFICATION OF BUSINESS RECORD #2</span> entered 03/12/2019.", "entry_date": "3/12/2019"}, {"date": "3/4/2019", "number": "283", "contents": "<span class='description'>3/28/19 FPT; 4/1/19 JS</span> entered 03/04/2019.", "entry_date": "3/4/2019"}, {"date": "3/4/2019", "number": "282", "contents": "<span class='description'>PRETRIAL 03/18/2019 9:00 AM - 306 3RD FLOOR, 501 W ADAMS ST JACKSONVILLE FL 32202</span> entered 03/04/2019.", "entry_date": "3/4/2019"}, {"date": "3/4/2019", "number": "281", "contents": "<span class='description'>DEFENSE/STATE'S ORAL MOTION FOR CONTINUANCE (DEFENSE) GRANTED</span> entered 03/04/2019.", "entry_date": "3/4/2019"}, {"date": "3/4/2019", "number": "280", "contents": "<span class='description'>DEFENDANT PRESENT IN JAIL</span> entered 03/04/2019.", "entry_date": "3/4/2019"}, {"date": "3/4/2019", "number": "279", "contents": "<span class='description'>ATTY. FOR DEF. WRIGHT, REGINA LAVERNE</span> entered 03/04/2019.", "entry_date": "3/4/2019"}, {"date": "3/4/2019", "number": "278", "contents": "<span class='description'>ASST. STATE ATTY. LICANDRO, JOSEPH RUDOLPH</span> entered 03/04/2019.", "entry_date": "3/4/2019"}, {"date": "3/4/2019", "number": "277", "contents": "<span class='description'>JUDGE BORELLO, MARK</span> entered 03/04/2019.", "entry_date": "3/4/2019"}, {"date": "3/1/2019", "number": "276", "contents": "<span class='description'>STATE'S DISCOVERY EXHIBIT 1 AND DEMAND FOR RECIPROCAL DISCOVERY</span> entered 03/04/2019.", "entry_date": "3/4/2019"}, {"date": "3/1/2019", "number": "275", "contents": "<span class='description'>DEFENDANT'S NOTICE OF TAKING DEPOSITION</span> entered 03/01/2019.", "entry_date": "3/1/2019"}, {"date": "2/28/2019", "number": "274", "contents": "<span class='description'>COURT ORDER TO RELEASE JUVENILE CERTIFIED FINAL DISPOSITION ORDER AND ORIGINAL FINGERPRINTS</span> entered 03/01/2019.", "entry_date": "3/1/2019"}, {"date": "2/28/2019", "number": "273", "contents": "<span class='description'>@ 10:30 AM ( 56 JURORS)</span> entered 02/28/2019.", "entry_date": "2/28/2019"}, {"date": "2/28/2019", "number": "272", "contents": "<span class='description'>JURY SELECTION 03/04/2019 9:00 AM - 306 3RD FLOOR, 501 W ADAMS ST JACKSONVILLE FL 32202</span> entered 02/28/2019.", "entry_date": "2/28/2019"}, {"date": "2/28/2019", "number": "271", "contents": "<span class='description'>DEFENDANT PRESENT IN JAIL</span> entered 02/28/2019.", "entry_date": "2/28/2019"}, {"date": "2/28/2019", "number": "270", "contents": "<span class='description'>ATTY. FOR DEF. WRIGHT, REGINA LAVERNE</span> entered 02/28/2019.", "entry_date": "2/28/2019"}, {"date": "2/28/2019", "number": "269", "contents": "<span class='description'>ASST. STATE ATTY. LICANDRO, JOSEPH RUDOLPH</span> entered 02/28/2019.", "entry_date": "2/28/2019"}, {"date": "2/28/2019", "number": "268", "contents": "<span class='description'>JUDGE BORELLO, MARK</span> entered 02/28/2019.", "entry_date": "2/28/2019"}, {"date": "2/25/2019", "number": "267", "contents": "<span class='description'>SUBPOENA FOR TRIAL</span> entered 02/25/2019.", "entry_date": "2/25/2019"}, {"date": "2/25/2019", "number": "266", "contents": "<span class='description'>MOTION TO RELEASE JUVENILE FINAL DISPOSITION ORDER(S) AND PRINTS</span> entered 02/25/2019.", "entry_date": "2/25/2019"}, {"date": "2/22/2019", "number": "265", "contents": "<span class='description'>MOTION TO COMPEL FINGERPRINT SPECIMENS</span> entered 02/25/2019.", "entry_date": "2/25/2019"}, {"date": "2/22/2019", "number": "264", "contents": "<span class='description'>STATE'S SUPPLEMENTAL DISCOVERY EXHIBIT H DEMAND FOR RECIPROCAL DISCOVERY</span> entered 02/25/2019.", "entry_date": "2/25/2019"}, {"date": "2/19/2019", "number": "263", "contents": "<span class='description'>STATE'S SUPP. DISCOVERY EXHIBIT G DEMAND FOR RECIPROCAL DISCOVERY</span> entered 02/20/2019.", "entry_date": "2/20/2019"}, {"date": "2/19/2019", "number": "262", "contents": "<span class='description'>AMENDED DEFENDANT'S NOTICE OF TAKING DEPOSITION (VIA SKYPE)</span> entered 02/19/2019.", "entry_date": "2/19/2019"}, {"date": "2/15/2019", "number": "261", "contents": "<span class='description'>NOTICE OF INTENT TO RELY ON CERTIFICATION OF BUSINESS RECORD</span> entered 02/15/2019.", "entry_date": "2/15/2019"}, {"date": "2/15/2019", "number": "260", "contents": "<span class='description'>STATE'S SUPP. DISCOVERY EXHIBIT F DEMAND FOR RECIPROCAL DISCOVERY</span> entered 02/15/2019.", "entry_date": "2/15/2019"}, {"date": "2/14/2019", "number": "259", "contents": "<span class='description'>DEFENDANTS NOTICE OF TAKING DEPOSITION(VIA SKYPE)</span> entered 02/14/2019.", "entry_date": "2/14/2019"}, {"date": "2/7/2019", "number": "258", "contents": "<span class='description'>3/4/19 JS</span> entered 02/07/2019.", "entry_date": "2/7/2019"}, {"date": "2/7/2019", "number": "257", "contents": "<span class='description'>FINAL PRETRIAL 02/28/2019 9:00 AM - 306 3RD FLOOR, 501 W ADAMS ST JACKSONVILLE FL 32202</span> entered 02/07/2019.", "entry_date": "2/7/2019"}, {"date": "2/7/2019", "number": "256", "contents": "<span class='description'>DEFENDANT PRESENT IN JAIL</span> entered 02/07/2019.", "entry_date": "2/7/2019"}, {"date": "2/7/2019", "number": "255", "contents": "<span class='description'>ATTY. FOR DEF. WRIGHT, REGINA LAVERNE</span> entered 02/07/2019.", "entry_date": "2/7/2019"}, {"date": "2/7/2019", "number": "254", "contents": "<span class='description'>ASST. STATE ATTY. LICANDRO, JOSEPH RUDOLPH</span> entered 02/07/2019.", "entry_date": "2/7/2019"}, {"date": "2/7/2019", "number": "253", "contents": "<span class='description'>JUDGE BORELLO, MARK</span> entered 02/07/2019.", "entry_date": "2/7/2019"}, {"date": "2/5/2019", "number": "252", "contents": "<span class='description'>2/28/19 FPT, 3/4/19 JS</span> entered 02/05/2019.", "entry_date": "2/5/2019"}, {"date": "2/5/2019", "number": "251", "contents": "<span class='description'>PRETRIAL 02/07/2019 9:00 AM - 306 3RD FLOOR, 501 W ADAMS ST JACKSONVILLE FL 32202</span> entered 02/05/2019.", "entry_date": "2/5/2019"}, {"date": "2/5/2019", "number": "250", "contents": "<span class='description'>&gt; ATTORNEY NOT PRESENT</span> entered 02/05/2019.", "entry_date": "2/5/2019"}, {"date": "2/5/2019", "number": "249", "contents": "<span class='description'>DEFENDANT APPEARANCE WAIVED</span> entered 02/05/2019.", "entry_date": "2/5/2019"}, {"date": "2/5/2019", "number": "248", "contents": "<span class='description'>DEFENDANT PRESENT IN JAIL</span> entered 02/05/2019.", "entry_date": "2/5/2019"}, {"date": "2/5/2019", "number": "247", "contents": "<span class='description'>ATTY. FOR DEF. WRIGHT, REGINA LAVERNE</span> entered 02/05/2019.", "entry_date": "2/5/2019"}, {"date": "2/5/2019", "number": "246", "contents": "<span class='description'>ASST. STATE ATTY. LICANDRO, JOSEPH RUDOLPH</span> entered 02/05/2019.", "entry_date": "2/5/2019"}, {"date": "2/5/2019", "number": "245", "contents": "<span class='description'>JUDGE BORELLO, MARK</span> entered 02/05/2019.", "entry_date": "2/5/2019"}, {"date": "1/15/2019", "number": "244", "contents": "<span class='description'>2/28/19 FPT, 3/4/19 JS</span> entered 01/15/2019.", "entry_date": "1/15/2019"}, {"date": "1/15/2019", "number": "243", "contents": "<span class='description'>PRETRIAL 02/05/2019 9:00 AM - 306 3RD FLOOR, 501 W ADAMS ST JACKSONVILLE FL 32202</span> entered 01/15/2019.", "entry_date": "1/15/2019"}, {"date": "1/15/2019", "number": "242", "contents": "<span class='description'>DEFENDANT PRESENT IN JAIL</span> entered 01/15/2019.", "entry_date": "1/15/2019"}, {"date": "1/15/2019", "number": "241", "contents": "<span class='description'>ATTY. FOR DEF. WRIGHT, REGINA LAVERNE</span> entered 01/15/2019.", "entry_date": "1/15/2019"}, {"date": "1/15/2019", "number": "240", "contents": "<span class='description'>ASST. STATE ATTY. LICANDRO, JOSEPH RUDOLPH</span> entered 01/15/2019.", "entry_date": "1/15/2019"}, {"date": "1/15/2019", "number": "239", "contents": "<span class='description'>JUDGE BORELLO, MARK</span> entered 01/15/2019.", "entry_date": "1/15/2019"}, {"date": "12/26/2018", "number": "238", "contents": "<span class='description'>MOTION FOR MORE DEFINITE ADDRESS</span> entered 12/27/2018.", "entry_date": "12/27/2018"}, {"date": "12/7/2018", "number": "237", "contents": "<span class='description'>SUBPOENA FOR DEPOSITION</span> entered 12/10/2018.", "entry_date": "12/10/2018"}, {"date": "12/6/2018", "number": "236", "contents": "<span class='description'>NOTICE OF TAKING DEPOSITION</span> entered 12/07/2018.", "entry_date": "12/7/2018"}, {"date": "12/6/2018", "number": "235", "contents": "<span class='description'>NOTICE OF TAKING DEPOSITION</span> entered 12/07/2018.", "entry_date": "12/7/2018"}, {"date": "12/6/2018", "number": "234", "contents": "<span class='description'>2/28/19 FPT, 3/4/19 JS</span> entered 12/06/2018.", "entry_date": "12/6/2018"}, {"date": "12/6/2018", "number": "233", "contents": "<span class='description'>PRETRIAL 01/15/2019 9:00 AM - 306 3RD FLOOR, 501 W ADAMS ST JACKSONVILLE FL 32202</span> entered 12/06/2018.", "entry_date": "12/6/2018"}, {"date": "12/6/2018", "number": "232", "contents": "<span class='description'>MOTION -- DEFENSE ORAL MOTION FOR CONTINUANCE - GRANTED</span> entered 12/06/2018.", "entry_date": "12/6/2018"}, {"date": "12/6/2018", "number": "231", "contents": "<span class='description'>DEFENDANT PRESENT IN JAIL</span> entered 12/06/2018.", "entry_date": "12/6/2018"}, {"date": "12/6/2018", "number": "230", "contents": "<span class='description'>ATTY. FOR DEF. WRIGHT, REGINA LAVERNE</span> entered 12/06/2018.", "entry_date": "12/6/2018"}, {"date": "12/6/2018", "number": "229", "contents": "<span class='description'>ASST. STATE ATTY. LICANDRO, JOSEPH RUDOLPH</span> entered 12/06/2018.", "entry_date": "12/6/2018"}, {"date": "12/6/2018", "number": "228", "contents": "<span class='description'>JUDGE BORELLO, MARK</span> entered 12/06/2018.", "entry_date": "12/6/2018"}, {"date": "11/19/2018", "number": "227", "contents": "<span class='description'>12/10/18 JS</span> entered 11/19/2018.", "entry_date": "11/19/2018"}, {"date": "11/19/2018", "number": "226", "contents": "<span class='description'>FINAL PRETRIAL 12/06/2018 9:00 AM - 306 3RD FLOOR, 501 W ADAMS ST JACKSONVILLE FL 32202</span> entered 11/19/2018.", "entry_date": "11/19/2018"}, {"date": "11/19/2018", "number": "225", "contents": "<span class='description'>MOTION -- DEFENSE MOTION TO SUPPRESS STATEMENTS - GRANTED BY STIPULATION</span> entered 11/19/2018.", "entry_date": "11/19/2018"}, {"date": "11/19/2018", "number": "224", "contents": "<span class='description'>DEFENDANT PRESENT IN JAIL</span> entered 11/19/2018.", "entry_date": "11/19/2018"}, {"date": "11/19/2018", "number": "223", "contents": "<span class='description'>ATTY. FOR DEF. WRIGHT, REGINA LAVERNE</span> entered 11/19/2018.", "entry_date": "11/19/2018"}, {"date": "11/19/2018", "number": "222", "contents": "<span class='description'>ASST. STATE ATTY. LICANDRO, JOSEPH RUDOLPH</span> entered 11/19/2018.", "entry_date": "11/19/2018"}, {"date": "11/19/2018", "number": "221", "contents": "<span class='description'>JUDGE BORELLO, MARK</span> entered 11/19/2018.", "entry_date": "11/19/2018"}, {"date": "11/1/2018", "number": "220", "contents": "<span class='description'>DEFENDANT'S MOTION TO SUPPRESS STATEMENTS</span> entered 11/02/2018.", "entry_date": "11/2/2018"}, {"date": "10/30/2018", "number": "219", "contents": "<span class='description'>12/6/18 FPT, 12/10/18 JS</span> entered 10/30/2018.", "entry_date": "10/30/2018"}, {"date": "10/30/2018", "number": "218", "contents": "<span class='description'>HEARING ON MOTION 11/19/2018 9:00 AM - 306 3RD FLOOR, 501 W ADAMS ST JACKSONVILLE FL 32202</span> entered 10/30/2018.", "entry_date": "10/30/2018"}, {"date": "10/30/2018", "number": "217", "contents": "<span class='description'>PLEA OF NOT GUILTY</span> entered 10/30/2018.", "entry_date": "10/30/2018"}, {"date": "10/30/2018", "number": "216", "contents": "<span class='description'>PLEA OF NOT GUILTY</span> entered 10/30/2018.", "entry_date": "10/30/2018"}, {"date": "10/30/2018", "number": "215", "contents": "<span class='description'>PLEA OF NOT GUILTY</span> entered 10/30/2018.", "entry_date": "10/30/2018"}, {"date": "10/30/2018", "number": "214", "contents": "<span class='description'>OTHER - - DEFENDANT STANDS MUTE. COURT ENTERS A NOT GUILTY PLEA ON BEHALF OF DEFENDANT TO INDICTMENT.</span> entered 10/30/2018.", "entry_date": "10/30/2018"}, {"date": "10/30/2018", "number": "213", "contents": "<span class='description'>DEFENDANT PRESENT IN JAIL</span> entered 10/30/2018.", "entry_date": "10/30/2018"}, {"date": "10/30/2018", "number": "212", "contents": "<span class='description'>ATTY. FOR DEF. WRIGHT, REGINA LAVERNE</span> entered 10/30/2018.", "entry_date": "10/30/2018"}, {"date": "10/30/2018", "number": "211", "contents": "<span class='description'>ASST. STATE ATTY. LICANDRO, JOSEPH RUDOLPH</span> entered 10/30/2018.", "entry_date": "10/30/2018"}, {"date": "10/30/2018", "number": "210", "contents": "<span class='description'>JUDGE BORELLO, MARK</span> entered 10/30/2018.", "entry_date": "10/30/2018"}, {"date": "10/9/2018", "number": "209", "contents": "<span class='description'>STATE'S SUPPLEMENTAL DISCOVERY EXHIBIT E DEMAND FOR RECIPROCAL DISCOVERY</span> entered 10/10/2018.", "entry_date": "10/10/2018"}, {"date": "10/2/2018", "number": "208", "contents": "<span class='description'>12/6/18 FPT, 12/10/18 JS</span> entered 10/02/2018.", "entry_date": "10/2/2018"}, {"date": "10/2/2018", "number": "207", "contents": "<span class='description'>PRETRIAL 10/30/2018 9:00 AM - 306 3RD FLOOR, 501 W ADAMS ST JACKSONVILLE FL 32202</span> entered 10/02/2018.", "entry_date": "10/2/2018"}, {"date": "10/2/2018", "number": "206", "contents": "<span class='description'>MOTION - - DEFENSE ORAL MOTION FOR CONTINUANCE OF TRIAL - GRANTED.</span> entered 10/02/2018.", "entry_date": "10/2/2018"}, {"date": "10/2/2018", "number": "205", "contents": "<span class='description'>DEFENDANT PRESENT IN JAIL</span> entered 10/02/2018.", "entry_date": "10/2/2018"}, {"date": "10/2/2018", "number": "204", "contents": "<span class='description'>ATTY. FOR DEF. WRIGHT, REGINA LAVERNE</span> entered 10/02/2018.", "entry_date": "10/2/2018"}, {"date": "10/2/2018", "number": "203", "contents": "<span class='description'>ASST. STATE ATTY. LICANDRO, JOSEPH RUDOLPH</span> entered 10/02/2018.", "entry_date": "10/2/2018"}, {"date": "10/2/2018", "number": "202", "contents": "<span class='description'>JUDGE BORELLO, MARK</span> entered 10/02/2018.", "entry_date": "10/2/2018"}, {"date": "9/26/2018", "number": "201", "contents": "<span class='description'>STATE'S SUPP. DISCOVERY EXHIBIT C DEMAND FOR RECIPROCAL DISCOVERY</span> entered 09/27/2018.", "entry_date": "9/27/2018"}, {"date": "9/11/2018", "number": "200", "contents": "<span class='description'>10/11/18 FPT, 10/15/18 JS</span> entered 09/11/2018.", "entry_date": "9/11/2018"}, {"date": "9/11/2018", "number": "199", "contents": "<span class='description'>PRETRIAL 10/02/2018 9:00 AM - 306 3RD FLOOR, 501 W ADAMS ST JACKSONVILLE FL 32202</span> entered 09/11/2018.", "entry_date": "9/11/2018"}, {"date": "9/11/2018", "number": "198", "contents": "<span class='description'>DEFENDANT PRESENT IN JAIL</span> entered 09/11/2018.", "entry_date": "9/11/2018"}, {"date": "9/11/2018", "number": "197", "contents": "<span class='description'>ATTY. FOR DEF. WRIGHT, REGINA LAVERNE</span> entered 09/11/2018.", "entry_date": "9/11/2018"}, {"date": "9/11/2018", "number": "196", "contents": "<span class='description'>ASST. STATE ATTY. LICANDRO, JOSEPH RUDOLPH</span> entered 09/11/2018.", "entry_date": "9/11/2018"}, {"date": "9/11/2018", "number": "195", "contents": "<span class='description'>JUDGE BORELLO, MARK</span> entered 09/11/2018.", "entry_date": "9/11/2018"}, {"link_viewer": "https://www.docketalarm.com/cases/Florida_State_Duval_County_Fourth_Circuit_Court/2017-CF-003079/JIHAD_ABDUL_SMITH/194/", "number": "194", "link": "https://www.docketalarm.com/cases/Florida_State_Duval_County_Fourth_Circuit_Court/2017-CF-003079/JIHAD_ABDUL_SMITH/docs/194.pdf", "entry_date": "8/27/2018", "date": "8/25/2018", "contents": "<a href=\"/cases/Florida_State_Duval_County_Fourth_Circuit_Court/2017-CF-003079/JIHAD_ABDUL_SMITH/194/\"><span class='description'>FINDING OF PROBABLE CAUSE ,</span></a> entered 08/27/2018."}, {"date": "8/25/2018", "number": "193", "contents": "<span class='description'>ARREST &amp; BOOKING REPORT 2017-002334 08/24/2018</span> entered 08/27/2018.", "entry_date": "8/27/2018"}, {"date": "8/23/2018", "number": "192", "contents": "<span class='description'>DROPPED/ABANDONED S812.13(2)(A) ARMED ROBBERY</span> entered 08/23/2018.", "entry_date": "8/23/2018"}, {"date": "8/23/2018", "number": "191", "contents": "<span class='description'>INDICTMENT FILED FOR S790.23(1)(B) POSSESSION OF A FIREARM BY A JUVENILE DELINQUENT FOUND TO HAVE COMMITTED A FELONY ACT</span> entered 08/23/2018.", "entry_date": "8/23/2018"}, {"date": "8/23/2018", "number": "190", "contents": "<span class='description'>INDICTMENT FILED FOR S918.13(1)(A) TAMPERING WITH EVIDENCE</span> entered 08/23/2018.", "entry_date": "8/23/2018"}, {"date": "8/23/2018", "number": "189", "contents": "<span class='description'>INDICTMENT FILED FOR S782.04(1)(A) MURDER - FIRST DEGREE</span> entered 08/23/2018.", "entry_date": "8/23/2018"}, {"date": "8/22/2018", "number": "188", "contents": "<span class='description'>&gt; ATTORNEY NOT PRESENT</span> entered 08/22/2018.", "entry_date": "8/22/2018"}, {"date": "8/22/2018", "number": "187", "contents": "<span class='description'>DEFENDANT APPEARANCE WAIVED</span> entered 08/22/2018.", "entry_date": "8/22/2018"}, {"date": "8/22/2018", "number": "186", "contents": "<span class='description'>DEFENDANT PRESENT IN JAIL</span> entered 08/22/2018.", "entry_date": "8/22/2018"}, {"date": "8/22/2018", "number": "185", "contents": "<span class='description'>ATTY. FOR DEF. WRIGHT, REGINA LAVERNE</span> entered 08/22/2018.", "entry_date": "8/22/2018"}, {"date": "8/22/2018", "number": "184", "contents": "<span class='description'>ASST. STATE ATTY. LICANDRO, JOSEPH RUDOLPH</span> entered 08/22/2018.", "entry_date": "8/22/2018"}, {"date": "8/22/2018", "number": "183", "contents": "<span class='description'>JUDGE BORELLO, MARK</span> entered 08/22/2018.", "entry_date": "8/22/2018"}, {"date": "8/22/2018", "number": "182", "contents": "<span class='description'>PRETRIAL 09/11/2018 9:00 AM - 306 3RD FLOOR, 501 W ADAMS ST JACKSONVILLE FL 32202</span> entered 08/15/2018.", "entry_date": "8/15/2018"}, {"date": "8/20/2018", "number": "181", "contents": "<span class='description'>PER JA E-MAIL</span> entered 08/20/2018.", "entry_date": "8/20/2018"}, {"date": "8/20/2018", "number": "180", "contents": "<span class='description'>STATUS HEARING 08/22/2018 9:00 AM - 306 3RD FLOOR, 501 W ADAMS ST JACKSONVILLE FL 32202</span> entered 08/20/2018.", "entry_date": "8/20/2018"}, {"date": "8/15/2018", "number": "179", "contents": "<span class='description'>10/11/18 FPT, 10/15/18 JS</span> entered 08/15/2018.", "entry_date": "8/15/2018"}, {"date": "8/15/2018", "number": "178", "contents": "<span class='description'>DEFENDANT PRESENT IN JAIL</span> entered 08/15/2018.", "entry_date": "8/15/2018"}, {"date": "8/15/2018", "number": "177", "contents": "<span class='description'>ATTY. FOR DEF. WRIGHT, REGINA LAVERNE</span> entered 08/15/2018.", "entry_date": "8/15/2018"}, {"date": "8/15/2018", "number": "176", "contents": "<span class='description'>ASST. STATE ATTY. LICANDRO, JOSEPH RUDOLPH</span> entered 08/15/2018.", "entry_date": "8/15/2018"}, {"date": "8/15/2018", "number": "175", "contents": "<span class='description'>JUDGE BORELLO, MARK</span> entered 08/15/2018.", "entry_date": "8/15/2018"}, {"date": "7/16/2018", "number": "174", "contents": "<span class='description'>10/11/18 FPT, 10/15/18 JS</span> entered 07/16/2018.", "entry_date": "7/16/2018"}, {"date": "7/16/2018", "number": "173", "contents": "<span class='description'>PRETRIAL 08/15/2018 9:00 AM - 306 3RD FLOOR, 501 W ADAMS ST JACKSONVILLE FL 32202</span> entered 07/16/2018.", "entry_date": "7/16/2018"}, {"date": "7/16/2018", "number": "172", "contents": "<span class='description'>MOTION - - DEFENSE ORAL MOTION FOR CONTINUANCE - GRANTED.</span> entered 07/16/2018.", "entry_date": "7/16/2018"}, {"date": "7/16/2018", "number": "171", "contents": "<span class='description'>DEFENDANT PRESENT IN JAIL</span> entered 07/16/2018.", "entry_date": "7/16/2018"}, {"date": "7/16/2018", "number": "170", "contents": "<span class='description'>ATTY. FOR DEF. WRIGHT, REGINA LAVERNE</span> entered 07/16/2018.", "entry_date": "7/16/2018"}, {"date": "7/16/2018", "number": "169", "contents": "<span class='description'>ASST. STATE ATTY. LICANDRO, JOSEPH RUDOLPH</span> entered 07/16/2018.", "entry_date": "7/16/2018"}, {"date": "7/16/2018", "number": "168", "contents": "<span class='description'>JUDGE BORELLO, MARK</span> entered 07/16/2018.", "entry_date": "7/16/2018"}, {"date": "6/26/2018", "number": "167", "contents": "<span class='description'>MOTION TO RELEASE JUVENILE FINAL DISPOSITION ORDER AND PRINTS</span> entered 06/28/2018.", "entry_date": "6/28/2018"}, {"date": "6/26/2018", "number": "166", "contents": "<span class='description'>MOTION TO COMPEL FINGERPRINT SPECIMENS</span> entered 06/27/2018.", "entry_date": "6/27/2018"}, {"date": "6/14/2018", "number": "165", "contents": "<span class='description'>STATE'S SUPP. DISCOVERY EXHIBIT B DEMAND FOR RECIPROCAL DISCOVERY</span> entered 06/15/2018.", "entry_date": "6/15/2018"}, {"date": "6/14/2018", "number": "164", "contents": "<span class='description'>8/2/18 FPT, 8/6/18 JS</span> entered 06/14/2018.", "entry_date": "6/14/2018"}, {"date": "6/14/2018", "number": "163", "contents": "<span class='description'>HEARING ON MOTION 07/16/2018 9:00 AM - 306 3RD FLOOR, 501 W ADAMS ST JACKSONVILLE FL 32202</span> entered 06/14/2018.", "entry_date": "6/14/2018"}, {"date": "6/14/2018", "number": "162", "contents": "<span class='description'>REGIONAL CONFLICT COUNSEL PERMITTED TO WITHDRAW AS COUNSEL FOR DEFENDANT DUE TO APPEARANCE OF PRIVATE COUNSEL</span> entered 06/14/2018.", "entry_date": "6/14/2018"}, {"date": "6/14/2018", "number": "161", "contents": "<span class='description'>DEFENDANT PRESENT IN JAIL</span> entered 06/14/2018.", "entry_date": "6/14/2018"}, {"date": "6/14/2018", "number": "160", "contents": "<span class='description'>ATTY. FOR DEF. WRIGHT, REGINA LAVERNE</span> entered 06/14/2018.", "entry_date": "6/14/2018"}, {"date": "6/14/2018", "number": "159", "contents": "<span class='description'>ASST. STATE ATTY. LICANDRO, JOSEPH RUDOLPH</span> entered 06/14/2018.", "entry_date": "6/14/2018"}, {"date": "6/14/2018", "number": "158", "contents": "<span class='description'>JUDGE BORELLO, MARK</span> entered 06/14/2018.", "entry_date": "6/14/2018"}, {"link_viewer": "https://www.docketalarm.com/cases/Florida_State_Duval_County_Fourth_Circuit_Court/2017-CF-003079/JIHAD_ABDUL_SMITH/157/", "number": "157", "link": "https://www.docketalarm.com/cases/Florida_State_Duval_County_Fourth_Circuit_Court/2017-CF-003079/JIHAD_ABDUL_SMITH/docs/157.pdf", "entry_date": "6/11/2018", "date": "6/8/2018", "contents": "<a href=\"/cases/Florida_State_Duval_County_Fourth_Circuit_Court/2017-CF-003079/JIHAD_ABDUL_SMITH/157/\"><span class='description'>NOTICE OF APPEARANCE WRIGHT, REGINA LAVERNE</span></a> entered 06/11/2018."}, {"date": "5/23/2018", "number": "156", "contents": "<span class='description'>NOTICE OF TAKING DEPOSITION</span> entered 05/23/2018.", "entry_date": "5/23/2018"}, {"date": "5/17/2018", "number": "155", "contents": "<span class='description'>NOTICE OF TAKING DEPOSITION</span> entered 05/17/2018.", "entry_date": "5/17/2018"}, {"date": "5/17/2018", "number": "154", "contents": "<span class='description'>8/2/18 FPT, 8/6/18 JS</span> entered 05/17/2018.", "entry_date": "5/17/2018"}, {"date": "5/17/2018", "number": "153", "contents": "<span class='description'>PRETRIAL 06/14/2018 9:00 AM - 306 3RD FLOOR, 501 W ADAMS ST JACKSONVILLE FL 32202</span> entered 05/17/2018.", "entry_date": "5/17/2018"}, {"date": "5/17/2018", "number": "152", "contents": "<span class='description'>DEFENDANT PRESENT IN JAIL</span> entered 05/17/2018.", "entry_date": "5/17/2018"}, {"date": "5/17/2018", "number": "151", "contents": "<span class='description'>ATTY. FOR DEF. GOLDSBOROUGH, JOSHUA I</span> entered 05/17/2018.", "entry_date": "5/17/2018"}, {"date": "5/17/2018", "number": "150", "contents": "<span class='description'>ASST. STATE ATTY. LICANDRO, JOSEPH RUDOLPH</span> entered 05/17/2018.", "entry_date": "5/17/2018"}, {"date": "5/17/2018", "number": "149", "contents": "<span class='description'>JUDGE BORELLO, MARK</span> entered 05/17/2018.", "entry_date": "5/17/2018"}, {"date": "4/27/2018", "number": "148", "contents": "<span class='description'>NOTICE OF TAKING DEPOSITION</span> entered 04/27/2018.", "entry_date": "4/27/2018"}, {"date": "4/24/2018", "number": "147", "contents": "<span class='description'>8/2/18 FPT, 8/6/18 JS</span> entered 04/24/2018.", "entry_date": "4/24/2018"}, {"date": "4/24/2018", "number": "146", "contents": "<span class='description'>PRETRIAL 05/17/2018 9:00 AM - 306 3RD FLOOR, 501 W ADAMS ST JACKSONVILLE FL 32202</span> entered 04/24/2018.", "entry_date": "4/24/2018"}, {"date": "4/24/2018", "number": "145", "contents": "<span class='description'>DEFENDANT PRESENT IN JAIL</span> entered 04/24/2018.", "entry_date": "4/24/2018"}, {"date": "4/24/2018", "number": "144", "contents": "<span class='description'>ATTY. FOR DEF. GOLDSBOROUGH, JOSHUA I</span> entered 04/24/2018.", "entry_date": "4/24/2018"}, {"date": "4/24/2018", "number": "143", "contents": "<span class='description'>ASST. STATE ATTY. LICANDRO, JOSEPH RUDOLPH</span> entered 04/24/2018.", "entry_date": "4/24/2018"}, {"date": "4/24/2018", "number": "142", "contents": "<span class='description'>JUDGE BORELLO, MARK</span> entered 04/24/2018.", "entry_date": "4/24/2018"}, {"date": "4/19/2018", "number": "141", "contents": "<span class='description'>STATE'S SUPPLEMENTAL DISCOVERY EXHIBIT AND DEMAND FOR RECIPROCAL DISCOVERY</span> entered 04/19/2018.", "entry_date": "4/19/2018"}, {"date": "4/17/2018", "number": "140", "contents": "<span class='description'>AFFIDAVIT/RETURN OF SERVICE</span> entered 04/18/2018.", "entry_date": "4/18/2018"}, {"date": "4/11/2018", "number": "139", "contents": "<span class='description'>NOTICE OF TAKING DEPOSITION</span> entered 04/11/2018.", "entry_date": "4/11/2018"}, {"date": "4/5/2018", "number": "138", "contents": "<span class='description'>MOTION FOR MORE DEFINITE ADDRESS</span> entered 04/06/2018.", "entry_date": "4/6/2018"}, {"date": "3/27/2018", "number": "137", "contents": "<span class='description'>AFFIDAVIT/RETURN OF SERVICE</span> entered 03/29/2018.", "entry_date": "3/29/2018"}, {"date": "3/27/2018", "number": "136", "contents": "<span class='description'>AFFIDAVIT/RETURN OF SERVICE</span> entered 03/29/2018.", "entry_date": "3/29/2018"}, {"date": "3/27/2018", "number": "135", "contents": "<span class='description'>AFFIDAVIT/RETURN OF SERVICE</span> entered 03/29/2018.", "entry_date": "3/29/2018"}, {"date": "3/27/2018", "number": "134", "contents": "<span class='description'>AFFIDAVIT/RETURN OF SERVICE</span> entered 03/29/2018.", "entry_date": "3/29/2018"}, {"date": "3/27/2018", "number": "133", "contents": "<span class='description'>AFFIDAVIT/RETURN OF SERVICE</span> entered 03/29/2018.", "entry_date": "3/29/2018"}, {"date": "3/22/2018", "number": "132", "contents": "<span class='description'>8/2/18 FPT, 8/6/18 JS</span> entered 03/22/2018.", "entry_date": "3/22/2018"}, {"date": "3/22/2018", "number": "131", "contents": "<span class='description'>PRETRIAL 04/24/2018 9:00 AM - 306 3RD FLOOR, 501 W ADAMS ST JACKSONVILLE FL 32202</span> entered 03/22/2018.", "entry_date": "3/22/2018"}, {"date": "3/22/2018", "number": "130", "contents": "<span class='description'>DEFENDANT PRESENT IN JAIL</span> entered 03/22/2018.", "entry_date": "3/22/2018"}, {"date": "3/22/2018", "number": "129", "contents": "<span class='description'>ATTY. FOR DEF. GOLDSBOROUGH, JOSHUA I</span> entered 03/22/2018.", "entry_date": "3/22/2018"}, {"date": "3/22/2018", "number": "128", "contents": "<span class='description'>ASST. STATE ATTY. LICANDRO, JOSEPH RUDOLPH</span> entered 03/22/2018.", "entry_date": "3/22/2018"}, {"date": "3/22/2018", "number": "127", "contents": "<span class='description'>JUDGE BORELLO, MARK</span> entered 03/22/2018.", "entry_date": "3/22/2018"}, {"date": "3/14/2018", "number": "126", "contents": "<span class='description'>NOTICE OF TAKING DEPOSITION</span> entered 03/14/2018.", "entry_date": "3/14/2018"}, {"date": "2/14/2018", "number": "125", "contents": "<span class='description'>8/2/18 FPT, 8/6/18 JS</span> entered 02/14/2018.", "entry_date": "2/14/2018"}, {"date": "2/14/2018", "number": "124", "contents": "<span class='description'>PRETRIAL 03/22/2018 9:00 AM - 306 3RD FLOOR, 501 W ADAMS ST JACKSONVILLE FL 32202</span> entered 02/14/2018.", "entry_date": "2/14/2018"}, {"date": "2/14/2018", "number": "123", "contents": "<span class='description'>DEFENDANT PRESENT IN JAIL</span> entered 02/14/2018.", "entry_date": "2/14/2018"}, {"date": "2/14/2018", "number": "122", "contents": "<span class='description'>ATTY. FOR DEF. HINCHEY, KATHERINE LITTELL</span> entered 02/14/2018.", "entry_date": "2/14/2018"}, {"date": "2/14/2018", "number": "121", "contents": "<span class='description'>ASST. STATE ATTY. LICANDRO, JOSEPH RUDOLPH</span> entered 02/14/2018.", "entry_date": "2/14/2018"}, {"date": "2/14/2018", "number": "120", "contents": "<span class='description'>JUDGE BORELLO, MARK</span> entered 02/14/2018.", "entry_date": "2/14/2018"}, {"date": "2/7/2018", "number": "119", "contents": "<span class='description'>AFFIDAVIT (GENERAL)</span> entered 02/09/2018.", "entry_date": "2/9/2018"}, {"date": "1/17/2018", "number": "118", "contents": "<span class='description'>8/2/18 FPT, 8/6/18 JS</span> entered 01/17/2018.", "entry_date": "1/17/2018"}, {"date": "1/17/2018", "number": "117", "contents": "<span class='description'>PRETRIAL 02/14/2018 9:00 AM - 306 3RD FLOOR, 501 W ADAMS ST JACKSONVILLE FL 32202</span> entered 01/17/2018.", "entry_date": "1/17/2018"}, {"date": "1/17/2018", "number": "116", "contents": "<span class='description'>DEFENDANT PRESENT IN JAIL</span> entered 01/17/2018.", "entry_date": "1/17/2018"}, {"date": "1/17/2018", "number": "115", "contents": "<span class='description'>ATTY. FOR DEF. HINCHEY, KATHERINE LITTELL</span> entered 01/17/2018.", "entry_date": "1/17/2018"}, {"date": "1/17/2018", "number": "114", "contents": "<span class='description'>ASST. STATE ATTY. LICANDRO, JOSEPH RUDOLPH</span> entered 01/17/2018.", "entry_date": "1/17/2018"}, {"date": "1/17/2018", "number": "113", "contents": "<span class='description'>JUDGE BORELLO, MARK</span> entered 01/17/2018.", "entry_date": "1/17/2018"}, {"date": "1/4/2018", "number": "112", "contents": "<span class='description'>PRETRIAL 01/17/2018 9:00 AM - 306 3RD FLOOR, 501 W ADAMS ST JACKSONVILLE FL 32202</span> entered 01/04/2018.", "entry_date": "1/4/2018"}, {"date": "1/4/2018", "number": "111", "contents": "<span class='description'>MOTION - - DEFENSE ORAL MOTION FOR CONTINUANCE - GRANTED</span> entered 01/04/2018.", "entry_date": "1/4/2018"}, {"date": "1/4/2018", "number": "110", "contents": "<span class='description'>DEFENDANT PRESENT IN JAIL</span> entered 01/04/2018.", "entry_date": "1/4/2018"}, {"date": "1/4/2018", "number": "109", "contents": "<span class='description'>ATTY. FOR DEF. HINCHEY, KATHERINE LITTELL</span> entered 01/04/2018.", "entry_date": "1/4/2018"}, {"date": "1/4/2018", "number": "108", "contents": "<span class='description'>ASST. STATE ATTY. LICANDRO, JOSEPH RUDOLPH</span> entered 01/04/2018.", "entry_date": "1/4/2018"}, {"date": "1/4/2018", "number": "107", "contents": "<span class='description'>JUDGE BORELLO, MARK</span> entered 01/04/2018.", "entry_date": "1/4/2018"}, {"date": "12/20/2017", "number": "106", "contents": "<span class='description'>STATE'S DISCOVERY EXHIBIT AND DEMAND FOR RECIPROCAL DISCOVERY</span> entered 12/20/2017.", "entry_date": "12/20/2017"}, {"date": "11/20/2017", "number": "105", "contents": "<span class='description'>TRIAL ASSISTANT STATE ATTORNEY CHANGED TO Licandro, Joseph Rudolph PER SAO</span> entered 11/20/2017.", "entry_date": "11/20/2017"}, {"date": "11/20/2017", "number": "104", "contents": "<span class='description'>1/25/18 FPT, 1/29/17 JS</span> entered 11/20/2017.", "entry_date": "11/20/2017"}, {"date": "11/20/2017", "number": "103", "contents": "<span class='description'>PRETRIAL 01/04/2018 9:00 AM - 306 3RD FLOOR, 501 W ADAMS ST JACKSONVILLE FL 32202</span> entered 11/20/2017.", "entry_date": "11/20/2017"}, {"date": "11/20/2017", "number": "102", "contents": "<span class='description'>DEFENDANT PRESENT IN JAIL</span> entered 11/20/2017.", "entry_date": "11/20/2017"}, {"date": "11/20/2017", "number": "101", "contents": "<span class='description'>ATTY. FOR DEF. KUHN, AMANDA MEGAN</span> entered 11/20/2017.", "entry_date": "11/20/2017"}, {"date": "11/20/2017", "number": "100", "contents": "<span class='description'>ASST. STATE ATTY. LICANDRO, JOSEPH RUDOLPH</span> entered 11/20/2017.", "entry_date": "11/20/2017"}, {"date": "11/20/2017", "number": "99", "contents": "<span class='description'>JUDGE BORELLO, MARK</span> entered 11/20/2017.", "entry_date": "11/20/2017"}, {"date": "11/6/2017", "number": "98", "contents": "<span class='description'>1/25/18 FPT, 1/29/18 JS</span> entered 11/06/2017.", "entry_date": "11/6/2017"}, {"date": "11/6/2017", "number": "97", "contents": "<span class='description'>PRETRIAL 11/20/2017 9:00 AM - 306 3RD FLOOR, 501 W ADAMS ST JACKSONVILLE FL 32202</span> entered 11/06/2017.", "entry_date": "11/6/2017"}, {"date": "11/6/2017", "number": "96", "contents": "<span class='description'>DEFENDANT PRESENT IN JAIL</span> entered 11/06/2017.", "entry_date": "11/6/2017"}, {"date": "11/6/2017", "number": "95", "contents": "<span class='description'>ATTY. FOR DEF. KUHN, AMANDA MEGAN</span> entered 11/06/2017.", "entry_date": "11/6/2017"}, {"date": "11/6/2017", "number": "94", "contents": "<span class='description'>ASST. STATE ATTY. POLIMENI, MATTHEW JOSEPH</span> entered 11/06/2017.", "entry_date": "11/6/2017"}, {"date": "11/6/2017", "number": "93", "contents": "<span class='description'>JUDGE BORELLO, MARK</span> entered 11/06/2017.", "entry_date": "11/6/2017"}, {"date": "10/31/2017", "number": "92", "contents": "<span class='description'>MOTION FOR MORE DEFINITE ADDRESS</span> entered 10/31/2017.", "entry_date": "10/31/2017"}, {"date": "10/17/2017", "number": "91", "contents": "<span class='description'>AFFIDAVIT/RETURN OF SERVICE</span> entered 10/17/2017.", "entry_date": "10/17/2017"}, {"date": "10/17/2017", "number": "90", "contents": "<span class='description'>AFFIDAVIT/RETURN OF SERVICE</span> entered 10/17/2017.", "entry_date": "10/17/2017"}, {"date": "10/10/2017", "number": "89", "contents": "<span class='description'>NOTICE OF TAKING DEPOSITION</span> entered 10/11/2017.", "entry_date": "10/11/2017"}, {"date": "10/3/2017", "number": "88", "contents": "<span class='description'>1/25/18 FPT, 1/29/18 JS</span> entered 10/03/2017.", "entry_date": "10/3/2017"}, {"date": "10/3/2017", "number": "87", "contents": "<span class='description'>PRETRIAL 11/06/2017 9:00 AM - 306 3RD FLOOR, 501 W ADAMS ST JACKSONVILLE FL 32202</span> entered 10/03/2017.", "entry_date": "10/3/2017"}, {"date": "10/3/2017", "number": "86", "contents": "<span class='description'>DEFENDANT PRESENT IN JAIL</span> entered 10/03/2017.", "entry_date": "10/3/2017"}, {"date": "10/3/2017", "number": "85", "contents": "<span class='description'>ATTY. FOR DEF. KUHN, AMANDA MEGAN</span> entered 10/03/2017.", "entry_date": "10/3/2017"}, {"date": "10/3/2017", "number": "84", "contents": "<span class='description'>ASST. STATE ATTY. POLIMENI, MATTHEW JOSEPH</span> entered 10/03/2017.", "entry_date": "10/3/2017"}, {"date": "10/3/2017", "number": "83", "contents": "<span class='description'>JUDGE BORELLO, MARK</span> entered 10/03/2017.", "entry_date": "10/3/2017"}, {"date": "9/21/2017", "number": "82", "contents": "<span class='description'>AFFIDAVIT/RETURN OF SERVICE</span> entered 09/22/2017.", "entry_date": "9/22/2017"}, {"date": "9/21/2017", "number": "81", "contents": "<span class='description'>AFFIDAVIT/RETURN OF SERVICE</span> entered 09/22/2017.", "entry_date": "9/22/2017"}, {"date": "9/19/2017", "number": "80", "contents": "<span class='description'>NOTICE OF TAKING DEPOSITION</span> entered 09/22/2017.", "entry_date": "9/22/2017"}, {"date": "8/30/2017", "number": "79", "contents": "<span class='description'>PRETRIAL 10/03/2017 9:00 AM - 306 3RD FLOOR, 501 W ADAMS ST JACKSONVILLE FL 32202</span> entered 08/30/2017.", "entry_date": "8/30/2017"}, {"date": "8/30/2017", "number": "78", "contents": "<span class='description'>DEFENDANT PRESENT IN JAIL</span> entered 08/30/2017.", "entry_date": "8/30/2017"}, {"date": "8/30/2017", "number": "77", "contents": "<span class='description'>ATTY. FOR DEF. KUHN, AMANDA MEGAN</span> entered 08/30/2017.", "entry_date": "8/30/2017"}, {"date": "8/30/2017", "number": "76", "contents": "<span class='description'>ASST. STATE ATTY. POLIMENI, MATTHEW JOSEPH</span> entered 08/30/2017.", "entry_date": "8/30/2017"}, {"date": "8/30/2017", "number": "75", "contents": "<span class='description'>JUDGE BORELLO, MARK</span> entered 08/30/2017.", "entry_date": "8/30/2017"}, {"date": "8/16/2017", "number": "74", "contents": "<span class='description'>NOTICE OF TAKING DEPOSITION</span> entered 08/16/2017.", "entry_date": "8/16/2017"}, {"date": "8/14/2017", "number": "73", "contents": "<span class='description'>1/25/18 FPT, 1/29/18 JS</span> entered 08/14/2017.", "entry_date": "8/14/2017"}, {"date": "8/14/2017", "number": "72", "contents": "<span class='description'>PRETRIAL 08/30/2017 9:00 AM - 306 3RD FLOOR, 501 W ADAMS ST JACKSONVILLE FL 32202</span> entered 08/14/2017.", "entry_date": "8/14/2017"}, {"date": "8/14/2017", "number": "71", "contents": "<span class='description'>DEFENDANT PRESENT IN JAIL</span> entered 08/14/2017.", "entry_date": "8/14/2017"}, {"date": "8/14/2017", "number": "70", "contents": "<span class='description'>ATTY. FOR DEF. KUHN, AMANDA MEGAN</span> entered 08/14/2017.", "entry_date": "8/14/2017"}, {"date": "8/14/2017", "number": "69", "contents": "<span class='description'>ASST. STATE ATTY. POLIMENI, MATTHEW JOSEPH</span> entered 08/14/2017.", "entry_date": "8/14/2017"}, {"date": "8/14/2017", "number": "68", "contents": "<span class='description'>JUDGE BORELLO, MARK</span> entered 08/14/2017.", "entry_date": "8/14/2017"}, {"date": "8/10/2017", "number": "67", "contents": "<span class='description'>SPECIFIC DISCOVERY REQUEST</span> entered 08/11/2017.", "entry_date": "8/11/2017"}, {"date": "8/10/2017", "number": "66", "contents": "<span class='description'>PRETRIAL 08/14/2017 9:00 AM - 306 3RD FLOOR, 501 W ADAMS ST JACKSONVILLE FL 32202</span> entered 08/10/2017.", "entry_date": "8/10/2017"}, {"date": "8/10/2017", "number": "65", "contents": "<span class='description'>DEFENDANT PRESENT IN JAIL</span> entered 08/10/2017.", "entry_date": "8/10/2017"}, {"date": "8/10/2017", "number": "64", "contents": "<span class='description'>ATTY. FOR DEF. KUHN, AMANDA MEGAN</span> entered 08/10/2017.", "entry_date": "8/10/2017"}, {"date": "8/10/2017", "number": "63", "contents": "<span class='description'>ASST. STATE ATTY. POLIMENI, MATTHEW JOSEPH</span> entered 08/10/2017.", "entry_date": "8/10/2017"}, {"date": "8/10/2017", "number": "62", "contents": "<span class='description'>JUDGE BORELLO, MARK</span> entered 08/10/2017.", "entry_date": "8/10/2017"}, {"date": "7/13/2017", "number": "61", "contents": "<span class='description'>NOTICE OF TAKING DEPOSITION</span> entered 07/14/2017.", "entry_date": "7/14/2017"}, {"date": "7/5/2017", "number": "60", "contents": "<span class='description'>PRETRIAL 08/10/2017 9:00 AM - 306 3RD FLOOR, 501 W ADAMS ST JACKSONVILLE FL 32202</span> entered 07/05/2017.", "entry_date": "7/5/2017"}, {"link_viewer": "https://www.docketalarm.com/cases/Florida_State_Duval_County_Fourth_Circuit_Court/2017-CF-003079/JIHAD_ABDUL_SMITH/59/", "number": "59", "link": "https://www.docketalarm.com/cases/Florida_State_Duval_County_Fourth_Circuit_Court/2017-CF-003079/JIHAD_ABDUL_SMITH/docs/59.pdf", "entry_date": "7/5/2017", "date": "7/5/2017", "contents": "<a href=\"/cases/Florida_State_Duval_County_Fourth_Circuit_Court/2017-CF-003079/JIHAD_ABDUL_SMITH/59/\"><span class='description'>** WAIVER OF SPEEDY TRIAL **</span></a> entered 07/05/2017."}, {"date": "7/5/2017", "number": "58", "contents": "<span class='description'>DEFENDANT PRESENT IN JAIL</span> entered 07/05/2017.", "entry_date": "7/5/2017"}, {"date": "7/5/2017", "number": "57", "contents": "<span class='description'>ATTY. FOR DEF. KUHN, AMANDA MEGAN</span> entered 07/05/2017.", "entry_date": "7/5/2017"}, {"date": "7/5/2017", "number": "56", "contents": "<span class='description'>ASST. STATE ATTY. POLIMENI, MATTHEW JOSEPH</span> entered 07/05/2017.", "entry_date": "7/5/2017"}, {"date": "7/5/2017", "number": "55", "contents": "<span class='description'>JUDGE BORELLO, MARK</span> entered 07/05/2017.", "entry_date": "7/5/2017"}, {"date": "6/26/2017", "number": "54", "contents": "<span class='description'>PER JA E-MAIL</span> entered 06/26/2017.", "entry_date": "6/26/2017"}, {"date": "6/26/2017", "number": "53", "contents": "<span class='description'>PRETRIAL 07/05/2017 9:00 AM - 306 3RD FLOOR, 501 W ADAMS ST JACKSONVILLE FL 32202</span> entered 06/26/2017.", "entry_date": "6/26/2017"}, {"date": "6/26/2017", "number": "52", "contents": "<span class='description'>&gt; CANCEL REASON -</span> entered 06/26/2017.", "entry_date": "6/26/2017"}, {"date": "6/26/2017", "number": "51", "contents": "<span class='description'>CANCELLED PRETRIAL ON 7/3/2017 9:00:00 AM</span> entered 06/26/2017.", "entry_date": "6/26/2017"}, {"date": "6/12/2017", "number": "50", "contents": "<span class='description'>PRETRIAL 07/03/2017 9:00 AM - 306 3RD FLOOR, 501 W ADAMS ST JACKSONVILLE FL 32202</span> entered 06/12/2017.", "entry_date": "6/12/2017"}, {"date": "6/12/2017", "number": "49", "contents": "<span class='description'>DEFENDANT PRESENT IN JAIL</span> entered 06/12/2017.", "entry_date": "6/12/2017"}, {"date": "6/12/2017", "number": "48", "contents": "<span class='description'>ATTY. FOR DEF. KUHN, AMANDA MEGAN</span> entered 06/12/2017.", "entry_date": "6/12/2017"}, {"date": "6/12/2017", "number": "47", "contents": "<span class='description'>ASST. STATE ATTY. POLIMENI, MATTHEW JOSEPH</span> entered 06/12/2017.", "entry_date": "6/12/2017"}, {"date": "6/12/2017", "number": "46", "contents": "<span class='description'>JUDGE BORELLO, MARK</span> entered 06/12/2017.", "entry_date": "6/12/2017"}, {"date": "5/22/2017", "number": "45", "contents": "<span class='description'>PRETRIAL 06/12/2017 9:00 AM - 306 3RD FLOOR, 501 W ADAMS ST JACKSONVILLE FL 32202</span> entered 05/22/2017.", "entry_date": "5/22/2017"}, {"date": "5/22/2017", "number": "44", "contents": "<span class='description'>PLEA OF NOT GUILTY</span> entered 05/22/2017.", "entry_date": "5/22/2017"}, {"date": "5/22/2017", "number": "43", "contents": "<span class='description'>PLEA OF NOT GUILTY</span> entered 05/22/2017.", "entry_date": "5/22/2017"}, {"date": "5/22/2017", "number": "42", "contents": "<span class='description'>PLEA OF NOT GUILTY</span> entered 05/22/2017.", "entry_date": "5/22/2017"}, {"date": "5/22/2017", "number": "41", "contents": "<span class='description'>PLEA OF NOT GUILTY</span> entered 05/22/2017.", "entry_date": "5/22/2017"}, {"date": "5/22/2017", "number": "40", "contents": "<span class='description'>DEF. W/READING OF INFO &amp; PLEAD NOT GUILTY</span> entered 05/22/2017.", "entry_date": "5/22/2017"}, {"date": "5/22/2017", "number": "39", "contents": "<span class='description'>PUBLIC DEFENDER PERMITTED TO WITHDRAW AS COUNSEL FOR DEF.</span> entered 05/22/2017.", "entry_date": "5/22/2017"}, {"date": "5/22/2017", "number": "38", "contents": "<span class='description'>OTHERS PRESENT: RCC: K HINCHEY FOR A. KUHN</span> entered 05/22/2017.", "entry_date": "5/22/2017"}, {"date": "5/22/2017", "number": "37", "contents": "<span class='description'>DEFENDANT PRESENT IN JAIL</span> entered 05/22/2017.", "entry_date": "5/22/2017"}, {"date": "5/22/2017", "number": "36", "contents": "<span class='description'>ATTY. FOR DEF. KUHN, AMANDA MEGAN</span> entered 05/22/2017.", "entry_date": "5/22/2017"}, {"date": "5/22/2017", "number": "35", "contents": "<span class='description'>ASST. STATE ATTY. POLIMENI, MATTHEW JOSEPH</span> entered 05/22/2017.", "entry_date": "5/22/2017"}, {"date": "5/22/2017", "number": "34", "contents": "<span class='description'>JUDGE BORELLO, MARK</span> entered 05/22/2017.", "entry_date": "5/22/2017"}, {"date": "5/18/2017", "number": "33", "contents": "<span class='description'>PER JA E-MAIL</span> entered 05/18/2017.", "entry_date": "5/18/2017"}, {"date": "5/18/2017", "number": "32", "contents": "<span class='description'>ARRAIGNMENT DATE 05/22/2017 9:00 AM - 306 3RD FLOOR, 501 W ADAMS ST JACKSONVILLE FL 32202</span> entered 05/18/2017.", "entry_date": "5/18/2017"}, {"date": "5/18/2017", "number": "31", "contents": "<span class='description'>&gt; CANCEL REASON -</span> entered 05/18/2017.", "entry_date": "5/18/2017"}, {"date": "5/18/2017", "number": "30", "contents": "<span class='description'>CANCELLED ARRAIGNMENT DATE ON 5/24/2017 9:00:00 AM</span> entered 05/18/2017.", "entry_date": "5/18/2017"}, {"date": "5/17/2017", "number": "29", "contents": "<span class='description'>TRIAL ASSISTANT STATE ATTORNEY CHANGED TO Polimeni, Matthew Joseph PER SAO</span> entered 05/17/2017.", "entry_date": "5/17/2017"}, {"date": "5/12/2017", "number": "28", "contents": "<span class='description'>ARRAIGNMENT DATE 05/24/2017 9:00 AM - 306 3RD FLOOR, 501 W ADAMS ST JACKSONVILLE FL 32202</span> entered 05/16/2017.", "entry_date": "5/16/2017"}, {"date": "5/12/2017", "number": "27", "contents": "<span class='description'>&gt; OFFENDER # 2017-002334 ARREST DATE 5/10/2017</span> entered 05/16/2017.", "entry_date": "5/16/2017"}, {"date": "5/12/2017", "number": "26", "contents": "<span class='description'>ARREST &amp; BOOKING REPORT 2017-002334 05/10/2017</span> entered 05/16/2017.", "entry_date": "5/16/2017"}, {"date": "5/12/2017", "number": "25", "contents": "<span class='description'>CAPIAS RETURNED - SERVED</span> entered 05/16/2017.", "entry_date": "5/16/2017"}, {"date": "5/9/2017", "number": "24", "contents": "<span class='description'>CONTROL NUMBER 1517299 eWarrant</span> entered 05/09/2017.", "entry_date": "5/9/2017"}, {"date": "5/9/2017", "number": "23", "contents": "<span class='description'>RECEIPT FOR WARRANT</span> entered 05/09/2017.", "entry_date": "5/9/2017"}, {"date": "5/9/2017", "number": "22", "contents": "<span class='description'>CERTIFICATION OF FILING DIRECT INFO ON JUVENILE</span> entered 05/09/2017.", "entry_date": "5/9/2017"}, {"date": "5/9/2017", "number": "21", "contents": "<span class='description'>CAPIAS ORDERED &amp; ISSUED</span> entered 05/09/2017.", "entry_date": "5/9/2017"}, {"date": "5/9/2017", "number": "20", "contents": "<span class='description'>INFORMATION FILED S790.23(1)(B) POSSESSION OF A FIREARM BY A JUVENILE DELINQUENT FOUND TO HAVE COMMITTED A FELONY ACT</span> entered 05/09/2017.", "entry_date": "5/9/2017"}, {"date": "5/9/2017", "number": "19", "contents": "<span class='description'>INFORMATION FILED S918.13(1)(A) TAMPERING WITH EVIDENCE</span> entered 05/09/2017.", "entry_date": "5/9/2017"}, {"date": "5/9/2017", "number": "18", "contents": "<span class='description'>INFORMATION FILED S812.13(2)(A) ARMED ROBBERY</span> entered 05/09/2017.", "entry_date": "5/9/2017"}, {"date": "5/9/2017", "number": "17", "contents": "<span class='description'>INFORMATION FILED S782.04(2) MURDER IN THE SECOND DEGREE</span> entered 05/09/2017.", "entry_date": "5/9/2017"}, {"date": "4/12/2017", "number": "16", "contents": "<span class='description'>NOTICE OF DISCOVERY &amp; SPECIFIC DEMAND FOR INFORMATION</span> entered 04/13/2017.", "entry_date": "4/13/2017"}, {"link_viewer": "https://www.docketalarm.com/cases/Florida_State_Duval_County_Fourth_Circuit_Court/2017-CF-003079/JIHAD_ABDUL_SMITH/15/", "number": "15", "link": "https://www.docketalarm.com/cases/Florida_State_Duval_County_Fourth_Circuit_Court/2017-CF-003079/JIHAD_ABDUL_SMITH/docs/15.pdf", "entry_date": "4/10/2017", "date": "4/10/2017", "contents": "<a href=\"/cases/Florida_State_Duval_County_Fourth_Circuit_Court/2017-CF-003079/JIHAD_ABDUL_SMITH/15/\"><span class='description'>REGIONAL CONFLICT COUNSEL RESPONSE - ACCEPT</span></a> entered 04/10/2017."}, {"link_viewer": "https://www.docketalarm.com/cases/Florida_State_Duval_County_Fourth_Circuit_Court/2017-CF-003079/JIHAD_ABDUL_SMITH/14/", "number": "14", "link": "https://www.docketalarm.com/cases/Florida_State_Duval_County_Fourth_Circuit_Court/2017-CF-003079/JIHAD_ABDUL_SMITH/docs/14.pdf", "entry_date": "4/10/2017", "date": "4/10/2017", "contents": "<a href=\"/cases/Florida_State_Duval_County_Fourth_Circuit_Court/2017-CF-003079/JIHAD_ABDUL_SMITH/14/\"><span class='description'>NOTIFICATION OF ATTORNEY CONFLICT</span></a> entered 04/10/2017."}, {"date": "4/7/2017", "number": "13", "contents": "<span class='description'>CERTIFICATE OF CONFLICT &amp; MOTION TO WITHDRAW</span> entered 04/10/2017.", "entry_date": "4/10/2017"}, {"date": "4/1/2017", "number": "12", "contents": "<span class='description'>ARRAIGNMENT COURT DATE: 04/24/2017 SUBJECT TO CHANGE. CALL FOR VERIFICATION</span> entered 04/04/2017.", "entry_date": "4/4/2017"}, {"link_viewer": "https://www.docketalarm.com/cases/Florida_State_Duval_County_Fourth_Circuit_Court/2017-CF-003079/JIHAD_ABDUL_SMITH/11/", "number": "11", "link": "https://www.docketalarm.com/cases/Florida_State_Duval_County_Fourth_Circuit_Court/2017-CF-003079/JIHAD_ABDUL_SMITH/docs/11.pdf", "entry_date": "4/4/2017", "date": "4/1/2017", "contents": "<a href=\"/cases/Florida_State_Duval_County_Fourth_Circuit_Court/2017-CF-003079/JIHAD_ABDUL_SMITH/11/\"><span class='description'>FINDING OF PROBABLE CAUSE ,</span></a> entered 04/04/2017."}, {"date": "4/1/2017", "number": "10", "contents": "<span class='description'>PD APP FEE 50.00 IMPOSED</span> entered 04/04/2017.", "entry_date": "4/4/2017"}, {"link_viewer": "https://www.docketalarm.com/cases/Florida_State_Duval_County_Fourth_Circuit_Court/2017-CF-003079/JIHAD_ABDUL_SMITH/9/", "number": "9", "link": "https://www.docketalarm.com/cases/Florida_State_Duval_County_Fourth_Circuit_Court/2017-CF-003079/JIHAD_ABDUL_SMITH/docs/9.pdf", "entry_date": "4/4/2017", "date": "4/1/2017", "contents": "<a href=\"/cases/Florida_State_Duval_County_Fourth_Circuit_Court/2017-CF-003079/JIHAD_ABDUL_SMITH/9/\"><span class='description'>DEFENDANT DECLARED INDIGENT, ORDER APPOINTING PUBLIC DEFENDER - FILED</span></a> entered 04/04/2017."}, {"link_viewer": "https://www.docketalarm.com/cases/Florida_State_Duval_County_Fourth_Circuit_Court/2017-CF-003079/JIHAD_ABDUL_SMITH/8/", "number": "8", "link": "https://www.docketalarm.com/cases/Florida_State_Duval_County_Fourth_Circuit_Court/2017-CF-003079/JIHAD_ABDUL_SMITH/docs/8.pdf", "entry_date": "4/4/2017", "date": "4/1/2017", "contents": "<a href=\"/cases/Florida_State_Duval_County_Fourth_Circuit_Court/2017-CF-003079/JIHAD_ABDUL_SMITH/8/\"><span class='description'>APPLICATION FOR CRIMINAL INDIGENT STATUS - FILED</span></a> entered 04/04/2017."}, {"date": "4/1/2017", "number": "7", "contents": "<span class='description'>BOND SET AT $250,003.00</span> entered 04/04/2017.", "entry_date": "4/4/2017"}, {"date": "4/1/2017", "number": "6", "contents": "<span class='description'>BOND SET AT $250,003.00</span> entered 04/04/2017.", "entry_date": "4/4/2017"}, {"date": "4/1/2017", "number": "5", "contents": "<span class='description'>BOND SET AT $500,003.00</span> entered 04/04/2017.", "entry_date": "4/4/2017"}, {"date": "4/1/2017", "number": "4", "contents": "<span class='description'>S918.13 EVIDENCE - TAMPERING WITH OR FABRICATING</span> entered 04/04/2017.", "entry_date": "4/4/2017"}, {"date": "4/1/2017", "number": "3", "contents": "<span class='description'>S812.13(2)(A) ROBBERY - ARMED WITH FIREARM OR DEADLYWEAPON</span> entered 04/04/2017.", "entry_date": "4/4/2017"}, {"date": "4/1/2017", "number": "2", "contents": "<span class='description'>S782.04(1)(A) MURDER - FIRST DEGREE</span> entered 04/04/2017.", "entry_date": "4/4/2017"}, {"date": "4/1/2017", "number": "1", "contents": "<span class='description'>ARREST &amp; BOOKING REPORT 2017-002334 1/26/2017</span> entered 04/04/2017.", "entry_date": "4/4/2017"}], "analyze": {"last_analyze": "6/22/2020"}, "success": true, "parties": [{"race": "B", "name_normalized": "Jihad Abdul Smith", "name": "JIHAD ABDUL SMITH", "sex": "Male", "other": [], "type": "Defendant"}]}