{"info": {"status": "DISPOSED", "division": "CR-B", "judges": ["BASS, LESTER B."], "court": "Florida State, Duval County, Fourth Circuit Court", "title": "DEVON RASHAD BAKER", "date_filed": "7/12/2018", "link": "https://www.docketalarm.com/cases/Florida_State_Duval_County_Fourth_Circuit_Court/2018-CF-006919/DEVON_RASHAD_BAKER/", "judges_normalized": ["Bass Lester B."], "judge": "BASS, LESTER B.", "type": "Circuit Criminal", "docket": "2018-CF-006919"}, "docket_report": [{"date": "4/23/2020", "number": "280", "contents": "<span class='description'>ORDER ON MT. FOR PAYMENT OF ATTORNEY'S FEES IN EXCESS OF THE STATUTORY CAP PURSUANT TO SECTION 27.5304(12) OF THE F.S.</span> entered 04/23/2020.", "entry_date": "4/23/2020"}, {"date": "4/1/2020", "number": "279", "contents": "<span class='description'>ORDER SETTING HEARING ON MOTION FOR PAYMENT OF ATTORNEY'S FEES, COSTS OR RELATED EXPENSES</span> entered 04/03/2020.", "entry_date": "4/3/2020"}, {"date": "3/29/2020", "number": "278", "contents": "<span class='description'>MOTION FOR PAYMENT OF ATTORNEY FEES, IN EXCESS OF THE STATUTORY CAP PURSUANT TO SECTION 27.5304(12) OF THE F.S.</span> entered 03/31/2020.", "entry_date": "3/31/2020"}, {"date": "11/13/2019", "number": "277", "contents": "<span class='description'>COURT ORDER RETURNING EVIDENCE</span> entered 11/13/2019.", "entry_date": "11/13/2019"}, {"date": "11/7/2019", "number": "275", "contents": "<span class='description'>NOL PROS (CODE 4) S790.23(1)(A) POSSESSION OF A FIREARM BY A CONVICTED FELON</span> entered 11/07/2019.", "entry_date": "11/7/2019"}, {"date": "11/7/2019", "number": "274", "contents": "<span class='description'>DEF. FOUND NOT GUILTY</span> entered 11/07/2019.", "entry_date": "11/7/2019"}, {"date": "11/7/2019", "number": "273", "contents": "<span class='description'>DEF. FOUND NOT GUILTY</span> entered 11/07/2019.", "entry_date": "11/7/2019"}, {"date": "11/7/2019", "number": "272", "contents": "<span class='description'>DEF. FOUND NOT GUILTY</span> entered 11/07/2019.", "entry_date": "11/7/2019"}, {"date": "11/7/2019", "number": "271", "contents": "<span class='description'>DEF. FOUND NOT GUILTY</span> entered 11/07/2019.", "entry_date": "11/7/2019"}, {"date": "11/7/2019", "number": "270", "contents": "<span class='description'>JUROR QUESTION \u2013 FILED</span> entered 11/07/2019.", "entry_date": "11/7/2019"}, {"date": "11/7/2019", "number": "269", "contents": "<span class='description'>JUROR QUESTION \u2013 FILED</span> entered 11/07/2019.", "entry_date": "11/7/2019"}, {"date": "11/7/2019", "number": "268", "contents": "<span class='description'>JURY INSTRUCTIONS \u2013 FILED</span> entered 11/07/2019.", "entry_date": "11/7/2019"}, {"date": "11/7/2019", "number": "267", "contents": "<span class='description'>CLERKS EXHIBIT MEMO</span> entered 11/07/2019.", "entry_date": "11/7/2019"}, {"date": "11/7/2019", "number": "266", "contents": "<span class='description'>CLERKS MEMO OF TRIAL</span> entered 11/07/2019.", "entry_date": "11/7/2019"}, {"date": "11/7/2019", "number": "265", "contents": "<span class='description'>JURY DISCHARGED</span> entered 11/07/2019.", "entry_date": "11/7/2019"}, {"date": "11/7/2019", "number": "264", "contents": "<span class='description'>JURY POLLED</span> entered 11/07/2019.", "entry_date": "11/7/2019"}, {"date": "11/7/2019", "number": "263", "contents": "<span class='description'>VERDICT- NOT GUILTY</span> entered 11/07/2019.", "entry_date": "11/7/2019"}, {"date": "11/7/2019", "number": "262", "contents": "<span class='description'>VERDICT- NOT GUILTY</span> entered 11/07/2019.", "entry_date": "11/7/2019"}, {"date": "11/7/2019", "number": "261", "contents": "<span class='description'>VERDICT- NOT GUILTY</span> entered 11/07/2019.", "entry_date": "11/7/2019"}, {"date": "11/7/2019", "number": "260", "contents": "<span class='description'>VERDICT- NOT GUILTY</span> entered 11/07/2019.", "entry_date": "11/7/2019"}, {"date": "11/7/2019", "number": "259", "contents": "<span class='description'>JURY IN AT 2:17 PM; BUZZED WITH QUESTION AT 3:01 PM - JURY OUT AT 4:09 PM</span> entered 11/07/2019.", "entry_date": "11/7/2019"}, {"date": "11/7/2019", "number": "258", "contents": "<span class='description'>INSTRUCTIONS TO JURY IN - FULL</span> entered 11/07/2019.", "entry_date": "11/7/2019"}, {"date": "11/7/2019", "number": "257", "contents": "<span class='description'>CLOSING ARGUMENTS IN: FULL BY THE STATE AND DEFENSE</span> entered 11/07/2019.", "entry_date": "11/7/2019"}, {"date": "11/7/2019", "number": "256", "contents": "<span class='description'>DEFENSE RENEWS ORAL MOTION FOR JUDGMENT OF ACQUITTAL - DENIED</span> entered 11/07/2019.", "entry_date": "11/7/2019"}, {"date": "11/7/2019", "number": "255", "contents": "<span class='description'>DEFENSE RESTS</span> entered 11/07/2019.", "entry_date": "11/7/2019"}, {"date": "11/7/2019", "number": "254", "contents": "<span class='description'>JURY TRIAL HELD</span> entered 11/07/2019.", "entry_date": "11/7/2019"}, {"date": "11/7/2019", "number": "253", "contents": "<span class='description'>DEFENDANT PRESENT IN JAIL</span> entered 11/07/2019.", "entry_date": "11/7/2019"}, {"date": "11/7/2019", "number": "252", "contents": "<span class='description'>ATTY. FOR DEF. SCHLAX, JULIE AGENT</span> entered 11/07/2019.", "entry_date": "11/7/2019"}, {"date": "11/7/2019", "number": "251", "contents": "<span class='description'>OTHERS PRESENT: ASA K. JOHNSTON</span> entered 11/07/2019.", "entry_date": "11/7/2019"}, {"date": "11/7/2019", "number": "250", "contents": "<span class='description'>ASST. STATE ATTY. MILO, M KOREY</span> entered 11/07/2019.", "entry_date": "11/7/2019"}, {"date": "11/7/2019", "number": "249", "contents": "<span class='description'>JUDGE BASS, LESTER B.</span> entered 11/07/2019.", "entry_date": "11/7/2019"}, {"date": "11/6/2019", "number": "248", "contents": "<span class='description'>JURY TRIAL 11/07/2019 9:00 AM - 408 4TH FLOOR, 501 W ADAMS ST JACKSONVILLE FL 32202</span> entered 11/06/2019.", "entry_date": "11/6/2019"}, {"date": "11/6/2019", "number": "247", "contents": "<span class='description'>CHARGE CONFERENCE HELD IN - FULL</span> entered 11/06/2019.", "entry_date": "11/6/2019"}, {"date": "11/6/2019", "number": "246", "contents": "<span class='description'>DEFENSE RENEWS ORAL MOTION FOR JUDGMENT OF ACQUITTAL - DENIED</span> entered 11/06/2019.", "entry_date": "11/6/2019"}, {"date": "11/6/2019", "number": "245", "contents": "<span class='description'>STATE RESTS</span> entered 11/06/2019.", "entry_date": "11/6/2019"}, {"date": "11/6/2019", "number": "244", "contents": "<span class='description'>EVIDENCE TO JURY IN FULL FULL</span> entered 11/06/2019.", "entry_date": "11/6/2019"}, {"date": "11/6/2019", "number": "243", "contents": "<span class='description'>JURY TRIAL HELD</span> entered 11/06/2019.", "entry_date": "11/6/2019"}, {"date": "11/6/2019", "number": "242", "contents": "<span class='description'>DEFENDANT PRESENT IN JAIL</span> entered 11/06/2019.", "entry_date": "11/6/2019"}, {"date": "11/6/2019", "number": "241", "contents": "<span class='description'>ATTY. FOR DEF. SCHLAX, JULIE AGENT</span> entered 11/06/2019.", "entry_date": "11/6/2019"}, {"date": "11/6/2019", "number": "240", "contents": "<span class='description'>OTHERS PRESENT: ASA K. JOHNSTON</span> entered 11/06/2019.", "entry_date": "11/6/2019"}, {"date": "11/6/2019", "number": "239", "contents": "<span class='description'>ASST. STATE ATTY. MILO, M KOREY</span> entered 11/06/2019.", "entry_date": "11/6/2019"}, {"date": "11/6/2019", "number": "238", "contents": "<span class='description'>JUDGE BASS, LESTER B.</span> entered 11/06/2019.", "entry_date": "11/6/2019"}, {"date": "11/5/2019", "number": "237", "contents": "<span class='description'>JURY TRIAL 11/06/2019 9:00 AM - 408 4TH FLOOR, 501 W ADAMS ST JACKSONVILLE FL 32202</span> entered 11/05/2019.", "entry_date": "11/5/2019"}, {"date": "11/5/2019", "number": "236", "contents": "<span class='description'>STIPULATION TO IDENTIFY OF DECEASED/FILED</span> entered 11/05/2019.", "entry_date": "11/5/2019"}, {"date": "11/5/2019", "number": "235", "contents": "<span class='description'>EVIDENCE TO JURY IN PART STATE'S</span> entered 11/05/2019.", "entry_date": "11/5/2019"}, {"date": "11/5/2019", "number": "234", "contents": "<span class='description'>OPENING STATEMENTS TO JURY IN FULL</span> entered 11/05/2019.", "entry_date": "11/5/2019"}, {"date": "11/5/2019", "number": "233", "contents": "<span class='description'>RULE INVOKED</span> entered 11/05/2019.", "entry_date": "11/5/2019"}, {"date": "11/5/2019", "number": "232", "contents": "<span class='description'>JURY TRIAL HELD</span> entered 11/05/2019.", "entry_date": "11/5/2019"}, {"date": "11/5/2019", "number": "231", "contents": "<span class='description'>DEFENDANT PRESENT IN JAIL</span> entered 11/05/2019.", "entry_date": "11/5/2019"}, {"date": "11/5/2019", "number": "230", "contents": "<span class='description'>ATTY. FOR DEF. SCHLAX, JULIE AGENT</span> entered 11/05/2019.", "entry_date": "11/5/2019"}, {"date": "11/5/2019", "number": "229", "contents": "<span class='description'>OTHERS PRESENT: ASA K. JOHNSTON</span> entered 11/05/2019.", "entry_date": "11/5/2019"}, {"date": "11/5/2019", "number": "228", "contents": "<span class='description'>ASST. STATE ATTY. MILO, M KOREY</span> entered 11/05/2019.", "entry_date": "11/5/2019"}, {"date": "11/5/2019", "number": "227", "contents": "<span class='description'>JUDGE BASS, LESTER B.</span> entered 11/05/2019.", "entry_date": "11/5/2019"}, {"date": "11/4/2019", "number": "226", "contents": "<span class='description'>@ 10:30 AM</span> entered 11/04/2019.", "entry_date": "11/4/2019"}, {"date": "11/4/2019", "number": "225", "contents": "<span class='description'>JURY TRIAL 11/05/2019 9:00 AM - 408 4TH FLOOR, 501 W ADAMS ST JACKSONVILLE FL 32202</span> entered 11/04/2019.", "entry_date": "11/4/2019"}, {"date": "11/4/2019", "number": "224", "contents": "<span class='description'>JURY SELECTED</span> entered 11/04/2019.", "entry_date": "11/4/2019"}, {"date": "11/4/2019", "number": "223", "contents": "<span class='description'>JURY SELECTION HELD IN - FULL</span> entered 11/04/2019.", "entry_date": "11/4/2019"}, {"date": "11/4/2019", "number": "222", "contents": "<span class='description'>DEFENDANT PRESENT IN JAIL</span> entered 11/04/2019.", "entry_date": "11/4/2019"}, {"date": "11/4/2019", "number": "221", "contents": "<span class='description'>ATTY. FOR DEF. SCHLAX, JULIE AGENT</span> entered 11/04/2019.", "entry_date": "11/4/2019"}, {"date": "11/4/2019", "number": "220", "contents": "<span class='description'>OTHERS PRESENT: ASA K. JOHNSTON</span> entered 11/04/2019.", "entry_date": "11/4/2019"}, {"date": "11/4/2019", "number": "219", "contents": "<span class='description'>ASST. STATE ATTY. MILO, M KOREY</span> entered 11/04/2019.", "entry_date": "11/4/2019"}, {"date": "11/4/2019", "number": "218", "contents": "<span class='description'>JUDGE BASS, LESTER B.</span> entered 11/04/2019.", "entry_date": "11/4/2019"}, {"date": "10/29/2019", "number": "217", "contents": "<span class='description'>AFFIDAVIT/RETURN OF SERVICE (3 FILED)</span> entered 10/29/2019.", "entry_date": "10/29/2019"}, {"date": "10/28/2019", "number": "216", "contents": "<span class='description'>&gt; BRIAN HUGHES, SAO OFFICE</span> entered 10/28/2019.", "entry_date": "10/28/2019"}, {"date": "10/28/2019", "number": "215", "contents": "<span class='description'>ORDER RELEASING EVIDENCE &amp; PROPERTY\u2014EVIDENCE RELEASED BY THE CLERK TO:</span> entered 10/28/2019.", "entry_date": "10/28/2019"}, {"date": "10/28/2019", "number": "214", "contents": "<span class='description'>MOTION TO COMPEL FINGERPRINT SPECIMENS</span> entered 10/28/2019.", "entry_date": "10/28/2019"}, {"date": "10/28/2019", "number": "213", "contents": "<span class='description'>COURT DATE PREVIOUSLY SET - 11/4/19 JS; 49 JURORS @ 10:00 AM</span> entered 10/28/2019.", "entry_date": "10/28/2019"}, {"date": "10/28/2019", "number": "212", "contents": "<span class='description'>ORDER TO COMPEL - ENTERED</span> entered 10/28/2019.", "entry_date": "10/28/2019"}, {"date": "10/28/2019", "number": "211", "contents": "<span class='description'>ORDER TO COMPEL - ENTERED</span> entered 10/28/2019.", "entry_date": "10/28/2019"}, {"date": "10/28/2019", "number": "210", "contents": "<span class='description'>DEFENDANT PRESENT IN JAIL</span> entered 10/28/2019.", "entry_date": "10/28/2019"}, {"date": "10/28/2019", "number": "209", "contents": "<span class='description'>ATTY. FOR DEF. SCHLAX, JULIE AGENT</span> entered 10/28/2019.", "entry_date": "10/28/2019"}, {"date": "10/28/2019", "number": "208", "contents": "<span class='description'>ASST. STATE ATTY. MILO, M KOREY</span> entered 10/28/2019.", "entry_date": "10/28/2019"}, {"date": "10/28/2019", "number": "207", "contents": "<span class='description'>JUDGE BASS, LESTER B.</span> entered 10/28/2019.", "entry_date": "10/28/2019"}, {"date": "10/25/2019", "number": "206", "contents": "<span class='description'>MOTION TO COMPEL BODY MATERIAL SAMPLES</span> entered 10/28/2019.", "entry_date": "10/28/2019"}, {"date": "10/23/2019", "number": "205", "contents": "<span class='description'>DISCLOSURE TO PROSECUTION</span> entered 10/24/2019.", "entry_date": "10/24/2019"}, {"date": "10/23/2019", "number": "204", "contents": "<span class='description'>ORDER RELEASING EVIDENCE</span> entered 10/24/2019.", "entry_date": "10/24/2019"}, {"date": "10/23/2019", "number": "203", "contents": "<span class='description'>MOTION TO RELEASE EVIDENCE</span> entered 10/23/2019.", "entry_date": "10/23/2019"}, {"date": "10/23/2019", "number": "202", "contents": "<span class='description'>MOTION TO RELEASE EVIDENCE</span> entered 10/23/2019.", "entry_date": "10/23/2019"}, {"date": "10/16/2019", "number": "201", "contents": "<span class='description'>RECEIPT FOR CIVIL PROCESS, JAIL, WARRANTS</span> entered 10/17/2019.", "entry_date": "10/17/2019"}, {"date": "10/16/2019", "number": "200", "contents": "<span class='description'>ORDER TO TRANSPORT (RETURNING)</span> entered 10/16/2019.", "entry_date": "10/16/2019"}, {"date": "10/14/2019", "number": "199", "contents": "<span class='description'>MOTION TO RETURN PRISONER TO DUVAL COUNTY FLORIDA</span> entered 10/15/2019.", "entry_date": "10/15/2019"}, {"date": "10/8/2019", "number": "198", "contents": "<span class='description'>COURT DATE PREVIOUSLY SET 10-28 FPT, 11-4 J/S</span> entered 10/08/2019.", "entry_date": "10/8/2019"}, {"date": "10/8/2019", "number": "197", "contents": "<span class='description'>DEFENDANT APPEARANCE WAIVED</span> entered 10/08/2019.", "entry_date": "10/8/2019"}, {"date": "10/8/2019", "number": "196", "contents": "<span class='description'>ATTY. FOR DEF. SCHLAX, JULIE AGENT</span> entered 10/08/2019.", "entry_date": "10/8/2019"}, {"date": "10/8/2019", "number": "195", "contents": "<span class='description'>ASST. STATE ATTY. MILO, M KOREY</span> entered 10/08/2019.", "entry_date": "10/8/2019"}, {"date": "10/8/2019", "number": "194", "contents": "<span class='description'>JUDGE BASS, LESTER B.</span> entered 10/08/2019.", "entry_date": "10/8/2019"}, {"date": "9/18/2019", "number": "193", "contents": "<span class='description'>10/28/19 FPT; 11/04/19 JS</span> entered 09/18/2019.", "entry_date": "9/18/2019"}, {"date": "9/18/2019", "number": "192", "contents": "<span class='description'>PRETRIAL 10/08/2019 9:00 AM - 408 4TH FLOOR, 501 W ADAMS ST JACKSONVILLE FL 32202</span> entered 09/18/2019.", "entry_date": "9/18/2019"}, {"date": "9/18/2019", "number": "191", "contents": "<span class='description'>11/04/19 JS</span> entered 09/18/2019.", "entry_date": "9/18/2019"}, {"date": "9/18/2019", "number": "190", "contents": "<span class='description'>FINAL PRETRIAL 10/28/2019 9:00 AM - 408 4TH FLOOR, 501 W ADAMS ST JACKSONVILLE FL 32202</span> entered 09/18/2019.", "entry_date": "9/18/2019"}, {"date": "9/18/2019", "number": "189", "contents": "<span class='description'>JURY SELECTION 11/04/2019 9:00 AM - 408 4TH FLOOR, 501 W ADAMS ST JACKSONVILLE FL 32202</span> entered 09/18/2019.", "entry_date": "9/18/2019"}, {"date": "9/18/2019", "number": "188", "contents": "<span class='description'>&gt; CANCEL REASON - STRIKE</span> entered 09/18/2019.", "entry_date": "9/18/2019"}, {"date": "9/18/2019", "number": "187", "contents": "<span class='description'>CANCELLED JURY SELECTION ON 9/30/2019 9:00:00 AM</span> entered 09/18/2019.", "entry_date": "9/18/2019"}, {"date": "9/18/2019", "number": "186", "contents": "<span class='description'>&gt; CANCEL REASON - STRIKE</span> entered 09/18/2019.", "entry_date": "9/18/2019"}, {"date": "9/18/2019", "number": "185", "contents": "<span class='description'>CANCELLED FINAL PRETRIAL ON 9/23/2019 9:00:00 AM</span> entered 09/18/2019.", "entry_date": "9/18/2019"}, {"date": "9/18/2019", "number": "184", "contents": "<span class='description'>COURT ORDER GRANTING WITHOUT OBJECTION FROM THE STATE MOTION TO CONTINUE TRIAL/ENTERED</span> entered 09/18/2019.", "entry_date": "9/18/2019"}, {"date": "9/18/2019", "number": "183", "contents": "<span class='description'>HEARING ON MOTION TO CONTINUE TRIAL HELD IN - FULL</span> entered 09/18/2019.", "entry_date": "9/18/2019"}, {"date": "9/18/2019", "number": "182", "contents": "<span class='description'>DEFENDANT PRESENT IN JAIL</span> entered 09/18/2019.", "entry_date": "9/18/2019"}, {"date": "9/18/2019", "number": "181", "contents": "<span class='description'>ATTY. FOR DEF. SCHLAX, JULIE AGENT</span> entered 09/18/2019.", "entry_date": "9/18/2019"}, {"date": "9/18/2019", "number": "180", "contents": "<span class='description'>ASST. STATE ATTY. MILO, M KOREY</span> entered 09/18/2019.", "entry_date": "9/18/2019"}, {"date": "9/18/2019", "number": "179", "contents": "<span class='description'>JUDGE BASS, LESTER B.</span> entered 09/18/2019.", "entry_date": "9/18/2019"}, {"date": "9/17/2019", "number": "178", "contents": "<span class='description'>PRETRIAL 09/18/2019 9:00 AM - 408 4TH FLOOR, 501 W ADAMS ST JACKSONVILLE FL 32202</span> entered 09/17/2019.", "entry_date": "9/17/2019"}, {"date": "9/17/2019", "number": "177", "contents": "<span class='description'>&gt; ATTORNEY NOT PRESENT</span> entered 09/17/2019.", "entry_date": "9/17/2019"}, {"date": "9/17/2019", "number": "176", "contents": "<span class='description'>DEFENDANT NOT PRESENT</span> entered 09/17/2019.", "entry_date": "9/17/2019"}, {"date": "9/17/2019", "number": "175", "contents": "<span class='description'>ATTY. FOR DEF. SCHLAX, JULIE AGENT</span> entered 09/17/2019.", "entry_date": "9/17/2019"}, {"date": "9/17/2019", "number": "174", "contents": "<span class='description'>ASST. STATE ATTY. MILO, M KOREY</span> entered 09/17/2019.", "entry_date": "9/17/2019"}, {"date": "9/17/2019", "number": "173", "contents": "<span class='description'>JUDGE BASS, LESTER B.</span> entered 09/17/2019.", "entry_date": "9/17/2019"}, {"date": "9/5/2019", "number": "172", "contents": "<span class='description'>MOTION TO CONTINUE TRIAL</span> entered 09/06/2019.", "entry_date": "9/6/2019"}, {"date": "9/5/2019", "number": "171", "contents": "<span class='description'>PRETRIAL 09/17/2019 9:00 AM - 408 4TH FLOOR, 501 W ADAMS ST JACKSONVILLE FL 32202</span> entered 09/05/2019.", "entry_date": "9/5/2019"}, {"date": "9/5/2019", "number": "170", "contents": "<span class='description'>&gt; CANCEL REASON - DUE TO HURRICANE DORIAN</span> entered 09/05/2019.", "entry_date": "9/5/2019"}, {"date": "9/5/2019", "number": "169", "contents": "<span class='description'>CANCELLED PRETRIAL ON 9/3/2019 9:00:00 AM</span> entered 09/05/2019.", "entry_date": "9/5/2019"}, {"date": "7/25/2019", "number": "168", "contents": "<span class='description'>COURT ORDER STIPULATION AND ORDER TO PROVIDE CONVENTIONAL SEROLOGY AND SHORT TANDEM REPEAT DNA FILE INCLUDING BENCHNOTES</span> entered 07/26/2019.", "entry_date": "7/26/2019"}, {"date": "7/25/2019", "number": "167", "contents": "<span class='description'>COURT ORDER APPOINTING DNA EXPERT</span> entered 07/26/2019.", "entry_date": "7/26/2019"}, {"date": "7/25/2019", "number": "166", "contents": "<span class='description'>PRETRIAL 09/03/2019 9:00 AM - 408 4TH FLOOR, 501 W ADAMS ST JACKSONVILLE FL 32202</span> entered 07/25/2019.", "entry_date": "7/25/2019"}, {"date": "7/25/2019", "number": "165", "contents": "<span class='description'>DEFENDANT APPEARANCE WAIVED</span> entered 07/25/2019.", "entry_date": "7/25/2019"}, {"date": "7/25/2019", "number": "164", "contents": "<span class='description'>ATTY. FOR DEF. SCHLAX, JULIE AGENT</span> entered 07/25/2019.", "entry_date": "7/25/2019"}, {"date": "7/25/2019", "number": "163", "contents": "<span class='description'>ASST. STATE ATTY. MILO, M KOREY</span> entered 07/25/2019.", "entry_date": "7/25/2019"}, {"date": "7/25/2019", "number": "162", "contents": "<span class='description'>JUDGE BASS, LESTER B.</span> entered 07/25/2019.", "entry_date": "7/25/2019"}, {"date": "7/3/2019", "number": "161", "contents": "<span class='description'>MOTION FOR APPOINTMENT OF DNA EXPERT</span> entered 07/05/2019.", "entry_date": "7/5/2019"}, {"date": "6/27/2019", "number": "160", "contents": "<span class='description'>ORDER GRANTING MOTION TO INCUR COSTS OF SELECT DEPOSITION TRANSCRIPTS</span> entered 06/28/2019.", "entry_date": "6/28/2019"}, {"date": "6/25/2019", "number": "159", "contents": "<span class='description'>JURY SELECTION 09/30/2019 9:00 AM - 408 4TH FLOOR, 501 W ADAMS ST JACKSONVILLE FL 32202</span> entered 06/25/2019.", "entry_date": "6/25/2019"}, {"date": "6/25/2019", "number": "158", "contents": "<span class='description'>9/30/19 JS</span> entered 06/25/2019.", "entry_date": "6/25/2019"}, {"date": "6/25/2019", "number": "157", "contents": "<span class='description'>FINAL PRETRIAL 09/23/2019 9:00 AM - 408 4TH FLOOR, 501 W ADAMS ST JACKSONVILLE FL 32202</span> entered 06/25/2019.", "entry_date": "6/25/2019"}, {"date": "6/25/2019", "number": "156", "contents": "<span class='description'>9/23/19 FPT; 9/30/19 JS</span> entered 06/25/2019.", "entry_date": "6/25/2019"}, {"date": "6/25/2019", "number": "155", "contents": "<span class='description'>PRETRIAL 07/25/2019 9:00 AM - 408 4TH FLOOR, 501 W ADAMS ST JACKSONVILLE FL 32202</span> entered 06/25/2019.", "entry_date": "6/25/2019"}, {"date": "6/25/2019", "number": "154", "contents": "<span class='description'>&gt; CANCEL REASON - CONTINUANCE GRANTED</span> entered 06/25/2019.", "entry_date": "6/25/2019"}, {"date": "6/25/2019", "number": "153", "contents": "<span class='description'>CANCELLED JURY SELECTION ON 7/15/2019 9:00:00 AM</span> entered 06/25/2019.", "entry_date": "6/25/2019"}, {"date": "6/25/2019", "number": "152", "contents": "<span class='description'>&gt; CANCEL REASON - CONTINUANCE GRANTED</span> entered 06/25/2019.", "entry_date": "6/25/2019"}, {"date": "6/25/2019", "number": "151", "contents": "<span class='description'>CANCELLED FINAL PRETRIAL ON 7/8/2019 9:00:00 AM</span> entered 06/25/2019.", "entry_date": "6/25/2019"}, {"date": "6/25/2019", "number": "150", "contents": "<span class='description'>COURT ORDER GRANTING DEFENSE MOTION TO CONTINUE</span> entered 06/25/2019.", "entry_date": "6/25/2019"}, {"date": "6/25/2019", "number": "149", "contents": "<span class='description'>DEFENDANT PRESENT IN JAIL</span> entered 06/25/2019.", "entry_date": "6/25/2019"}, {"date": "6/25/2019", "number": "148", "contents": "<span class='description'>ATTY. FOR DEF. SCHLAX, JULIE AGENT</span> entered 06/25/2019.", "entry_date": "6/25/2019"}, {"date": "6/25/2019", "number": "147", "contents": "<span class='description'>ASST. STATE ATTY. MILO, M KOREY</span> entered 06/25/2019.", "entry_date": "6/25/2019"}, {"date": "6/25/2019", "number": "146", "contents": "<span class='description'>JUDGE BASS, LESTER B.</span> entered 06/25/2019.", "entry_date": "6/25/2019"}, {"date": "6/24/2019", "number": "145", "contents": "<span class='description'>MOTION TO INCUR COSTS OF SELECT DEPOSITION TRANSCRIPTS</span> entered 06/27/2019.", "entry_date": "6/27/2019"}, {"date": "6/24/2019", "number": "144", "contents": "<span class='description'>MOTION TO CONTINUE TRIAL</span> entered 06/24/2019.", "entry_date": "6/24/2019"}, {"date": "6/4/2019", "number": "143", "contents": "<span class='description'>7/8/19 FPT; 7/15/19 JS</span> entered 06/04/2019.", "entry_date": "6/4/2019"}, {"date": "6/4/2019", "number": "142", "contents": "<span class='description'>PRETRIAL 06/25/2019 9:00 AM - 408 4TH FLOOR, 501 W ADAMS ST JACKSONVILLE FL 32202</span> entered 06/04/2019.", "entry_date": "6/4/2019"}, {"date": "6/4/2019", "number": "141", "contents": "<span class='description'>DEFENDANT PRESENT IN JAIL</span> entered 06/04/2019.", "entry_date": "6/4/2019"}, {"date": "6/4/2019", "number": "140", "contents": "<span class='description'>ATTY. FOR DEF. SCHLAX, JULIE AGENT</span> entered 06/04/2019.", "entry_date": "6/4/2019"}, {"date": "6/4/2019", "number": "139", "contents": "<span class='description'>ASST. STATE ATTY. MILO, M KOREY</span> entered 06/04/2019.", "entry_date": "6/4/2019"}, {"date": "6/4/2019", "number": "138", "contents": "<span class='description'>JUDGE BASS, LESTER B.</span> entered 06/04/2019.", "entry_date": "6/4/2019"}, {"date": "5/24/2019", "number": "137", "contents": "<span class='description'>RECEIPT FOR CIVIL PROCESS, JAIL, WARRANTS</span> entered 05/28/2019.", "entry_date": "5/28/2019"}, {"date": "5/24/2019", "number": "136", "contents": "<span class='description'>PER JA EMAIL</span> entered 05/24/2019.", "entry_date": "5/24/2019"}, {"date": "5/24/2019", "number": "135", "contents": "<span class='description'>PRETRIAL 06/04/2019 9:00 AM - 408 4TH FLOOR, 501 W ADAMS ST JACKSONVILLE FL 32202</span> entered 05/24/2019.", "entry_date": "5/24/2019"}, {"date": "5/24/2019", "number": "134", "contents": "<span class='description'>&gt; CANCEL REASON - PER JA EMAIL</span> entered 05/24/2019.", "entry_date": "5/24/2019"}, {"date": "5/24/2019", "number": "133", "contents": "<span class='description'>CANCELLED PRETRIAL ON 5/30/2019 9:00:00 AM</span> entered 05/24/2019.", "entry_date": "5/24/2019"}, {"date": "5/24/2019", "number": "132", "contents": "<span class='description'>ORDER TO TRANSPORT</span> entered 05/24/2019.", "entry_date": "5/24/2019"}, {"date": "5/22/2019", "number": "131", "contents": "<span class='description'>MOTION TO TRANSPORT ON JUNE 13, 2019</span> entered 05/22/2019.", "entry_date": "5/22/2019"}, {"date": "5/22/2019", "number": "130", "contents": "<span class='description'>NOTICE OF TAKING DEPOSITION ON JUNE 13, 2019</span> entered 05/22/2019.", "entry_date": "5/22/2019"}, {"date": "5/1/2019", "number": "129", "contents": "<span class='description'>RECEIPT FOR CIVIL PROCESS, JAIL, WARRANTS -RETURNED - PERSON REQUESTED WAS TRANSPORTED TO LOWELL CORRECTIONAL ON 4/29/19</span> entered 05/02/2019.", "entry_date": "5/2/2019"}, {"date": "4/30/2019", "number": "128", "contents": "<span class='description'>ORDER TO TRANSPORT</span> entered 05/01/2019.", "entry_date": "5/1/2019"}, {"date": "4/30/2019", "number": "127", "contents": "<span class='description'>AFFIDAVIT/RETURN OF SERVICE</span> entered 04/30/2019.", "entry_date": "4/30/2019"}, {"date": "4/29/2019", "number": "126", "contents": "<span class='description'>AFFIDAVIT/RETURN OF SERVICE</span> entered 04/30/2019.", "entry_date": "4/30/2019"}, {"date": "4/25/2019", "number": "125", "contents": "<span class='description'>MOTION TO TRANSPORT INMATE FOR DEPOSITION</span> entered 04/25/2019.", "entry_date": "4/25/2019"}, {"date": "4/25/2019", "number": "124", "contents": "<span class='description'>NOTICE OF TAKING DEPOSITION(S)</span> entered 04/25/2019.", "entry_date": "4/25/2019"}, {"date": "4/4/2019", "number": "123", "contents": "<span class='description'>7/8/19 FPT; 7/15/19 JS</span> entered 04/04/2019.", "entry_date": "4/4/2019"}, {"date": "4/4/2019", "number": "122", "contents": "<span class='description'>PRETRIAL 05/30/2019 9:00 AM - 408 4TH FLOOR, 501 W ADAMS ST JACKSONVILLE FL 32202</span> entered 04/04/2019.", "entry_date": "4/4/2019"}, {"date": "4/4/2019", "number": "121", "contents": "<span class='description'>OTHERS PRESENT: P. KORODY FOR J. SCHLAX</span> entered 04/04/2019.", "entry_date": "4/4/2019"}, {"date": "4/4/2019", "number": "120", "contents": "<span class='description'>DEFENDANT PRESENT IN JAIL</span> entered 04/04/2019.", "entry_date": "4/4/2019"}, {"date": "4/4/2019", "number": "119", "contents": "<span class='description'>ATTY. FOR DEF. SCHLAX, JULIE AGENT</span> entered 04/04/2019.", "entry_date": "4/4/2019"}, {"date": "4/4/2019", "number": "118", "contents": "<span class='description'>ASST. STATE ATTY. MILO, M KOREY</span> entered 04/04/2019.", "entry_date": "4/4/2019"}, {"date": "4/4/2019", "number": "117", "contents": "<span class='description'>JUDGE BASS, LESTER B.</span> entered 04/04/2019.", "entry_date": "4/4/2019"}, {"date": "3/28/2019", "number": "116", "contents": "<span class='description'>JURY SELECTION 07/15/2019 9:00 AM - 408 4TH FLOOR, 501 W ADAMS ST JACKSONVILLE FL 32202</span> entered 03/28/2019.", "entry_date": "3/28/2019"}, {"date": "3/28/2019", "number": "115", "contents": "<span class='description'>7/15/19 JS</span> entered 03/28/2019.", "entry_date": "3/28/2019"}, {"date": "3/28/2019", "number": "114", "contents": "<span class='description'>FINAL PRETRIAL 07/08/2019 9:00 AM - 408 4TH FLOOR, 501 W ADAMS ST JACKSONVILLE FL 32202</span> entered 03/28/2019.", "entry_date": "3/28/2019"}, {"date": "3/28/2019", "number": "113", "contents": "<span class='description'>7/8/19 FPT; 7/15/19 JS</span> entered 03/28/2019.", "entry_date": "3/28/2019"}, {"date": "3/28/2019", "number": "112", "contents": "<span class='description'>PRETRIAL 04/04/2019 9:00 AM - 408 4TH FLOOR, 501 W ADAMS ST JACKSONVILLE FL 32202</span> entered 03/28/2019.", "entry_date": "3/28/2019"}, {"date": "3/28/2019", "number": "111", "contents": "<span class='description'>DEFENDANT PRESENT IN JAIL</span> entered 03/28/2019.", "entry_date": "3/28/2019"}, {"date": "3/28/2019", "number": "110", "contents": "<span class='description'>ATTY. FOR DEF. SCHLAX, JULIE AGENT</span> entered 03/28/2019.", "entry_date": "3/28/2019"}, {"date": "3/28/2019", "number": "109", "contents": "<span class='description'>ASST. STATE ATTY. MILO, M KOREY</span> entered 03/28/2019.", "entry_date": "3/28/2019"}, {"date": "3/28/2019", "number": "108", "contents": "<span class='description'>JUDGE BASS, LESTER B.</span> entered 03/28/2019.", "entry_date": "3/28/2019"}, {"date": "2/28/2019", "number": "107", "contents": "<span class='description'>PRETRIAL 03/28/2019 9:00 AM - 408 4TH FLOOR, 501 W ADAMS ST JACKSONVILLE FL 32202</span> entered 02/28/2019.", "entry_date": "2/28/2019"}, {"date": "2/28/2019", "number": "106", "contents": "<span class='description'>OTHERS PRESENT: DANIEL COLEMAN FOR KOREY MILO</span> entered 02/28/2019.", "entry_date": "2/28/2019"}, {"date": "2/28/2019", "number": "105", "contents": "<span class='description'>DEFENDANT APPEARANCE WAIVED</span> entered 02/28/2019.", "entry_date": "2/28/2019"}, {"date": "2/28/2019", "number": "104", "contents": "<span class='description'>ATTY. FOR DEF. SCHLAX, JULIE AGENT</span> entered 02/28/2019.", "entry_date": "2/28/2019"}, {"date": "2/28/2019", "number": "103", "contents": "<span class='description'>ASST. STATE ATTY. MILO, M KOREY</span> entered 02/28/2019.", "entry_date": "2/28/2019"}, {"date": "2/28/2019", "number": "102", "contents": "<span class='description'>JUDGE BASS, LESTER B.</span> entered 02/28/2019.", "entry_date": "2/28/2019"}, {"date": "2/22/2019", "number": "101", "contents": "<span class='description'>COURT ORDER AUTHORIZING DEFT'S MT. TO APPOINT A MENTAL HEALTH EXPERT</span> entered 02/22/2019.", "entry_date": "2/22/2019"}, {"date": "2/21/2019", "number": "100", "contents": "<span class='description'>MOTION TO APPOINT A MENTAL HEALTH EXPERT AND AUTHORIZATION TO INCU COSTS</span> entered 02/21/2019.", "entry_date": "2/21/2019"}, {"date": "2/19/2019", "number": "99", "contents": "<span class='description'>AFFIDAVIT/RETURN OF SERVICE</span> entered 02/19/2019.", "entry_date": "2/19/2019"}, {"date": "2/13/2019", "number": "98", "contents": "<span class='description'>NOTICE OF TAKING DEPOSITION(S)</span> entered 02/14/2019.", "entry_date": "2/14/2019"}, {"date": "2/8/2019", "number": "97", "contents": "<span class='description'>NOTICE OF TAKING DEPOSITION</span> entered 02/13/2019.", "entry_date": "2/13/2019"}, {"date": "2/8/2019", "number": "96", "contents": "<span class='description'>NOTICE OF TAKING DEPOSITION(S)</span> entered 02/12/2019.", "entry_date": "2/12/2019"}, {"date": "1/24/2019", "number": "95", "contents": "<span class='description'>PRETRIAL 02/28/2019 9:00 AM - 408 4TH FLOOR, 501 W ADAMS ST JACKSONVILLE FL 32202</span> entered 01/24/2019.", "entry_date": "1/24/2019"}, {"date": "1/24/2019", "number": "94", "contents": "<span class='description'>DEFENDANT APPEARANCE WAIVED</span> entered 01/24/2019.", "entry_date": "1/24/2019"}, {"date": "1/24/2019", "number": "93", "contents": "<span class='description'>ATTY. FOR DEF. SCHLAX, JULIE AGENT</span> entered 01/24/2019.", "entry_date": "1/24/2019"}, {"date": "1/24/2019", "number": "92", "contents": "<span class='description'>OTHERS PRESENT: ASA C. STIFLER FOR M. MILO</span> entered 01/24/2019.", "entry_date": "1/24/2019"}, {"date": "1/24/2019", "number": "91", "contents": "<span class='description'>ASST. STATE ATTY. MILO, M KOREY</span> entered 01/24/2019.", "entry_date": "1/24/2019"}, {"date": "1/24/2019", "number": "90", "contents": "<span class='description'>JUDGE BASS, LESTER B.</span> entered 01/24/2019.", "entry_date": "1/24/2019"}, {"date": "1/1/2019", "number": "89", "contents": "<span class='description'>Courtroom change effective 01/01/2019; PRETRIAL scheduled for 1/24/2019 at 9:00 AM moved from 605 6th Floor to 408 4th Floor.</span> entered 12/28/2018.", "entry_date": "12/28/2018"}, {"date": "12/13/2018", "number": "88", "contents": "<span class='description'>PRETRIAL 01/24/2019 9:00 AM - 605 6TH FLOOR, 501 W ADAMS ST JACKSONVILLE FL 32202</span> entered 12/13/2018.", "entry_date": "12/13/2018"}, {"date": "12/13/2018", "number": "87", "contents": "<span class='description'>** WAIVER OF SPEEDY TRIAL **</span> entered 12/13/2018.", "entry_date": "12/13/2018"}, {"date": "12/13/2018", "number": "86", "contents": "<span class='description'>DEFENDANT PRESENT IN JAIL</span> entered 12/13/2018.", "entry_date": "12/13/2018"}, {"date": "12/13/2018", "number": "85", "contents": "<span class='description'>ATTY. FOR DEF. SCHLAX, JULIE AGENT</span> entered 12/13/2018.", "entry_date": "12/13/2018"}, {"date": "12/13/2018", "number": "84", "contents": "<span class='description'>ASST. STATE ATTY. MILO, M KOREY</span> entered 12/13/2018.", "entry_date": "12/13/2018"}, {"date": "12/13/2018", "number": "83", "contents": "<span class='description'>JUDGE MCCALLUM, LINDA F.</span> entered 12/13/2018.", "entry_date": "12/13/2018"}, {"date": "11/26/2018", "number": "82", "contents": "<span class='description'>COURT ORDER DENYING MOTION TO INCUR COSTS OF SELECT DEPOSITION TRANSCRIPTS</span> entered 11/26/2018.", "entry_date": "11/26/2018"}, {"date": "11/16/2018", "number": "81", "contents": "<span class='description'>NOTICE OF TAKING DEPOSITION</span> entered 11/16/2018.", "entry_date": "11/16/2018"}, {"date": "10/31/2018", "number": "80", "contents": "<span class='description'>PRETRIAL 12/13/2018 9:00 AM - 605 6TH FLOOR, 501 W ADAMS ST JACKSONVILLE FL 32202</span> entered 10/31/2018.", "entry_date": "10/31/2018"}, {"date": "10/31/2018", "number": "79", "contents": "<span class='description'>DEFENDANT PRESENT IN JAIL</span> entered 10/31/2018.", "entry_date": "10/31/2018"}, {"date": "10/31/2018", "number": "78", "contents": "<span class='description'>ATTY. FOR DEF. SCHLAX, JULIE AGENT</span> entered 10/31/2018.", "entry_date": "10/31/2018"}, {"date": "10/31/2018", "number": "77", "contents": "<span class='description'>ASST. STATE ATTY. MILO, M KOREY</span> entered 10/31/2018.", "entry_date": "10/31/2018"}, {"date": "10/31/2018", "number": "76", "contents": "<span class='description'>JUDGE MCCALLUM, LINDA F.</span> entered 10/31/2018.", "entry_date": "10/31/2018"}, {"date": "10/25/2018", "number": "75", "contents": "<span class='description'>COURT ORDER APPOINTING SUBSTITUTE PRIVATE INVESTIGATOR</span> entered 10/26/2018.", "entry_date": "10/26/2018"}, {"date": "10/16/2018", "number": "74", "contents": "<span class='description'>AFFIDAVIT/RETURN OF SERVICE (15 FILED)</span> entered 10/17/2018.", "entry_date": "10/17/2018"}, {"date": "10/8/2018", "number": "73", "contents": "<span class='description'>NOTICE OF TAKING DEPOSITION(S)</span> entered 10/08/2018.", "entry_date": "10/8/2018"}, {"date": "10/8/2018", "number": "72", "contents": "<span class='description'>NOTICE OF TAKING DEPOSITION(S)</span> entered 10/08/2018.", "entry_date": "10/8/2018"}, {"date": "9/26/2018", "number": "71", "contents": "<span class='description'>STATE'S DISCOVERY EXHIBIT AND DEMAND FOR RECIPROCAL DISCOVERY</span> entered 09/26/2018.", "entry_date": "9/26/2018"}, {"date": "9/26/2018", "number": "70", "contents": "<span class='description'>PRETRIAL 10/31/2018 9:00 AM - 605 6TH FLOOR, 501 W ADAMS ST JACKSONVILLE FL 32202</span> entered 09/26/2018.", "entry_date": "9/26/2018"}, {"date": "9/26/2018", "number": "69", "contents": "<span class='description'>DEFENDANT PRESENT IN JAIL</span> entered 09/26/2018.", "entry_date": "9/26/2018"}, {"date": "9/26/2018", "number": "68", "contents": "<span class='description'>ATTY. FOR DEF. SCHLAX, JULIE AGENT</span> entered 09/26/2018.", "entry_date": "9/26/2018"}, {"date": "9/26/2018", "number": "67", "contents": "<span class='description'>OTHERS PRESENT: ASA: P. HAZEL FOR M. K. MILO</span> entered 09/26/2018.", "entry_date": "9/26/2018"}, {"date": "9/26/2018", "number": "66", "contents": "<span class='description'>ASST. STATE ATTY. MILO, M KOREY</span> entered 09/26/2018.", "entry_date": "9/26/2018"}, {"date": "9/26/2018", "number": "65", "contents": "<span class='description'>JUDGE MCCALLUM, LINDA F.</span> entered 09/26/2018.", "entry_date": "9/26/2018"}, {"date": "9/24/2018", "number": "64", "contents": "<span class='description'>ORDER AUTHORIZING THE INCURRING OF EXPENSES APPOINTING PRIVATE INVESTIGATOR</span> entered 09/26/2018.", "entry_date": "9/26/2018"}, {"date": "9/17/2018", "number": "63", "contents": "<span class='description'>MOTION FOR THE APPOINTMENT OF A PRIVATE INVESTIGATOR</span> entered 09/18/2018.", "entry_date": "9/18/2018"}, {"date": "8/31/2018", "number": "62", "contents": "<span class='description'>PER JA EMAIL</span> entered 08/31/2018.", "entry_date": "8/31/2018"}, {"date": "8/31/2018", "number": "61", "contents": "<span class='description'>PRETRIAL 09/26/2018 9:00 AM - 605 6TH FLOOR, 501 W ADAMS ST JACKSONVILLE FL 32202</span> entered 08/31/2018.", "entry_date": "8/31/2018"}, {"date": "8/31/2018", "number": "60", "contents": "<span class='description'>&gt; CANCEL REASON -</span> entered 08/31/2018.", "entry_date": "8/31/2018"}, {"date": "8/31/2018", "number": "59", "contents": "<span class='description'>CANCELLED PRETRIAL ON 9/27/2018 9:00:00 AM</span> entered 08/31/2018.", "entry_date": "8/31/2018"}, {"date": "8/30/2018", "number": "58", "contents": "<span class='description'>PRETRIAL 09/27/2018 9:00 AM - 605 6TH FLOOR, 501 W ADAMS ST JACKSONVILLE FL 32202</span> entered 08/30/2018.", "entry_date": "8/30/2018"}, {"date": "8/30/2018", "number": "57", "contents": "<span class='description'>DEFENDANT PRESENT IN JAIL</span> entered 08/30/2018.", "entry_date": "8/30/2018"}, {"date": "8/30/2018", "number": "56", "contents": "<span class='description'>ATTY. FOR DEF. SCHLAX, JULIE AGENT</span> entered 08/30/2018.", "entry_date": "8/30/2018"}, {"date": "8/30/2018", "number": "55", "contents": "<span class='description'>ASST. STATE ATTY. MILO, M KOREY</span> entered 08/30/2018.", "entry_date": "8/30/2018"}, {"date": "8/30/2018", "number": "54", "contents": "<span class='description'>JUDGE MCCALLUM, LINDA F.</span> entered 08/30/2018.", "entry_date": "8/30/2018"}, {"link_viewer": "https://www.docketalarm.com/cases/Florida_State_Duval_County_Fourth_Circuit_Court/2018-CF-006919/DEVON_RASHAD_BAKER/53/", "number": "53", "link": "https://www.docketalarm.com/cases/Florida_State_Duval_County_Fourth_Circuit_Court/2018-CF-006919/DEVON_RASHAD_BAKER/docs/53.pdf", "entry_date": "8/29/2018", "date": "8/29/2018", "contents": "<a href=\"/cases/Florida_State_Duval_County_Fourth_Circuit_Court/2018-CF-006919/DEVON_RASHAD_BAKER/53/\"><span class='description'>ORDER APPOINTING ATTORNEY</span></a> entered 08/29/2018."}, {"link_viewer": "https://www.docketalarm.com/cases/Florida_State_Duval_County_Fourth_Circuit_Court/2018-CF-006919/DEVON_RASHAD_BAKER/52/", "number": "52", "link": "https://www.docketalarm.com/cases/Florida_State_Duval_County_Fourth_Circuit_Court/2018-CF-006919/DEVON_RASHAD_BAKER/docs/52.pdf", "entry_date": "8/29/2018", "date": "8/29/2018", "contents": "<a href=\"/cases/Florida_State_Duval_County_Fourth_Circuit_Court/2018-CF-006919/DEVON_RASHAD_BAKER/52/\"><span class='description'>NOTIFICATION OF ATTORNEY CONFLICT</span></a> entered 08/29/2018."}, {"link_viewer": "https://www.docketalarm.com/cases/Florida_State_Duval_County_Fourth_Circuit_Court/2018-CF-006919/DEVON_RASHAD_BAKER/51/", "number": "51", "link": "https://www.docketalarm.com/cases/Florida_State_Duval_County_Fourth_Circuit_Court/2018-CF-006919/DEVON_RASHAD_BAKER/docs/51.pdf", "entry_date": "8/29/2018", "date": "8/28/2018", "contents": "<a href=\"/cases/Florida_State_Duval_County_Fourth_Circuit_Court/2018-CF-006919/DEVON_RASHAD_BAKER/51/\"><span class='description'>REGIONAL CONFLICT COUNSEL RESPONSE - DECLINE</span></a> entered 08/29/2018."}, {"date": "8/28/2018", "number": "50", "contents": "<span class='description'>APPEARANCE OF COUNSEL 08/30/2018 9:00 AM - 605 6TH FLOOR, 501 W ADAMS ST JACKSONVILLE FL 32202</span> entered 08/28/2018.", "entry_date": "8/28/2018"}, {"date": "8/28/2018", "number": "49", "contents": "<span class='description'>DEFENDANT PRESENT IN JAIL</span> entered 08/28/2018.", "entry_date": "8/28/2018"}, {"date": "8/28/2018", "number": "48", "contents": "<span class='description'>PUBLIC DEFENDER PERMITTED TO WITHDRAW AS COUNSEL FOR DEF. - GRANTED \"CONFLICT\"</span> entered 08/28/2018.", "entry_date": "8/28/2018"}, {"date": "8/28/2018", "number": "47", "contents": "<span class='description'>OTHERS PRESENT PD: L. BROWN FOR J. GROPPER</span> entered 08/28/2018.", "entry_date": "8/28/2018"}, {"date": "8/28/2018", "number": "46", "contents": "<span class='description'>ASST. PUB. DEF. GROPPER, JASON MATHEW</span> entered 08/28/2018.", "entry_date": "8/28/2018"}, {"date": "8/28/2018", "number": "45", "contents": "<span class='description'>ASST. STATE ATTY. MILO, M KOREY</span> entered 08/28/2018.", "entry_date": "8/28/2018"}, {"date": "8/28/2018", "number": "44", "contents": "<span class='description'>JUDGE MCCALLUM, LINDA F.</span> entered 08/28/2018.", "entry_date": "8/28/2018"}, {"date": "8/23/2018", "number": "43", "contents": "<span class='description'>CERTIFICATE OF CONFLICT &amp; MOTION TO WITHDRAW</span> entered 08/24/2018.", "entry_date": "8/24/2018"}, {"date": "8/9/2018", "number": "42", "contents": "<span class='description'>PRETRIAL 08/28/2018 9:00 AM - 605 6TH FLOOR, 501 W ADAMS ST JACKSONVILLE FL 32202</span> entered 08/09/2018.", "entry_date": "8/9/2018"}, {"date": "8/9/2018", "number": "41", "contents": "<span class='description'>PLEA OF NOT GUILTY</span> entered 08/09/2018.", "entry_date": "8/9/2018"}, {"date": "8/9/2018", "number": "40", "contents": "<span class='description'>PLEA OF NOT GUILTY</span> entered 08/09/2018.", "entry_date": "8/9/2018"}, {"date": "8/9/2018", "number": "39", "contents": "<span class='description'>PLEA OF NOT GUILTY</span> entered 08/09/2018.", "entry_date": "8/9/2018"}, {"date": "8/9/2018", "number": "38", "contents": "<span class='description'>PLEA OF NOT GUILTY</span> entered 08/09/2018.", "entry_date": "8/9/2018"}, {"date": "8/9/2018", "number": "37", "contents": "<span class='description'>PLEA OF NOT GUILTY</span> entered 08/09/2018.", "entry_date": "8/9/2018"}, {"date": "8/9/2018", "number": "36", "contents": "<span class='description'>DEFENDANT WAIVED READING OF INDICTMENT AND PLEAD NOT GUILTY</span> entered 08/09/2018.", "entry_date": "8/9/2018"}, {"date": "8/9/2018", "number": "35", "contents": "<span class='description'>OTHERS PRESENT: ASA: L. BARAUSKAS FOR M. K. MILO</span> entered 08/09/2018.", "entry_date": "8/9/2018"}, {"date": "8/9/2018", "number": "34", "contents": "<span class='description'>DEFENDANT PRESENT IN JAIL</span> entered 08/09/2018.", "entry_date": "8/9/2018"}, {"date": "8/9/2018", "number": "33", "contents": "<span class='description'>ASST. PUB. DEF. GROPPER, JASON MATHEW</span> entered 08/09/2018.", "entry_date": "8/9/2018"}, {"date": "8/9/2018", "number": "32", "contents": "<span class='description'>ASST. STATE ATTY. MILO, M KOREY</span> entered 08/09/2018.", "entry_date": "8/9/2018"}, {"date": "8/9/2018", "number": "31", "contents": "<span class='description'>JUDGE MCCALLUM, LINDA F.</span> entered 08/09/2018.", "entry_date": "8/9/2018"}, {"date": "8/7/2018", "number": "30", "contents": "<span class='description'>ON INDICTMENT</span> entered 08/07/2018.", "entry_date": "8/7/2018"}, {"date": "8/7/2018", "number": "29", "contents": "<span class='description'>ARRAIGNMENT 08/09/2018 9:00 AM - 605 6TH FLOOR, 501 W ADAMS ST JACKSONVILLE FL 32202</span> entered 08/07/2018.", "entry_date": "8/7/2018"}, {"date": "8/7/2018", "number": "28", "contents": "<span class='description'>&gt; CANCEL REASON - PER SAO CALENDAR</span> entered 08/07/2018.", "entry_date": "8/7/2018"}, {"date": "8/7/2018", "number": "27", "contents": "<span class='description'>CANCELLED ARRAIGNMENT DATE ON 8/8/2018 9:00:00 AM</span> entered 08/07/2018.", "entry_date": "8/7/2018"}, {"date": "8/3/2018", "number": "26", "contents": "<span class='description'>MOTION FOR STATEMENT OF PARTICULARS</span> entered 08/06/2018.", "entry_date": "8/6/2018"}, {"date": "8/3/2018", "number": "25", "contents": "<span class='description'>NOTICE OF DISCOVERY &amp; SPECIFIC DEMAND</span> entered 08/06/2018.", "entry_date": "8/6/2018"}, {"date": "7/28/2018", "number": "24", "contents": "<span class='description'>&gt; OFFENDER # ARREST DATE 7/27/2018</span> entered 07/30/2018.", "entry_date": "7/30/2018"}, {"date": "7/28/2018", "number": "23", "contents": "<span class='description'>CAPIAS RETURNED - SERVED</span> entered 07/30/2018.", "entry_date": "7/30/2018"}, {"date": "7/28/2018", "number": "22", "contents": "<span class='description'>ARRAIGNMENT DATE 08/08/2018 9:00 AM - 605 6TH FLOOR, 501 W ADAMS ST JACKSONVILLE FL 32202</span> entered 07/30/2018.", "entry_date": "7/30/2018"}, {"date": "7/28/2018", "number": "21", "contents": "<span class='description'>FEES DUE: 7/30/2018</span> entered 07/30/2018.", "entry_date": "7/30/2018"}, {"date": "7/28/2018", "number": "20", "contents": "<span class='description'>PD APP FEE 50.00 IMPOSED</span> entered 07/30/2018.", "entry_date": "7/30/2018"}, {"link_viewer": "https://www.docketalarm.com/cases/Florida_State_Duval_County_Fourth_Circuit_Court/2018-CF-006919/DEVON_RASHAD_BAKER/19/", "number": "19", "link": "https://www.docketalarm.com/cases/Florida_State_Duval_County_Fourth_Circuit_Court/2018-CF-006919/DEVON_RASHAD_BAKER/docs/19.pdf", "entry_date": "7/30/2018", "date": "7/28/2018", "contents": "<a href=\"/cases/Florida_State_Duval_County_Fourth_Circuit_Court/2018-CF-006919/DEVON_RASHAD_BAKER/19/\"><span class='description'>DEFENDANT DECLARED INDIGENT, ORDER APPOINTING PUBLIC DEFENDER - FILED</span></a> entered 07/30/2018."}, {"link_viewer": "https://www.docketalarm.com/cases/Florida_State_Duval_County_Fourth_Circuit_Court/2018-CF-006919/DEVON_RASHAD_BAKER/18/", "number": "18", "link": "https://www.docketalarm.com/cases/Florida_State_Duval_County_Fourth_Circuit_Court/2018-CF-006919/DEVON_RASHAD_BAKER/docs/18.pdf", "entry_date": "7/30/2018", "date": "7/28/2018", "contents": "<a href=\"/cases/Florida_State_Duval_County_Fourth_Circuit_Court/2018-CF-006919/DEVON_RASHAD_BAKER/18/\"><span class='description'>APPLICATION FOR CRIMINAL INDIGENT STATUS - FILED</span></a> entered 07/30/2018."}, {"date": "7/28/2018", "number": "17", "contents": "<span class='description'>ARREST &amp; BOOKING REPORT 2018-019847 07/27/2018</span> entered 07/30/2018.", "entry_date": "7/30/2018"}, {"date": "7/18/2018", "number": "16", "contents": "<span class='description'>RECEIPT FOR CIVIL PROCESS, JAIL, WARRANTS</span> entered 07/18/2018.", "entry_date": "7/18/2018"}, {"date": "7/17/2018", "number": "14", "contents": "<span class='description'>COURT ORDER RETURNING PRISONER TO DUVAL COUNTY, FLORIDA</span> entered 07/17/2018.", "entry_date": "7/17/2018"}, {"date": "7/12/2018", "number": "13", "contents": "<span class='description'>CONTROL NUMBER 1550822 eWarrant</span> entered 07/12/2018.", "entry_date": "7/12/2018"}, {"date": "7/12/2018", "number": "12", "contents": "<span class='description'>RECEIPT FOR CAPIAS</span> entered 07/12/2018.", "entry_date": "7/12/2018"}, {"date": "7/12/2018", "number": "11", "contents": "<span class='description'>BOND SET AT NONE</span> entered 07/12/2018.", "entry_date": "7/12/2018"}, {"date": "7/12/2018", "number": "10", "contents": "<span class='description'>BOND SET AT NONE</span> entered 07/12/2018.", "entry_date": "7/12/2018"}, {"date": "7/12/2018", "number": "9", "contents": "<span class='description'>BOND SET AT NONE</span> entered 07/12/2018.", "entry_date": "7/12/2018"}, {"date": "7/12/2018", "number": "8", "contents": "<span class='description'>BOND SET AT NONE</span> entered 07/12/2018.", "entry_date": "7/12/2018"}, {"date": "7/12/2018", "number": "7", "contents": "<span class='description'>BOND SET AT NONE</span> entered 07/12/2018.", "entry_date": "7/12/2018"}, {"date": "7/12/2018", "number": "6", "contents": "<span class='description'>CAPIAS ORDERED &amp; ISSUED</span> entered 07/12/2018.", "entry_date": "7/12/2018"}, {"date": "7/12/2018", "number": "5", "contents": "<span class='description'>INDICTMENT FILED FOR S790.23(1)(A) POSSESSION OF A FIREARM BY A CONVICTED FELON</span> entered 07/12/2018.", "entry_date": "7/12/2018"}, {"date": "7/12/2018", "number": "4", "contents": "<span class='description'>INDICTMENT FILED FOR S812.13(2)(A) ARMED ROBBERY</span> entered 07/12/2018.", "entry_date": "7/12/2018"}, {"date": "7/12/2018", "number": "3", "contents": "<span class='description'>INDICTMENT FILED FOR S812.13(2)(A) ARMED ROBBERY</span> entered 07/12/2018.", "entry_date": "7/12/2018"}, {"date": "7/12/2018", "number": "2", "contents": "<span class='description'>INDICTMENT FILED FOR S812.13(2)(A) ARMED ROBBERY</span> entered 07/12/2018.", "entry_date": "7/12/2018"}, {"date": "7/12/2018", "number": "1", "contents": "<span class='description'>INDICTMENT FILED FOR S782.04(1)(A) MURDER IN THE FIRST DEGREE</span> entered 07/12/2018.", "entry_date": "7/12/2018"}], "analyze": {"last_analyze": "6/22/2020"}, "success": true, "parties": [{"race": "B", "name_normalized": "Devon Rashad Baker", "name": "DEVON RASHAD BAKER", "sex": "Male", "other": [], "type": "Defendant"}]}