{"info": {"status": "RE-OPEN", "division": "CR-E", "judges": ["WHITTINGTON, STEVEN B"], "court": "Florida State, Duval County, Fourth Circuit Court", "title": "RUBEN PALMER", "date_filed": "1/28/2015", "link": "https://www.docketalarm.com/cases/Florida_State_Duval_County_Fourth_Circuit_Court/2015-CF-000895/RUBEN_PALMER/", "judges_normalized": ["Whittington B"], "judge": "WHITTINGTON, STEVEN B", "type": "Circuit Criminal", "docket": "2015-CF-000895"}, "docket_report": [{"date": "9/5/2018", "number": "307", "contents": "<span class='description'>MANDATE FROM APPELLATE COURT AFFIRMED 1D17-2203 BOOK 18518 PAGE 255-257</span> entered 09/05/2018.", "entry_date": "9/5/2018"}, {"date": "10/3/2017", "number": "306", "contents": "<span class='description'>CERTIFICATE OF MINISTERIAL ACTION ONLY</span> entered 10/05/2017.", "entry_date": "10/5/2017"}, {"date": "10/3/2017", "number": "305", "contents": "<span class='description'>Designation of a Public Defender</span> entered 10/05/2017.", "entry_date": "10/5/2017"}, {"date": "9/27/2017", "number": "304", "contents": "<span class='description'>RECORD ON APPEAL E-FILED TO DCA</span> entered 09/27/2017.", "entry_date": "9/27/2017"}, {"date": "9/27/2017", "number": "303", "contents": "<span class='description'>INDEX &amp; RECORD OF APPEAL</span> entered 09/27/2017.", "entry_date": "9/27/2017"}, {"date": "9/18/2017", "number": "302", "contents": "<span class='description'>COURT ORDER ON DEFENDANT'S MOTION FOR PAYMENT OF ATTORNEY'S FEES</span> entered 09/25/2017.", "entry_date": "9/25/2017"}, {"date": "9/14/2017", "number": "301", "contents": "<span class='description'>TESTIMONY &amp; PROCEEDINGS OF MAY 17, 2017 BEFORE THE HONORABLE JUDGE STEVEN WHITTINGTON</span> entered 09/19/2017.", "entry_date": "9/19/2017"}, {"date": "8/23/2017", "number": "300", "contents": "<span class='description'>TESTIMONY &amp; PROCEEDINGS OF MARCH 1, 2017 BEFORE THE HONORABLE JUDGE STEVEN WHITTINGTON</span> entered 08/24/2017.", "entry_date": "8/24/2017"}, {"date": "8/21/2017", "number": "299", "contents": "<span class='description'>DCA ORDER IS HEREBY DISCHARGING THE OF 08/09/2017, 1D17-2203</span> entered 08/21/2017.", "entry_date": "8/21/2017"}, {"date": "8/18/2017", "number": "298", "contents": "<span class='description'>NOTICE OF HEARING ON MOTION FOR PAYMENT OF EXCESS ATTORNEY'S FEES</span> entered 08/21/2017.", "entry_date": "8/21/2017"}, {"date": "8/15/2017", "number": "297", "contents": "<span class='description'>REPORTER\u2019S ACKNOWLEDGEMENT</span> entered 08/16/2017.", "entry_date": "8/16/2017"}, {"date": "8/14/2017", "number": "296", "contents": "<span class='description'>NOTICE OF APPEARANCE</span> entered 08/14/2017.", "entry_date": "8/14/2017"}, {"date": "8/9/2017", "number": "295", "contents": "<span class='description'>ORDER OF INSOL. &amp; APPT. OF COUNSEL FOR PUR.OF APPEAL</span> entered 08/11/2017.", "entry_date": "8/11/2017"}, {"date": "8/9/2017", "number": "294", "contents": "<span class='description'>DCA ORDER TO SHOW CAUSE 1D17-2203</span> entered 08/09/2017.", "entry_date": "8/9/2017"}, {"date": "6/28/2017", "number": "293", "contents": "<span class='description'>COURT ORDER DENYING DEFENDANT'S MOTION FOR EXTENSION OF TIME</span> entered 06/29/2017.", "entry_date": "6/29/2017"}, {"date": "6/23/2017", "number": "292", "contents": "<span class='description'>MOTION FOR EXTENSION OF TIME</span> entered 06/28/2017.", "entry_date": "6/28/2017"}, {"date": "6/14/2017", "number": "291", "contents": "<span class='description'>COURT ORDER DENYING DEFENDANT'S MOTION TO WITHDRAW PLEA AND REQUEST FOR APPOINTMENT OF COUNSEL</span> entered 06/19/2017.", "entry_date": "6/19/2017"}, {"date": "6/7/2017", "number": "290", "contents": "<span class='description'>NOTICE OF APPEAL BOOK 18018 PAGE 635-638</span> entered 06/14/2017.", "entry_date": "6/14/2017"}, {"date": "6/2/2017", "number": "289", "contents": "<span class='description'>DCA ORDER DIRECTING THE APPELLANT TO PAY THE FILING FEE OR FILE AN ORDER OF INSOLVENCY, 1D17-2203</span> entered 06/05/2017.", "entry_date": "6/5/2017"}, {"date": "5/26/2017", "number": "288", "contents": "<span class='description'>MOTION TO WITHDRAW PLEA AND REQUEST FOR APPOINTMENT OF COUNSEL</span> entered 06/01/2017.", "entry_date": "6/1/2017"}, {"date": "5/26/2017", "number": "287", "contents": "<span class='description'>DCA ACKNOWLEDGMENT RECEIPT 1D17-2203</span> entered 05/26/2017.", "entry_date": "5/26/2017"}, {"date": "5/26/2017", "number": "286", "contents": "<span class='description'>ORDER DISCHARGING ATTORNEY</span> entered 05/26/2017.", "entry_date": "5/26/2017"}, {"date": "5/24/2017", "number": "285", "contents": "<span class='description'>STATEMENT OF JUDICIAL ACTS TO BE REVIEWED</span> entered 05/25/2017.", "entry_date": "5/25/2017"}, {"date": "5/24/2017", "number": "284", "contents": "<span class='description'>DIRECTIONS TO CLERK</span> entered 05/25/2017.", "entry_date": "5/25/2017"}, {"date": "5/24/2017", "number": "283", "contents": "<span class='description'>DESIGNATION TO COURT REPORTER</span> entered 05/25/2017.", "entry_date": "5/25/2017"}, {"date": "5/24/2017", "number": "282", "contents": "<span class='description'>NOTICE OF APPEAL BOOK 17995 PAGE 445-445</span> entered 05/25/2017.", "entry_date": "5/25/2017"}, {"date": "5/24/2017", "number": "281", "contents": "<span class='description'>MOTION TO DISCHARGE ATTORNEY</span> entered 05/24/2017.", "entry_date": "5/24/2017"}, {"date": "5/23/2017", "number": "280", "contents": "<span class='description'>RECEIPT FOR CIVIL PROCESS, JAIL, WARRANTS</span> entered 05/24/2017.", "entry_date": "5/24/2017"}, {"date": "5/22/2017", "number": "279", "contents": "<span class='description'>UNIFORM COMMITMENT TO CUSTODY OF DEPT. OF CORRECTIONS</span> entered 05/22/2017.", "entry_date": "5/22/2017"}, {"date": "5/22/2017", "number": "278", "contents": "<span class='description'>COMMITMENT CHECKLIST SENT</span> entered 05/22/2017.", "entry_date": "5/22/2017"}, {"date": "5/22/2017", "number": "277", "contents": "<span class='description'>CERTIFICATE OF SERVICE FOR JUDGMENT AND SENTENCE</span> entered 05/22/2017.", "entry_date": "5/22/2017"}, {"date": "5/17/2017", "number": "276", "contents": "<span class='description'>CLERKS EXHIBIT MEMO</span> entered 05/23/2017.", "entry_date": "5/23/2017"}, {"date": "5/17/2017", "number": "275", "contents": "<span class='description'>CLERKS MEMO OF HEARING</span> entered 05/22/2017.", "entry_date": "5/22/2017"}, {"date": "5/17/2017", "number": "273", "contents": "<span class='description'>COURT ORDERED COSTS/FINES/FEES BOOK 17990 PAGE 1316-1317</span> entered 05/22/2017.", "entry_date": "5/22/2017"}, {"date": "5/17/2017", "number": "272", "contents": "<span class='description'>PAYMENT AUTHORIZATION SHEET</span> entered 05/22/2017.", "entry_date": "5/22/2017"}, {"date": "5/17/2017", "number": "271", "contents": "<span class='description'>RESTITUTION ORDER CREATED FOR: $ $5,000.00 BOOK 17990 PAGE 1304-1305</span> entered 05/22/2017.", "entry_date": "5/22/2017"}, {"date": "5/17/2017", "number": "270", "contents": "<span class='description'>SENTENCING GUIDELINES</span> entered 05/22/2017.", "entry_date": "5/22/2017"}, {"date": "5/17/2017", "number": "268", "contents": "<span class='description'>SEE COUNT 1</span> entered 05/22/2017.", "entry_date": "5/22/2017"}, {"date": "5/17/2017", "number": "267", "contents": "<span class='description'>CREDIT TIME: 1483 DAYS</span> entered 05/22/2017.", "entry_date": "5/22/2017"}, {"date": "5/17/2017", "number": "266", "contents": "<span class='description'>JUDGMENT AND SENTENCE TO STATE PRISON FOR 45 YEARS</span> entered 05/22/2017.", "entry_date": "5/22/2017"}, {"date": "5/17/2017", "number": "265", "contents": "<span class='description'>DEF. ADJUDGED GUILTY - FINGERPRINTS TAKEN</span> entered 05/22/2017.", "entry_date": "5/22/2017"}, {"date": "5/17/2017", "number": "264", "contents": "<span class='description'>SEE COUNT 1</span> entered 05/22/2017.", "entry_date": "5/22/2017"}, {"date": "5/17/2017", "number": "263", "contents": "<span class='description'>CREDIT TIME: 1483 DAYS</span> entered 05/22/2017.", "entry_date": "5/22/2017"}, {"date": "5/17/2017", "number": "262", "contents": "<span class='description'>JUDGMENT AND SENTENCE TO STATE PRISON FOR 45 YEARS</span> entered 05/22/2017.", "entry_date": "5/22/2017"}, {"date": "5/17/2017", "number": "261", "contents": "<span class='description'>DEF. ADJUDGED GUILTY - FINGERPRINTS TAKEN</span> entered 05/22/2017.", "entry_date": "5/22/2017"}, {"date": "5/17/2017", "number": "260", "contents": "<span class='description'>FEES DUE: 8/17/2062</span> entered 05/22/2017.", "entry_date": "5/22/2017"}, {"date": "5/17/2017", "number": "259", "contents": "<span class='description'>CSTF 20.00 IMPOSED</span> entered 05/22/2017.", "entry_date": "5/22/2017"}, {"date": "5/17/2017", "number": "258", "contents": "<span class='description'>SAIEF 100.00 IMPOSED</span> entered 05/22/2017.", "entry_date": "5/22/2017"}, {"date": "5/17/2017", "number": "257", "contents": "<span class='description'>AACC 65.00 IMPOSED</span> entered 05/22/2017.", "entry_date": "5/22/2017"}, {"date": "5/17/2017", "number": "256", "contents": "<span class='description'>TNC 3.00 IMPOSED</span> entered 05/22/2017.", "entry_date": "5/22/2017"}, {"date": "5/17/2017", "number": "255", "contents": "<span class='description'>PD APP FEE 50.00 IMPOSED</span> entered 05/22/2017.", "entry_date": "5/22/2017"}, {"date": "5/17/2017", "number": "254", "contents": "<span class='description'>LGTF 225.00 IMPOSED</span> entered 05/22/2017.", "entry_date": "5/22/2017"}, {"date": "5/17/2017", "number": "253", "contents": "<span class='description'>CCT 50.00 IMPOSED</span> entered 05/22/2017.", "entry_date": "5/22/2017"}, {"date": "5/17/2017", "number": "252", "contents": "<span class='description'>COURTATTY(JDGMTCOSTS) 100.00 IMPOSED</span> entered 05/22/2017.", "entry_date": "5/22/2017"}, {"date": "5/17/2017", "number": "251", "contents": "<span class='description'>COST OF COURT 50.00 IMPOSED</span> entered 05/22/2017.", "entry_date": "5/22/2017"}, {"date": "5/17/2017", "number": "250", "contents": "<span class='description'>LEEA 5.00 IMPOSED</span> entered 05/22/2017.", "entry_date": "5/22/2017"}, {"date": "5/17/2017", "number": "249", "contents": "<span class='description'>JURISDICTION RESERVED TO DETERMINE RESTITUTION FOR: 60 DAYS</span> entered 05/22/2017.", "entry_date": "5/22/2017"}, {"date": "5/17/2017", "number": "248", "contents": "<span class='description'>20 YEAR MINIMUM MANDATORY SENTENCE IMPOSED PER F.S. 775.087 AS TO COUNT: 1-3</span> entered 05/22/2017.", "entry_date": "5/22/2017"}, {"date": "5/17/2017", "number": "247", "contents": "<span class='description'>CONCURRENT WITH CASE NUMBER/S 13-CF-3972-A, 14-CF-1951-A,</span> entered 05/22/2017.", "entry_date": "5/22/2017"}, {"date": "5/17/2017", "number": "246", "contents": "<span class='description'>CONCURRENT WITH COUNT/S 1-3</span> entered 05/22/2017.", "entry_date": "5/22/2017"}, {"date": "5/17/2017", "number": "245", "contents": "<span class='description'>CREDIT TIME: 1483 DAYS</span> entered 05/22/2017.", "entry_date": "5/22/2017"}, {"date": "5/17/2017", "number": "244", "contents": "<span class='description'>JUDGMENT AND SENTENCE TO STATE PRISON FOR 45 YEARS BOOK 17990 PAGE 1352-1358</span> entered 05/22/2017.", "entry_date": "5/22/2017"}, {"date": "5/17/2017", "number": "243", "contents": "<span class='description'>DEF. ADJUDGED GUILTY - FINGERPRINTS TAKEN</span> entered 05/22/2017.", "entry_date": "5/22/2017"}, {"date": "5/17/2017", "number": "242", "contents": "<span class='description'>REDUCED S782.04(2) MURDER - SECOND DEGREE</span> entered 05/22/2017.", "entry_date": "5/22/2017"}, {"date": "5/17/2017", "number": "241", "contents": "<span class='description'>DEFENDANT PRESENT IN JAIL</span> entered 05/22/2017.", "entry_date": "5/22/2017"}, {"date": "5/17/2017", "number": "240", "contents": "<span class='description'>ATTY. FOR DEF. SCHLAX, JULIE AGENT</span> entered 05/22/2017.", "entry_date": "5/22/2017"}, {"date": "5/17/2017", "number": "239", "contents": "<span class='description'>ASST. STATE ATTY. KITE, LONDON MAHOGANY</span> entered 05/22/2017.", "entry_date": "5/22/2017"}, {"date": "5/17/2017", "number": "238", "contents": "<span class='description'>JUDGE WHITTINGTON, STEVEN B</span> entered 05/22/2017.", "entry_date": "5/22/2017"}, {"date": "5/12/2017", "number": "237", "contents": "<span class='description'>SENTENCING 05/17/2017 9:00 AM - 308 3RD FLOOR, 501 W ADAMS ST JACKSONVILLE FL 32202</span> entered 05/12/2017.", "entry_date": "5/12/2017"}, {"date": "5/12/2017", "number": "236", "contents": "<span class='description'>HEARING ON SENTENCING HELD IN FULL AND TAKEN UNDER ADVISEMENT</span> entered 05/12/2017.", "entry_date": "5/12/2017"}, {"date": "5/12/2017", "number": "235", "contents": "<span class='description'>OTHERS PRESENT: C FLETCHER WITH DEFENSE</span> entered 05/12/2017.", "entry_date": "5/12/2017"}, {"date": "5/12/2017", "number": "234", "contents": "<span class='description'>DEFENDANT PRESENT IN JAIL</span> entered 05/12/2017.", "entry_date": "5/12/2017"}, {"date": "5/12/2017", "number": "233", "contents": "<span class='description'>ATTY. FOR DEF. SCHLAX, JULIE AGENT</span> entered 05/12/2017.", "entry_date": "5/12/2017"}, {"date": "5/12/2017", "number": "232", "contents": "<span class='description'>ASST. STATE ATTY. KITE, LONDON MAHOGANY</span> entered 05/12/2017.", "entry_date": "5/12/2017"}, {"date": "5/12/2017", "number": "231", "contents": "<span class='description'>JUDGE WHITTINGTON, STEVEN B</span> entered 05/12/2017.", "entry_date": "5/12/2017"}, {"date": "4/24/2017", "number": "230", "contents": "<span class='description'>AFFIDAVIT/RETURN OF SERVICE</span> entered 04/24/2017.", "entry_date": "4/24/2017"}, {"date": "4/5/2017", "number": "229", "contents": "<span class='description'>PER EMAIL</span> entered 04/05/2017.", "entry_date": "4/5/2017"}, {"date": "4/5/2017", "number": "228", "contents": "<span class='description'>SENTENCING 05/12/2017 9:00 AM - 308 3RD FLOOR, 501 W ADAMS ST JACKSONVILLE FL 32202</span> entered 04/05/2017.", "entry_date": "4/5/2017"}, {"date": "4/5/2017", "number": "227", "contents": "<span class='description'>&gt; CANCEL REASON -</span> entered 04/05/2017.", "entry_date": "4/5/2017"}, {"date": "4/5/2017", "number": "226", "contents": "<span class='description'>CANCELLED SENTENCING ON 4/7/2017 9:00:00 AM</span> entered 04/05/2017.", "entry_date": "4/5/2017"}, {"date": "3/1/2017", "number": "225", "contents": "<span class='description'>SENTENCING 04/07/2017 9:00 AM - 308 3RD FLOOR, 501 W ADAMS ST JACKSONVILLE FL 32202</span> entered 03/01/2017.", "entry_date": "3/1/2017"}, {"date": "3/1/2017", "number": "224", "contents": "<span class='description'>PSI ORDERED</span> entered 03/01/2017.", "entry_date": "3/1/2017"}, {"date": "3/1/2017", "number": "223", "contents": "<span class='description'>DEFENDANT PLEAD GUILTY</span> entered 03/01/2017.", "entry_date": "3/1/2017"}, {"date": "3/1/2017", "number": "222", "contents": "<span class='description'>DEFENDANT PLEAD GUILTY</span> entered 03/01/2017.", "entry_date": "3/1/2017"}, {"date": "3/1/2017", "number": "221", "contents": "<span class='description'>DEFENDANT PLEAD GUILTY</span> entered 03/01/2017.", "entry_date": "3/1/2017"}, {"date": "3/1/2017", "number": "220", "contents": "<span class='description'>OTHERS PRESENT: C FLETCHER WITH DEFENSE</span> entered 03/01/2017.", "entry_date": "3/1/2017"}, {"date": "3/1/2017", "number": "219", "contents": "<span class='description'>ACKNOWLEDGE. OF RIGHTS &amp; VOLUNTARINESS OF ENTRY OF PLEA</span> entered 03/01/2017.", "entry_date": "3/1/2017"}, {"date": "3/1/2017", "number": "218", "contents": "<span class='description'>DEF. PERMITTED TO W/D PLEA OF NG TO G</span> entered 03/01/2017.", "entry_date": "3/1/2017"}, {"date": "3/1/2017", "number": "217", "contents": "<span class='description'>DEFENDANT PRESENT IN JAIL</span> entered 03/01/2017.", "entry_date": "3/1/2017"}, {"date": "3/1/2017", "number": "216", "contents": "<span class='description'>ATTY. FOR DEF. SCHLAX, JULIE AGENT</span> entered 03/01/2017.", "entry_date": "3/1/2017"}, {"date": "3/1/2017", "number": "215", "contents": "<span class='description'>ASST. STATE ATTY. KITE, LONDON MAHOGANY</span> entered 03/01/2017.", "entry_date": "3/1/2017"}, {"date": "3/1/2017", "number": "214", "contents": "<span class='description'>JUDGE WHITTINGTON, STEVEN B</span> entered 03/01/2017.", "entry_date": "3/1/2017"}, {"date": "2/23/2017", "number": "213", "contents": "<span class='description'>PER EMAIL</span> entered 02/23/2017.", "entry_date": "2/23/2017"}, {"date": "2/23/2017", "number": "212", "contents": "<span class='description'>PRETRIAL 03/01/2017 9:00 AM - 308 3RD FLOOR, 501 W ADAMS ST JACKSONVILLE FL 32202</span> entered 02/23/2017.", "entry_date": "2/23/2017"}, {"date": "2/23/2017", "number": "211", "contents": "<span class='description'>&gt; CANCEL REASON -</span> entered 02/23/2017.", "entry_date": "2/23/2017"}, {"date": "2/23/2017", "number": "210", "contents": "<span class='description'>CANCELLED PRETRIAL ON 2/27/2017 9:00:00 AM</span> entered 02/23/2017.", "entry_date": "2/23/2017"}, {"date": "2/6/2017", "number": "209", "contents": "<span class='description'>PRETRIAL 02/27/2017 9:00 AM - 308 3RD FLOOR, 501 W ADAMS ST JACKSONVILLE FL 32202</span> entered 02/06/2017.", "entry_date": "2/6/2017"}, {"date": "2/6/2017", "number": "208", "contents": "<span class='description'>DEFENDANT PRESENT IN JAIL</span> entered 02/06/2017.", "entry_date": "2/6/2017"}, {"date": "2/6/2017", "number": "207", "contents": "<span class='description'>ATTY. FOR DEF. SCHLAX, JULIE AGENT</span> entered 02/06/2017.", "entry_date": "2/6/2017"}, {"date": "2/6/2017", "number": "206", "contents": "<span class='description'>ASST. STATE ATTY. KITE, LONDON MAHOGANY</span> entered 02/06/2017.", "entry_date": "2/6/2017"}, {"date": "2/6/2017", "number": "205", "contents": "<span class='description'>JUDGE WHITTINGTON, STEVEN B</span> entered 02/06/2017.", "entry_date": "2/6/2017"}, {"date": "1/20/2017", "number": "204", "contents": "<span class='description'>PER EMAIL</span> entered 01/20/2017.", "entry_date": "1/20/2017"}, {"date": "1/20/2017", "number": "203", "contents": "<span class='description'>DISPOSITION 02/06/2017 9:00 AM - 308 3RD FLOOR, 501 W ADAMS ST JACKSONVILLE FL 32202</span> entered 01/20/2017.", "entry_date": "1/20/2017"}, {"date": "1/20/2017", "number": "202", "contents": "<span class='description'>&gt; CANCEL REASON -</span> entered 01/20/2017.", "entry_date": "1/20/2017"}, {"date": "1/20/2017", "number": "201", "contents": "<span class='description'>CANCELLED DISPOSITION ON 1/23/2017 9:00:00 AM</span> entered 01/20/2017.", "entry_date": "1/20/2017"}, {"date": "12/15/2016", "number": "200", "contents": "<span class='description'>TBS</span> entered 12/15/2016.", "entry_date": "12/15/2016"}, {"date": "12/15/2016", "number": "199", "contents": "<span class='description'>DISPOSITION 01/23/2017 9:00 AM - 308 3RD FLOOR, 501 W ADAMS ST JACKSONVILLE FL 32202</span> entered 12/15/2016.", "entry_date": "12/15/2016"}, {"date": "12/15/2016", "number": "198", "contents": "<span class='description'>DEFENDANT PRESENT IN JAIL</span> entered 12/15/2016.", "entry_date": "12/15/2016"}, {"date": "12/15/2016", "number": "197", "contents": "<span class='description'>ATTY. FOR DEF. SCHLAX, JULIE AGENT</span> entered 12/15/2016.", "entry_date": "12/15/2016"}, {"date": "12/15/2016", "number": "196", "contents": "<span class='description'>ASST. STATE ATTY. KITE, LONDON MAHOGANY</span> entered 12/15/2016.", "entry_date": "12/15/2016"}, {"date": "12/15/2016", "number": "195", "contents": "<span class='description'>JUDGE WHITTINGTON, STEVEN B</span> entered 12/15/2016.", "entry_date": "12/15/2016"}, {"date": "11/3/2016", "number": "194", "contents": "<span class='description'>PRETRIAL 12/15/2016 9:00 AM - 308 3RD FLOOR, 501 W ADAMS ST JACKSONVILLE FL 32202</span> entered 11/03/2016.", "entry_date": "11/3/2016"}, {"date": "11/3/2016", "number": "193", "contents": "<span class='description'>DEFENDANT APPEARANCE WAIVED</span> entered 11/03/2016.", "entry_date": "11/3/2016"}, {"date": "11/3/2016", "number": "192", "contents": "<span class='description'>ATTY. FOR DEF. SCHLAX, JULIE AGENT</span> entered 11/03/2016.", "entry_date": "11/3/2016"}, {"date": "11/3/2016", "number": "191", "contents": "<span class='description'>ASST. STATE ATTY. KITE, LONDON MAHOGANY</span> entered 11/03/2016.", "entry_date": "11/3/2016"}, {"date": "11/3/2016", "number": "190", "contents": "<span class='description'>JUDGE WHITTINGTON, STEVEN B</span> entered 11/03/2016.", "entry_date": "11/3/2016"}, {"date": "10/31/2016", "number": "189", "contents": "<span class='description'>PRETRIAL 11/03/2016 9:00 AM - 308 3RD FLOOR, 501 W ADAMS ST JACKSONVILLE FL 32202</span> entered 10/31/2016.", "entry_date": "10/31/2016"}, {"date": "10/31/2016", "number": "188", "contents": "<span class='description'>OTHERS PRESENT: POLIMENI FOR KITE</span> entered 10/31/2016.", "entry_date": "10/31/2016"}, {"date": "10/31/2016", "number": "187", "contents": "<span class='description'>DEFENDANT PRESENT IN JAIL</span> entered 10/31/2016.", "entry_date": "10/31/2016"}, {"date": "10/31/2016", "number": "186", "contents": "<span class='description'>ATTY. FOR DEF. SCHLAX, JULIE AGENT</span> entered 10/31/2016.", "entry_date": "10/31/2016"}, {"date": "10/31/2016", "number": "185", "contents": "<span class='description'>ASST. STATE ATTY. KITE, LONDON MAHOGANY</span> entered 10/31/2016.", "entry_date": "10/31/2016"}, {"date": "10/31/2016", "number": "184", "contents": "<span class='description'>JUDGE WHITTINGTON, STEVEN B</span> entered 10/31/2016.", "entry_date": "10/31/2016"}, {"date": "9/28/2016", "number": "183", "contents": "<span class='description'>PRETRIAL 10/31/2016 9:00 AM - 308 3RD FLOOR, 501 W ADAMS ST JACKSONVILLE FL 32202</span> entered 09/28/2016.", "entry_date": "9/28/2016"}, {"date": "9/28/2016", "number": "182", "contents": "<span class='description'>DEFENDANT PRESENT IN JAIL</span> entered 09/28/2016.", "entry_date": "9/28/2016"}, {"date": "9/28/2016", "number": "181", "contents": "<span class='description'>ATTY. FOR DEF. SCHLAX, JULIE AGENT</span> entered 09/28/2016.", "entry_date": "9/28/2016"}, {"date": "9/28/2016", "number": "180", "contents": "<span class='description'>ASST. STATE ATTY. KITE, LONDON MAHOGANY</span> entered 09/28/2016.", "entry_date": "9/28/2016"}, {"date": "9/28/2016", "number": "179", "contents": "<span class='description'>JUDGE WHITTINGTON, STEVEN B</span> entered 09/28/2016.", "entry_date": "9/28/2016"}, {"date": "8/10/2016", "number": "178", "contents": "<span class='description'>PRETRIAL 09/28/2016 9:00 AM - 308 3RD FLOOR, 501 W ADAMS ST JACKSONVILLE FL 32202</span> entered 08/10/2016.", "entry_date": "8/10/2016"}, {"date": "8/10/2016", "number": "177", "contents": "<span class='description'>DEFENDANT PRESENT IN JAIL</span> entered 08/10/2016.", "entry_date": "8/10/2016"}, {"date": "8/10/2016", "number": "176", "contents": "<span class='description'>ATTY. FOR DEF. SCHLAX, JULIE AGENT</span> entered 08/10/2016.", "entry_date": "8/10/2016"}, {"date": "8/10/2016", "number": "175", "contents": "<span class='description'>ASST. STATE ATTY. KITE, LONDON MAHOGANY</span> entered 08/10/2016.", "entry_date": "8/10/2016"}, {"date": "8/10/2016", "number": "174", "contents": "<span class='description'>JUDGE WHITTINGTON, STEVEN B</span> entered 08/10/2016.", "entry_date": "8/10/2016"}, {"date": "7/18/2016", "number": "173", "contents": "<span class='description'>BACK WITH JUDGE WHITTINGTON</span> entered 07/18/2016.", "entry_date": "7/18/2016"}, {"date": "7/18/2016", "number": "172", "contents": "<span class='description'>STATUS HEARING 08/10/2016 9:00 AM - 308 3RD FLOOR, 501 W ADAMS ST JACKSONVILLE FL 32202</span> entered 07/18/2016.", "entry_date": "7/18/2016"}, {"date": "7/18/2016", "number": "171", "contents": "<span class='description'>MOTION TO COMPEL HEARD IN FULL/ROM TO BE ENTERED</span> entered 07/18/2016.", "entry_date": "7/18/2016"}, {"date": "7/18/2016", "number": "170", "contents": "<span class='description'>DEFENDANT PRESENT</span> entered 07/18/2016.", "entry_date": "7/18/2016"}, {"date": "7/18/2016", "number": "169", "contents": "<span class='description'>ATTY. FOR DEF. SCHLAX, JULIE AGENT</span> entered 07/18/2016.", "entry_date": "7/18/2016"}, {"date": "7/18/2016", "number": "168", "contents": "<span class='description'>ASST. STATE ATTY. KITE, LONDON MAHOGANY</span> entered 07/18/2016.", "entry_date": "7/18/2016"}, {"date": "7/18/2016", "number": "167", "contents": "<span class='description'>SITTING JUDGE - SALVADOR, TATIANA</span> entered 07/18/2016.", "entry_date": "7/18/2016"}, {"date": "7/18/2016", "number": "166", "contents": "<span class='description'>JUDGE WHITTINGTON, STEVEN B</span> entered 07/18/2016.", "entry_date": "7/18/2016"}, {"date": "7/8/2016", "number": "165", "contents": "<span class='description'>COURT DATE PREVIOUSLY SET 07/18/16 TO REMAIN ON CALENDAR</span> entered 07/08/2016.", "entry_date": "7/8/2016"}, {"date": "7/8/2016", "number": "164", "contents": "<span class='description'>HEARING ON MOTION TO DISCLOSE INFORMATION HELD IN FULL</span> entered 07/08/2016.", "entry_date": "7/8/2016"}, {"date": "7/8/2016", "number": "163", "contents": "<span class='description'>DEFENDANT NOT PRESENT</span> entered 07/08/2016.", "entry_date": "7/8/2016"}, {"date": "7/8/2016", "number": "162", "contents": "<span class='description'>ATTY. FOR DEF. SCHLAX, JULIE AGENT</span> entered 07/08/2016.", "entry_date": "7/8/2016"}, {"date": "7/8/2016", "number": "161", "contents": "<span class='description'>ASST. STATE ATTY. KITE, LONDON MAHOGANY</span> entered 07/08/2016.", "entry_date": "7/8/2016"}, {"date": "7/8/2016", "number": "160", "contents": "<span class='description'>JUDGE SALVADOR, TATIANA</span> entered 07/08/2016.", "entry_date": "7/8/2016"}, {"date": "7/6/2016", "number": "159", "contents": "<span class='description'>@10 AM BEFORE JUDGE SALVADOR</span> entered 07/06/2016.", "entry_date": "7/6/2016"}, {"date": "7/6/2016", "number": "158", "contents": "<span class='description'>HEARING ON MOTION 07/08/2016 9:00 AM - 702 CHAMBERS, 501 W ADAMS ST JACKSONVILLE FL 32202</span> entered 07/06/2016.", "entry_date": "7/6/2016"}, {"date": "7/6/2016", "number": "157", "contents": "<span class='description'>DEFENDANT NOT PRESENT</span> entered 07/06/2016.", "entry_date": "7/6/2016"}, {"date": "7/6/2016", "number": "156", "contents": "<span class='description'>&gt; ATTORNEY NOT PRESENT FOR BOTH PARTIES</span> entered 07/06/2016.", "entry_date": "7/6/2016"}, {"date": "7/6/2016", "number": "155", "contents": "<span class='description'>ATTY. FOR DEF. SCHLAX, JULIE AGENT</span> entered 07/06/2016.", "entry_date": "7/6/2016"}, {"date": "7/6/2016", "number": "154", "contents": "<span class='description'>ASST. STATE ATTY. KITE, LONDON MAHOGANY</span> entered 07/06/2016.", "entry_date": "7/6/2016"}, {"date": "7/6/2016", "number": "153", "contents": "<span class='description'>JUDGE SALVADOR, TATIANA</span> entered 07/06/2016.", "entry_date": "7/6/2016"}, {"date": "6/21/2016", "number": "152", "contents": "<span class='description'>@1:30 BEFORE JUDGE SALVADORE // PER EMAIL</span> entered 06/21/2016.", "entry_date": "6/21/2016"}, {"date": "6/21/2016", "number": "151", "contents": "<span class='description'>HEARING ON MOTION 07/18/2016 9:00 AM - 405 4TH FLOOR, 501 W ADAMS ST JACKSONVILLE FL 32202</span> entered 06/21/2016.", "entry_date": "6/21/2016"}, {"date": "6/21/2016", "number": "150", "contents": "<span class='description'>&gt; CANCEL REASON - PER EMAIL</span> entered 06/21/2016.", "entry_date": "6/21/2016"}, {"date": "6/21/2016", "number": "149", "contents": "<span class='description'>CANCELLED HEARING ON MOTION ON 7/12/2016 9:00:00 AM</span> entered 06/21/2016.", "entry_date": "6/21/2016"}, {"date": "6/20/2016", "number": "148", "contents": "<span class='description'>STATES THIRD SUPPLEMENTAL DISCOVERY EXHIBIT</span> entered 06/21/2016.", "entry_date": "6/21/2016"}, {"date": "5/11/2016", "number": "147", "contents": "<span class='description'>@10:00AM **JUDGE SALVADORE PRESIDING** COURT ROOM TO BE DETERMINED</span> entered 05/11/2016.", "entry_date": "5/11/2016"}, {"date": "5/11/2016", "number": "146", "contents": "<span class='description'>HEARING ON MOTION 07/12/2016 9:00 AM - 405 4TH FLOOR, 501 W ADAMS ST JACKSONVILLE FL 32202</span> entered 05/11/2016.", "entry_date": "5/11/2016"}, {"date": "5/11/2016", "number": "145", "contents": "<span class='description'>DEFENSE MOTION HEARING HELD IN PART // CONTINUED // TAKEN UNDER ADVISEMENT</span> entered 05/11/2016.", "entry_date": "5/11/2016"}, {"date": "5/11/2016", "number": "144", "contents": "<span class='description'>DEFENDANT PRESENT IN JAIL</span> entered 05/11/2016.", "entry_date": "5/11/2016"}, {"date": "5/11/2016", "number": "143", "contents": "<span class='description'>ATTY. FOR DEF. SCHLAX, JULIE AGENT</span> entered 05/11/2016.", "entry_date": "5/11/2016"}, {"date": "5/11/2016", "number": "142", "contents": "<span class='description'>ASST. STATE ATTY. KITE, LONDON MAHOGANY</span> entered 05/11/2016.", "entry_date": "5/11/2016"}, {"date": "5/11/2016", "number": "141", "contents": "<span class='description'>JUDGE SALVADOR, TATIANA</span> entered 05/11/2016.", "entry_date": "5/11/2016"}, {"date": "3/31/2016", "number": "140", "contents": "<span class='description'>STATES# SECOND SUPPLEMENTAL DISCOVERY EXHIBIT</span> entered 03/31/2016.", "entry_date": "3/31/2016"}, {"date": "2/24/2016", "number": "139", "contents": "<span class='description'>BEFORE JUDGE SALVADORE // COURT ROOM TBD</span> entered 02/24/2016.", "entry_date": "2/24/2016"}, {"date": "2/24/2016", "number": "138", "contents": "<span class='description'>HEARING ON MOTION 05/11/2016 10:30 AM - 405 4TH FLOOR, 501 W ADAMS ST JACKSONVILLE FL 32202</span> entered 02/24/2016.", "entry_date": "2/24/2016"}, {"date": "2/24/2016", "number": "137", "contents": "<span class='description'>DEFENDANT PRESENT IN JAIL</span> entered 02/24/2016.", "entry_date": "2/24/2016"}, {"date": "2/24/2016", "number": "136", "contents": "<span class='description'>ATTY. FOR DEF. SCHLAX, JULIE AGENT</span> entered 02/24/2016.", "entry_date": "2/24/2016"}, {"date": "2/24/2016", "number": "135", "contents": "<span class='description'>ASST. STATE ATTY. KITE, LONDON MAHOGANY</span> entered 02/24/2016.", "entry_date": "2/24/2016"}, {"date": "2/24/2016", "number": "134", "contents": "<span class='description'>JUDGE SALVADOR, TATIANA</span> entered 02/24/2016.", "entry_date": "2/24/2016"}, {"date": "2/23/2016", "number": "133", "contents": "<span class='description'>MOTION TO COMPEL ANSWERS TO DISCOVERY DEPOSITION QUESTIONS AND MOTION TO COMPEL ESSENTIAL DISCOVERY DOCUMENT</span> entered 02/24/2016.", "entry_date": "2/24/2016"}, {"date": "2/23/2016", "number": "132", "contents": "<span class='description'>MOTION TO COMPEL ANSWERS TO DISCOVERY DEPOSITION QUESTIONS</span> entered 02/24/2016.", "entry_date": "2/24/2016"}, {"date": "2/23/2016", "number": "131", "contents": "<span class='description'>MOTION TO PROHIBIT DEATH QUALIFICATION OF THE JURY</span> entered 02/23/2016.", "entry_date": "2/23/2016"}, {"date": "2/3/2016", "number": "130", "contents": "<span class='description'>- TO BE HEARD BEFORE JUDGE SALVADOR</span> entered 02/12/2016.", "entry_date": "2/12/2016"}, {"date": "2/3/2016", "number": "129", "contents": "<span class='description'>COURT ORDER GRANTING MOTION TO INCUR COSTS OF TRANSCRIPTS</span> entered 02/04/2016.", "entry_date": "2/4/2016"}, {"date": "2/3/2016", "number": "128", "contents": "<span class='description'>PRETRIAL 02/24/2016 9:00 AM - 405 4TH FLOOR, 501 W ADAMS ST JACKSONVILLE FL 32202</span> entered 02/03/2016.", "entry_date": "2/3/2016"}, {"date": "2/3/2016", "number": "127", "contents": "<span class='description'>DEFENDANT APPEARANCE WAIVED</span> entered 02/03/2016.", "entry_date": "2/3/2016"}, {"date": "2/3/2016", "number": "126", "contents": "<span class='description'>ATTY. FOR DEF. SCHLAX, JULIE AGENT</span> entered 02/03/2016.", "entry_date": "2/3/2016"}, {"date": "2/3/2016", "number": "125", "contents": "<span class='description'>ASST. STATE ATTY. KITE, LONDON MAHOGANY</span> entered 02/03/2016.", "entry_date": "2/3/2016"}, {"date": "2/3/2016", "number": "124", "contents": "<span class='description'>JUDGE WHITTINGTON, STEVEN B</span> entered 02/03/2016.", "entry_date": "2/3/2016"}, {"date": "1/28/2016", "number": "123", "contents": "<span class='description'>MOTION TO INCUR COSTS OF SELECT DEPOSITION TRANSCRIPTS</span> entered 01/29/2016.", "entry_date": "1/29/2016"}, {"date": "1/25/2016", "number": "122", "contents": "<span class='description'>PRETRIAL 02/03/2016 9:00 AM - 306 3RD FLOOR, 501 W ADAMS ST JACKSONVILLE FL 32202</span> entered 01/25/2016.", "entry_date": "1/25/2016"}, {"date": "1/25/2016", "number": "121", "contents": "<span class='description'>DEFENDANT PRESENT IN JAIL</span> entered 01/25/2016.", "entry_date": "1/25/2016"}, {"date": "1/25/2016", "number": "120", "contents": "<span class='description'>ATTY. FOR DEF. SCHLAX, JULIE AGENT</span> entered 01/25/2016.", "entry_date": "1/25/2016"}, {"date": "1/25/2016", "number": "119", "contents": "<span class='description'>ASST. STATE ATTY. KITE, LONDON MAHOGANY</span> entered 01/25/2016.", "entry_date": "1/25/2016"}, {"date": "1/25/2016", "number": "118", "contents": "<span class='description'>JUDGE SALVADOR, TATIANA</span> entered 01/25/2016.", "entry_date": "1/25/2016"}, {"date": "1/13/2016", "number": "117", "contents": "<span class='description'>MOTION TO STRIKE NOTICE OF INTENT TO SEEK THE DEATH PENALTY AND BAR THE STATE FROM SEEKING THE DEATH PENALTY BASED ON U.S. SUPREME COURT'S DECISION IN HURST V. FLORIDA</span> entered 01/19/2016.", "entry_date": "1/19/2016"}, {"date": "12/21/2015", "number": "116", "contents": "<span class='description'>NOTICE OF TAKING DEPOSITION</span> entered 12/22/2015.", "entry_date": "12/22/2015"}, {"date": "12/21/2015", "number": "115", "contents": "<span class='description'>NOTICE OF TAKING DEPOSITION</span> entered 12/22/2015.", "entry_date": "12/22/2015"}, {"date": "12/21/2015", "number": "114", "contents": "<span class='description'>NOTICE OF TAKING DEPOSITION</span> entered 12/22/2015.", "entry_date": "12/22/2015"}, {"date": "12/8/2015", "number": "113", "contents": "<span class='description'>PRETRIAL 01/25/2016 9:00 AM - 306 3RD FLOOR, 501 W ADAMS ST JACKSONVILLE FL 32202</span> entered 12/08/2015.", "entry_date": "12/8/2015"}, {"date": "12/8/2015", "number": "112", "contents": "<span class='description'>DEFENDANT PRESENT IN JAIL</span> entered 12/08/2015.", "entry_date": "12/8/2015"}, {"date": "12/8/2015", "number": "111", "contents": "<span class='description'>OTHERS PRESENT C. FLETCHER WITH DEFENSE</span> entered 12/08/2015.", "entry_date": "12/8/2015"}, {"date": "12/8/2015", "number": "110", "contents": "<span class='description'>ATTY. FOR DEF. SCHLAX, JULIE AGENT</span> entered 12/08/2015.", "entry_date": "12/8/2015"}, {"date": "12/8/2015", "number": "109", "contents": "<span class='description'>ASST. STATE ATTY. KITE, LONDON MAHOGANY</span> entered 12/08/2015.", "entry_date": "12/8/2015"}, {"date": "12/8/2015", "number": "108", "contents": "<span class='description'>JUDGE SALVADOR, TATIANA</span> entered 12/08/2015.", "entry_date": "12/8/2015"}, {"date": "11/17/2015", "number": "107", "contents": "<span class='description'>NOTICE OF TAKING DEPOSITION</span> entered 11/19/2015.", "entry_date": "11/19/2015"}, {"date": "11/17/2015", "number": "106", "contents": "<span class='description'>NOTICE OF TAKING DEPOSITION</span> entered 11/19/2015.", "entry_date": "11/19/2015"}, {"date": "11/17/2015", "number": "105", "contents": "<span class='description'>NOTICE OF TAKING DEPOSITION</span> entered 11/19/2015.", "entry_date": "11/19/2015"}, {"date": "11/17/2015", "number": "104", "contents": "<span class='description'>NOTICE OF TAKING DEPOSITION</span> entered 11/18/2015.", "entry_date": "11/18/2015"}, {"date": "10/26/2015", "number": "103", "contents": "<span class='description'>PRETRIAL 12/08/2015 9:00 AM - 306 3RD FLOOR, 501 W ADAMS ST JACKSONVILLE FL 32202</span> entered 10/26/2015.", "entry_date": "10/26/2015"}, {"date": "10/26/2015", "number": "102", "contents": "<span class='description'>DEFENDANT PRESENT IN JAIL</span> entered 10/26/2015.", "entry_date": "10/26/2015"}, {"date": "10/26/2015", "number": "101", "contents": "<span class='description'>ATTY. FOR DEF. SCHLAX, JULIE AGENT</span> entered 10/26/2015.", "entry_date": "10/26/2015"}, {"date": "10/26/2015", "number": "100", "contents": "<span class='description'>ASST. STATE ATTY. KITE, LONDON MAHOGANY</span> entered 10/26/2015.", "entry_date": "10/26/2015"}, {"date": "10/26/2015", "number": "99", "contents": "<span class='description'>JUDGE SALVADOR, TATIANA</span> entered 10/26/2015.", "entry_date": "10/26/2015"}, {"date": "8/26/2015", "number": "98", "contents": "<span class='description'>FINAL PRETRIAL 10/26/2015 9:00 AM - 306 3RD FLOOR, 501 W ADAMS ST JACKSONVILLE FL 32202</span> entered 08/26/2015.", "entry_date": "8/26/2015"}, {"date": "8/26/2015", "number": "97", "contents": "<span class='description'>DEFENDANT APPEARANCE WAIVED</span> entered 08/26/2015.", "entry_date": "8/26/2015"}, {"date": "8/26/2015", "number": "96", "contents": "<span class='description'>ATTY. FOR DEF. SCHLAX, JULIE AGENT</span> entered 08/26/2015.", "entry_date": "8/26/2015"}, {"date": "8/26/2015", "number": "95", "contents": "<span class='description'>ASST. STATE ATTY. POLIMENI, MATTHEW JOSEPH</span> entered 08/26/2015.", "entry_date": "8/26/2015"}, {"date": "8/26/2015", "number": "94", "contents": "<span class='description'>JUDGE SALVADOR, TATIANA</span> entered 08/26/2015.", "entry_date": "8/26/2015"}, {"date": "8/7/2015", "number": "93", "contents": "<span class='description'>COURT ORDER GRANTING MOTION TO INCUR COSTS OF TRANSCRIPTS</span> entered 08/10/2015.", "entry_date": "8/10/2015"}, {"date": "8/7/2015", "number": "92", "contents": "<span class='description'>MOTION TO INCUR COSTS OF SELECT DEPOSITION TRANSCRIPTS</span> entered 08/10/2015.", "entry_date": "8/10/2015"}, {"date": "7/22/2015", "number": "91", "contents": "<span class='description'>PRETRIAL 08/26/2015 9:00 AM - 306 3RD FLOOR, 501 W ADAMS ST JACKSONVILLE FL 32202</span> entered 07/22/2015.", "entry_date": "7/22/2015"}, {"date": "7/22/2015", "number": "90", "contents": "<span class='description'>DEFENDANT PRESENT IN JAIL</span> entered 07/22/2015.", "entry_date": "7/22/2015"}, {"date": "7/22/2015", "number": "89", "contents": "<span class='description'>ATTY. FOR DEF. SCHLAX, JULIE AGENT</span> entered 07/22/2015.", "entry_date": "7/22/2015"}, {"date": "7/22/2015", "number": "88", "contents": "<span class='description'>ASST. STATE ATTY. KITE, LONDON MAHOGANY</span> entered 07/22/2015.", "entry_date": "7/22/2015"}, {"date": "7/22/2015", "number": "87", "contents": "<span class='description'>JUDGE SALVADOR, TATIANA</span> entered 07/22/2015.", "entry_date": "7/22/2015"}, {"date": "6/17/2015", "number": "86", "contents": "<span class='description'>RECEIPT FOR CIVIL PROCESS, JAIL, WARRANTS</span> entered 06/17/2015.", "entry_date": "6/17/2015"}, {"date": "6/16/2015", "number": "85", "contents": "<span class='description'>ORDER TO TRANSPORT</span> entered 06/16/2015.", "entry_date": "6/16/2015"}, {"date": "6/12/2015", "number": "84", "contents": "<span class='description'>ORDER GRANTING MOTION TO INCUR COSTS OF TRANSCRIPTS</span> entered 06/15/2015.", "entry_date": "6/15/2015"}, {"date": "6/12/2015", "number": "83", "contents": "<span class='description'>RECEIPT FOR CIVIL PROCESS, JAIL, WARRANTS</span> entered 06/12/2015.", "entry_date": "6/12/2015"}, {"date": "6/11/2015", "number": "82", "contents": "<span class='description'>MOTION TO TRANSPORT</span> entered 06/11/2015.", "entry_date": "6/11/2015"}, {"date": "6/11/2015", "number": "81", "contents": "<span class='description'>ORDER TO TRANSPORT (AMENDED)</span> entered 06/11/2015.", "entry_date": "6/11/2015"}, {"date": "6/11/2015", "number": "80", "contents": "<span class='description'>ORDER TO TRANSPORT</span> entered 06/11/2015.", "entry_date": "6/11/2015"}, {"date": "6/10/2015", "number": "79", "contents": "<span class='description'>MOTION TO TRANSPORT INMATE FOR DEPOSITION</span> entered 06/14/2015.", "entry_date": "6/14/2015"}, {"date": "6/10/2015", "number": "78", "contents": "<span class='description'>RECEIPT FOR CIVIL PROCESS, JAIL, WARRANTS</span> entered 06/12/2015.", "entry_date": "6/12/2015"}, {"date": "6/5/2015", "number": "77", "contents": "<span class='description'>MOTION TO TRANSPORT (AMENDED MOTION TO TRANSPORT INMATE FOR DEPOSITION)</span> entered 06/07/2015.", "entry_date": "6/7/2015"}, {"date": "6/5/2015", "number": "76", "contents": "<span class='description'>MOTION TO TRANSPORT INMATE FOR DEPOSITION</span> entered 06/07/2015.", "entry_date": "6/7/2015"}, {"date": "6/5/2015", "number": "75", "contents": "<span class='description'>NOTICE OF TAKING DEPOSITION</span> entered 06/07/2015.", "entry_date": "6/7/2015"}, {"date": "6/5/2015", "number": "74", "contents": "<span class='description'>NOTICE OF TAKING DEPOSITION</span> entered 06/07/2015.", "entry_date": "6/7/2015"}, {"date": "6/4/2015", "number": "73", "contents": "<span class='description'>PRETRIAL 07/22/2015 9:00 AM - 306 3RD FLOOR, 501 W ADAMS ST JACKSONVILLE FL 32202</span> entered 06/04/2015.", "entry_date": "6/4/2015"}, {"date": "6/4/2015", "number": "72", "contents": "<span class='description'>DEFENDANT PRESENT IN JAIL</span> entered 06/04/2015.", "entry_date": "6/4/2015"}, {"date": "6/4/2015", "number": "71", "contents": "<span class='description'>ATTY. FOR DEF. SCHLAX, JULIE AGENT</span> entered 06/04/2015.", "entry_date": "6/4/2015"}, {"date": "6/4/2015", "number": "70", "contents": "<span class='description'>ASST. STATE ATTY. KITE, LONDON MAHOGANY</span> entered 06/04/2015.", "entry_date": "6/4/2015"}, {"date": "6/4/2015", "number": "69", "contents": "<span class='description'>JUDGE SALVADOR, TATIANA</span> entered 06/04/2015.", "entry_date": "6/4/2015"}, {"date": "5/27/2015", "number": "68", "contents": "<span class='description'>PER JA EMAIL</span> entered 05/27/2015.", "entry_date": "5/27/2015"}, {"date": "5/27/2015", "number": "67", "contents": "<span class='description'>PRETRIAL 06/04/2015 9:00 AM - 306 3RD FLOOR, 501 W ADAMS ST JACKSONVILLE FL 32202</span> entered 05/27/2015.", "entry_date": "5/27/2015"}, {"date": "5/27/2015", "number": "66", "contents": "<span class='description'>&gt; CANCEL REASON -</span> entered 05/27/2015.", "entry_date": "5/27/2015"}, {"date": "5/27/2015", "number": "65", "contents": "<span class='description'>CANCELLED PRETRIAL ON 6/10/2015 9:00:00 AM</span> entered 05/27/2015.", "entry_date": "5/27/2015"}, {"date": "5/20/2015", "number": "64", "contents": "<span class='description'>PER JA EMAIL</span> entered 05/20/2015.", "entry_date": "5/20/2015"}, {"date": "5/20/2015", "number": "63", "contents": "<span class='description'>PRETRIAL 06/10/2015 9:00 AM - 306 3RD FLOOR, 501 W ADAMS ST JACKSONVILLE FL 32202</span> entered 05/20/2015.", "entry_date": "5/20/2015"}, {"date": "5/20/2015", "number": "62", "contents": "<span class='description'>&gt; CANCEL REASON -</span> entered 05/20/2015.", "entry_date": "5/20/2015"}, {"date": "5/20/2015", "number": "61", "contents": "<span class='description'>CANCELLED PRETRIAL ON 6/1/2015 9:00:00 AM</span> entered 05/20/2015.", "entry_date": "5/20/2015"}, {"date": "5/12/2015", "number": "60", "contents": "<span class='description'>NOTICE OF TAKING DEPOSITION</span> entered 05/12/2015.", "entry_date": "5/12/2015"}, {"date": "5/12/2015", "number": "59", "contents": "<span class='description'>NOTICE OF TAKING DEPOSITION</span> entered 05/12/2015.", "entry_date": "5/12/2015"}, {"date": "4/29/2015", "number": "58", "contents": "<span class='description'>PRETRIAL 06/01/2015 9:00 AM - 306 3RD FLOOR, 501 W ADAMS ST JACKSONVILLE FL 32202</span> entered 04/29/2015.", "entry_date": "4/29/2015"}, {"date": "4/29/2015", "number": "57", "contents": "<span class='description'>DEFENDANT PRESENT IN JAIL</span> entered 04/29/2015.", "entry_date": "4/29/2015"}, {"date": "4/29/2015", "number": "56", "contents": "<span class='description'>ATTY. FOR DEF. SCHLAX, JULIE AGENT</span> entered 04/29/2015.", "entry_date": "4/29/2015"}, {"date": "4/29/2015", "number": "55", "contents": "<span class='description'>ASST. STATE ATTY. KITE, LONDON MAHOGANY</span> entered 04/29/2015.", "entry_date": "4/29/2015"}, {"date": "4/29/2015", "number": "54", "contents": "<span class='description'>JUDGE SALVADOR, TATIANA</span> entered 04/29/2015.", "entry_date": "4/29/2015"}, {"date": "4/8/2015", "number": "53", "contents": "<span class='description'>PRETRIAL 04/29/2015 9:00 AM - 306 3RD FLOOR, 501 W ADAMS ST JACKSONVILLE FL 32202</span> entered 04/08/2015.", "entry_date": "4/8/2015"}, {"date": "4/8/2015", "number": "52", "contents": "<span class='description'>DEFENDANT PRESENT IN JAIL</span> entered 04/08/2015.", "entry_date": "4/8/2015"}, {"date": "4/8/2015", "number": "51", "contents": "<span class='description'>&gt; ATTORNEY NOT PRESENT</span> entered 04/08/2015.", "entry_date": "4/8/2015"}, {"date": "4/8/2015", "number": "50", "contents": "<span class='description'>ATTY. FOR DEF. SCHLAX, JULIE AGENT</span> entered 04/08/2015.", "entry_date": "4/8/2015"}, {"date": "4/8/2015", "number": "49", "contents": "<span class='description'>OTHERS PRESENT M. POLIMENI FOR L. KITE</span> entered 04/08/2015.", "entry_date": "4/8/2015"}, {"date": "4/8/2015", "number": "48", "contents": "<span class='description'>ASST. STATE ATTY. KITE, LONDON MAHOGANY</span> entered 04/08/2015.", "entry_date": "4/8/2015"}, {"date": "4/8/2015", "number": "47", "contents": "<span class='description'>JUDGE SALVADOR, TATIANA</span> entered 04/08/2015.", "entry_date": "4/8/2015"}, {"date": "3/26/2015", "number": "46", "contents": "<span class='description'>COURT ORDER ON DEFENDANT'S EX-PARTE MOTION TO APPOINT MENTAL HEALTH EXPERT FOR COMPETENCY DETERMINATION AND MITGATION</span> entered 03/27/2015.", "entry_date": "3/27/2015"}, {"date": "3/19/2015", "number": "45", "contents": "<span class='description'>COURT ORDER FOR COSTS- GRANTED</span> entered 03/20/2015.", "entry_date": "3/20/2015"}, {"date": "3/10/2015", "number": "44", "contents": "<span class='description'>STATES# FIRST SUPPLEMENTAL DISCOVERY EXHIBIT</span> entered 03/10/2015.", "entry_date": "3/10/2015"}, {"date": "3/5/2015", "number": "43", "contents": "<span class='description'>MOTION TO APPOINT EXPERT MENTAL HEALTH EXPERT FOR COMPETENCY DETERMINTION AND MITIGATION</span> entered 03/06/2015.", "entry_date": "3/6/2015"}, {"date": "3/4/2015", "number": "42", "contents": "<span class='description'>STATE'S DISCOVERY EXHIBIT AND DEMAND FOR RECIPROCAL DISCOVERY</span> entered 03/05/2015.", "entry_date": "3/5/2015"}, {"date": "3/4/2015", "number": "41", "contents": "<span class='description'>COURT ORDER APPOINTING PRIVATE INVESTIGATOR</span> entered 03/05/2015.", "entry_date": "3/5/2015"}, {"date": "3/4/2015", "number": "40", "contents": "<span class='description'>PRETRIAL 04/08/2015 9:00 AM - 306 3RD FLOOR, 501 W ADAMS ST JACKSONVILLE FL 32202</span> entered 03/04/2015.", "entry_date": "3/4/2015"}, {"date": "3/4/2015", "number": "39", "contents": "<span class='description'>DEFENDANT PRESENT IN JAIL</span> entered 03/04/2015.", "entry_date": "3/4/2015"}, {"date": "3/4/2015", "number": "38", "contents": "<span class='description'>ATTY. FOR DEF. SCHLAX, JULIE AGENT</span> entered 03/04/2015.", "entry_date": "3/4/2015"}, {"date": "3/4/2015", "number": "37", "contents": "<span class='description'>ASST. STATE ATTY. KITE, LONDON MAHOGANY</span> entered 03/04/2015.", "entry_date": "3/4/2015"}, {"date": "3/4/2015", "number": "36", "contents": "<span class='description'>JUDGE SALVADOR, TATIANA</span> entered 03/04/2015.", "entry_date": "3/4/2015"}, {"date": "3/2/2015", "number": "35", "contents": "<span class='description'>MOTION TO APPOINT MENTAL HEALTH EXPERT FOR COMPETENCE DETERMINATION</span> entered 03/03/2015.", "entry_date": "3/3/2015"}, {"date": "3/2/2015", "number": "34", "contents": "<span class='description'>MOTION FOR THE APPOINTMENT OF A PRIVATE INVESTIGATOR</span> entered 03/03/2015.", "entry_date": "3/3/2015"}, {"date": "2/5/2015", "number": "33", "contents": "<span class='description'>ORDER APPOINTING ATTORNEY (COURT-APPOINTED COUNSEL)</span> entered 02/06/2015.", "entry_date": "2/6/2015"}, {"date": "2/5/2015", "number": "32", "contents": "<span class='description'>NOTICE OF INTENT TO SEEK DEATH PENALTY FOR STATEMENT OF PARTICULARS OF MENTAL MITIGATION</span> entered 02/06/2015.", "entry_date": "2/6/2015"}, {"date": "2/5/2015", "number": "31", "contents": "<span class='description'>MOTION TO APPOINT ADDITIONAL COUNSEL FOR PURPOSES OF TRIAL AND PENALTY PHASE</span> entered 02/06/2015.", "entry_date": "2/6/2015"}, {"date": "2/5/2015", "number": "30", "contents": "<span class='description'>COURT ORDER GRANTING MOTION TO APPOINT ADDITIONAL COUNSEL FOR PURPOSE OF TRIAL AND PENALTY PHASE</span> entered 02/06/2015.", "entry_date": "2/6/2015"}, {"date": "2/5/2015", "number": "29", "contents": "<span class='description'>PRETRIAL 03/04/2015 9:00 AM - 306 3RD FLOOR, 501 W ADAMS ST JACKSONVILLE FL 32202</span> entered 02/05/2015.", "entry_date": "2/5/2015"}, {"date": "2/5/2015", "number": "28", "contents": "<span class='description'>PLEA OF NOT GUILTY</span> entered 02/05/2015.", "entry_date": "2/5/2015"}, {"date": "2/5/2015", "number": "27", "contents": "<span class='description'>PLEA OF NOT GUILTY</span> entered 02/05/2015.", "entry_date": "2/5/2015"}, {"date": "2/5/2015", "number": "26", "contents": "<span class='description'>PLEA OF NOT GUILTY</span> entered 02/05/2015.", "entry_date": "2/5/2015"}, {"date": "2/5/2015", "number": "25", "contents": "<span class='description'>DEF. W/READING OF INFO &amp; PLEAD (INDICTMENT) - NOT GUILTY</span> entered 02/05/2015.", "entry_date": "2/5/2015"}, {"date": "2/5/2015", "number": "24", "contents": "<span class='description'>DEFENDANT PRESENT IN JAIL</span> entered 02/05/2015.", "entry_date": "2/5/2015"}, {"date": "2/5/2015", "number": "23", "contents": "<span class='description'>ATTY. FOR DEF. SCHLAX, JULIE AGENT</span> entered 02/05/2015.", "entry_date": "2/5/2015"}, {"date": "2/5/2015", "number": "22", "contents": "<span class='description'>ASST. STATE ATTY. KITE, LONDON MAHOGANY</span> entered 02/05/2015.", "entry_date": "2/5/2015"}, {"date": "2/5/2015", "number": "21", "contents": "<span class='description'>JUDGE SALVADOR, TATIANA</span> entered 02/05/2015.", "entry_date": "2/5/2015"}, {"date": "2/3/2015", "number": "20", "contents": "<span class='description'>FINDING OF PROBABLE CAUSE ,</span> entered 02/04/2015.", "entry_date": "2/4/2015"}, {"date": "2/3/2015", "number": "19", "contents": "<span class='description'>ARREST &amp; BOOKING REPORT 2013-011124</span> entered 02/04/2015.", "entry_date": "2/4/2015"}, {"date": "2/3/2015", "number": "18", "contents": "<span class='description'>ARRAIGNMENT 02/05/2015 9:00 AM - 306 3RD FLOOR, 501 W ADAMS ST JACKSONVILLE FL 32202</span> entered 02/03/2015.", "entry_date": "2/3/2015"}, {"date": "2/3/2015", "number": "17", "contents": "<span class='description'>DEFENDANT NOT PRESENT (IN JAIL) - NOT BROUGHT OVER</span> entered 02/03/2015.", "entry_date": "2/3/2015"}, {"date": "2/3/2015", "number": "16", "contents": "<span class='description'>ATTY. FOR DEF. WORKMAN, DALE E</span> entered 02/03/2015.", "entry_date": "2/3/2015"}, {"date": "2/3/2015", "number": "15", "contents": "<span class='description'>ASST. STATE ATTY. KITE, LONDON MAHOGANY</span> entered 02/03/2015.", "entry_date": "2/3/2015"}, {"date": "2/3/2015", "number": "14", "contents": "<span class='description'>JUDGE SALVADOR, TATIANA</span> entered 02/03/2015.", "entry_date": "2/3/2015"}, {"date": "1/29/2015", "number": "13", "contents": "<span class='description'>ARRAIGNMENT DATE 02/03/2015 9:00 AM - 306 3RD FLOOR, 501 W ADAMS ST JACKSONVILLE FL 32202</span> entered 01/29/2015.", "entry_date": "1/29/2015"}, {"date": "1/29/2015", "number": "12", "contents": "<span class='description'>INDICTMENT FILED FOR S787.01(1)(A) KIDNAPPING WITH A WEAPON</span> entered 01/29/2015.", "entry_date": "1/29/2015"}, {"date": "1/29/2015", "number": "11", "contents": "<span class='description'>INDICTMENT FILED FOR S812.13(2)(A) ARMED ROBBERY</span> entered 01/29/2015.", "entry_date": "1/29/2015"}, {"date": "1/29/2015", "number": "10", "contents": "<span class='description'>INDICTMENT FILED FOR S782.04(1)(A) MURDER - FIRST DEGREE</span> entered 01/29/2015.", "entry_date": "1/29/2015"}, {"date": "1/28/2015", "number": "9", "contents": "<span class='description'>ARRAIGNMENT COURT DATE: 02/18/2015 SUBJECT TO CHANGE. CALL FOR VERIFICATION</span> entered 01/29/2015.", "entry_date": "1/29/2015"}, {"date": "1/28/2015", "number": "8", "contents": "<span class='description'>FINDING OF PROBABLE CAUSE ,</span> entered 01/29/2015.", "entry_date": "1/29/2015"}, {"date": "1/28/2015", "number": "7", "contents": "<span class='description'>BOND SET AT $750,003.00</span> entered 01/29/2015.", "entry_date": "1/29/2015"}, {"date": "1/28/2015", "number": "6", "contents": "<span class='description'>BOND SET AT $750,003.00</span> entered 01/29/2015.", "entry_date": "1/29/2015"}, {"date": "1/28/2015", "number": "5", "contents": "<span class='description'>BOND SET AT $1,000,003.00</span> entered 01/29/2015.", "entry_date": "1/29/2015"}, {"date": "1/28/2015", "number": "4", "contents": "<span class='description'>S812.13(2)(A) ROBBERY - ARMED WITH FIREARM OR DEADLYWEAPON</span> entered 01/29/2015.", "entry_date": "1/29/2015"}, {"date": "1/28/2015", "number": "3", "contents": "<span class='description'>S787.01(1)(A)3 KIDNAPPING - BODILY HARM OR TERRORIZE</span> entered 01/29/2015.", "entry_date": "1/29/2015"}, {"date": "1/28/2015", "number": "2", "contents": "<span class='description'>S782.04 MURDER</span> entered 01/29/2015.", "entry_date": "1/29/2015"}, {"date": "1/28/2015", "number": "1", "contents": "<span class='description'>ARREST &amp; BOOKING REPORT 2013-011124 4/25/2013</span> entered 01/29/2015.", "entry_date": "1/29/2015"}], "analyze": {"last_analyze": "6/22/2020"}, "success": true, "parties": [{"race": "B", "name_normalized": "Ruben Palmer", "name": "RUBEN PALMER", "sex": "Male", "other": [], "type": "Defendant"}]}