{"info": {"status": "CLOSED", "division": "CR-C", "court": "Florida State, Duval County, Fourth Circuit Court", "title": "SANDRA DENISE JORDAN", "date_filed": "1/16/2007", "link": "https://www.docketalarm.com/cases/Florida_State_Duval_County_Fourth_Circuit_Court/2007-CF-000782/SANDRA_DENISE_JORDAN/", "type": "Circuit Criminal", "docket": "2007-CF-000782"}, "docket_report": [{"date": "9/25/2008", "number": "11", "contents": "<span class='description'>CAPIAS RETURNED - RECALLED</span> entered 09/25/2008.", "entry_date": "9/25/2008"}, {"date": "9/23/2008", "number": "10", "contents": "<span class='description'>DIRECTION OF NOL PROS AND RECALL CAPIAS</span> entered 09/29/2008.", "entry_date": "9/29/2008"}, {"date": "9/23/2008", "number": "9", "contents": "<span class='description'>DIRECTION OF NOL PROS AND RECALL CAPIAS</span> entered 09/25/2008.", "entry_date": "9/25/2008"}, {"date": "9/23/2008", "number": "8", "contents": "<span class='description'>RECALL RECEIVED AND PROCESSED BY JSO</span> entered 09/23/2008.", "entry_date": "9/23/2008"}, {"date": "9/23/2008", "number": "7", "contents": "<span class='description'>ORDER OF RECALL - NOLLE PROSEQUI AND CAPIAS RECALLED PER STATE ATTORNEY'S MEMO</span> entered 09/23/2008.", "entry_date": "9/23/2008"}, {"date": "9/23/2008", "number": "6", "contents": "<span class='description'>NOL PROS (CODE 4) S832.05(4)(A)-1 WORTHLESS CHECK - OBTAINING PROPERTY IN RETURN FOR A WORTHLESS CHECK</span> entered 09/23/2008.", "entry_date": "9/23/2008"}, {"date": "9/23/2008", "number": "5", "contents": "<span class='description'>TRIAL ASSISTANT STATE ATTORNEY CHANGED TO ZOMORODIAN, CYRUS P. PER SAO</span> entered 09/23/2008.", "entry_date": "9/23/2008"}, {"date": "1/17/2007", "number": "4", "contents": "<span class='description'>CONTROL NUMBER 1194923 eWarrant</span> entered 01/17/2007.", "entry_date": "1/17/2007"}, {"date": "1/17/2007", "number": "3", "contents": "<span class='description'>RECEIPT FOR CAPIAS</span> entered 01/17/2007.", "entry_date": "1/17/2007"}, {"date": "1/16/2007", "number": "2", "contents": "<span class='description'>CAPIAS ORDERED &amp; ISSUED, BOND SET AT ROR</span> entered 01/17/2007.", "entry_date": "1/17/2007"}, {"date": "1/16/2007", "number": "1", "contents": "<span class='description'>INFO FILED FOR WC-OBT PROP&gt;$150</span> entered 01/17/2007.", "entry_date": "1/17/2007"}], "analyze": {"last_analyze": "6/22/2020"}, "success": true, "parties": [{"race": "B", "name_normalized": "Sandra Denise Jordan", "name": "SANDRA DENISE JORDAN", "sex": "Female", "other": [], "type": "Defendant"}]}