{"info": {"status": "DISPOSED", "division": "CR-C", "judges": ["COX, ANGELA M."], "court": "Florida State, Duval County, Fourth Circuit Court", "title": "BRANDON ONEAL ROUNDTREE", "date_filed": "5/18/2016", "link": "https://www.docketalarm.com/cases/Florida_State_Duval_County_Fourth_Circuit_Court/2016-CF-004354/BRANDON_ONEAL_ROUNDTREE/", "judges_normalized": ["Cox Angela M."], "judge": "COX, ANGELA M.", "type": "Circuit Criminal", "docket": "2016-CF-004354"}, "docket_report": [{"date": "12/12/2017", "number": "182", "contents": "<span class='description'>RECEIPT FOR CIVIL PROCESS, JAIL, WARRANTS</span> entered 12/12/2017.", "entry_date": "12/12/2017"}, {"date": "12/11/2017", "number": "181", "contents": "<span class='description'>UNIFORM COMMITMENT TO CUSTODY OF DEPT. OF CORRECTIONS</span> entered 12/11/2017.", "entry_date": "12/11/2017"}, {"date": "12/11/2017", "number": "180", "contents": "<span class='description'>COMMITMENT CHECKLIST SENT</span> entered 12/11/2017.", "entry_date": "12/11/2017"}, {"date": "12/11/2017", "number": "179", "contents": "<span class='description'>CERTIFICATE OF SERVICE FOR JUDGMENT AND SENTENCE</span> entered 12/11/2017.", "entry_date": "12/11/2017"}, {"date": "12/8/2017", "number": "176", "contents": "<span class='description'>SENTENCING GUIDELINES</span> entered 12/11/2017.", "entry_date": "12/11/2017"}, {"date": "12/8/2017", "number": "175", "contents": "<span class='description'>CLERKS MEMO OF HEARING</span> entered 12/11/2017.", "entry_date": "12/11/2017"}, {"date": "12/8/2017", "number": "174", "contents": "<span class='description'>ORDER DENYING RESTITUTION</span> entered 12/11/2017.", "entry_date": "12/11/2017"}, {"date": "12/8/2017", "number": "173", "contents": "<span class='description'>PAYMENT AUTHORIZATION SHEET</span> entered 12/11/2017.", "entry_date": "12/11/2017"}, {"date": "12/8/2017", "number": "172", "contents": "<span class='description'>COURT ORDERED COSTS/FINES/FEES BOOK 18217 PAGE 157-158</span> entered 12/11/2017.", "entry_date": "12/11/2017"}, {"date": "12/8/2017", "number": "171", "contents": "<span class='description'>NOL PROS (CODE 30) S790.23(1)(A) POSSESSION OF A FIREARM OR WEAPON BY ACONVICTED FELON</span> entered 12/11/2017.", "entry_date": "12/11/2017"}, {"date": "12/8/2017", "number": "170", "contents": "<span class='description'>NOL PROS (CODE 30) S787.01(1)(A) KIDNAPPING WITH A WEAPON</span> entered 12/11/2017.", "entry_date": "12/11/2017"}, {"date": "12/8/2017", "number": "169", "contents": "<span class='description'>FEES DUE: 3/8/2033</span> entered 12/11/2017.", "entry_date": "12/11/2017"}, {"date": "12/8/2017", "number": "168", "contents": "<span class='description'>CSTF 20.00 IMPOSED</span> entered 12/11/2017.", "entry_date": "12/11/2017"}, {"date": "12/8/2017", "number": "167", "contents": "<span class='description'>SAIEF 100.00 IMPOSED</span> entered 12/11/2017.", "entry_date": "12/11/2017"}, {"date": "12/8/2017", "number": "166", "contents": "<span class='description'>AACC 65.00 IMPOSED</span> entered 12/11/2017.", "entry_date": "12/11/2017"}, {"date": "12/8/2017", "number": "165", "contents": "<span class='description'>TNC 3.00 IMPOSED</span> entered 12/11/2017.", "entry_date": "12/11/2017"}, {"date": "12/8/2017", "number": "164", "contents": "<span class='description'>LGTF 225.00 IMPOSED</span> entered 12/11/2017.", "entry_date": "12/11/2017"}, {"date": "12/8/2017", "number": "163", "contents": "<span class='description'>CCT 50.00 IMPOSED</span> entered 12/11/2017.", "entry_date": "12/11/2017"}, {"date": "12/8/2017", "number": "162", "contents": "<span class='description'>COURTATTY(JDGMTCOSTS) 100.00 IMPOSED</span> entered 12/11/2017.", "entry_date": "12/11/2017"}, {"date": "12/8/2017", "number": "161", "contents": "<span class='description'>COST OF COURT 50.00 IMPOSED</span> entered 12/11/2017.", "entry_date": "12/11/2017"}, {"date": "12/8/2017", "number": "160", "contents": "<span class='description'>LEEA 3.00 IMPOSED</span> entered 12/11/2017.", "entry_date": "12/11/2017"}, {"date": "12/8/2017", "number": "159", "contents": "<span class='description'>5% CVC 5.00 IMPOSED</span> entered 12/11/2017.", "entry_date": "12/11/2017"}, {"date": "12/8/2017", "number": "158", "contents": "<span class='description'>BASE FINE 100.00 IMPOSED</span> entered 12/11/2017.", "entry_date": "12/11/2017"}, {"date": "12/8/2017", "number": "157", "contents": "<span class='description'>10 YEAR MINIMUM MANDATORY SENTENCE IMPOSED PER F.S. 775.087(2)(A) AS TO COUNT: 1</span> entered 12/11/2017.", "entry_date": "12/11/2017"}, {"date": "12/8/2017", "number": "156", "contents": "<span class='description'>CREDIT TIME: 570 DAYS</span> entered 12/11/2017.", "entry_date": "12/11/2017"}, {"date": "12/8/2017", "number": "155", "contents": "<span class='description'>JUDGMENT AND SENTENCE TO STATE PRISON FOR 15 YEARS BOOK 18217 PAGE 150-156</span> entered 12/11/2017.", "entry_date": "12/11/2017"}, {"date": "12/8/2017", "number": "154", "contents": "<span class='description'>DEF. ADJUDGED GUILTY - FINGERPRINTS TAKEN</span> entered 12/11/2017.", "entry_date": "12/11/2017"}, {"date": "12/8/2017", "number": "153", "contents": "<span class='description'>OTHERS PRESENT: TONYA PATTERSON-BORGE</span> entered 12/11/2017.", "entry_date": "12/11/2017"}, {"date": "12/8/2017", "number": "152", "contents": "<span class='description'>DEFENDANT PRESENT IN JAIL</span> entered 12/11/2017.", "entry_date": "12/11/2017"}, {"date": "12/8/2017", "number": "151", "contents": "<span class='description'>ATTY. FOR DEF. KORODY, PATRICK KANE</span> entered 12/11/2017.", "entry_date": "12/11/2017"}, {"date": "12/8/2017", "number": "150", "contents": "<span class='description'>ASST. STATE ATTY. KITE, LONDON MAHOGANY</span> entered 12/11/2017.", "entry_date": "12/11/2017"}, {"date": "12/8/2017", "number": "149", "contents": "<span class='description'>JUDGE COX, ANGELA M.</span> entered 12/11/2017.", "entry_date": "12/11/2017"}, {"date": "11/30/2017", "number": "148", "contents": "<span class='description'>SUBPOENA FOR DEPOSITION - FOR TRIAL - SERVED</span> entered 11/30/2017.", "entry_date": "11/30/2017"}, {"date": "11/29/2017", "number": "147", "contents": "<span class='description'>DISCLOSURE TO PROSECUTION</span> entered 11/29/2017.", "entry_date": "11/29/2017"}, {"date": "11/27/2017", "number": "146", "contents": "<span class='description'>MEMORANDUM IN SUPPORT OF DOWNWARD DEPARTURE</span> entered 11/27/2017.", "entry_date": "11/27/2017"}, {"date": "11/27/2017", "number": "145", "contents": "<span class='description'>@1:30 PM</span> entered 11/27/2017.", "entry_date": "11/27/2017"}, {"date": "11/27/2017", "number": "144", "contents": "<span class='description'>SENTENCING 12/08/2017 9:00 AM - 505 5TH FLOOR, 501 W ADAMS ST JACKSONVILLE FL 32202</span> entered 11/27/2017.", "entry_date": "11/27/2017"}, {"date": "11/27/2017", "number": "143", "contents": "<span class='description'>DEFENDANT PRESENT IN JAIL</span> entered 11/27/2017.", "entry_date": "11/27/2017"}, {"date": "11/27/2017", "number": "142", "contents": "<span class='description'>ATTY. FOR DEF. KORODY, PATRICK KANE</span> entered 11/27/2017.", "entry_date": "11/27/2017"}, {"date": "11/27/2017", "number": "141", "contents": "<span class='description'>ASST. STATE ATTY. KITE, LONDON MAHOGANY</span> entered 11/27/2017.", "entry_date": "11/27/2017"}, {"date": "11/27/2017", "number": "140", "contents": "<span class='description'>JUDGE COX, ANGELA M.</span> entered 11/27/2017.", "entry_date": "11/27/2017"}, {"date": "10/23/2017", "number": "139", "contents": "<span class='description'>PRETRIAL 11/27/2017 9:00 AM - 505 5TH FLOOR, 501 W ADAMS ST JACKSONVILLE FL 32202</span> entered 10/23/2017.", "entry_date": "10/23/2017"}, {"date": "10/23/2017", "number": "138", "contents": "<span class='description'>DEFENDANT PRESENT IN JAIL</span> entered 10/23/2017.", "entry_date": "10/23/2017"}, {"date": "10/23/2017", "number": "137", "contents": "<span class='description'>ATTY. FOR DEF. KORODY, PATRICK KANE</span> entered 10/23/2017.", "entry_date": "10/23/2017"}, {"date": "10/23/2017", "number": "136", "contents": "<span class='description'>ASST. STATE ATTY. KITE, LONDON MAHOGANY</span> entered 10/23/2017.", "entry_date": "10/23/2017"}, {"date": "10/23/2017", "number": "135", "contents": "<span class='description'>JUDGE COX, ANGELA M.</span> entered 10/23/2017.", "entry_date": "10/23/2017"}, {"date": "9/20/2017", "number": "134", "contents": "<span class='description'>PER JA E-MAIL</span> entered 09/20/2017.", "entry_date": "9/20/2017"}, {"date": "9/20/2017", "number": "133", "contents": "<span class='description'>PRETRIAL 10/23/2017 9:00 AM - 505 5TH FLOOR, 501 W ADAMS ST JACKSONVILLE FL 32202</span> entered 09/20/2017.", "entry_date": "9/20/2017"}, {"date": "9/20/2017", "number": "132", "contents": "<span class='description'>&gt; CANCEL REASON - PER JA E-MAIL</span> entered 09/20/2017.", "entry_date": "9/20/2017"}, {"date": "9/20/2017", "number": "131", "contents": "<span class='description'>CANCELLED SENTENCING - TO BE SET ON 9/25/2017 9:00:00 AM</span> entered 09/20/2017.", "entry_date": "9/20/2017"}, {"date": "5/19/2017", "number": "130", "contents": "<span class='description'>PER JA E-MAIL</span> entered 05/19/2017.", "entry_date": "5/19/2017"}, {"date": "5/19/2017", "number": "129", "contents": "<span class='description'>SENTENCING - TO BE SET 09/25/2017 9:00 AM - 505 5TH FLOOR, 501 W ADAMS ST JACKSONVILLE FL 32202</span> entered 05/19/2017.", "entry_date": "5/19/2017"}, {"date": "5/19/2017", "number": "128", "contents": "<span class='description'>&gt; CANCEL REASON - PER JA E-MAIL</span> entered 05/19/2017.", "entry_date": "5/19/2017"}, {"date": "5/19/2017", "number": "127", "contents": "<span class='description'>CANCELLED PRETRIAL ON 6/5/2017 9:00:00 AM</span> entered 05/19/2017.", "entry_date": "5/19/2017"}, {"date": "5/7/2017", "number": "126", "contents": "<span class='description'>ATTY. FOR DEF. KORODY, PATRICK KANE</span> entered 12/11/2017.", "entry_date": "12/11/2017"}, {"date": "5/7/2017", "number": "125", "contents": "<span class='description'>ASST. STATE ATTY. KITE, LONDON MAHOGANY</span> entered 12/11/2017.", "entry_date": "12/11/2017"}, {"date": "5/7/2017", "number": "124", "contents": "<span class='description'>JUDGE COX, ANGELA M.</span> entered 12/11/2017.", "entry_date": "12/11/2017"}, {"date": "3/30/2017", "number": "123", "contents": "<span class='description'>PER JA E-MAIL</span> entered 03/30/2017.", "entry_date": "3/30/2017"}, {"date": "3/30/2017", "number": "122", "contents": "<span class='description'>PRETRIAL 06/05/2017 9:00 AM - 505 5TH FLOOR, 501 W ADAMS ST JACKSONVILLE FL 32202</span> entered 03/30/2017.", "entry_date": "3/30/2017"}, {"date": "3/30/2017", "number": "121", "contents": "<span class='description'>&gt; CANCEL REASON - PER JA E-MAIL</span> entered 03/30/2017.", "entry_date": "3/30/2017"}, {"date": "3/30/2017", "number": "120", "contents": "<span class='description'>CANCELLED PRETRIAL ON 5/30/2017 9:00:00 AM</span> entered 03/30/2017.", "entry_date": "3/30/2017"}, {"date": "3/7/2017", "number": "119", "contents": "<span class='description'>PRETRIAL 05/30/2017 9:00 AM - 505 5TH FLOOR, 501 W ADAMS ST JACKSONVILLE FL 32202</span> entered 03/07/2017.", "entry_date": "3/7/2017"}, {"date": "3/7/2017", "number": "118", "contents": "<span class='description'>&gt; CANCEL REASON - PER JUDGE IN OPEN COURT</span> entered 03/07/2017.", "entry_date": "3/7/2017"}, {"date": "3/7/2017", "number": "117", "contents": "<span class='description'>CANCELLED FINAL PRETRIAL ON 4/4/2017 9:00:00 AM</span> entered 03/07/2017.", "entry_date": "3/7/2017"}, {"date": "3/7/2017", "number": "115", "contents": "<span class='description'>COURT ORDER SEALING RECORDS</span> entered 12/11/2017.", "entry_date": "12/11/2017"}, {"date": "3/7/2017", "number": "114", "contents": "<span class='description'>MOTION TO DETERMINE CONFIDENTIAL RECORD (JOINT)</span> entered 12/11/2017.", "entry_date": "12/11/2017"}, {"date": "3/7/2017", "number": "113", "contents": "<span class='description'>DEFENDANT PLEAD GUILTY</span> entered 12/11/2017.", "entry_date": "12/11/2017"}, {"date": "3/7/2017", "number": "112", "contents": "<span class='description'>S782.04(2) MURDER IN THE SECOND DEGREE</span> entered 12/11/2017.", "entry_date": "12/11/2017"}, {"date": "3/7/2017", "number": "111", "contents": "<span class='description'>ACKNOWLEDGE. OF RIGHTS &amp; VOLUNTARINESS OF ENTRY OF PLEA</span> entered 12/11/2017.", "entry_date": "12/11/2017"}, {"date": "3/7/2017", "number": "110", "contents": "<span class='description'>DEF. PERMITTED TO W/D PLEA OF NG/G</span> entered 12/11/2017.", "entry_date": "12/11/2017"}, {"date": "3/7/2017", "number": "109", "contents": "<span class='description'>DEFENDANT PRESENT IN JAIL</span> entered 03/07/2017.", "entry_date": "3/7/2017"}, {"date": "3/7/2017", "number": "108", "contents": "<span class='description'>ATTY. FOR DEF. KORODY, PATRICK KANE</span> entered 03/07/2017.", "entry_date": "3/7/2017"}, {"date": "3/7/2017", "number": "107", "contents": "<span class='description'>ASST. STATE ATTY. KITE, LONDON MAHOGANY</span> entered 03/07/2017.", "entry_date": "3/7/2017"}, {"date": "3/7/2017", "number": "106", "contents": "<span class='description'>JUDGE COX, ANGELA M.</span> entered 03/07/2017.", "entry_date": "3/7/2017"}, {"date": "3/6/2017", "number": "105", "contents": "<span class='description'>EOC; PER JA EMAIL</span> entered 03/06/2017.", "entry_date": "3/6/2017"}, {"date": "3/6/2017", "number": "104", "contents": "<span class='description'>DISPOSITION 03/07/2017 9:00 AM - 505 5TH FLOOR, 501 W ADAMS ST JACKSONVILLE FL 32202</span> entered 03/06/2017.", "entry_date": "3/6/2017"}, {"date": "3/6/2017", "number": "103", "contents": "<span class='description'>&gt; CANCEL REASON - PER JA EMAIL</span> entered 03/06/2017.", "entry_date": "3/6/2017"}, {"date": "3/6/2017", "number": "102", "contents": "<span class='description'>CANCELLED DISPOSITION ON 3/8/2017 9:00:00 AM</span> entered 03/06/2017.", "entry_date": "3/6/2017"}, {"date": "2/24/2017", "number": "101", "contents": "<span class='description'>@2:30 PM; PER JA EMAIL</span> entered 02/24/2017.", "entry_date": "2/24/2017"}, {"date": "2/24/2017", "number": "100", "contents": "<span class='description'>DISPOSITION 03/08/2017 9:00 AM - 505 5TH FLOOR, 501 W ADAMS ST JACKSONVILLE FL 32202</span> entered 02/24/2017.", "entry_date": "2/24/2017"}, {"date": "2/1/2017", "number": "99", "contents": "<span class='description'>STANDING ORDER GOVERNING PRE-TRIAL PROCEDURES AND THE TRIAL OF ALL CRIMINAL ACTIONS IN THE DIVISION CR-C OF THE CIRCUIT COURT OF THE FOURTH JUDICIAL CIRCUIT</span> entered 02/01/2017.", "entry_date": "2/1/2017"}, {"date": "12/14/2016", "number": "98", "contents": "<span class='description'>4/10/17 JS</span> entered 12/14/2016.", "entry_date": "12/14/2016"}, {"date": "12/14/2016", "number": "97", "contents": "<span class='description'>FINAL PRETRIAL 04/04/2017 9:00 AM - 505 5TH FLOOR, 501 W ADAMS ST JACKSONVILLE FL 32202</span> entered 12/14/2016.", "entry_date": "12/14/2016"}, {"date": "12/14/2016", "number": "96", "contents": "<span class='description'>DEFENDANT PRESENT IN JAIL</span> entered 12/14/2016.", "entry_date": "12/14/2016"}, {"date": "12/14/2016", "number": "95", "contents": "<span class='description'>ATTY. FOR DEF. KORODY, PATRICK KANE</span> entered 12/14/2016.", "entry_date": "12/14/2016"}, {"date": "12/14/2016", "number": "94", "contents": "<span class='description'>ASST. STATE ATTY. KITE, LONDON MAHOGANY</span> entered 12/14/2016.", "entry_date": "12/14/2016"}, {"date": "12/14/2016", "number": "93", "contents": "<span class='description'>JUDGE COX, ANGELA M.</span> entered 12/14/2016.", "entry_date": "12/14/2016"}, {"date": "12/6/2016", "number": "92", "contents": "<span class='description'>APPLICATION FOR SUBPOENA DUCES TECUM</span> entered 12/07/2016.", "entry_date": "12/7/2016"}, {"date": "11/30/2016", "number": "91", "contents": "<span class='description'>COURT ORDER AUTHORIZING THE DEFENSE TO INCUR COSTS FOR DEPOSITION TRANSCRIPTS</span> entered 11/30/2016.", "entry_date": "11/30/2016"}, {"date": "11/30/2016", "number": "90", "contents": "<span class='description'>&gt; CANCEL REASON - PER JA EMAIL</span> entered 11/30/2016.", "entry_date": "11/30/2016"}, {"date": "11/30/2016", "number": "89", "contents": "<span class='description'>CANCELLED HEARING ON MOTION ON 12/1/2016 9:00:00 AM</span> entered 11/30/2016.", "entry_date": "11/30/2016"}, {"date": "11/30/2016", "number": "88", "contents": "<span class='description'>HEARING OF DEFT'S MOTION TO INCUR COSTS FOR DEPOSITION TRANSCRIPT/END OF CALENDAR PER JA E-MAIL PT 12/14</span> entered 11/30/2016.", "entry_date": "11/30/2016"}, {"date": "11/30/2016", "number": "87", "contents": "<span class='description'>HEARING ON MOTION 12/01/2016 9:00 AM - 608 6TH FLOOR, 501 W ADAMS ST JACKSONVILLE FL 32202</span> entered 11/30/2016.", "entry_date": "11/30/2016"}, {"date": "11/28/2016", "number": "86", "contents": "<span class='description'>MOTION TO INCUR COSTS FOR DEPOSITION TRANSCRIPT</span> entered 11/28/2016.", "entry_date": "11/28/2016"}, {"date": "11/22/2016", "number": "85", "contents": "<span class='description'>DEMAND FOR SPECIFIC DISCOVERY</span> entered 11/23/2016.", "entry_date": "11/23/2016"}, {"date": "11/9/2016", "number": "84", "contents": "<span class='description'>NOTICE OF TAKING DEPOSITION</span> entered 11/10/2016.", "entry_date": "11/10/2016"}, {"date": "11/8/2016", "number": "83", "contents": "<span class='description'>PRETRIAL 12/14/2016 9:00 AM - 608 6TH FLOOR, 501 W ADAMS ST JACKSONVILLE FL 32202</span> entered 11/08/2016.", "entry_date": "11/8/2016"}, {"date": "11/8/2016", "number": "82", "contents": "<span class='description'>DEFENDANT PRESENT IN JAIL</span> entered 11/08/2016.", "entry_date": "11/8/2016"}, {"date": "11/8/2016", "number": "81", "contents": "<span class='description'>ATTY. FOR DEF. KORODY, PATRICK KANE</span> entered 11/08/2016.", "entry_date": "11/8/2016"}, {"date": "11/8/2016", "number": "80", "contents": "<span class='description'>ASST. STATE ATTY. KITE, LONDON MAHOGANY</span> entered 11/08/2016.", "entry_date": "11/8/2016"}, {"date": "11/8/2016", "number": "79", "contents": "<span class='description'>JUDGE COX, ANGELA M.</span> entered 11/08/2016.", "entry_date": "11/8/2016"}, {"date": "10/24/2016", "number": "78", "contents": "<span class='description'>NOTICE OF TAKING DEPOSITION</span> entered 10/26/2016.", "entry_date": "10/26/2016"}, {"date": "10/21/2016", "number": "77", "contents": "<span class='description'>COURT ORDER AUTHORIZING THE DEFENSE TO INCUR COSTS FOR DEPOSITION TRANSCRIPTS</span> entered 10/21/2016.", "entry_date": "10/21/2016"}, {"date": "10/20/2016", "number": "76", "contents": "<span class='description'>MOTION TO INCUR COSTS FOR DEPOSITION TRANSCRIPTS</span> entered 10/20/2016.", "entry_date": "10/20/2016"}, {"date": "10/4/2016", "number": "75", "contents": "<span class='description'>SUBPOENA FOR DEPOSITION</span> entered 10/08/2016.", "entry_date": "10/8/2016"}, {"date": "9/27/2016", "number": "74", "contents": "<span class='description'>NOTICE OF TAKING DEPOSITION</span> entered 09/28/2016.", "entry_date": "9/28/2016"}, {"date": "9/20/2016", "number": "73", "contents": "<span class='description'>PRETRIAL 11/08/2016 9:00 AM - 608 6TH FLOOR, 501 W ADAMS ST JACKSONVILLE FL 32202</span> entered 09/20/2016.", "entry_date": "9/20/2016"}, {"date": "9/20/2016", "number": "72", "contents": "<span class='description'>DEFENDANT PRESENT IN JAIL</span> entered 09/20/2016.", "entry_date": "9/20/2016"}, {"date": "9/20/2016", "number": "71", "contents": "<span class='description'>ATTY. FOR DEF. KORODY, PATRICK KANE</span> entered 09/20/2016.", "entry_date": "9/20/2016"}, {"date": "9/20/2016", "number": "70", "contents": "<span class='description'>ASST. STATE ATTY. KITE, LONDON MAHOGANY</span> entered 09/20/2016.", "entry_date": "9/20/2016"}, {"date": "9/20/2016", "number": "69", "contents": "<span class='description'>JUDGE COX, ANGELA M.</span> entered 09/20/2016.", "entry_date": "9/20/2016"}, {"date": "8/24/2016", "number": "68", "contents": "<span class='description'>CORRESPONDENCE TO PATRICK K. KORODY, ESQUIRE FROM JUDICIAL ASSISTANT</span> entered 08/24/2016.", "entry_date": "8/24/2016"}, {"date": "8/23/2016", "number": "67", "contents": "<span class='description'>PRETRIAL 09/20/2016 9:00 AM - 608 6TH FLOOR, 501 W ADAMS ST JACKSONVILLE FL 32202</span> entered 08/23/2016.", "entry_date": "8/23/2016"}, {"date": "8/23/2016", "number": "66", "contents": "<span class='description'>** WAIVER OF SPEEDY TRIAL **</span> entered 08/23/2016.", "entry_date": "8/23/2016"}, {"date": "8/23/2016", "number": "65", "contents": "<span class='description'>DEFENDANT PRESENT IN JAIL</span> entered 08/23/2016.", "entry_date": "8/23/2016"}, {"date": "8/23/2016", "number": "64", "contents": "<span class='description'>ATTY. FOR DEF. KORODY, PATRICK KANE</span> entered 08/23/2016.", "entry_date": "8/23/2016"}, {"date": "8/23/2016", "number": "63", "contents": "<span class='description'>ASST. STATE ATTY. KITE, LONDON MAHOGANY</span> entered 08/23/2016.", "entry_date": "8/23/2016"}, {"date": "8/23/2016", "number": "62", "contents": "<span class='description'>JUDGE COX, ANGELA M.</span> entered 08/23/2016.", "entry_date": "8/23/2016"}, {"date": "8/9/2016", "number": "61", "contents": "<span class='description'>COURT ORDER AUTHORIZING THE DEFENSE TO INCUR ADDITIONAL COSTS FOR PRIVATE INVESTIGATOR</span> entered 08/11/2016.", "entry_date": "8/11/2016"}, {"date": "7/27/2016", "number": "60", "contents": "<span class='description'>MOTION FOR PAYMENT OF COSTS FOR PRIVATE INVESTIGATOR</span> entered 07/28/2016.", "entry_date": "7/28/2016"}, {"date": "7/27/2016", "number": "59", "contents": "<span class='description'>STATES# SUPPLEMENTAL DISCOVERY EXHIBIT AND DEMAND FOR RECIPROCAL DISCOVERY</span> entered 07/28/2016.", "entry_date": "7/28/2016"}, {"date": "7/25/2016", "number": "58", "contents": "<span class='description'>STATE'S DISCOVERY EXHIBIT AND DEMAND FOR RECIPROCAL DISCOVERY</span> entered 07/26/2016.", "entry_date": "7/26/2016"}, {"date": "7/21/2016", "number": "57", "contents": "<span class='description'>PRETRIAL 08/23/2016 9:00 AM - 608 6TH FLOOR, 501 W ADAMS ST JACKSONVILLE FL 32202</span> entered 07/21/2016.", "entry_date": "7/21/2016"}, {"date": "7/21/2016", "number": "56", "contents": "<span class='description'>PLEA OF NOT GUILTY</span> entered 07/21/2016.", "entry_date": "7/21/2016"}, {"date": "7/21/2016", "number": "55", "contents": "<span class='description'>PLEA OF NOT GUILTY</span> entered 07/21/2016.", "entry_date": "7/21/2016"}, {"date": "7/21/2016", "number": "54", "contents": "<span class='description'>PLEA OF NOT GUILTY</span> entered 07/21/2016.", "entry_date": "7/21/2016"}, {"date": "7/21/2016", "number": "53", "contents": "<span class='description'>DEF. W/READING OF INFO &amp; PLEAD (INDICTMENT ) NOT GUILTY</span> entered 07/21/2016.", "entry_date": "7/21/2016"}, {"date": "7/21/2016", "number": "52", "contents": "<span class='description'>DEFENDANT PRESENT IN JAIL</span> entered 07/21/2016.", "entry_date": "7/21/2016"}, {"date": "7/21/2016", "number": "51", "contents": "<span class='description'>ATTY. FOR DEF. KORODY, PATRICK KANE</span> entered 07/21/2016.", "entry_date": "7/21/2016"}, {"date": "7/21/2016", "number": "50", "contents": "<span class='description'>ASST. STATE ATTY. KITE, LONDON MAHOGANY</span> entered 07/21/2016.", "entry_date": "7/21/2016"}, {"date": "7/21/2016", "number": "49", "contents": "<span class='description'>JUDGE COX, ANGELA M.</span> entered 07/21/2016.", "entry_date": "7/21/2016"}, {"date": "7/20/2016", "number": "48", "contents": "<span class='description'>CORRESPONDENCE TO PATRICK K. KORODY FROM JUDICIAL ASSISTANT</span> entered 07/21/2016.", "entry_date": "7/21/2016"}, {"date": "7/7/2016", "number": "47", "contents": "<span class='description'>COURT ORDER AUTHORIZING THE DEFENSE TO INCUR COSTS FOR VIDEO ANALYSIS</span> entered 07/08/2016.", "entry_date": "7/8/2016"}, {"date": "7/6/2016", "number": "46", "contents": "<span class='description'>MOTION TO INCUR COSTS FOR VIDEO ANALYSIS</span> entered 07/07/2016.", "entry_date": "7/7/2016"}, {"date": "6/27/2016", "number": "44", "contents": "<span class='description'>COURT ORDER AUTHORIZING THE DEFENSE TO INCUR COSTS FOR PRIVATE INVESTIGATOR</span> entered 06/27/2016.", "entry_date": "6/27/2016"}, {"date": "6/24/2016", "number": "43", "contents": "<span class='description'>MOTION TO SET BOND</span> entered 06/27/2016.", "entry_date": "6/27/2016"}, {"date": "6/24/2016", "number": "42", "contents": "<span class='description'>FEES DUE: 6/27/2016</span> entered 06/27/2016.", "entry_date": "6/27/2016"}, {"date": "6/24/2016", "number": "41", "contents": "<span class='description'>PD APP FEE 50.00 IMPOSED</span> entered 06/27/2016.", "entry_date": "6/27/2016"}, {"date": "6/24/2016", "number": "40", "contents": "<span class='description'>DEFENDANT DECLARED INDIGENT, ORDER APPOINTING PUBLIC DEFENDER - FILED</span> entered 06/27/2016.", "entry_date": "6/27/2016"}, {"date": "6/24/2016", "number": "39", "contents": "<span class='description'>APPLICATION FOR CRIMINAL INDIGENT STATUS - FILED</span> entered 06/27/2016.", "entry_date": "6/27/2016"}, {"date": "6/24/2016", "number": "38", "contents": "<span class='description'>ARREST &amp; BOOKING REPORT 2016-012998</span> entered 06/27/2016.", "entry_date": "6/27/2016"}, {"date": "6/23/2016", "number": "37", "contents": "<span class='description'>INDICTMENT FILED FOR S790.23(1)(A) POSSESSION OF A FIREARM OR WEAPON BY ACONVICTED FELON</span> entered 06/23/2016.", "entry_date": "6/23/2016"}, {"date": "6/23/2016", "number": "36", "contents": "<span class='description'>INDICTMENT FILED FOR S787.01(1)(A) KIDNAPPING WITH A WEAPON</span> entered 06/23/2016.", "entry_date": "6/23/2016"}, {"date": "6/23/2016", "number": "35", "contents": "<span class='description'>INDICTMENT FILED FOR S782.04(1)(A) MURDER - FIRST DEGREE</span> entered 06/23/2016.", "entry_date": "6/23/2016"}, {"date": "6/20/2016", "number": "34", "contents": "<span class='description'>MOTION FOR PAYMENT OF COSTS FOR PRIVATE INVESTIGATOR AND PROPOSED ORDER</span> entered 06/21/2016.", "entry_date": "6/21/2016"}, {"date": "6/16/2016", "number": "33", "contents": "<span class='description'>PRETRIAL 07/21/2016 9:00 AM - 608 6TH FLOOR, 501 W ADAMS ST JACKSONVILLE FL 32202</span> entered 06/16/2016.", "entry_date": "6/16/2016"}, {"date": "6/16/2016", "number": "32", "contents": "<span class='description'>PLEA OF NOT GUILTY</span> entered 06/16/2016.", "entry_date": "6/16/2016"}, {"date": "6/16/2016", "number": "31", "contents": "<span class='description'>PLEA OF NOT GUILTY</span> entered 06/16/2016.", "entry_date": "6/16/2016"}, {"date": "6/16/2016", "number": "30", "contents": "<span class='description'>DEF. W/READING OF INFO &amp; PLEAD NOT GUILTY</span> entered 06/16/2016.", "entry_date": "6/16/2016"}, {"date": "6/16/2016", "number": "29", "contents": "<span class='description'>DEFENDANT PRESENT IN JAIL</span> entered 06/16/2016.", "entry_date": "6/16/2016"}, {"date": "6/16/2016", "number": "28", "contents": "<span class='description'>ATTY. FOR DEF. KORODY, PATRICK KANE</span> entered 06/16/2016.", "entry_date": "6/16/2016"}, {"date": "6/16/2016", "number": "27", "contents": "<span class='description'>ASST. STATE ATTY. KITE, LONDON MAHOGANY</span> entered 06/16/2016.", "entry_date": "6/16/2016"}, {"date": "6/16/2016", "number": "26", "contents": "<span class='description'>JUDGE COX, ANGELA M.</span> entered 06/16/2016.", "entry_date": "6/16/2016"}, {"date": "6/13/2016", "number": "25", "contents": "<span class='description'>ORDER APPOINTING ATTORNEY - COURT APPOINTED</span> entered 06/13/2016.", "entry_date": "6/13/2016"}, {"date": "6/12/2016", "number": "24", "contents": "<span class='description'>NOTICE OF DISCOVERY</span> entered 06/13/2016.", "entry_date": "6/13/2016"}, {"date": "6/10/2016", "number": "23", "contents": "<span class='description'>NOTICE OF APPEARANCE</span> entered 06/10/2016.", "entry_date": "6/10/2016"}, {"date": "6/10/2016", "number": "22", "contents": "<span class='description'>PER JA E-MAIL</span> entered 06/10/2016.", "entry_date": "6/10/2016"}, {"date": "6/10/2016", "number": "21", "contents": "<span class='description'>ARRAIGNMENT DATE 06/16/2016 9:00 AM - 608 6TH FLOOR, 501 W ADAMS ST JACKSONVILLE FL 32202</span> entered 06/10/2016.", "entry_date": "6/10/2016"}, {"date": "6/10/2016", "number": "20", "contents": "<span class='description'>&gt; CANCEL REASON - PER JA E-MAIL</span> entered 06/10/2016.", "entry_date": "6/10/2016"}, {"date": "6/10/2016", "number": "19", "contents": "<span class='description'>CANCELLED ARRAIGNMENT DATE ON 6/15/2016 9:00:00 AM</span> entered 06/10/2016.", "entry_date": "6/10/2016"}, {"date": "6/9/2016", "number": "18", "contents": "<span class='description'>ARRAIGNMENT DATE 06/15/2016 9:00 AM - 608 6TH FLOOR, 501 W ADAMS ST JACKSONVILLE FL 32202</span> entered 06/10/2016.", "entry_date": "6/10/2016"}, {"date": "6/9/2016", "number": "17", "contents": "<span class='description'>INFORMATION FILED S790.23(1)(A) POSSESSION OF A FIREARM OR WEAPON BY ACONVICTED FELON</span> entered 06/10/2016.", "entry_date": "6/10/2016"}, {"date": "6/9/2016", "number": "16", "contents": "<span class='description'>INFORMATION FILED S782.04(2) MURDER IN THE SECOND DEGREE WITH A WEAPON</span> entered 06/10/2016.", "entry_date": "6/10/2016"}, {"date": "6/9/2016", "number": "15", "contents": "<span class='description'>INFORMATION</span> entered 06/10/2016.", "entry_date": "6/10/2016"}, {"date": "6/7/2016", "number": "14", "contents": "<span class='description'>ARRAIGNMENT COURT DATE: 06/15/2016 SUBJECT TO CHANGE. CALL FOR VERIFICATION</span> entered 06/07/2016.", "entry_date": "6/7/2016"}, {"date": "6/3/2016", "number": "13", "contents": "<span class='description'>TRIAL ASSISTANT STATE ATTORNEY CHANGED TO Kite, London Mahogany PER SAO</span> entered 06/03/2016.", "entry_date": "6/3/2016"}, {"date": "5/24/2016", "number": "12", "contents": "<span class='description'>REGIONAL CONFLICT COUNSEL RESPONSE - DECLINE</span> entered 05/25/2016.", "entry_date": "5/25/2016"}, {"date": "5/24/2016", "number": "11", "contents": "<span class='description'>NOTIFICATION OF ATTORNEY CONFLICT</span> entered 05/24/2016.", "entry_date": "5/24/2016"}, {"date": "5/20/2016", "number": "10", "contents": "<span class='description'>CERTIFICATE OF CONFLICT &amp; MOTION TO WITHDRAW</span> entered 05/24/2016.", "entry_date": "5/24/2016"}, {"date": "5/18/2016", "number": "9", "contents": "<span class='description'>S787.01(1)(A) KIDNAPPING WITH A WEAPON</span> entered 06/23/2016.", "entry_date": "6/23/2016"}, {"date": "5/18/2016", "number": "8", "contents": "<span class='description'>FEES DUE: 5/19/2016</span> entered 05/19/2016.", "entry_date": "5/19/2016"}, {"date": "5/18/2016", "number": "7", "contents": "<span class='description'>PD APP FEE 50.00 IMPOSED</span> entered 05/19/2016.", "entry_date": "5/19/2016"}, {"date": "5/18/2016", "number": "6", "contents": "<span class='description'>BOND SET AT NONE</span> entered 05/19/2016.", "entry_date": "5/19/2016"}, {"date": "5/18/2016", "number": "5", "contents": "<span class='description'>ARRAIGNMENT COURT DATE: 06/08/2016 SUBJECT TO CHANGE. CALL FOR VERIFICATION</span> entered 05/19/2016.", "entry_date": "5/19/2016"}, {"date": "5/18/2016", "number": "4", "contents": "<span class='description'>DEFENDANT DECLARED INDIGENT, ORDER APPOINTING PUBLIC DEFENDER - FILED</span> entered 05/19/2016.", "entry_date": "5/19/2016"}, {"date": "5/18/2016", "number": "3", "contents": "<span class='description'>APPLICATION FOR CRIMINAL INDIGENT STATUS - FILED</span> entered 05/19/2016.", "entry_date": "5/19/2016"}, {"date": "5/18/2016", "number": "2", "contents": "<span class='description'>S782.04(2) MURDER - SECOND DEGREE</span> entered 05/19/2016.", "entry_date": "5/19/2016"}, {"date": "5/18/2016", "number": "1", "contents": "<span class='description'>ARREST &amp; BOOKING REPORT 2016-012998 5/17/2016</span> entered 05/19/2016.", "entry_date": "5/19/2016"}], "analyze": {"last_analyze": "6/22/2020"}, "success": true, "parties": [{"race": "B", "name_normalized": "Brandon Oneal Roundtree", "name": "BRANDON ONEAL ROUNDTREE", "sex": "Male", "other": [], "type": "Defendant"}]}