{"info": {"status": "DISPOSED", "division": "CR-C", "judges": ["COX, ANGELA M."], "court": "Florida State, Duval County, Fourth Circuit Court", "title": "SHERIDAN LANDELL VENEY", "date_filed": "12/30/2013", "link": "https://www.docketalarm.com/cases/Florida_State_Duval_County_Fourth_Circuit_Court/2013-CF-011857/SHERIDAN_LANDELL_VENEY/", "judges_normalized": ["Cox Angela M."], "judge": "COX, ANGELA M.", "type": "Circuit Criminal", "docket": "2013-CF-011857"}, "docket_report": [{"date": "5/23/2017", "number": "294", "contents": "<span class='description'>MANDATE FROM APPELLATE COURT AFFIRMED, 1D16-1294 BOOK 17992 PAGE 2206-2210</span> entered 05/23/2017.", "entry_date": "5/23/2017"}, {"date": "5/20/2016", "number": "293", "contents": "<span class='description'>Designation of a Public Defender</span> entered 05/20/2016.", "entry_date": "5/20/2016"}, {"date": "5/19/2016", "number": "292", "contents": "<span class='description'>RECORD ON APPEAL E-FILED TO DCA</span> entered 05/19/2016.", "entry_date": "5/19/2016"}, {"date": "5/19/2016", "number": "291", "contents": "<span class='description'>INDEX &amp; RECORD OF APPEAL VOLUME 2, 1D16-1294</span> entered 05/19/2016.", "entry_date": "5/19/2016"}, {"date": "5/19/2016", "number": "290", "contents": "<span class='description'>INDEX &amp; RECORD OF APPEAL VOLUME 1, 1D16-1294</span> entered 05/19/2016.", "entry_date": "5/19/2016"}, {"date": "5/19/2016", "number": "289", "contents": "<span class='description'>TRIAL-TESTIMONY &amp; PROCEEDINGS OF JANUARY 21, 2016 BEFORE THE HONORABLE JUDGE ANGELA COX</span> entered 05/19/2016.", "entry_date": "5/19/2016"}, {"date": "5/19/2016", "number": "288", "contents": "<span class='description'>TRIAL-TESTIMONY &amp; PROCEEDINGS OF JANUARY 20, 2016 BEFORE THE HONORABLE JUDGE ANGELA COX</span> entered 05/19/2016.", "entry_date": "5/19/2016"}, {"date": "5/19/2016", "number": "287", "contents": "<span class='description'>TRIAL-TESTIMONY &amp; PROCEEDINGS OF JANUARY 19, 2016 BEFORE THE HONORABLE JUDGE ANGELA COX</span> entered 05/19/2016.", "entry_date": "5/19/2016"}, {"date": "5/17/2016", "number": "286", "contents": "<span class='description'>TESTIMONY &amp; PROCEEDINGS OF FEBRUARY 26, 2016 BEFORE THE HONORABLE JUDGE ANGELA COX</span> entered 05/18/2016.", "entry_date": "5/18/2016"}, {"date": "4/28/2016", "number": "285", "contents": "<span class='description'>DCA ORDER GRANTING THE COURT REPORTER'S MOTION TO DELIVER TRANSCIPTS ON OR BEFORE 05/20/2016, 1D16-1294</span> entered 04/29/2016.", "entry_date": "4/29/2016"}, {"date": "4/18/2016", "number": "284", "contents": "<span class='description'>MOTION/REQUEST FOR EXTENSION OF TIME TO FILE TRANSCRIPTS</span> entered 04/18/2016.", "entry_date": "4/18/2016"}, {"link_viewer": "https://www.docketalarm.com/cases/Florida_State_Duval_County_Fourth_Circuit_Court/2013-CF-011857/SHERIDAN_LANDELL_VENEY/283/", "number": "283", "link": "https://www.docketalarm.com/cases/Florida_State_Duval_County_Fourth_Circuit_Court/2013-CF-011857/SHERIDAN_LANDELL_VENEY/docs/283.pdf", "entry_date": "3/29/2016", "date": "3/28/2016", "contents": "<a href=\"/cases/Florida_State_Duval_County_Fourth_Circuit_Court/2013-CF-011857/SHERIDAN_LANDELL_VENEY/283/\"><span class='description'>NOTICE OF APPEARANCE</span></a> entered 03/29/2016."}, {"date": "3/23/2016", "number": "282", "contents": "<span class='description'>REPORTER\u2019S ACKNOWLEDGEMENT</span> entered 03/23/2016.", "entry_date": "3/23/2016"}, {"date": "3/22/2016", "number": "281", "contents": "<span class='description'>STATEMENT OF JUDICIAL ACTS TO BE REVIEWED</span> entered 03/24/2016.", "entry_date": "3/24/2016"}, {"date": "3/22/2016", "number": "280", "contents": "<span class='description'>DCA ACKNOWLEDGMENT RECEIPT 1D16-1294</span> entered 03/22/2016.", "entry_date": "3/22/2016"}, {"date": "3/22/2016", "number": "279", "contents": "<span class='description'>DIRECTIONS TO CLERK</span> entered 03/22/2016.", "entry_date": "3/22/2016"}, {"date": "3/22/2016", "number": "278", "contents": "<span class='description'>DESIGNATION TO COURT REPORTER</span> entered 03/22/2016.", "entry_date": "3/22/2016"}, {"date": "3/22/2016", "number": "277", "contents": "<span class='description'>NOTICE OF APPEAL BOOK 17500 PAGE 590-590</span> entered 03/22/2016.", "entry_date": "3/22/2016"}, {"date": "3/4/2016", "number": "276", "contents": "<span class='description'>RECEIPT FOR CIVIL PROCESS, JAIL, WARRANTS</span> entered 03/04/2016.", "entry_date": "3/4/2016"}, {"link_viewer": "https://www.docketalarm.com/cases/Florida_State_Duval_County_Fourth_Circuit_Court/2013-CF-011857/SHERIDAN_LANDELL_VENEY/275/", "number": "275", "link": "https://www.docketalarm.com/cases/Florida_State_Duval_County_Fourth_Circuit_Court/2013-CF-011857/SHERIDAN_LANDELL_VENEY/docs/275.pdf", "entry_date": "3/4/2016", "date": "3/4/2016", "contents": "<a href=\"/cases/Florida_State_Duval_County_Fourth_Circuit_Court/2013-CF-011857/SHERIDAN_LANDELL_VENEY/275/\"><span class='description'>COMMITMENT CHECKLIST SENT</span></a> entered 03/04/2016."}, {"link_viewer": "https://www.docketalarm.com/cases/Florida_State_Duval_County_Fourth_Circuit_Court/2013-CF-011857/SHERIDAN_LANDELL_VENEY/274/", "number": "274", "link": "https://www.docketalarm.com/cases/Florida_State_Duval_County_Fourth_Circuit_Court/2013-CF-011857/SHERIDAN_LANDELL_VENEY/docs/274.pdf", "entry_date": "3/4/2016", "date": "3/4/2016", "contents": "<a href=\"/cases/Florida_State_Duval_County_Fourth_Circuit_Court/2013-CF-011857/SHERIDAN_LANDELL_VENEY/274/\"><span class='description'>UNIFORM COMMITMENT TO CUSTODY OF DEPT. OF CORRECTIONS</span></a> entered 03/04/2016."}, {"date": "3/1/2016", "number": "273", "contents": "<span class='description'>CERTIFICATE OF SERVICE FOR JUDGMENT AND SENTENCE</span> entered 03/01/2016.", "entry_date": "3/1/2016"}, {"date": "2/26/2016", "number": "272", "contents": "<span class='description'>PRE-SENT. INVESTIGATION REPORT SEALED ,</span> entered 03/01/2016.", "entry_date": "3/1/2016"}, {"date": "2/26/2016", "number": "271", "contents": "<span class='description'>CLERKS EXHIBIT MEMO</span> entered 03/01/2016.", "entry_date": "3/1/2016"}, {"date": "2/26/2016", "number": "270", "contents": "<span class='description'>RESTITUTION ORDER CREATED FOR: $ $5,000.00 BOOK 17476 PAGE 1253-1254</span> entered 02/29/2016.", "entry_date": "2/29/2016"}, {"date": "2/26/2016", "number": "269", "contents": "<span class='description'>COURT ORDER DENYING MOTION FOR NEW TRIAL</span> entered 02/29/2016.", "entry_date": "2/29/2016"}, {"date": "2/26/2016", "number": "268", "contents": "<span class='description'>CLERKS MEMO OF HEARING (SENTENCING)</span> entered 02/29/2016.", "entry_date": "2/29/2016"}, {"date": "2/26/2016", "number": "267", "contents": "<span class='description'>ORDER OF INSOL. &amp; APPT. OF COUNSEL FOR PUR.OF APPEAL</span> entered 02/29/2016.", "entry_date": "2/29/2016"}, {"link_viewer": "https://www.docketalarm.com/cases/Florida_State_Duval_County_Fourth_Circuit_Court/2013-CF-011857/SHERIDAN_LANDELL_VENEY/266/", "number": "266", "link": "https://www.docketalarm.com/cases/Florida_State_Duval_County_Fourth_Circuit_Court/2013-CF-011857/SHERIDAN_LANDELL_VENEY/docs/266.pdf", "entry_date": "2/29/2016", "date": "2/26/2016", "contents": "<a href=\"/cases/Florida_State_Duval_County_Fourth_Circuit_Court/2013-CF-011857/SHERIDAN_LANDELL_VENEY/266/\"><span class='description'>PAYMENT AUTHORIZATION SHEET</span></a> entered 02/29/2016."}, {"link_viewer": "https://www.docketalarm.com/cases/Florida_State_Duval_County_Fourth_Circuit_Court/2013-CF-011857/SHERIDAN_LANDELL_VENEY/265/", "number": "265", "link": "https://www.docketalarm.com/cases/Florida_State_Duval_County_Fourth_Circuit_Court/2013-CF-011857/SHERIDAN_LANDELL_VENEY/docs/265.pdf", "entry_date": "2/29/2016", "date": "2/26/2016", "contents": "<a href=\"/cases/Florida_State_Duval_County_Fourth_Circuit_Court/2013-CF-011857/SHERIDAN_LANDELL_VENEY/265/\"><span class='description'>COURT ORDERED COSTS/FINES/FEES BOOK 17476 PAGE 1235-1236</span></a> entered 02/29/2016."}, {"date": "2/26/2016", "number": "263", "contents": "<span class='description'>FEES DUE: 5/28/2096</span> entered 02/29/2016.", "entry_date": "2/29/2016"}, {"date": "2/26/2016", "number": "262", "contents": "<span class='description'>CSTF 20.00 IMPOSED</span> entered 02/29/2016.", "entry_date": "2/29/2016"}, {"date": "2/26/2016", "number": "261", "contents": "<span class='description'>SAIEF 100.00 IMPOSED</span> entered 02/29/2016.", "entry_date": "2/29/2016"}, {"date": "2/26/2016", "number": "260", "contents": "<span class='description'>AACC 65.00 IMPOSED</span> entered 02/29/2016.", "entry_date": "2/29/2016"}, {"date": "2/26/2016", "number": "259", "contents": "<span class='description'>SOCIF 100.00 IMPOSED</span> entered 02/29/2016.", "entry_date": "2/29/2016"}, {"date": "2/26/2016", "number": "258", "contents": "<span class='description'>TNC 3.00 IMPOSED</span> entered 02/29/2016.", "entry_date": "2/29/2016"}, {"date": "2/26/2016", "number": "257", "contents": "<span class='description'>LGTF 225.00 IMPOSED</span> entered 02/29/2016.", "entry_date": "2/29/2016"}, {"date": "2/26/2016", "number": "256", "contents": "<span class='description'>CCT 50.00 IMPOSED</span> entered 02/29/2016.", "entry_date": "2/29/2016"}, {"date": "2/26/2016", "number": "255", "contents": "<span class='description'>COST OF COURT 50.00 IMPOSED</span> entered 02/29/2016.", "entry_date": "2/29/2016"}, {"date": "2/26/2016", "number": "254", "contents": "<span class='description'>LEEA 3.00 IMPOSED</span> entered 02/29/2016.", "entry_date": "2/29/2016"}, {"date": "2/26/2016", "number": "253", "contents": "<span class='description'>5% CVC 5.00 IMPOSED</span> entered 02/29/2016.", "entry_date": "2/29/2016"}, {"date": "2/26/2016", "number": "252", "contents": "<span class='description'>BASE FINE 100.00 IMPOSED</span> entered 02/29/2016.", "entry_date": "2/29/2016"}, {"date": "2/26/2016", "number": "251", "contents": "<span class='description'>JUDGMENT AND SENTENCE TO STATE PRISON FOR LIFE</span> entered 02/29/2016.", "entry_date": "2/29/2016"}, {"date": "2/26/2016", "number": "250", "contents": "<span class='description'>789 DAYS CREDIT</span> entered 02/29/2016.", "entry_date": "2/29/2016"}, {"date": "2/26/2016", "number": "249", "contents": "<span class='description'>THE LIFE MANDATORY MINIMUM IMPRISONMENT PROVISIONS OF SECTION 775.087(2)(A), FLORIDA STATUTES, IS HEREBY IMPOSED FOR THE SENTENCE SPECIFIED IN THIS COUNT.</span> entered 02/29/2016.", "entry_date": "2/29/2016"}, {"date": "2/26/2016", "number": "248", "contents": "<span class='description'>DEF. ADJUDGED GUILTY - FINGERPRINTS TAKEN BOOK 17476 PAGE 1227-1233</span> entered 02/29/2016.", "entry_date": "2/29/2016"}, {"date": "2/26/2016", "number": "247", "contents": "<span class='description'>SENTENCING HEARING HELD IN FULL</span> entered 02/29/2016.", "entry_date": "2/29/2016"}, {"date": "2/26/2016", "number": "246", "contents": "<span class='description'>DEFENDANT PRESENT IN JAIL</span> entered 02/29/2016.", "entry_date": "2/29/2016"}, {"date": "2/26/2016", "number": "245", "contents": "<span class='description'>ATTY. FOR DEF. WRIGHT, REGINA LAVERNE</span> entered 02/29/2016.", "entry_date": "2/29/2016"}, {"date": "2/26/2016", "number": "244", "contents": "<span class='description'>ASST. STATE ATTY. KALINOWSKI, JOHN GARDINER</span> entered 02/29/2016.", "entry_date": "2/29/2016"}, {"date": "2/26/2016", "number": "243", "contents": "<span class='description'>JUDGE COX, ANGELA M.</span> entered 02/29/2016.", "entry_date": "2/29/2016"}, {"date": "2/23/2016", "number": "242", "contents": "<span class='description'>@ 2 PM</span> entered 02/23/2016.", "entry_date": "2/23/2016"}, {"date": "2/23/2016", "number": "241", "contents": "<span class='description'>SENTENCING 02/26/2016 9:00 AM - 608 6TH FLOOR, 501 W ADAMS ST JACKSONVILLE FL 32202</span> entered 02/23/2016.", "entry_date": "2/23/2016"}, {"date": "2/23/2016", "number": "240", "contents": "<span class='description'>OTHERS PRESENT: SA: L. CAMPBELL FOR J. KALINOWSKI</span> entered 02/23/2016.", "entry_date": "2/23/2016"}, {"date": "2/23/2016", "number": "239", "contents": "<span class='description'>DEFENDANT PRESENT IN JAIL</span> entered 02/23/2016.", "entry_date": "2/23/2016"}, {"date": "2/23/2016", "number": "238", "contents": "<span class='description'>ATTY. FOR DEF. WRIGHT, REGINA LAVERNE</span> entered 02/23/2016.", "entry_date": "2/23/2016"}, {"date": "2/23/2016", "number": "237", "contents": "<span class='description'>ASST. STATE ATTY. KALINOWSKI, JOHN GARDINER</span> entered 02/23/2016.", "entry_date": "2/23/2016"}, {"date": "2/23/2016", "number": "236", "contents": "<span class='description'>JUDGE COX, ANGELA M.</span> entered 02/23/2016.", "entry_date": "2/23/2016"}, {"date": "2/22/2016", "number": "235", "contents": "<span class='description'>SENTENCING - TO BE SET 02/23/2016 9:00 AM - 608 6TH FLOOR, 501 W ADAMS ST JACKSONVILLE FL 32202</span> entered 02/22/2016.", "entry_date": "2/22/2016"}, {"date": "2/22/2016", "number": "234", "contents": "<span class='description'>DEFENDANT NOT PRESENT (DCJ)</span> entered 02/22/2016.", "entry_date": "2/22/2016"}, {"date": "2/22/2016", "number": "233", "contents": "<span class='description'>&gt; ATTORNEY NOT PRESENT</span> entered 02/22/2016.", "entry_date": "2/22/2016"}, {"date": "2/22/2016", "number": "232", "contents": "<span class='description'>ATTY. FOR DEF. WRIGHT, REGINA LAVERNE</span> entered 02/22/2016.", "entry_date": "2/22/2016"}, {"date": "2/22/2016", "number": "231", "contents": "<span class='description'>ASST. STATE ATTY. KALINOWSKI, JOHN GARDINER</span> entered 02/22/2016.", "entry_date": "2/22/2016"}, {"date": "2/22/2016", "number": "230", "contents": "<span class='description'>JUDGE COX, ANGELA M.</span> entered 02/22/2016.", "entry_date": "2/22/2016"}, {"date": "2/12/2016", "number": "229", "contents": "<span class='description'>COURT ORDER ON DEFENDANT'S MOTION INCUR COSTS OF DEPOSITION TRANSCRIPTS</span> entered 02/12/2016.", "entry_date": "2/12/2016"}, {"date": "2/10/2016", "number": "228", "contents": "<span class='description'>MOTION TO INCUR THE COSTS OF DEPOSITION TRANSCRIPTS</span> entered 02/11/2016.", "entry_date": "2/11/2016"}, {"date": "2/1/2016", "number": "227", "contents": "<span class='description'>MOTION FOR NEW TRIAL</span> entered 02/03/2016.", "entry_date": "2/3/2016"}, {"date": "1/21/2016", "number": "226", "contents": "<span class='description'>SENTENCING - TO BE SET 02/22/2016 9:00 AM - 608 6TH FLOOR, 501 W ADAMS ST JACKSONVILLE FL 32202</span> entered 01/21/2016.", "entry_date": "1/21/2016"}, {"date": "1/21/2016", "number": "225", "contents": "<span class='description'>JURY INSTRUCTIONS \u2013 FILED</span> entered 01/21/2016.", "entry_date": "1/21/2016"}, {"date": "1/21/2016", "number": "224", "contents": "<span class='description'>CLERKS EXHIBIT MEMO</span> entered 01/21/2016.", "entry_date": "1/21/2016"}, {"date": "1/21/2016", "number": "223", "contents": "<span class='description'>CLERKS MEMO OF TRIAL</span> entered 01/21/2016.", "entry_date": "1/21/2016"}, {"date": "1/21/2016", "number": "222", "contents": "<span class='description'>PSI ORDERED</span> entered 01/21/2016.", "entry_date": "1/21/2016"}, {"date": "1/21/2016", "number": "221", "contents": "<span class='description'>JURY DISCHARGED</span> entered 01/21/2016.", "entry_date": "1/21/2016"}, {"date": "1/21/2016", "number": "220", "contents": "<span class='description'>JURY POLLED</span> entered 01/21/2016.", "entry_date": "1/21/2016"}, {"date": "1/21/2016", "number": "219", "contents": "<span class='description'>VERDICT- GUILTY AS CHARGED IN THE INDICTMENT</span> entered 01/21/2016.", "entry_date": "1/21/2016"}, {"date": "1/21/2016", "number": "218", "contents": "<span class='description'>JURY IN AT 5:21 PM - JURY OUT AT 5:47 PM</span> entered 01/21/2016.", "entry_date": "1/21/2016"}, {"date": "1/21/2016", "number": "217", "contents": "<span class='description'>ALTERNATE JUROR DISCHARGED (JURORS)</span> entered 01/21/2016.", "entry_date": "1/21/2016"}, {"date": "1/21/2016", "number": "216", "contents": "<span class='description'>INSTRUCTIONS TO JURY IN FULL</span> entered 01/21/2016.", "entry_date": "1/21/2016"}, {"date": "1/21/2016", "number": "215", "contents": "<span class='description'>CLOSING ARGUMENTS IN: FULL BY STATE AND DEFENSE</span> entered 01/21/2016.", "entry_date": "1/21/2016"}, {"date": "1/21/2016", "number": "214", "contents": "<span class='description'>CHARGE CONFERENCE HELD IN FULL</span> entered 01/21/2016.", "entry_date": "1/21/2016"}, {"date": "1/21/2016", "number": "213", "contents": "<span class='description'>DEFENSE RENEWS ORAL MOTION FOR JUDGMENT OF ACQUITTAL - DENIED</span> entered 01/21/2016.", "entry_date": "1/21/2016"}, {"date": "1/21/2016", "number": "212", "contents": "<span class='description'>DEFENSE RESTS</span> entered 01/21/2016.", "entry_date": "1/21/2016"}, {"date": "1/21/2016", "number": "211", "contents": "<span class='description'>EVIDENCE TO JURY IN FULL -\"DEFENSE\"</span> entered 01/21/2016.", "entry_date": "1/21/2016"}, {"date": "1/21/2016", "number": "210", "contents": "<span class='description'>DEFENSE ORAL MOTION FOR JUDGMENT OF ACQUITTAL - DENIED</span> entered 01/21/2016.", "entry_date": "1/21/2016"}, {"date": "1/21/2016", "number": "209", "contents": "<span class='description'>STATE RESTS</span> entered 01/21/2016.", "entry_date": "1/21/2016"}, {"date": "1/21/2016", "number": "208", "contents": "<span class='description'>EVIDENCE TO JURY IN FULL -\"STATE'S\"</span> entered 01/21/2016.", "entry_date": "1/21/2016"}, {"date": "1/21/2016", "number": "207", "contents": "<span class='description'>OTHERS PRESENT: SA: L. CAMPBELL (2ND CHAIR)</span> entered 01/21/2016.", "entry_date": "1/21/2016"}, {"date": "1/21/2016", "number": "206", "contents": "<span class='description'>DEFENDANT PRESENT IN JAIL</span> entered 01/21/2016.", "entry_date": "1/21/2016"}, {"date": "1/21/2016", "number": "205", "contents": "<span class='description'>ATTY. FOR DEF. WRIGHT, REGINA LAVERNE</span> entered 01/21/2016.", "entry_date": "1/21/2016"}, {"date": "1/21/2016", "number": "204", "contents": "<span class='description'>ASST. STATE ATTY. KALINOWSKI, JOHN GARDINER</span> entered 01/21/2016.", "entry_date": "1/21/2016"}, {"date": "1/21/2016", "number": "203", "contents": "<span class='description'>JUDGE COX, ANGELA M</span> entered 01/21/2016.", "entry_date": "1/21/2016"}, {"date": "1/20/2016", "number": "202", "contents": "<span class='description'>STATE EXHIBITS FILED #13</span> entered 04/12/2016.", "entry_date": "4/12/2016"}, {"date": "1/20/2016", "number": "201", "contents": "<span class='description'>TRIAL 01/21/2016 9:00 AM - 608 6TH FLOOR, 501 W ADAMS ST JACKSONVILLE FL 32202</span> entered 01/20/2016.", "entry_date": "1/20/2016"}, {"date": "1/20/2016", "number": "200", "contents": "<span class='description'>EVIDENCE TO JURY IN PART -\"STATE'S\"</span> entered 01/20/2016.", "entry_date": "1/20/2016"}, {"date": "1/20/2016", "number": "199", "contents": "<span class='description'>OTHERS PRESENT: SA: L. CAMPBELL (SECOND CHAIR)</span> entered 01/20/2016.", "entry_date": "1/20/2016"}, {"date": "1/20/2016", "number": "198", "contents": "<span class='description'>DEFENDANT PRESENT IN JAIL</span> entered 01/20/2016.", "entry_date": "1/20/2016"}, {"date": "1/20/2016", "number": "197", "contents": "<span class='description'>ATTY. FOR DEF. WRIGHT, REGINA LAVERNE</span> entered 01/20/2016.", "entry_date": "1/20/2016"}, {"date": "1/20/2016", "number": "196", "contents": "<span class='description'>ASST. STATE ATTY. KALINOWSKI, JOHN GARDINER</span> entered 01/20/2016.", "entry_date": "1/20/2016"}, {"date": "1/20/2016", "number": "195", "contents": "<span class='description'>JUDGE COX, ANGELA M</span> entered 01/20/2016.", "entry_date": "1/20/2016"}, {"date": "1/19/2016", "number": "194", "contents": "<span class='description'>STIPULATION TO IDENTIFICATION OF THE VICTIM - FILED</span> entered 01/19/2016.", "entry_date": "1/19/2016"}, {"date": "1/19/2016", "number": "193", "contents": "<span class='description'>TRIAL 01/20/2016 9:00 AM - 608 6TH FLOOR, 501 W ADAMS ST JACKSONVILLE FL 32202</span> entered 01/19/2016.", "entry_date": "1/19/2016"}, {"date": "1/19/2016", "number": "192", "contents": "<span class='description'>OPENING STATEMENTS TO JURY IN FULL BY STATE AND DEFENSE</span> entered 01/19/2016.", "entry_date": "1/19/2016"}, {"date": "1/19/2016", "number": "191", "contents": "<span class='description'>JURY EMPANELLED &amp; SWORN</span> entered 01/19/2016.", "entry_date": "1/19/2016"}, {"date": "1/19/2016", "number": "190", "contents": "<span class='description'>JURY SELECTED</span> entered 01/19/2016.", "entry_date": "1/19/2016"}, {"date": "1/19/2016", "number": "189", "contents": "<span class='description'>JURY SELECTION HELD IN FULL</span> entered 01/19/2016.", "entry_date": "1/19/2016"}, {"date": "1/19/2016", "number": "188", "contents": "<span class='description'>COURT ORDER GRANTING DEFENSE SECOND MOTION IN LIMINE - ENTERED</span> entered 01/19/2016.", "entry_date": "1/19/2016"}, {"date": "1/19/2016", "number": "187", "contents": "<span class='description'>OTHERS PRESENT: SA: L. CAMPBELL (2ND CHAIR)</span> entered 01/19/2016.", "entry_date": "1/19/2016"}, {"date": "1/19/2016", "number": "186", "contents": "<span class='description'>DEFENDANT PRESENT IN JAIL</span> entered 01/19/2016.", "entry_date": "1/19/2016"}, {"date": "1/19/2016", "number": "185", "contents": "<span class='description'>ATTY. FOR DEF. WRIGHT, REGINA LAVERNE</span> entered 01/19/2016.", "entry_date": "1/19/2016"}, {"date": "1/19/2016", "number": "184", "contents": "<span class='description'>ASST. STATE ATTY. KALINOWSKI, JOHN GARDINER</span> entered 01/19/2016.", "entry_date": "1/19/2016"}, {"date": "1/19/2016", "number": "183", "contents": "<span class='description'>JURY TRIAL HELD</span> entered 01/19/2016.", "entry_date": "1/19/2016"}, {"date": "1/19/2016", "number": "182", "contents": "<span class='description'>JUDGE COX, ANGELA M</span> entered 01/19/2016.", "entry_date": "1/19/2016"}, {"date": "1/12/2016", "number": "181", "contents": "<span class='description'>@ 10: 30 AM</span> entered 01/12/2016.", "entry_date": "1/12/2016"}, {"date": "1/12/2016", "number": "180", "contents": "<span class='description'>JURY SELECTION 01/19/2016 9:00 AM - 608 6TH FLOOR, 501 W ADAMS ST JACKSONVILLE FL 32202</span> entered 01/12/2016.", "entry_date": "1/12/2016"}, {"date": "1/12/2016", "number": "179", "contents": "<span class='description'>MOTION (DEFENSE) SECOND MOTION IN LIMINE - FILED</span> entered 01/12/2016.", "entry_date": "1/12/2016"}, {"date": "1/12/2016", "number": "178", "contents": "<span class='description'>COURT ORDER GRANTING DEFENSE MOTION IN LIMINE - ENTERED</span> entered 01/12/2016.", "entry_date": "1/12/2016"}, {"date": "1/12/2016", "number": "177", "contents": "<span class='description'>MOTION (DEFENSE) IN LIMINE - FILED</span> entered 01/12/2016.", "entry_date": "1/12/2016"}, {"date": "1/12/2016", "number": "176", "contents": "<span class='description'>COURT ORDER GRANTING STATE'S MOTION AND NOTICE OF INTENT TO USE SUBSTITUTE MEDICAL EXAMINER TESTIMONY - ENTERED</span> entered 01/12/2016.", "entry_date": "1/12/2016"}, {"date": "1/12/2016", "number": "175", "contents": "<span class='description'>DEFENDANT PRESENT IN JAIL</span> entered 01/12/2016.", "entry_date": "1/12/2016"}, {"date": "1/12/2016", "number": "174", "contents": "<span class='description'>ATTY. FOR DEF. WRIGHT, REGINA LAVERNE</span> entered 01/12/2016.", "entry_date": "1/12/2016"}, {"date": "1/12/2016", "number": "173", "contents": "<span class='description'>ASST. STATE ATTY. KALINOWSKI, JOHN GARDINER</span> entered 01/12/2016.", "entry_date": "1/12/2016"}, {"date": "1/12/2016", "number": "172", "contents": "<span class='description'>JUDGE COX, ANGELA M</span> entered 01/12/2016.", "entry_date": "1/12/2016"}, {"date": "1/6/2016", "number": "171", "contents": "<span class='description'>MOTION AND NOTICE OF INTENT TO USE SUBSTITUTE MEDICAL EXAMINER TESTIMONY</span> entered 01/07/2016.", "entry_date": "1/7/2016"}, {"date": "1/4/2016", "number": "170", "contents": "<span class='description'>STATES 5th SUPPLEMENTAL DISCOVERY EXHIBIT</span> entered 01/04/2016.", "entry_date": "1/4/2016"}, {"date": "11/16/2015", "number": "169", "contents": "<span class='description'>1/19/16 JS</span> entered 11/16/2015.", "entry_date": "11/16/2015"}, {"date": "11/16/2015", "number": "168", "contents": "<span class='description'>FINAL PRETRIAL 01/12/2016 9:00 AM - 608 6TH FLOOR, 501 W ADAMS ST JACKSONVILLE FL 32202</span> entered 11/16/2015.", "entry_date": "11/16/2015"}, {"date": "11/16/2015", "number": "167", "contents": "<span class='description'>DEFENDANT PRESENT IN JAIL</span> entered 11/16/2015.", "entry_date": "11/16/2015"}, {"date": "11/16/2015", "number": "166", "contents": "<span class='description'>ATTY. FOR DEF. WRIGHT, REGINA LAVERNE</span> entered 11/16/2015.", "entry_date": "11/16/2015"}, {"date": "11/16/2015", "number": "165", "contents": "<span class='description'>ASST. STATE ATTY. KALINOWSKI, JOHN GARDINER</span> entered 11/16/2015.", "entry_date": "11/16/2015"}, {"date": "11/16/2015", "number": "164", "contents": "<span class='description'>JUDGE COX, ANGELA M</span> entered 11/16/2015.", "entry_date": "11/16/2015"}, {"date": "9/24/2015", "number": "163", "contents": "<span class='description'>PRETRIAL 11/16/2015 9:00 AM - 608 6TH FLOOR, 501 W ADAMS ST JACKSONVILLE FL 32202</span> entered 09/24/2015.", "entry_date": "9/24/2015"}, {"date": "9/24/2015", "number": "162", "contents": "<span class='description'>DEFENDANT PRESENT IN JAIL</span> entered 09/24/2015.", "entry_date": "9/24/2015"}, {"date": "9/24/2015", "number": "161", "contents": "<span class='description'>ATTY. FOR DEF. WRIGHT, REGINA LAVERNE</span> entered 09/24/2015.", "entry_date": "9/24/2015"}, {"date": "9/24/2015", "number": "160", "contents": "<span class='description'>ASST. STATE ATTY. KALINOWSKI, JOHN GARDINER</span> entered 09/24/2015.", "entry_date": "9/24/2015"}, {"date": "9/24/2015", "number": "159", "contents": "<span class='description'>JUDGE COX, ANGELA M</span> entered 09/24/2015.", "entry_date": "9/24/2015"}, {"date": "8/27/2015", "number": "158", "contents": "<span class='description'>PRETRIAL 09/24/2015 9:00 AM - 608 6TH FLOOR, 501 W ADAMS ST JACKSONVILLE FL 32202</span> entered 08/27/2015.", "entry_date": "8/27/2015"}, {"date": "8/27/2015", "number": "157", "contents": "<span class='description'>COURT ORDER GRANTING STATE'S MOTION FOR CONTINUANCE (E-FILED)- ENTERED **STRIKE 8/31/15 JS**</span> entered 08/27/2015.", "entry_date": "8/27/2015"}, {"date": "8/27/2015", "number": "156", "contents": "<span class='description'>DEFENDANT PRESENT IN JAIL</span> entered 08/27/2015.", "entry_date": "8/27/2015"}, {"date": "8/27/2015", "number": "155", "contents": "<span class='description'>ATTY. FOR DEF. WRIGHT, REGINA LAVERNE</span> entered 08/27/2015.", "entry_date": "8/27/2015"}, {"date": "8/27/2015", "number": "154", "contents": "<span class='description'>ASST. STATE ATTY. KALINOWSKI, JOHN GARDINER</span> entered 08/27/2015.", "entry_date": "8/27/2015"}, {"date": "8/27/2015", "number": "153", "contents": "<span class='description'>JUDGE COX, ANGELA M.</span> entered 08/27/2015.", "entry_date": "8/27/2015"}, {"date": "8/26/2015", "number": "152", "contents": "<span class='description'>MOTION FOR CONTINUANCE</span> entered 08/27/2015.", "entry_date": "8/27/2015"}, {"date": "7/16/2015", "number": "151", "contents": "<span class='description'>DEFENDANT'S NOTICE OF TAKING DEPOSITION</span> entered 07/17/2015.", "entry_date": "7/17/2015"}, {"date": "7/13/2015", "number": "150", "contents": "<span class='description'>STATES FOURTH SUPPLEMENTAL DISCOVERY EXHIBIT</span> entered 07/14/2015.", "entry_date": "7/14/2015"}, {"date": "6/24/2015", "number": "149", "contents": "<span class='description'>08/31/15 JS</span> entered 06/24/2015.", "entry_date": "6/24/2015"}, {"date": "6/24/2015", "number": "148", "contents": "<span class='description'>FINAL PRETRIAL 08/27/2015 9:00 AM - 608 6TH FLOOR, 501 W ADAMS ST JACKSONVILLE FL 32202</span> entered 06/24/2015.", "entry_date": "6/24/2015"}, {"date": "6/24/2015", "number": "147", "contents": "<span class='description'>DEFENDANT PRESENT IN JAIL</span> entered 06/24/2015.", "entry_date": "6/24/2015"}, {"date": "6/24/2015", "number": "146", "contents": "<span class='description'>ATTY. FOR DEF. WRIGHT, REGINA LAVERNE</span> entered 06/24/2015.", "entry_date": "6/24/2015"}, {"date": "6/24/2015", "number": "145", "contents": "<span class='description'>ASST. STATE ATTY. KALINOWSKI, JOHN GARDINER</span> entered 06/24/2015.", "entry_date": "6/24/2015"}, {"date": "6/24/2015", "number": "144", "contents": "<span class='description'>JUDGE COX, ANGELA M</span> entered 06/24/2015.", "entry_date": "6/24/2015"}, {"date": "5/20/2015", "number": "143", "contents": "<span class='description'>PRETRIAL 06/24/2015 9:00 AM - 608 6TH FLOOR, 501 W ADAMS ST JACKSONVILLE FL 32202</span> entered 05/20/2015.", "entry_date": "5/20/2015"}, {"date": "5/20/2015", "number": "142", "contents": "<span class='description'>DEFENDANT PRESENT IN JAIL</span> entered 05/20/2015.", "entry_date": "5/20/2015"}, {"date": "5/20/2015", "number": "141", "contents": "<span class='description'>ATTY. FOR DEF. WRIGHT, REGINA LAVERNE</span> entered 05/20/2015.", "entry_date": "5/20/2015"}, {"date": "5/20/2015", "number": "140", "contents": "<span class='description'>ASST. STATE ATTY. KALINOWSKI, JOHN GARDINER</span> entered 05/20/2015.", "entry_date": "5/20/2015"}, {"date": "5/20/2015", "number": "139", "contents": "<span class='description'>JUDGE COX, ANGELA M.</span> entered 05/20/2015.", "entry_date": "5/20/2015"}, {"date": "4/14/2015", "number": "138", "contents": "<span class='description'>PRETRIAL 05/20/2015 9:00 AM - 608 6TH FLOOR, 501 W ADAMS ST JACKSONVILLE FL 32202</span> entered 04/14/2015.", "entry_date": "4/14/2015"}, {"date": "4/14/2015", "number": "137", "contents": "<span class='description'>DEFENDANT PRESENT IN JAIL</span> entered 04/14/2015.", "entry_date": "4/14/2015"}, {"date": "4/14/2015", "number": "136", "contents": "<span class='description'>ATTY. FOR DEF. WRIGHT, REGINA LAVERNE</span> entered 04/14/2015.", "entry_date": "4/14/2015"}, {"date": "4/14/2015", "number": "135", "contents": "<span class='description'>ASST. STATE ATTY. KALINOWSKI, JOHN GARDINER</span> entered 04/14/2015.", "entry_date": "4/14/2015"}, {"date": "4/14/2015", "number": "134", "contents": "<span class='description'>JUDGE COX, ANGELA M</span> entered 04/14/2015.", "entry_date": "4/14/2015"}, {"date": "4/6/2015", "number": "133", "contents": "<span class='description'>NOTICE OF TAKING DEPOSITION (DEFENDANT'S)</span> entered 04/06/2015.", "entry_date": "4/6/2015"}, {"date": "3/26/2015", "number": "132", "contents": "<span class='description'>PRETRIAL 04/14/2015 9:00 AM - 608 6TH FLOOR, 501 W ADAMS ST JACKSONVILLE FL 32202</span> entered 03/26/2015.", "entry_date": "3/26/2015"}, {"date": "3/26/2015", "number": "131", "contents": "<span class='description'>DEFENDANT PRESENT IN JAIL</span> entered 03/26/2015.", "entry_date": "3/26/2015"}, {"date": "3/26/2015", "number": "130", "contents": "<span class='description'>ATTY. FOR DEF. WRIGHT, REGINA LAVERNE</span> entered 03/26/2015.", "entry_date": "3/26/2015"}, {"date": "3/26/2015", "number": "129", "contents": "<span class='description'>ASST. STATE ATTY. KALINOWSKI, JOHN GARDINER</span> entered 03/26/2015.", "entry_date": "3/26/2015"}, {"date": "3/26/2015", "number": "128", "contents": "<span class='description'>JUDGE COX, ANGELA M</span> entered 03/26/2015.", "entry_date": "3/26/2015"}, {"date": "2/24/2015", "number": "127", "contents": "<span class='description'>COURT ORDER OF REASSIGNMENT</span> entered 02/25/2015.", "entry_date": "2/25/2015"}, {"date": "2/19/2015", "number": "126", "contents": "<span class='description'>PRETRIAL 03/26/2015 9:00 AM - 608 6TH FLOOR, 501 W ADAMS ST JACKSONVILLE FL 32202</span> entered 02/19/2015.", "entry_date": "2/19/2015"}, {"date": "2/19/2015", "number": "125", "contents": "<span class='description'>MOTION FOR CONTINUANCE -FILED (DEFENSE)/GRANTED W/O OBJECTION/ORDER ENTERED **STRIKE 02/23/15 JS**</span> entered 02/19/2015.", "entry_date": "2/19/2015"}, {"date": "2/19/2015", "number": "124", "contents": "<span class='description'>DEFENDANT PRESENT IN JAIL</span> entered 02/19/2015.", "entry_date": "2/19/2015"}, {"date": "2/19/2015", "number": "123", "contents": "<span class='description'>ATTY. FOR DEF. WRIGHT, REGINA LAVERNE</span> entered 02/19/2015.", "entry_date": "2/19/2015"}, {"date": "2/19/2015", "number": "122", "contents": "<span class='description'>ASST. STATE ATTY. KALINOWSKI, JOHN GARDINER</span> entered 02/19/2015.", "entry_date": "2/19/2015"}, {"date": "2/19/2015", "number": "121", "contents": "<span class='description'>JUDGE COX, ANGELA M</span> entered 02/19/2015.", "entry_date": "2/19/2015"}, {"date": "2/17/2015", "number": "120", "contents": "<span class='description'>02/23/15 JS STRIKE</span> entered 02/20/2015.", "entry_date": "2/20/2015"}, {"date": "2/17/2015", "number": "119", "contents": "<span class='description'>02/23/15 JS</span> entered 02/17/2015.", "entry_date": "2/17/2015"}, {"date": "2/17/2015", "number": "118", "contents": "<span class='description'>FINAL PRETRIAL 02/19/2015 9:00 AM - 608 6TH FLOOR, 501 W ADAMS ST JACKSONVILLE FL 32202</span> entered 02/17/2015.", "entry_date": "2/17/2015"}, {"date": "2/17/2015", "number": "117", "contents": "<span class='description'>DEFENDANT PRESENT IN JAIL</span> entered 02/17/2015.", "entry_date": "2/17/2015"}, {"date": "2/17/2015", "number": "116", "contents": "<span class='description'>ATTY. FOR DEF. WRIGHT, REGINA LAVERNE</span> entered 02/17/2015.", "entry_date": "2/17/2015"}, {"date": "2/17/2015", "number": "115", "contents": "<span class='description'>ASST. STATE ATTY. KALINOWSKI, JOHN GARDINER</span> entered 02/17/2015.", "entry_date": "2/17/2015"}, {"date": "2/17/2015", "number": "114", "contents": "<span class='description'>JUDGE COX, ANGELA M.</span> entered 02/17/2015.", "entry_date": "2/17/2015"}, {"date": "2/6/2015", "number": "113", "contents": "<span class='description'>COURT ORDER OF REASSIGNMENT</span> entered 02/09/2015.", "entry_date": "2/9/2015"}, {"date": "1/22/2015", "number": "112", "contents": "<span class='description'>02/23/15 JS - STRIKE</span> entered 02/20/2015.", "entry_date": "2/20/2015"}, {"date": "1/22/2015", "number": "111", "contents": "<span class='description'>02/23/15 JS</span> entered 01/22/2015.", "entry_date": "1/22/2015"}, {"date": "1/22/2015", "number": "110", "contents": "<span class='description'>FINAL PRETRIAL 02/17/2015 9:00 AM - 608 6TH FLOOR, 501 W ADAMS ST JACKSONVILLE FL 32202</span> entered 01/22/2015.", "entry_date": "1/22/2015"}, {"date": "1/22/2015", "number": "109", "contents": "<span class='description'>DEFENDANT PRESENT IN JAIL</span> entered 01/22/2015.", "entry_date": "1/22/2015"}, {"date": "1/22/2015", "number": "108", "contents": "<span class='description'>ATTY. FOR DEF. WRIGHT, REGINA LAVERNE</span> entered 01/22/2015.", "entry_date": "1/22/2015"}, {"date": "1/22/2015", "number": "107", "contents": "<span class='description'>ASST. STATE ATTY. KALINOWSKI, JOHN GARDINER</span> entered 01/22/2015.", "entry_date": "1/22/2015"}, {"date": "1/22/2015", "number": "106", "contents": "<span class='description'>JUDGE COX, ANGELA M.</span> entered 01/22/2015.", "entry_date": "1/22/2015"}, {"date": "1/5/2015", "number": "105", "contents": "<span class='description'>STATES THIRD SUPPLEMENTAL DISCOVERY EXHIBIT</span> entered 01/05/2015.", "entry_date": "1/5/2015"}, {"date": "12/18/2014", "number": "104", "contents": "<span class='description'>02/17/15 FPT, 02/23/15 JS</span> entered 12/18/2014.", "entry_date": "12/18/2014"}, {"date": "12/18/2014", "number": "103", "contents": "<span class='description'>PRETRIAL 01/22/2015 9:00 AM - 405 4TH FLOOR, 501 W ADAMS ST JACKSONVILLE FL 32202</span> entered 12/18/2014.", "entry_date": "12/18/2014"}, {"date": "12/18/2014", "number": "102", "contents": "<span class='description'>DEFENDANT PRESENT IN JAIL</span> entered 12/18/2014.", "entry_date": "12/18/2014"}, {"date": "12/18/2014", "number": "101", "contents": "<span class='description'>ATTY. FOR DEF. WRIGHT, REGINA LAVERNE</span> entered 12/18/2014.", "entry_date": "12/18/2014"}, {"date": "12/18/2014", "number": "100", "contents": "<span class='description'>ASST. STATE ATTY. KALINOWSKI, JOHN GARDINER</span> entered 12/18/2014.", "entry_date": "12/18/2014"}, {"date": "12/18/2014", "number": "99", "contents": "<span class='description'>SITTING JUDGE - TYGART, FREDERICK B.</span> entered 12/18/2014.", "entry_date": "12/18/2014"}, {"date": "12/18/2014", "number": "98", "contents": "<span class='description'>JUDGE SOUD, ADRIAN G.</span> entered 12/18/2014.", "entry_date": "12/18/2014"}, {"date": "11/12/2014", "number": "97", "contents": "<span class='description'>02/17/15 FPT, 02/23/15 JS</span> entered 11/12/2014.", "entry_date": "11/12/2014"}, {"date": "11/12/2014", "number": "96", "contents": "<span class='description'>PRETRIAL 12/18/2014 9:00 AM - 405 4TH FLOOR, 501 W ADAMS ST JACKSONVILLE FL 32202</span> entered 11/12/2014.", "entry_date": "11/12/2014"}, {"date": "11/12/2014", "number": "95", "contents": "<span class='description'>DEFENDANT PRESENT IN JAIL</span> entered 11/12/2014.", "entry_date": "11/12/2014"}, {"date": "11/12/2014", "number": "94", "contents": "<span class='description'>ATTY. FOR DEF. WRIGHT, REGINA LAVERNE</span> entered 11/12/2014.", "entry_date": "11/12/2014"}, {"date": "11/12/2014", "number": "93", "contents": "<span class='description'>ASST. STATE ATTY. KALINOWSKI, JOHN GARDINER</span> entered 11/12/2014.", "entry_date": "11/12/2014"}, {"date": "11/12/2014", "number": "92", "contents": "<span class='description'>JUDGE SOUD, ADRIAN G.</span> entered 11/12/2014.", "entry_date": "11/12/2014"}, {"date": "11/7/2014", "number": "91", "contents": "<span class='description'>NOTICE OF TAKING DEPOSITION</span> entered 11/07/2014.", "entry_date": "11/7/2014"}, {"date": "10/14/2014", "number": "90", "contents": "<span class='description'>NOTICE OF TAKING DEPOSITION (DEFENDANT'S)</span> entered 10/15/2014.", "entry_date": "10/15/2014"}, {"date": "10/8/2014", "number": "89", "contents": "<span class='description'>PRETRIAL 11/12/2014 9:00 AM - 405 4TH FLOOR, 501 W ADAMS ST JACKSONVILLE FL 32202</span> entered 10/08/2014.", "entry_date": "10/8/2014"}, {"date": "10/8/2014", "number": "88", "contents": "<span class='description'>DEFENSE/STATE'S ORAL MOTION FOR CONTINUANCE -DEFENSE/GRNATED W/O OBJECTION **STRIKE 10/21/14 FPT &amp; 10/27/14 JS**</span> entered 10/08/2014.", "entry_date": "10/8/2014"}, {"date": "10/8/2014", "number": "87", "contents": "<span class='description'>PLEA OF NOT GUILTY</span> entered 10/08/2014.", "entry_date": "10/8/2014"}, {"date": "10/8/2014", "number": "86", "contents": "<span class='description'>DEFENDANT WAIVED READING OF INDICTMENT AND PLEAD NOT GUILTY ENTERED BY COURT-DEFT STANDS MUTE</span> entered 10/08/2014.", "entry_date": "10/8/2014"}, {"date": "10/8/2014", "number": "85", "contents": "<span class='description'>DEFENDANT PRESENT IN JAIL</span> entered 10/08/2014.", "entry_date": "10/8/2014"}, {"date": "10/8/2014", "number": "84", "contents": "<span class='description'>ATTY. FOR DEF. WRIGHT, REGINA LAVERNE</span> entered 10/08/2014.", "entry_date": "10/8/2014"}, {"date": "10/8/2014", "number": "83", "contents": "<span class='description'>ASST. STATE ATTY. KALINOWSKI, JOHN GARDINER</span> entered 10/08/2014.", "entry_date": "10/8/2014"}, {"date": "10/8/2014", "number": "82", "contents": "<span class='description'>JUDGE SOUD, ADRIAN G.</span> entered 10/08/2014.", "entry_date": "10/8/2014"}, {"date": "9/19/2014", "number": "81", "contents": "<span class='description'>INDICTMENT FILED FOR S782.04(1)(A) MURDER - FIRST DEGREE</span> entered 09/19/2014.", "entry_date": "9/19/2014"}, {"date": "8/27/2014", "number": "80", "contents": "<span class='description'>10/21/14 FPT &amp; 10/27/14 JS</span> entered 08/27/2014.", "entry_date": "8/27/2014"}, {"date": "8/27/2014", "number": "79", "contents": "<span class='description'>PRETRIAL 10/08/2014 9:00 AM - 405 4TH FLOOR, 501 W ADAMS ST JACKSONVILLE FL 32202</span> entered 08/27/2014.", "entry_date": "8/27/2014"}, {"date": "8/27/2014", "number": "78", "contents": "<span class='description'>DEFENDANT PRESENT IN JAIL</span> entered 08/27/2014.", "entry_date": "8/27/2014"}, {"date": "8/27/2014", "number": "77", "contents": "<span class='description'>ATTY. FOR DEF. WRIGHT, REGINA LAVERNE</span> entered 08/27/2014.", "entry_date": "8/27/2014"}, {"date": "8/27/2014", "number": "76", "contents": "<span class='description'>ASST. STATE ATTY. KALINOWSKI, JOHN GARDINER</span> entered 08/27/2014.", "entry_date": "8/27/2014"}, {"date": "8/27/2014", "number": "75", "contents": "<span class='description'>JUDGE SOUD, ADRIAN G.</span> entered 08/27/2014.", "entry_date": "8/27/2014"}, {"date": "7/16/2014", "number": "74", "contents": "<span class='description'>10/21/14 FPT &amp; 10/27/14 JS</span> entered 07/16/2014.", "entry_date": "7/16/2014"}, {"date": "7/16/2014", "number": "73", "contents": "<span class='description'>PRETRIAL 08/27/2014 9:00 AM - 405 4TH FLOOR, 501 W ADAMS ST JACKSONVILLE FL 32202</span> entered 07/16/2014.", "entry_date": "7/16/2014"}, {"date": "7/16/2014", "number": "72", "contents": "<span class='description'>DEFENDANT PRESENT IN JAIL</span> entered 07/16/2014.", "entry_date": "7/16/2014"}, {"date": "7/16/2014", "number": "71", "contents": "<span class='description'>ATTY. FOR DEF. WRIGHT, REGINA LAVERNE</span> entered 07/16/2014.", "entry_date": "7/16/2014"}, {"date": "7/16/2014", "number": "70", "contents": "<span class='description'>ASST. STATE ATTY. KALINOWSKI, JOHN GARDINER</span> entered 07/16/2014.", "entry_date": "7/16/2014"}, {"date": "7/16/2014", "number": "69", "contents": "<span class='description'>JUDGE SOUD, ADRIAN G.</span> entered 07/16/2014.", "entry_date": "7/16/2014"}, {"date": "7/10/2014", "number": "68", "contents": "<span class='description'>STATES# SECOND SUPPLEMENTAL DISCOVERY EXHIBIT</span> entered 07/10/2014.", "entry_date": "7/10/2014"}, {"date": "7/8/2014", "number": "67", "contents": "<span class='description'>ORDER ON DEFENDANT'S MOTION TO INCUR THE COSTS OF A PSYCHOLOGICAL EVALUATION</span> entered 07/10/2014.", "entry_date": "7/10/2014"}, {"date": "7/8/2014", "number": "66", "contents": "<span class='description'>ORDER ON DEFENDANT'S MOTION TO INCUR THE COSTS OF AN INVESTIGATOR FOR PURPOSE OF MITIGATION- GRANTED</span> entered 07/08/2014.", "entry_date": "7/8/2014"}, {"date": "7/8/2014", "number": "65", "contents": "<span class='description'>ORDER ON DEFENDANT'S MOTION FOR INDIGENCY AS TO COSTS</span> entered 07/08/2014.", "entry_date": "7/8/2014"}, {"date": "6/23/2014", "number": "64", "contents": "<span class='description'>TRIAL ASSISTANT STATE ATTORNEY CHANGED TO Kalinowski, John Gardiner PER SAO</span> entered 06/23/2014.", "entry_date": "6/23/2014"}, {"date": "6/10/2014", "number": "63", "contents": "<span class='description'>STRIKE JS 6/16/14</span> entered 06/10/2014.", "entry_date": "6/10/2014"}, {"date": "6/10/2014", "number": "62", "contents": "<span class='description'>PRETRIAL 07/16/2014 9:00 AM - 405 4TH FLOOR, 501 W ADAMS ST JACKSONVILLE FL 32202</span> entered 06/10/2014.", "entry_date": "6/10/2014"}, {"date": "6/10/2014", "number": "61", "contents": "<span class='description'>MOTION FOR CONTINUANCE - (ORALLY) DEFENDANT'S/ GRANTED BY CONSENT</span> entered 06/10/2014.", "entry_date": "6/10/2014"}, {"date": "6/10/2014", "number": "60", "contents": "<span class='description'>DEFENDANT PRESENT IN JAIL</span> entered 06/10/2014.", "entry_date": "6/10/2014"}, {"date": "6/10/2014", "number": "59", "contents": "<span class='description'>ATTY. FOR DEF. WRIGHT, REGINA LAVERNE</span> entered 06/10/2014.", "entry_date": "6/10/2014"}, {"date": "6/10/2014", "number": "58", "contents": "<span class='description'>&gt; - B. MAUERBERGER FOR A. ANUM</span> entered 06/10/2014.", "entry_date": "6/10/2014"}, {"date": "6/10/2014", "number": "57", "contents": "<span class='description'>ASST. STATE ATTY. ANUM, ALEXIS SYKES</span> entered 06/10/2014.", "entry_date": "6/10/2014"}, {"date": "6/10/2014", "number": "56", "contents": "<span class='description'>JUDGE SOUD, ADRIAN G.</span> entered 06/10/2014.", "entry_date": "6/10/2014"}, {"date": "5/29/2014", "number": "55", "contents": "<span class='description'>JS 6/16/14</span> entered 05/29/2014.", "entry_date": "5/29/2014"}, {"date": "5/29/2014", "number": "54", "contents": "<span class='description'>FINAL PRETRIAL 06/10/2014 9:00 AM - 405 4TH FLOOR, 501 W ADAMS ST JACKSONVILLE FL 32202</span> entered 05/29/2014.", "entry_date": "5/29/2014"}, {"date": "5/29/2014", "number": "53", "contents": "<span class='description'>DEFENDANT APPEARANCE WAIVED</span> entered 05/29/2014.", "entry_date": "5/29/2014"}, {"date": "5/29/2014", "number": "52", "contents": "<span class='description'>ATTY. FOR DEF. WRIGHT, REGINA LAVERNE</span> entered 05/29/2014.", "entry_date": "5/29/2014"}, {"date": "5/29/2014", "number": "51", "contents": "<span class='description'>&gt; - B. MAUERBERGER FOR A. ANUM</span> entered 05/29/2014.", "entry_date": "5/29/2014"}, {"date": "5/29/2014", "number": "50", "contents": "<span class='description'>ASST. STATE ATTY. ANUM, ALEXIS SYKES</span> entered 05/29/2014.", "entry_date": "5/29/2014"}, {"date": "5/29/2014", "number": "49", "contents": "<span class='description'>JUDGE SOUD, ADRIAN G.</span> entered 05/29/2014.", "entry_date": "5/29/2014"}, {"date": "5/27/2014", "number": "48", "contents": "<span class='description'>DOCUMENTS - JUSTICE ADMINISTRATIVE COMMISSIONS RESPONSE TO MOTION FOR INDIGENCY AS TO COSTS; MOTION TO INCUR THE COSTS OF AN INVESTIGATOR; AND MOTION TO INCUR THE COSTS OF PSYCHOLOGICAL EVALUATION</span> entered 05/27/2014.", "entry_date": "5/27/2014"}, {"date": "5/23/2014", "number": "47", "contents": "<span class='description'>MOTION - DEFTS- TO INCUR THE COSTS OF PSYCHOLOIGICAL EVALUATION</span> entered 05/27/2014.", "entry_date": "5/27/2014"}, {"date": "5/23/2014", "number": "46", "contents": "<span class='description'>MOTION FOR INDIGENCY COSTS- DEFTS.</span> entered 05/27/2014.", "entry_date": "5/27/2014"}, {"date": "5/23/2014", "number": "45", "contents": "<span class='description'>MOTION [DEFENDANT'S] TO INCUR THE COSTS OF AN INVESTIGATOR FOR PURPOSES OF MITIGATION</span> entered 05/27/2014.", "entry_date": "5/27/2014"}, {"date": "4/24/2014", "number": "44", "contents": "<span class='description'>FPT 6/10/14; JS 6/16/14</span> entered 04/24/2014.", "entry_date": "4/24/2014"}, {"date": "4/24/2014", "number": "43", "contents": "<span class='description'>PRETRIAL 05/29/2014 9:00 AM - 405 4TH FLOOR, 501 W ADAMS ST JACKSONVILLE FL 32202</span> entered 04/24/2014.", "entry_date": "4/24/2014"}, {"date": "4/24/2014", "number": "42", "contents": "<span class='description'>DEFENDANT PRESENT IN JAIL</span> entered 04/24/2014.", "entry_date": "4/24/2014"}, {"date": "4/24/2014", "number": "41", "contents": "<span class='description'>ATTY. FOR DEF. WRIGHT, REGINA LAVERNE</span> entered 04/24/2014.", "entry_date": "4/24/2014"}, {"date": "4/24/2014", "number": "40", "contents": "<span class='description'>&gt; - J. GARCIA FOR A. ANUM</span> entered 04/24/2014.", "entry_date": "4/24/2014"}, {"date": "4/24/2014", "number": "39", "contents": "<span class='description'>ASST. STATE ATTY. ANUM, ALEXIS SYKES</span> entered 04/24/2014.", "entry_date": "4/24/2014"}, {"date": "4/24/2014", "number": "38", "contents": "<span class='description'>JUDGE SOUD, ADRIAN G.</span> entered 04/24/2014.", "entry_date": "4/24/2014"}, {"date": "4/3/2014", "number": "37", "contents": "<span class='description'>STATES# FIRST SUPPLEMENTAL DISCOVERY EXHIBIT</span> entered 04/04/2014.", "entry_date": "4/4/2014"}, {"date": "3/26/2014", "number": "36", "contents": "<span class='description'>FPT 6/10/14; JS 6/16/14</span> entered 03/26/2014.", "entry_date": "3/26/2014"}, {"date": "3/26/2014", "number": "35", "contents": "<span class='description'>PRETRIAL 04/24/2014 9:00 AM - 405 4TH FLOOR, 501 W ADAMS ST JACKSONVILLE FL 32202</span> entered 03/26/2014.", "entry_date": "3/26/2014"}, {"date": "3/26/2014", "number": "34", "contents": "<span class='description'>PUBLIC DEFENDER PERMITTED TO WITHDRAW AS COUNSEL FOR DEF.</span> entered 03/26/2014.", "entry_date": "3/26/2014"}, {"date": "3/26/2014", "number": "33", "contents": "<span class='description'>DEFENDANT PRESENT IN JAIL</span> entered 03/26/2014.", "entry_date": "3/26/2014"}, {"date": "3/26/2014", "number": "32", "contents": "<span class='description'>ATTY. FOR DEF. WRIGHT, REGINA LAVERNE</span> entered 03/26/2014.", "entry_date": "3/26/2014"}, {"date": "3/26/2014", "number": "31", "contents": "<span class='description'>ASST. STATE ATTY. ANUM, ALEXIS SYKES</span> entered 03/26/2014.", "entry_date": "3/26/2014"}, {"date": "3/26/2014", "number": "30", "contents": "<span class='description'>JUDGE SOUD, ADRIAN G.</span> entered 03/26/2014.", "entry_date": "3/26/2014"}, {"date": "2/20/2014", "number": "29", "contents": "<span class='description'>FPT 6/10/14; JS 6/16/14</span> entered 02/20/2014.", "entry_date": "2/20/2014"}, {"date": "2/20/2014", "number": "28", "contents": "<span class='description'>PRETRIAL 03/26/2014 9:00 AM - 405 4TH FLOOR, 501 W ADAMS ST JACKSONVILLE FL 32202</span> entered 02/20/2014.", "entry_date": "2/20/2014"}, {"date": "2/20/2014", "number": "27", "contents": "<span class='description'>STATE'S DISCOVERY EXHIBIT AND DEMAND FOR RECIPROCAL DISCOVERY</span> entered 02/20/2014.", "entry_date": "2/20/2014"}, {"date": "2/20/2014", "number": "26", "contents": "<span class='description'>DEFENDANT PRESENT IN JAIL</span> entered 02/20/2014.", "entry_date": "2/20/2014"}, {"date": "2/20/2014", "number": "25", "contents": "<span class='description'>ASST. PUB. DEF. PERKINS, ALPHONSE BERNARD</span> entered 02/20/2014.", "entry_date": "2/20/2014"}, {"date": "2/20/2014", "number": "24", "contents": "<span class='description'>ASST. STATE ATTY. ANUM, ALEXIS SYKES</span> entered 02/20/2014.", "entry_date": "2/20/2014"}, {"date": "2/20/2014", "number": "23", "contents": "<span class='description'>JUDGE SOUD, ADRIAN G.</span> entered 02/20/2014.", "entry_date": "2/20/2014"}, {"date": "1/29/2014", "number": "22", "contents": "<span class='description'>PRAE, FOR WITNESS SUBPOENA- FIRE AND RESCUE RECORDS</span> entered 01/29/2014.", "entry_date": "1/29/2014"}, {"date": "1/27/2014", "number": "21", "contents": "<span class='description'>PLEA OF NOT GUILTY</span> entered 01/27/2014.", "entry_date": "1/27/2014"}, {"date": "1/27/2014", "number": "20", "contents": "<span class='description'>PRETRIAL 02/20/2014 9:00 AM - 405 4TH FLOOR, 501 W ADAMS ST JACKSONVILLE FL 32202</span> entered 01/27/2014.", "entry_date": "1/27/2014"}, {"date": "1/27/2014", "number": "19", "contents": "<span class='description'>DEF. W/READING OF INFO &amp; PLEAD NOT GUILTY</span> entered 01/27/2014.", "entry_date": "1/27/2014"}, {"date": "1/27/2014", "number": "18", "contents": "<span class='description'>DEFENDANT PRESENT IN JAIL</span> entered 01/27/2014.", "entry_date": "1/27/2014"}, {"date": "1/27/2014", "number": "17", "contents": "<span class='description'>ASST. PUB. DEF. PERKINS, ALPHONSE BERNARD</span> entered 01/27/2014.", "entry_date": "1/27/2014"}, {"date": "1/27/2014", "number": "16", "contents": "<span class='description'>ASST. STATE ATTY. ANUM, ALEXIS SYKES</span> entered 01/27/2014.", "entry_date": "1/27/2014"}, {"date": "1/27/2014", "number": "15", "contents": "<span class='description'>JUDGE SOUD, ADRIAN G.</span> entered 01/27/2014.", "entry_date": "1/27/2014"}, {"date": "1/15/2014", "number": "14", "contents": "<span class='description'>ARRAIGNMENT DATE 01/27/2014 9:00 AM - 405 4TH FLOOR, 501 W ADAMS ST JACKSONVILLE FL 32202</span> entered 01/16/2014.", "entry_date": "1/16/2014"}, {"date": "1/15/2014", "number": "13", "contents": "<span class='description'>INFORMATION FILED S782.04(2) MURDER - SECOND DEGREE</span> entered 01/16/2014.", "entry_date": "1/16/2014"}, {"date": "1/14/2014", "number": "12", "contents": "<span class='description'>TRIAL ASSISTANT STATE ATTORNEY CHANGED TO Anum, Alexis Sykes PER SAO</span> entered 01/14/2014.", "entry_date": "1/14/2014"}, {"date": "1/7/2014", "number": "11", "contents": "<span class='description'>NOTICE OF DISCOVERY &amp; SPECIFIC DEMAND FOR INFORMATION</span> entered 01/07/2014.", "entry_date": "1/7/2014"}, {"date": "1/7/2014", "number": "10", "contents": "<span class='description'>MOTION FOR STATEMENT OF PARTICULARS</span> entered 01/07/2014.", "entry_date": "1/7/2014"}, {"date": "12/30/2013", "number": "9", "contents": "<span class='description'>ARRAIGNMENT COURT DATE: 01/21/2014 SUBJECT TO CHANGE. CALL FOR VERIFICATION</span> entered 12/31/2013.", "entry_date": "12/31/2013"}, {"date": "12/30/2013", "number": "8", "contents": "<span class='description'>FEES DUE: 12/31/2013</span> entered 12/31/2013.", "entry_date": "12/31/2013"}, {"date": "12/30/2013", "number": "7", "contents": "<span class='description'>PD APP FEE 50.00 IMPOSED</span> entered 12/31/2013.", "entry_date": "12/31/2013"}, {"link_viewer": "https://www.docketalarm.com/cases/Florida_State_Duval_County_Fourth_Circuit_Court/2013-CF-011857/SHERIDAN_LANDELL_VENEY/6/", "number": "6", "link": "https://www.docketalarm.com/cases/Florida_State_Duval_County_Fourth_Circuit_Court/2013-CF-011857/SHERIDAN_LANDELL_VENEY/docs/6.pdf", "entry_date": "12/31/2013", "date": "12/30/2013", "contents": "<a href=\"/cases/Florida_State_Duval_County_Fourth_Circuit_Court/2013-CF-011857/SHERIDAN_LANDELL_VENEY/6/\"><span class='description'>FINDING OF PROBABLE CAUSE ,</span></a> entered 12/31/2013."}, {"link_viewer": "https://www.docketalarm.com/cases/Florida_State_Duval_County_Fourth_Circuit_Court/2013-CF-011857/SHERIDAN_LANDELL_VENEY/5/", "number": "5", "link": "https://www.docketalarm.com/cases/Florida_State_Duval_County_Fourth_Circuit_Court/2013-CF-011857/SHERIDAN_LANDELL_VENEY/docs/5.pdf", "entry_date": "12/31/2013", "date": "12/30/2013", "contents": "<a href=\"/cases/Florida_State_Duval_County_Fourth_Circuit_Court/2013-CF-011857/SHERIDAN_LANDELL_VENEY/5/\"><span class='description'>DEFENDANT DECLARED INDIGENT, ORDER APPOINTING PUBLIC DEFENDER - FILED</span></a> entered 12/31/2013."}, {"link_viewer": "https://www.docketalarm.com/cases/Florida_State_Duval_County_Fourth_Circuit_Court/2013-CF-011857/SHERIDAN_LANDELL_VENEY/4/", "number": "4", "link": "https://www.docketalarm.com/cases/Florida_State_Duval_County_Fourth_Circuit_Court/2013-CF-011857/SHERIDAN_LANDELL_VENEY/docs/4.pdf", "entry_date": "12/31/2013", "date": "12/30/2013", "contents": "<a href=\"/cases/Florida_State_Duval_County_Fourth_Circuit_Court/2013-CF-011857/SHERIDAN_LANDELL_VENEY/4/\"><span class='description'>APPLICATION FOR CRIMINAL INDIGENT STATUS - FILED</span></a> entered 12/31/2013."}, {"date": "12/30/2013", "number": "3", "contents": "<span class='description'>BOND SET AT NONE</span> entered 12/31/2013.", "entry_date": "12/31/2013"}, {"date": "12/30/2013", "number": "2", "contents": "<span class='description'>S782.04 MURDER</span> entered 12/31/2013.", "entry_date": "12/31/2013"}, {"date": "12/30/2013", "number": "1", "contents": "<span class='description'>ARREST &amp; BOOKING REPORT 2013-034463 12/30/2013</span> entered 12/31/2013.", "entry_date": "12/31/2013"}], "analyze": {"last_analyze": "6/22/2020"}, "success": true, "parties": [{"race": "B", "name_normalized": "Sheridan Landell Veney", "name": "SHERIDAN LANDELL VENEY", "sex": "Male", "other": [], "type": "Defendant"}]}