{"info": {"status": "DISPOSED", "division": "CR-G", "judges": ["DANIEL, JAMES H."], "court": "Florida State, Duval County, Fourth Circuit Court", "title": "SAMUEL VICK JR", "date_filed": "4/22/2015", "link": "https://www.docketalarm.com/cases/Florida_State_Duval_County_Fourth_Circuit_Court/2015-CF-003528/SAMUEL_VICK_JR/", "judges_normalized": ["Daniel James H."], "judge": "DANIEL, JAMES H.", "type": "Circuit Criminal", "docket": "2015-CF-003528"}, "docket_report": [{"date": "6/22/2018", "number": "351", "contents": "<span class='description'>ORDER PERT. TO PAYMENT OF COSTS BOOK 18432 PAGE 2092-2093</span> entered 06/22/2018.", "entry_date": "6/22/2018"}, {"date": "6/21/2018", "number": "350", "contents": "<span class='description'>ACCOUNTING OF DEFENSE COSTS</span> entered 06/26/2018.", "entry_date": "6/26/2018"}, {"date": "4/2/2018", "number": "349", "contents": "<span class='description'>RECEIPT FOR CIVIL PROCESS, JAIL, WARRANTS</span> entered 04/06/2018.", "entry_date": "4/6/2018"}, {"link_viewer": "https://www.docketalarm.com/cases/Florida_State_Duval_County_Fourth_Circuit_Court/2015-CF-003528/SAMUEL_VICK_JR/348/", "number": "348", "link": "https://www.docketalarm.com/cases/Florida_State_Duval_County_Fourth_Circuit_Court/2015-CF-003528/SAMUEL_VICK_JR/docs/348.pdf", "entry_date": "3/30/2018", "date": "3/30/2018", "contents": "<a href=\"/cases/Florida_State_Duval_County_Fourth_Circuit_Court/2015-CF-003528/SAMUEL_VICK_JR/348/\"><span class='description'>UNIFORM COMMITMENT TO CUSTODY OF DEPT. OF CORRECTIONS</span></a> entered 03/30/2018."}, {"link_viewer": "https://www.docketalarm.com/cases/Florida_State_Duval_County_Fourth_Circuit_Court/2015-CF-003528/SAMUEL_VICK_JR/347/", "number": "347", "link": "https://www.docketalarm.com/cases/Florida_State_Duval_County_Fourth_Circuit_Court/2015-CF-003528/SAMUEL_VICK_JR/docs/347.pdf", "entry_date": "3/30/2018", "date": "3/30/2018", "contents": "<a href=\"/cases/Florida_State_Duval_County_Fourth_Circuit_Court/2015-CF-003528/SAMUEL_VICK_JR/347/\"><span class='description'>COMMITMENT CHECKLIST SENT</span></a> entered 03/30/2018."}, {"date": "3/30/2018", "number": "346", "contents": "<span class='description'>CERTIFICATE OF SERVICE FOR JUDGMENT AND SENTENCE</span> entered 03/30/2018.", "entry_date": "3/30/2018"}, {"link_viewer": "https://www.docketalarm.com/cases/Florida_State_Duval_County_Fourth_Circuit_Court/2015-CF-003528/SAMUEL_VICK_JR/343/", "number": "343", "link": "https://www.docketalarm.com/cases/Florida_State_Duval_County_Fourth_Circuit_Court/2015-CF-003528/SAMUEL_VICK_JR/docs/343.pdf", "entry_date": "3/30/2018", "date": "3/28/2018", "contents": "<a href=\"/cases/Florida_State_Duval_County_Fourth_Circuit_Court/2015-CF-003528/SAMUEL_VICK_JR/343/\"><span class='description'>COURT ORDERED COSTS/FINES/FEES BOOK 18333 PAGE 1035-1036</span></a> entered 03/30/2018."}, {"link_viewer": "https://www.docketalarm.com/cases/Florida_State_Duval_County_Fourth_Circuit_Court/2015-CF-003528/SAMUEL_VICK_JR/342/", "number": "342", "link": "https://www.docketalarm.com/cases/Florida_State_Duval_County_Fourth_Circuit_Court/2015-CF-003528/SAMUEL_VICK_JR/docs/342.pdf", "entry_date": "3/30/2018", "date": "3/28/2018", "contents": "<a href=\"/cases/Florida_State_Duval_County_Fourth_Circuit_Court/2015-CF-003528/SAMUEL_VICK_JR/342/\"><span class='description'>PAYMENT AUTHORIZATION SHEET</span></a> entered 03/30/2018."}, {"date": "3/28/2018", "number": "341", "contents": "<span class='description'>SENTENCING GUIDELINES</span> entered 03/30/2018.", "entry_date": "3/30/2018"}, {"date": "3/28/2018", "number": "340", "contents": "<span class='description'>NOL PROS (CODE 30) S790.23(1)(A) POSSESSION OF A FIREARM OR WEAPON BY ACONVICTED FELON</span> entered 03/30/2018.", "entry_date": "3/30/2018"}, {"date": "3/28/2018", "number": "339", "contents": "<span class='description'>NOL PROS (CODE 30) S918.13(1)(A) TAMPERING WITH EVIDENCE</span> entered 03/30/2018.", "entry_date": "3/30/2018"}, {"date": "3/28/2018", "number": "338", "contents": "<span class='description'>FEES DUE: 7/12/2038</span> entered 03/30/2018.", "entry_date": "3/30/2018"}, {"date": "3/28/2018", "number": "337", "contents": "<span class='description'>CSTF 20.00 IMPOSED</span> entered 03/30/2018.", "entry_date": "3/30/2018"}, {"date": "3/28/2018", "number": "336", "contents": "<span class='description'>SAIEF 100.00 IMPOSED</span> entered 03/30/2018.", "entry_date": "3/30/2018"}, {"date": "3/28/2018", "number": "335", "contents": "<span class='description'>AACC 65.00 IMPOSED</span> entered 03/30/2018.", "entry_date": "3/30/2018"}, {"date": "3/28/2018", "number": "334", "contents": "<span class='description'>TNC 3.00 IMPOSED</span> entered 03/30/2018.", "entry_date": "3/30/2018"}, {"date": "3/28/2018", "number": "333", "contents": "<span class='description'>LGTF 225.00 IMPOSED</span> entered 03/30/2018.", "entry_date": "3/30/2018"}, {"date": "3/28/2018", "number": "332", "contents": "<span class='description'>CCT 50.00 IMPOSED</span> entered 03/30/2018.", "entry_date": "3/30/2018"}, {"date": "3/28/2018", "number": "331", "contents": "<span class='description'>COST OF COURT 50.00 IMPOSED</span> entered 03/30/2018.", "entry_date": "3/30/2018"}, {"date": "3/28/2018", "number": "330", "contents": "<span class='description'>LEEA 5.00 IMPOSED</span> entered 03/30/2018.", "entry_date": "3/30/2018"}, {"date": "3/28/2018", "number": "329", "contents": "<span class='description'>COURT RECOMMENDS PLACEMENT LOCATED IN NORTHEAST FLORIDA AND A FACILITY THAT WILL PROVIDE EDUCATIONAL AND VOCATIONAL TRAINING</span> entered 03/30/2018.", "entry_date": "3/30/2018"}, {"date": "3/28/2018", "number": "328", "contents": "<span class='description'>STATE ORALLY WAIVES 25 YEAR MIN, MAND. AS TO COUNT 1 PER C. FRENCH</span> entered 03/30/2018.", "entry_date": "3/30/2018"}, {"date": "3/28/2018", "number": "327", "contents": "<span class='description'>CREDIT TIME: 1072 DAYS</span> entered 03/30/2018.", "entry_date": "3/30/2018"}, {"link_viewer": "https://www.docketalarm.com/cases/Florida_State_Duval_County_Fourth_Circuit_Court/2015-CF-003528/SAMUEL_VICK_JR/326/", "number": "326", "link": "https://www.docketalarm.com/cases/Florida_State_Duval_County_Fourth_Circuit_Court/2015-CF-003528/SAMUEL_VICK_JR/docs/326.pdf", "entry_date": "3/30/2018", "date": "3/28/2018", "contents": "<a href=\"/cases/Florida_State_Duval_County_Fourth_Circuit_Court/2015-CF-003528/SAMUEL_VICK_JR/326/\"><span class='description'>JUDGMENT AND SENTENCE TO STATE PRISON FOR 20.5 YEARS BOOK 18333 PAGE 1028-1034</span></a> entered 03/30/2018."}, {"date": "3/28/2018", "number": "325", "contents": "<span class='description'>DEF. ADJUDGED GUILTY - FINGERPRINTS TAKEN</span> entered 03/30/2018.", "entry_date": "3/30/2018"}, {"date": "3/28/2018", "number": "324", "contents": "<span class='description'>DEFENDANT PLEAD GUILTY</span> entered 03/30/2018.", "entry_date": "3/30/2018"}, {"date": "3/28/2018", "number": "323", "contents": "<span class='description'>OTHERS PRESENT: ADRIANNA GONZALEZ (INTERPRETER)</span> entered 03/30/2018.", "entry_date": "3/30/2018"}, {"date": "3/28/2018", "number": "322", "contents": "<span class='description'>ACKNOWLEDGE. OF RIGHTS &amp; VOLUNTARINESS OF ENTRY OF PLEA</span> entered 03/30/2018.", "entry_date": "3/30/2018"}, {"date": "3/28/2018", "number": "321", "contents": "<span class='description'>DEF. PERMITTED TO W/D PLEA OF NOT GUILTY/GUILTY</span> entered 03/30/2018.", "entry_date": "3/30/2018"}, {"date": "3/28/2018", "number": "320", "contents": "<span class='description'>DEFENDANT PRESENT IN JAIL</span> entered 03/30/2018.", "entry_date": "3/30/2018"}, {"date": "3/28/2018", "number": "319", "contents": "<span class='description'>ATTY. FOR DEF. BOWERS, ROBERT CHRISTIAN</span> entered 03/30/2018.", "entry_date": "3/30/2018"}, {"date": "3/28/2018", "number": "318", "contents": "<span class='description'>ASST. STATE ATTY. FRENCH, CAMERON STACIE</span> entered 03/30/2018.", "entry_date": "3/30/2018"}, {"date": "3/28/2018", "number": "317", "contents": "<span class='description'>JUDGE DANIEL, JAMES H.</span> entered 03/30/2018.", "entry_date": "3/30/2018"}, {"date": "3/21/2018", "number": "316", "contents": "<span class='description'>STATE'S THIRTEENTH SUPPLEMENTAL DISCOVERY EXHIBIT</span> entered 03/22/2018.", "entry_date": "3/22/2018"}, {"date": "3/20/2018", "number": "315", "contents": "<span class='description'>STATE'S TWELVTH SUPPLEMENTAL DISCOVERY EXHIBIT</span> entered 03/21/2018.", "entry_date": "3/21/2018"}, {"date": "3/14/2018", "number": "314", "contents": "<span class='description'>PRETRIAL 03/28/2018 9:00 AM - 608 6TH FLOOR, 501 W ADAMS ST JACKSONVILLE FL 32202</span> entered 03/14/2018.", "entry_date": "3/14/2018"}, {"date": "3/14/2018", "number": "313", "contents": "<span class='description'>MOTION FOR CONTINUANCE /GRANTED-STRIKE 3/6 JS STATE HAS NO OBJECTION</span> entered 03/14/2018.", "entry_date": "3/14/2018"}, {"date": "3/14/2018", "number": "312", "contents": "<span class='description'>DEFENDANT PRESENT IN JAIL</span> entered 03/14/2018.", "entry_date": "3/14/2018"}, {"date": "3/14/2018", "number": "311", "contents": "<span class='description'>ATTY. FOR DEF. BOWERS, ROBERT CHRISTIAN</span> entered 03/14/2018.", "entry_date": "3/14/2018"}, {"date": "3/14/2018", "number": "310", "contents": "<span class='description'>ASST. STATE ATTY. FRENCH, CAMERON STACIE</span> entered 03/14/2018.", "entry_date": "3/14/2018"}, {"date": "3/14/2018", "number": "309", "contents": "<span class='description'>JUDGE DANIEL, JAMES H.</span> entered 03/14/2018.", "entry_date": "3/14/2018"}, {"date": "3/8/2018", "number": "308", "contents": "<span class='description'>3/26 JS</span> entered 03/08/2018.", "entry_date": "3/8/2018"}, {"date": "3/8/2018", "number": "307", "contents": "<span class='description'>FINAL PRETRIAL 03/14/2018 9:00 AM - 608 6TH FLOOR, 501 W ADAMS ST JACKSONVILLE FL 32202</span> entered 03/08/2018.", "entry_date": "3/8/2018"}, {"date": "3/8/2018", "number": "306", "contents": "<span class='description'>DEFENDANT PRESENT IN JAIL</span> entered 03/08/2018.", "entry_date": "3/8/2018"}, {"date": "3/8/2018", "number": "305", "contents": "<span class='description'>ATTY. FOR DEF. BOWERS, ROBERT CHRISTIAN</span> entered 03/08/2018.", "entry_date": "3/8/2018"}, {"date": "3/8/2018", "number": "304", "contents": "<span class='description'>ASST. STATE ATTY. FRENCH, CAMERON STACIE</span> entered 03/08/2018.", "entry_date": "3/8/2018"}, {"date": "3/8/2018", "number": "303", "contents": "<span class='description'>JUDGE DANIEL, JAMES H.</span> entered 03/08/2018.", "entry_date": "3/8/2018"}, {"date": "2/27/2018", "number": "302", "contents": "<span class='description'>NOTICE OF TAKING DEPOSITION</span> entered 02/28/2018.", "entry_date": "2/28/2018"}, {"date": "2/22/2018", "number": "301", "contents": "<span class='description'>3/14 FPT AND 3/26 JS</span> entered 02/22/2018.", "entry_date": "2/22/2018"}, {"date": "2/22/2018", "number": "300", "contents": "<span class='description'>PRETRIAL 03/08/2018 9:00 AM - 608 6TH FLOOR, 501 W ADAMS ST JACKSONVILLE FL 32202</span> entered 02/22/2018.", "entry_date": "2/22/2018"}, {"date": "2/22/2018", "number": "299", "contents": "<span class='description'>DEFENDANT PRESENT IN JAIL</span> entered 02/22/2018.", "entry_date": "2/22/2018"}, {"date": "2/22/2018", "number": "298", "contents": "<span class='description'>ATTY. FOR DEF. BOWERS, ROBERT CHRISTIAN</span> entered 02/22/2018.", "entry_date": "2/22/2018"}, {"date": "2/22/2018", "number": "297", "contents": "<span class='description'>ASST. STATE ATTY. FRENCH, CAMERON STACIE</span> entered 02/22/2018.", "entry_date": "2/22/2018"}, {"date": "2/22/2018", "number": "296", "contents": "<span class='description'>JUDGE DANIEL, JAMES H.</span> entered 02/22/2018.", "entry_date": "2/22/2018"}, {"date": "2/8/2018", "number": "295", "contents": "<span class='description'>3/21 FPT AND 3/26 JS</span> entered 02/08/2018.", "entry_date": "2/8/2018"}, {"date": "2/8/2018", "number": "294", "contents": "<span class='description'>PRETRIAL 02/22/2018 9:00 AM - 608 6TH FLOOR, 501 W ADAMS ST JACKSONVILLE FL 32202</span> entered 02/08/2018.", "entry_date": "2/8/2018"}, {"date": "2/8/2018", "number": "293", "contents": "<span class='description'>DEFENDANT PRESENT IN JAIL</span> entered 02/08/2018.", "entry_date": "2/8/2018"}, {"date": "2/8/2018", "number": "292", "contents": "<span class='description'>ATTY. FOR DEF. BOWERS, ROBERT CHRISTIAN</span> entered 02/08/2018.", "entry_date": "2/8/2018"}, {"date": "2/8/2018", "number": "291", "contents": "<span class='description'>ASST. STATE ATTY. FRENCH, CAMERON STACIE</span> entered 02/08/2018.", "entry_date": "2/8/2018"}, {"date": "2/8/2018", "number": "290", "contents": "<span class='description'>JUDGE DANIEL, JAMES H.</span> entered 02/08/2018.", "entry_date": "2/8/2018"}, {"date": "1/23/2018", "number": "289", "contents": "<span class='description'>AFFIDAVIT/RETURN OF SERVICE</span> entered 01/23/2018.", "entry_date": "1/23/2018"}, {"date": "1/23/2018", "number": "288", "contents": "<span class='description'>AFFIDAVIT/RETURN OF SERVICE</span> entered 01/23/2018.", "entry_date": "1/23/2018"}, {"date": "1/23/2018", "number": "287", "contents": "<span class='description'>AFFIDAVIT/RETURN OF SERVICE</span> entered 01/23/2018.", "entry_date": "1/23/2018"}, {"date": "1/23/2018", "number": "286", "contents": "<span class='description'>AFFIDAVIT/RETURN OF SERVICE</span> entered 01/23/2018.", "entry_date": "1/23/2018"}, {"date": "1/22/2018", "number": "285", "contents": "<span class='description'>NOTICE OF TAKING DEPOSITIONS</span> entered 01/23/2018.", "entry_date": "1/23/2018"}, {"date": "1/11/2018", "number": "284", "contents": "<span class='description'>3/21 FPT AND 3/26 JS</span> entered 01/11/2018.", "entry_date": "1/11/2018"}, {"date": "1/11/2018", "number": "283", "contents": "<span class='description'>PRETRIAL 02/08/2018 9:00 AM - 608 6TH FLOOR, 501 W ADAMS ST JACKSONVILLE FL 32202</span> entered 01/11/2018.", "entry_date": "1/11/2018"}, {"date": "1/11/2018", "number": "282", "contents": "<span class='description'>DEFENDANT PRESENT IN JAIL</span> entered 01/11/2018.", "entry_date": "1/11/2018"}, {"date": "1/11/2018", "number": "281", "contents": "<span class='description'>ATTY. FOR DEF. BOWERS, ROBERT CHRISTIAN</span> entered 01/11/2018.", "entry_date": "1/11/2018"}, {"date": "1/11/2018", "number": "280", "contents": "<span class='description'>ASST. STATE ATTY. FRENCH, CAMERON STACIE</span> entered 01/11/2018.", "entry_date": "1/11/2018"}, {"date": "1/11/2018", "number": "279", "contents": "<span class='description'>JUDGE DANIEL, JAMES H.</span> entered 01/11/2018.", "entry_date": "1/11/2018"}, {"date": "1/10/2018", "number": "278", "contents": "<span class='description'>NOTICE OF TAKING DEPOSITIONS</span> entered 01/14/2018.", "entry_date": "1/14/2018"}, {"date": "1/3/2018", "number": "277", "contents": "<span class='description'>ORDER APPOINTING CRIMINOLOGIST/EXPERT</span> entered 01/04/2018.", "entry_date": "1/4/2018"}, {"date": "12/21/2017", "number": "276", "contents": "<span class='description'>MOTION TO INCUR COST FOR CRIMINOLIGIST/EXPERT</span> entered 12/22/2017.", "entry_date": "12/22/2017"}, {"date": "11/18/2017", "number": "275", "contents": "<span class='description'>STATES ELEVENTH SUPPLEMENTAL DISCOVERY EXHIBIT</span> entered 11/20/2017.", "entry_date": "11/20/2017"}, {"date": "11/16/2017", "number": "274", "contents": "<span class='description'>3/21 FPT AND 3/26 JS</span> entered 11/16/2017.", "entry_date": "11/16/2017"}, {"date": "11/16/2017", "number": "273", "contents": "<span class='description'>PRETRIAL 01/11/2018 9:00 AM - 608 6TH FLOOR, 501 W ADAMS ST JACKSONVILLE FL 32202</span> entered 11/16/2017.", "entry_date": "11/16/2017"}, {"date": "11/16/2017", "number": "272", "contents": "<span class='description'>DEFENDANT PRESENT IN JAIL</span> entered 11/16/2017.", "entry_date": "11/16/2017"}, {"date": "11/16/2017", "number": "271", "contents": "<span class='description'>ATTY. FOR DEF. BOWERS, ROBERT CHRISTIAN</span> entered 11/16/2017.", "entry_date": "11/16/2017"}, {"date": "11/16/2017", "number": "270", "contents": "<span class='description'>ASST. STATE ATTY. FRENCH, CAMERON STACIE</span> entered 11/16/2017.", "entry_date": "11/16/2017"}, {"date": "11/16/2017", "number": "269", "contents": "<span class='description'>JUDGE DANIEL, JAMES H.</span> entered 11/16/2017.", "entry_date": "11/16/2017"}, {"date": "10/12/2017", "number": "268", "contents": "<span class='description'>PRETRIAL 11/16/2017 9:00 AM - 608 6TH FLOOR, 501 W ADAMS ST JACKSONVILLE FL 32202</span> entered 10/12/2017.", "entry_date": "10/12/2017"}, {"date": "10/12/2017", "number": "267", "contents": "<span class='description'>MOTION FOR CONTINUANCE ORALLY BY DEFENSE/GRANTED/STATE HAS NO OBJECTION/STRIKE 10/18 FPT AND 10/23 JS</span> entered 10/12/2017.", "entry_date": "10/12/2017"}, {"date": "10/12/2017", "number": "266", "contents": "<span class='description'>DEFENDANT PRESENT IN JAIL</span> entered 10/12/2017.", "entry_date": "10/12/2017"}, {"date": "10/12/2017", "number": "265", "contents": "<span class='description'>ATTY. FOR DEF. BOWERS, ROBERT CHRISTIAN</span> entered 10/12/2017.", "entry_date": "10/12/2017"}, {"date": "10/12/2017", "number": "264", "contents": "<span class='description'>ASST. STATE ATTY. FRENCH, CAMERON STACIE</span> entered 10/12/2017.", "entry_date": "10/12/2017"}, {"date": "10/12/2017", "number": "263", "contents": "<span class='description'>JUDGE DANIEL, JAMES H.</span> entered 10/12/2017.", "entry_date": "10/12/2017"}, {"date": "9/28/2017", "number": "262", "contents": "<span class='description'>10/18 FPT AND 10/18 JS</span> entered 09/28/2017.", "entry_date": "9/28/2017"}, {"date": "9/28/2017", "number": "261", "contents": "<span class='description'>PRETRIAL 10/12/2017 9:00 AM - 608 6TH FLOOR, 501 W ADAMS ST JACKSONVILLE FL 32202</span> entered 09/28/2017.", "entry_date": "9/28/2017"}, {"date": "9/28/2017", "number": "260", "contents": "<span class='description'>DEFENDANT PRESENT IN JAIL</span> entered 09/28/2017.", "entry_date": "9/28/2017"}, {"date": "9/28/2017", "number": "259", "contents": "<span class='description'>ATTY. FOR DEF. BOWERS, ROBERT CHRISTIAN</span> entered 09/28/2017.", "entry_date": "9/28/2017"}, {"date": "9/28/2017", "number": "258", "contents": "<span class='description'>ASST. STATE ATTY. FRENCH, CAMERON STACIE</span> entered 09/28/2017.", "entry_date": "9/28/2017"}, {"date": "9/28/2017", "number": "257", "contents": "<span class='description'>JUDGE DANIEL, JAMES H.</span> entered 09/28/2017.", "entry_date": "9/28/2017"}, {"date": "9/21/2017", "number": "256", "contents": "<span class='description'>10/18/17 FPT AND 10/23/17 JS; PER JA E-MAIL</span> entered 09/21/2017.", "entry_date": "9/21/2017"}, {"date": "9/21/2017", "number": "255", "contents": "<span class='description'>PRETRIAL 09/28/2017 9:00 AM - 608 6TH FLOOR, 501 W ADAMS ST JACKSONVILLE FL 32202</span> entered 09/21/2017.", "entry_date": "9/21/2017"}, {"date": "9/13/2017", "number": "254", "contents": "<span class='description'>FPT - 10/18/17; JS - 10/23/17 (RESCHEDULED DUE TO HURRICANE IRMA)</span> entered 09/13/2017.", "entry_date": "9/13/2017"}, {"date": "9/13/2017", "number": "253", "contents": "<span class='description'>PRETRIAL 09/15/2017 9:00 AM - 608 6TH FLOOR, 501 W ADAMS ST JACKSONVILLE FL 32202</span> entered 09/13/2017.", "entry_date": "9/13/2017"}, {"date": "9/13/2017", "number": "252", "contents": "<span class='description'>&gt; CANCEL REASON - RESCHEDULED DUE TO HURRICANE IRMA</span> entered 09/13/2017.", "entry_date": "9/13/2017"}, {"date": "9/13/2017", "number": "251", "contents": "<span class='description'>CANCELLED PRETRIAL ON 9/12/2017 9:00:00 AM</span> entered 09/13/2017.", "entry_date": "9/13/2017"}, {"date": "9/7/2017", "number": "250", "contents": "<span class='description'>STATE'S TENTH SUPPLEMENTAL DISCOVERY EXHIBIT</span> entered 09/18/2017.", "entry_date": "9/18/2017"}, {"date": "9/7/2017", "number": "249", "contents": "<span class='description'>STATE'S NINTH SUPPLEMENTAL DISCOVERY EXHIBIT</span> entered 09/07/2017.", "entry_date": "9/7/2017"}, {"date": "9/6/2017", "number": "248", "contents": "<span class='description'>AFFIDAVIT/RETURN OF SERVICE</span> entered 09/06/2017.", "entry_date": "9/6/2017"}, {"date": "9/5/2017", "number": "247", "contents": "<span class='description'>AFFIDAVIT/RETURN OF SERVICE</span> entered 09/05/2017.", "entry_date": "9/5/2017"}, {"date": "9/5/2017", "number": "246", "contents": "<span class='description'>AFFIDAVIT/RETURN OF SERVICE</span> entered 09/05/2017.", "entry_date": "9/5/2017"}, {"date": "9/5/2017", "number": "245", "contents": "<span class='description'>AFFIDAVIT/RETURN OF SERVICE</span> entered 09/05/2017.", "entry_date": "9/5/2017"}, {"date": "8/31/2017", "number": "244", "contents": "<span class='description'>NOTICE OF TAKING DEPOSITION</span> entered 09/01/2017.", "entry_date": "9/1/2017"}, {"date": "8/31/2017", "number": "243", "contents": "<span class='description'>AFFIDAVIT/RETURN OF SERVICE</span> entered 08/31/2017.", "entry_date": "8/31/2017"}, {"date": "8/28/2017", "number": "242", "contents": "<span class='description'>ORDER FINDING THE DEFENDANT PARTIALLY INDIGENT FOR COSTS</span> entered 08/28/2017.", "entry_date": "8/28/2017"}, {"date": "8/23/2017", "number": "241", "contents": "<span class='description'>MOTION TO DECLARE DEFENDANT PARTIALLY INDIGENT FOR COSTS</span> entered 08/23/2017.", "entry_date": "8/23/2017"}, {"link_viewer": "https://www.docketalarm.com/cases/Florida_State_Duval_County_Fourth_Circuit_Court/2015-CF-003528/SAMUEL_VICK_JR/240/", "number": "240", "link": "https://www.docketalarm.com/cases/Florida_State_Duval_County_Fourth_Circuit_Court/2015-CF-003528/SAMUEL_VICK_JR/docs/240.pdf", "entry_date": "8/23/2017", "date": "8/23/2017", "contents": "<a href=\"/cases/Florida_State_Duval_County_Fourth_Circuit_Court/2015-CF-003528/SAMUEL_VICK_JR/240/\"><span class='description'>APPLICATION FOR CRIMINAL INDIGENT STATUS - FILED</span></a> entered 08/23/2017."}, {"date": "8/1/2017", "number": "239", "contents": "<span class='description'>10/18 FPT AND 10/23 JS</span> entered 08/01/2017.", "entry_date": "8/1/2017"}, {"date": "8/1/2017", "number": "238", "contents": "<span class='description'>PRETRIAL 09/12/2017 9:00 AM - 608 6TH FLOOR, 501 W ADAMS ST JACKSONVILLE FL 32202</span> entered 08/01/2017.", "entry_date": "8/1/2017"}, {"date": "8/1/2017", "number": "237", "contents": "<span class='description'>DEFENDANT PRESENT IN JAIL</span> entered 08/01/2017.", "entry_date": "8/1/2017"}, {"date": "8/1/2017", "number": "236", "contents": "<span class='description'>ATTY. FOR DEF. BOWERS, ROBERT CHRISTIAN</span> entered 08/01/2017.", "entry_date": "8/1/2017"}, {"date": "8/1/2017", "number": "235", "contents": "<span class='description'>ASST. STATE ATTY. FRENCH, CAMERON STACIE</span> entered 08/01/2017.", "entry_date": "8/1/2017"}, {"date": "8/1/2017", "number": "234", "contents": "<span class='description'>JUDGE DANIEL, JAMES H.</span> entered 08/01/2017.", "entry_date": "8/1/2017"}, {"date": "7/20/2017", "number": "233", "contents": "<span class='description'>STATE'S EIGHTH SUPPLEMENTAL DISCOVERY EXHIBIT</span> entered 07/24/2017.", "entry_date": "7/24/2017"}, {"date": "7/18/2017", "number": "232", "contents": "<span class='description'>NOTICE OF TAKING DEPOSITION (AMENDED)</span> entered 07/19/2017.", "entry_date": "7/19/2017"}, {"date": "7/17/2017", "number": "231", "contents": "<span class='description'>NOTICE OF TAKING DEPOSITION</span> entered 07/17/2017.", "entry_date": "7/17/2017"}, {"date": "7/10/2017", "number": "230", "contents": "<span class='description'>PRETRIAL 08/01/2017 9:00 AM - 608 6TH FLOOR, 501 W ADAMS ST JACKSONVILLE FL 32202</span> entered 07/10/2017.", "entry_date": "7/10/2017"}, {"date": "7/10/2017", "number": "229", "contents": "<span class='description'>DEFENDANT PRESENT IN JAIL</span> entered 07/10/2017.", "entry_date": "7/10/2017"}, {"date": "7/10/2017", "number": "228", "contents": "<span class='description'>ATTY. FOR DEF. BOWERS, ROBERT CHRISTIAN</span> entered 07/10/2017.", "entry_date": "7/10/2017"}, {"date": "7/10/2017", "number": "227", "contents": "<span class='description'>ASST. STATE ATTY. FRENCH, CAMERON STACIE</span> entered 07/10/2017.", "entry_date": "7/10/2017"}, {"date": "7/10/2017", "number": "226", "contents": "<span class='description'>JUDGE DANIEL, JAMES H.</span> entered 07/10/2017.", "entry_date": "7/10/2017"}, {"date": "6/28/2017", "number": "225", "contents": "<span class='description'>PRETRIAL 07/10/2017 9:00 AM - 608 6TH FLOOR, 501 W ADAMS ST JACKSONVILLE FL 32202</span> entered 06/28/2017.", "entry_date": "6/28/2017"}, {"date": "6/28/2017", "number": "224", "contents": "<span class='description'>&gt; CANCEL REASON - PER JA EMAIL</span> entered 06/28/2017.", "entry_date": "6/28/2017"}, {"date": "6/28/2017", "number": "223", "contents": "<span class='description'>CANCELLED PRETRIAL ON 6/29/2017 9:00:00 AM</span> entered 06/28/2017.", "entry_date": "6/28/2017"}, {"date": "6/16/2017", "number": "222", "contents": "<span class='description'>PRETRIAL 06/29/2017 9:00 AM - 608 6TH FLOOR, 501 W ADAMS ST JACKSONVILLE FL 32202</span> entered 06/16/2017.", "entry_date": "6/16/2017"}, {"date": "6/16/2017", "number": "221", "contents": "<span class='description'>&gt; CANCEL REASON - PER JA EMAIL</span> entered 06/16/2017.", "entry_date": "6/16/2017"}, {"date": "6/16/2017", "number": "220", "contents": "<span class='description'>CANCELLED PRETRIAL ON 6/22/2017 9:00:00 AM</span> entered 06/16/2017.", "entry_date": "6/16/2017"}, {"date": "6/12/2017", "number": "219", "contents": "<span class='description'>NOTICE OF TAKING DEPOSITION</span> entered 06/13/2017.", "entry_date": "6/13/2017"}, {"date": "5/30/2017", "number": "218", "contents": "<span class='description'>NOTICE OF TAKING DEPOSITION</span> entered 05/31/2017.", "entry_date": "5/31/2017"}, {"date": "5/11/2017", "number": "217", "contents": "<span class='description'>PRETRIAL 06/22/2017 9:00 AM - 608 6TH FLOOR, 501 W ADAMS ST JACKSONVILLE FL 32202</span> entered 05/11/2017.", "entry_date": "5/11/2017"}, {"date": "5/11/2017", "number": "216", "contents": "<span class='description'>MOTION FOR CONTINUANCE ORALLY BY DEFENSE/STATE HAS NO OBJECTION /GRANTED BY COURT/STRIKE 5/24 FPT AND 6/5 JS DATES</span> entered 05/11/2017.", "entry_date": "5/11/2017"}, {"date": "5/11/2017", "number": "215", "contents": "<span class='description'>DEFENDANT PRESENT IN JAIL</span> entered 05/11/2017.", "entry_date": "5/11/2017"}, {"date": "5/11/2017", "number": "214", "contents": "<span class='description'>ATTY. FOR DEF. BOWERS, ROBERT CHRISTIAN</span> entered 05/11/2017.", "entry_date": "5/11/2017"}, {"date": "5/11/2017", "number": "213", "contents": "<span class='description'>ASST. STATE ATTY. FRENCH, CAMERON STACIE</span> entered 05/11/2017.", "entry_date": "5/11/2017"}, {"date": "5/11/2017", "number": "212", "contents": "<span class='description'>JUDGE DANIEL, JAMES H.</span> entered 05/11/2017.", "entry_date": "5/11/2017"}, {"date": "5/3/2017", "number": "211", "contents": "<span class='description'>STATE'S SEVENTH SUPPLEMENTAL DISCOVERY EXHIBIT</span> entered 05/03/2017.", "entry_date": "5/3/2017"}, {"date": "4/20/2017", "number": "210", "contents": "<span class='description'>PRETRIAL 05/11/2017 9:00 AM - 608 6TH FLOOR, 501 W ADAMS ST JACKSONVILLE FL 32202</span> entered 04/20/2017.", "entry_date": "4/20/2017"}, {"date": "4/20/2017", "number": "209", "contents": "<span class='description'>DEFENDANT PRESENT IN JAIL</span> entered 04/20/2017.", "entry_date": "4/20/2017"}, {"date": "4/20/2017", "number": "208", "contents": "<span class='description'>ATTY. FOR DEF. BOWERS, ROBERT CHRISTIAN</span> entered 04/20/2017.", "entry_date": "4/20/2017"}, {"date": "4/20/2017", "number": "207", "contents": "<span class='description'>ASST. STATE ATTY. FRENCH, CAMERON STACIE</span> entered 04/20/2017.", "entry_date": "4/20/2017"}, {"date": "4/20/2017", "number": "206", "contents": "<span class='description'>JUDGE DANIEL, JAMES H.</span> entered 04/20/2017.", "entry_date": "4/20/2017"}, {"date": "4/18/2017", "number": "205", "contents": "<span class='description'>DISCLOSURE TO PROSECUTION</span> entered 04/19/2017.", "entry_date": "4/19/2017"}, {"date": "4/3/2017", "number": "204", "contents": "<span class='description'>ORDER FOR SUBPOENA DUCES TECUM</span> entered 04/03/2017.", "entry_date": "4/3/2017"}, {"date": "3/31/2017", "number": "203", "contents": "<span class='description'>NOTICE OF TAKING DEPOSITION</span> entered 04/03/2017.", "entry_date": "4/3/2017"}, {"date": "3/31/2017", "number": "202", "contents": "<span class='description'>Motion for Subpoena Duces Tecum</span> entered 04/03/2017.", "entry_date": "4/3/2017"}, {"date": "3/28/2017", "number": "201", "contents": "<span class='description'>ORDER FOR SUBPOENA DUCES TECUM</span> entered 03/29/2017.", "entry_date": "3/29/2017"}, {"date": "3/23/2017", "number": "200", "contents": "<span class='description'>Motion for Subpoena Duces Tecum with proposed order</span> entered 03/23/2017.", "entry_date": "3/23/2017"}, {"date": "3/15/2017", "number": "199", "contents": "<span class='description'>5/24 FPT AND 6/5 JS</span> entered 03/15/2017.", "entry_date": "3/15/2017"}, {"date": "3/15/2017", "number": "198", "contents": "<span class='description'>PRETRIAL 04/20/2017 9:00 AM - 608 6TH FLOOR, 501 W ADAMS ST JACKSONVILLE FL 32202</span> entered 03/15/2017.", "entry_date": "3/15/2017"}, {"date": "3/15/2017", "number": "197", "contents": "<span class='description'>DEFENDANT PRESENT IN JAIL</span> entered 03/15/2017.", "entry_date": "3/15/2017"}, {"date": "3/15/2017", "number": "196", "contents": "<span class='description'>ATTY. FOR DEF. BOWERS, ROBERT CHRISTIAN</span> entered 03/15/2017.", "entry_date": "3/15/2017"}, {"date": "3/15/2017", "number": "195", "contents": "<span class='description'>ASST. STATE ATTY. FRENCH, CAMERON STACIE</span> entered 03/15/2017.", "entry_date": "3/15/2017"}, {"date": "3/15/2017", "number": "194", "contents": "<span class='description'>JUDGE DANIEL, JAMES H.</span> entered 03/15/2017.", "entry_date": "3/15/2017"}, {"date": "3/14/2017", "number": "193", "contents": "<span class='description'>NOTICE OF TAKING DEPOSITIONS</span> entered 03/14/2017.", "entry_date": "3/14/2017"}, {"date": "2/8/2017", "number": "192", "contents": "<span class='description'>5/24 FPT AND 6/5 JS</span> entered 02/08/2017.", "entry_date": "2/8/2017"}, {"date": "2/8/2017", "number": "191", "contents": "<span class='description'>PRETRIAL 03/15/2017 9:00 AM - 608 6TH FLOOR, 501 W ADAMS ST JACKSONVILLE FL 32202</span> entered 02/08/2017.", "entry_date": "2/8/2017"}, {"date": "2/8/2017", "number": "190", "contents": "<span class='description'>DEFENDANT PRESENT IN JAIL</span> entered 02/08/2017.", "entry_date": "2/8/2017"}, {"date": "2/8/2017", "number": "189", "contents": "<span class='description'>ATTY. FOR DEF. BOWERS, ROBERT CHRISTIAN</span> entered 02/08/2017.", "entry_date": "2/8/2017"}, {"date": "2/8/2017", "number": "188", "contents": "<span class='description'>ASST. STATE ATTY. FRENCH, CAMERON STACIE</span> entered 02/08/2017.", "entry_date": "2/8/2017"}, {"date": "2/8/2017", "number": "187", "contents": "<span class='description'>JUDGE DANIEL, JAMES H.</span> entered 02/08/2017.", "entry_date": "2/8/2017"}, {"date": "1/24/2017", "number": "186", "contents": "<span class='description'>NOTICE OF TAKING DEPOSITION</span> entered 01/25/2017.", "entry_date": "1/25/2017"}, {"date": "1/4/2017", "number": "185", "contents": "<span class='description'>PRETRIAL 02/08/2017 9:00 AM - 608 6TH FLOOR, 501 W ADAMS ST JACKSONVILLE FL 32202</span> entered 01/04/2017.", "entry_date": "1/4/2017"}, {"date": "1/4/2017", "number": "184", "contents": "<span class='description'>MOTION FOR CONTINUANCE BY DEFENSE/STATE HAS NO OBJECTION/STRIKE 1/9 JS DATE/GRANTED/ORDER ENTERED</span> entered 01/04/2017.", "entry_date": "1/4/2017"}, {"date": "1/4/2017", "number": "183", "contents": "<span class='description'>DEFENDANT PRESENT</span> entered 01/04/2017.", "entry_date": "1/4/2017"}, {"date": "1/4/2017", "number": "182", "contents": "<span class='description'>ATTY. FOR DEF. BOWERS, ROBERT CHRISTIAN</span> entered 01/04/2017.", "entry_date": "1/4/2017"}, {"date": "1/4/2017", "number": "181", "contents": "<span class='description'>ASST. STATE ATTY. FRENCH, CAMERON STACIE</span> entered 01/04/2017.", "entry_date": "1/4/2017"}, {"date": "1/4/2017", "number": "180", "contents": "<span class='description'>JUDGE DANIEL, JAMES H.</span> entered 01/04/2017.", "entry_date": "1/4/2017"}, {"date": "12/18/2016", "number": "179", "contents": "<span class='description'>NOTICE OF TAKING DEPOSITION (AMENDED)</span> entered 12/19/2016.", "entry_date": "12/19/2016"}, {"date": "12/13/2016", "number": "178", "contents": "<span class='description'>NOTICE OF TAKING DEPOSITION</span> entered 12/13/2016.", "entry_date": "12/13/2016"}, {"date": "11/21/2016", "number": "177", "contents": "<span class='description'>NOTICE OF TAKING DEPOSITION</span> entered 11/21/2016.", "entry_date": "11/21/2016"}, {"date": "9/13/2016", "number": "176", "contents": "<span class='description'>1/9/2017 JS</span> entered 09/13/2016.", "entry_date": "9/13/2016"}, {"date": "9/13/2016", "number": "175", "contents": "<span class='description'>FINAL PRETRIAL 01/04/2017 9:00 AM - 505 5TH FLOOR, 501 W ADAMS ST JACKSONVILLE FL 32202</span> entered 09/13/2016.", "entry_date": "9/13/2016"}, {"date": "9/13/2016", "number": "174", "contents": "<span class='description'>DEFENDANT PRESENT IN JAIL</span> entered 09/13/2016.", "entry_date": "9/13/2016"}, {"date": "9/13/2016", "number": "173", "contents": "<span class='description'>ATTY. FOR DEF. BOWERS, ROBERT CHRISTIAN</span> entered 09/13/2016.", "entry_date": "9/13/2016"}, {"date": "9/13/2016", "number": "172", "contents": "<span class='description'>ASST. STATE ATTY. FRENCH, CAMERON STACIE</span> entered 09/13/2016.", "entry_date": "9/13/2016"}, {"date": "9/13/2016", "number": "171", "contents": "<span class='description'>JUDGE SCHEMER, JACK M.</span> entered 09/13/2016.", "entry_date": "9/13/2016"}, {"date": "8/23/2016", "number": "170", "contents": "<span class='description'>PRETRIAL 09/13/2016 9:00 AM - 505 5TH FLOOR, 501 W ADAMS ST JACKSONVILLE FL 32202</span> entered 08/23/2016.", "entry_date": "8/23/2016"}, {"date": "8/23/2016", "number": "169", "contents": "<span class='description'>DEFENDANT PRESENT IN JAIL</span> entered 08/23/2016.", "entry_date": "8/23/2016"}, {"date": "8/23/2016", "number": "168", "contents": "<span class='description'>ATTY. FOR DEF. BOWERS, ROBERT CHRISTIAN</span> entered 08/23/2016.", "entry_date": "8/23/2016"}, {"date": "8/23/2016", "number": "167", "contents": "<span class='description'>ASST. STATE ATTY. FRENCH, CAMERON STACIE</span> entered 08/23/2016.", "entry_date": "8/23/2016"}, {"date": "8/23/2016", "number": "166", "contents": "<span class='description'>JUDGE SCHEMER, JACK M.</span> entered 08/23/2016.", "entry_date": "8/23/2016"}, {"date": "8/22/2016", "number": "165", "contents": "<span class='description'>NOTICE OF TAKING DEPOSITION</span> entered 08/23/2016.", "entry_date": "8/23/2016"}, {"date": "8/17/2016", "number": "164", "contents": "<span class='description'>STATE'S DISCOVERY EXHIBIT AND DEMAND FOR RECIPROCAL DISCOVERY</span> entered 08/18/2016.", "entry_date": "8/18/2016"}, {"date": "7/25/2016", "number": "163", "contents": "<span class='description'>PRETRIAL 08/23/2016 9:00 AM - 505 5TH FLOOR, 501 W ADAMS ST JACKSONVILLE FL 32202</span> entered 07/25/2016.", "entry_date": "7/25/2016"}, {"date": "7/25/2016", "number": "162", "contents": "<span class='description'>OTHERS PRESENT: ASA: V. WHEELER-SANCHEZ FOR C. FRENCH</span> entered 07/25/2016.", "entry_date": "7/25/2016"}, {"date": "7/25/2016", "number": "161", "contents": "<span class='description'>DEFENDANT PRESENT IN JAIL</span> entered 07/25/2016.", "entry_date": "7/25/2016"}, {"date": "7/25/2016", "number": "160", "contents": "<span class='description'>ATTY. FOR DEF. BOWERS, ROBERT CHRISTIAN</span> entered 07/25/2016.", "entry_date": "7/25/2016"}, {"date": "7/25/2016", "number": "159", "contents": "<span class='description'>ASST. STATE ATTY. FRENCH, CAMERON STACIE</span> entered 07/25/2016.", "entry_date": "7/25/2016"}, {"date": "7/25/2016", "number": "158", "contents": "<span class='description'>JUDGE SCHEMER, JACK M.</span> entered 07/25/2016.", "entry_date": "7/25/2016"}, {"date": "7/12/2016", "number": "157", "contents": "<span class='description'>NOTICE OF TAKING DEPOSITION</span> entered 07/13/2016.", "entry_date": "7/13/2016"}, {"date": "6/27/2016", "number": "156", "contents": "<span class='description'>PRETRIAL 07/25/2016 9:00 AM - 505 5TH FLOOR, 501 W ADAMS ST JACKSONVILLE FL 32202</span> entered 06/27/2016.", "entry_date": "6/27/2016"}, {"date": "6/27/2016", "number": "155", "contents": "<span class='description'>DEFENDANT PRESENT IN JAIL</span> entered 06/27/2016.", "entry_date": "6/27/2016"}, {"date": "6/27/2016", "number": "154", "contents": "<span class='description'>ATTY. FOR DEF. BOWERS, ROBERT CHRISTIAN</span> entered 06/27/2016.", "entry_date": "6/27/2016"}, {"date": "6/27/2016", "number": "153", "contents": "<span class='description'>ASST. STATE ATTY. FRENCH, CAMERON STACIE</span> entered 06/27/2016.", "entry_date": "6/27/2016"}, {"date": "6/27/2016", "number": "152", "contents": "<span class='description'>JUDGE SCHEMER, JACK M.</span> entered 06/27/2016.", "entry_date": "6/27/2016"}, {"date": "6/14/2016", "number": "151", "contents": "<span class='description'>PRETRIAL 06/27/2016 9:00 AM - 505 5TH FLOOR, 501 W ADAMS ST JACKSONVILLE FL 32202</span> entered 06/14/2016.", "entry_date": "6/14/2016"}, {"date": "6/14/2016", "number": "150", "contents": "<span class='description'>OTHERS PRESENT: ASA: V. WHEELER-SANCHEZ FOR C. FRENCH</span> entered 06/14/2016.", "entry_date": "6/14/2016"}, {"date": "6/14/2016", "number": "149", "contents": "<span class='description'>DEFENDANT APPEARANCE WAIVED</span> entered 06/14/2016.", "entry_date": "6/14/2016"}, {"date": "6/14/2016", "number": "148", "contents": "<span class='description'>ATTY. FOR DEF. BOWERS, ROBERT CHRISTIAN</span> entered 06/14/2016.", "entry_date": "6/14/2016"}, {"date": "6/14/2016", "number": "147", "contents": "<span class='description'>ASST. STATE ATTY. FRENCH, CAMERON STACIE</span> entered 06/14/2016.", "entry_date": "6/14/2016"}, {"date": "6/14/2016", "number": "146", "contents": "<span class='description'>JUDGE SCHEMER, JACK M.</span> entered 06/14/2016.", "entry_date": "6/14/2016"}, {"date": "5/17/2016", "number": "145", "contents": "<span class='description'>PRETRIAL 06/14/2016 9:00 AM - 505 5TH FLOOR, 501 W ADAMS ST JACKSONVILLE FL 32202</span> entered 05/17/2016.", "entry_date": "5/17/2016"}, {"date": "5/17/2016", "number": "144", "contents": "<span class='description'>OTHERS PRESENT: ASA: P. OVERSTREET FOR C. FRENCH</span> entered 05/17/2016.", "entry_date": "5/17/2016"}, {"date": "5/17/2016", "number": "143", "contents": "<span class='description'>DEFENDANT PRESENT IN JAIL</span> entered 05/17/2016.", "entry_date": "5/17/2016"}, {"date": "5/17/2016", "number": "142", "contents": "<span class='description'>ATTY. FOR DEF. BOWERS, ROBERT CHRISTIAN</span> entered 05/17/2016.", "entry_date": "5/17/2016"}, {"date": "5/17/2016", "number": "141", "contents": "<span class='description'>ASST. STATE ATTY. FRENCH, CAMERON STACIE</span> entered 05/17/2016.", "entry_date": "5/17/2016"}, {"date": "5/17/2016", "number": "140", "contents": "<span class='description'>JUDGE SCHEMER, JACK M.</span> entered 05/17/2016.", "entry_date": "5/17/2016"}, {"date": "5/16/2016", "number": "139", "contents": "<span class='description'>PRETRIAL 05/17/2016 9:00 AM - 505 5TH FLOOR, 501 W ADAMS ST JACKSONVILLE FL 32202</span> entered 05/16/2016.", "entry_date": "5/16/2016"}, {"date": "5/16/2016", "number": "138", "contents": "<span class='description'>OTHERS PRESENT: ASA: P. OVERSTREET FOR C. FRENCH / PA: R. DAVIS FOR R. BOWERS</span> entered 05/16/2016.", "entry_date": "5/16/2016"}, {"date": "5/16/2016", "number": "137", "contents": "<span class='description'>DEFENDANT NOT PRESENT</span> entered 05/16/2016.", "entry_date": "5/16/2016"}, {"date": "5/16/2016", "number": "136", "contents": "<span class='description'>ATTY. FOR DEF. BOWERS, ROBERT CHRISTIAN</span> entered 05/16/2016.", "entry_date": "5/16/2016"}, {"date": "5/16/2016", "number": "135", "contents": "<span class='description'>ASST. STATE ATTY. FRENCH, CAMERON STACIE</span> entered 05/16/2016.", "entry_date": "5/16/2016"}, {"date": "5/16/2016", "number": "134", "contents": "<span class='description'>JUDGE SCHEMER, JACK M.</span> entered 05/16/2016.", "entry_date": "5/16/2016"}, {"date": "4/7/2016", "number": "133", "contents": "<span class='description'>PRETRIAL 05/16/2016 9:00 AM - 505 5TH FLOOR, 501 W ADAMS ST JACKSONVILLE FL 32202</span> entered 04/07/2016.", "entry_date": "4/7/2016"}, {"date": "4/7/2016", "number": "132", "contents": "<span class='description'>DEFENDANT PRESENT IN JAIL</span> entered 04/07/2016.", "entry_date": "4/7/2016"}, {"date": "4/7/2016", "number": "131", "contents": "<span class='description'>ATTY. FOR DEF. BOWERS, ROBERT CHRISTIAN</span> entered 04/07/2016.", "entry_date": "4/7/2016"}, {"date": "4/7/2016", "number": "130", "contents": "<span class='description'>ASST. STATE ATTY. FRENCH, CAMERON STACIE</span> entered 04/07/2016.", "entry_date": "4/7/2016"}, {"date": "4/7/2016", "number": "129", "contents": "<span class='description'>JUDGE SCHEMER, JACK M.</span> entered 04/07/2016.", "entry_date": "4/7/2016"}, {"date": "3/29/2016", "number": "128", "contents": "<span class='description'>PRETRIAL 04/07/2016 9:00 AM - 505 5TH FLOOR, 501 W ADAMS ST JACKSONVILLE FL 32202</span> entered 03/29/2016.", "entry_date": "3/29/2016"}, {"date": "3/29/2016", "number": "127", "contents": "<span class='description'>CLERKS EXHIBIT MEMO</span> entered 03/29/2016.", "entry_date": "3/29/2016"}, {"date": "3/29/2016", "number": "126", "contents": "<span class='description'>ORDER ADJUDGING DEF. MENTALLY COMPETENT TO PROCEED</span> entered 03/29/2016.", "entry_date": "3/29/2016"}, {"date": "3/29/2016", "number": "125", "contents": "<span class='description'>DEF. ADJUDGED COMPETENT</span> entered 03/29/2016.", "entry_date": "3/29/2016"}, {"date": "3/29/2016", "number": "124", "contents": "<span class='description'>DEF. W/TEST. &amp; ACCEPTS FINDINGS OF PSYCHIATRIST (DR. VALENTE)(2/5/2016) **STATE AND DEFENSE STIPULATES**</span> entered 03/29/2016.", "entry_date": "3/29/2016"}, {"date": "3/29/2016", "number": "123", "contents": "<span class='description'>OTHERS PRESENT: ASA: L. KITE FOR C. FRENCH</span> entered 03/29/2016.", "entry_date": "3/29/2016"}, {"date": "3/29/2016", "number": "122", "contents": "<span class='description'>DEFENDANT PRESENT IN JAIL</span> entered 03/29/2016.", "entry_date": "3/29/2016"}, {"date": "3/29/2016", "number": "121", "contents": "<span class='description'>ATTY. FOR DEF. BOWERS, ROBERT CHRISTIAN</span> entered 03/29/2016.", "entry_date": "3/29/2016"}, {"date": "3/29/2016", "number": "120", "contents": "<span class='description'>ASST. STATE ATTY. FRENCH, CAMERON STACIE</span> entered 03/29/2016.", "entry_date": "3/29/2016"}, {"date": "3/29/2016", "number": "119", "contents": "<span class='description'>JUDGE SCHEMER, JACK M.</span> entered 03/29/2016.", "entry_date": "3/29/2016"}, {"date": "3/16/2016", "number": "118", "contents": "<span class='description'>PRETRIAL 03/29/2016 9:00 AM - 505 5TH FLOOR, 501 W ADAMS ST JACKSONVILLE FL 32202</span> entered 03/16/2016.", "entry_date": "3/16/2016"}, {"date": "3/16/2016", "number": "117", "contents": "<span class='description'>OTHERS PRESENT: ASA: R. ASHOURI FOR C. FRENCH</span> entered 03/16/2016.", "entry_date": "3/16/2016"}, {"date": "3/16/2016", "number": "116", "contents": "<span class='description'>DEFENDANT APPEARANCE WAIVED</span> entered 03/16/2016.", "entry_date": "3/16/2016"}, {"date": "3/16/2016", "number": "115", "contents": "<span class='description'>ATTY. FOR DEF. BOWERS, ROBERT CHRISTIAN</span> entered 03/16/2016.", "entry_date": "3/16/2016"}, {"date": "3/16/2016", "number": "114", "contents": "<span class='description'>ASST. STATE ATTY. FRENCH, CAMERON STACIE</span> entered 03/16/2016.", "entry_date": "3/16/2016"}, {"date": "3/16/2016", "number": "113", "contents": "<span class='description'>JUDGE SCHEMER, JACK M.</span> entered 03/16/2016.", "entry_date": "3/16/2016"}, {"date": "3/2/2016", "number": "112", "contents": "<span class='description'>PRETRIAL 03/16/2016 9:00 AM - 505 5TH FLOOR, 501 W ADAMS ST JACKSONVILLE FL 32202</span> entered 03/02/2016.", "entry_date": "3/2/2016"}, {"date": "3/2/2016", "number": "111", "contents": "<span class='description'>DEFENDANT PRESENT IN JAIL</span> entered 03/02/2016.", "entry_date": "3/2/2016"}, {"date": "3/2/2016", "number": "110", "contents": "<span class='description'>ATTY. FOR DEF. BOWERS, ROBERT CHRISTIAN</span> entered 03/02/2016.", "entry_date": "3/2/2016"}, {"date": "3/2/2016", "number": "109", "contents": "<span class='description'>ASST. STATE ATTY. FRENCH, CAMERON STACIE</span> entered 03/02/2016.", "entry_date": "3/2/2016"}, {"date": "3/2/2016", "number": "108", "contents": "<span class='description'>JUDGE SCHEMER, JACK M.</span> entered 03/02/2016.", "entry_date": "3/2/2016"}, {"date": "2/10/2016", "number": "107", "contents": "<span class='description'>PRETRIAL 03/02/2016 9:00 AM - 505 5TH FLOOR, 501 W ADAMS ST JACKSONVILLE FL 32202</span> entered 02/10/2016.", "entry_date": "2/10/2016"}, {"date": "2/10/2016", "number": "106", "contents": "<span class='description'>DEFENDANT PRESENT IN JAIL</span> entered 02/10/2016.", "entry_date": "2/10/2016"}, {"date": "2/10/2016", "number": "105", "contents": "<span class='description'>ATTY. FOR DEF. BOWERS, ROBERT CHRISTIAN</span> entered 02/10/2016.", "entry_date": "2/10/2016"}, {"date": "2/10/2016", "number": "104", "contents": "<span class='description'>ASST. STATE ATTY. FRENCH, CAMERON STACIE</span> entered 02/10/2016.", "entry_date": "2/10/2016"}, {"date": "2/10/2016", "number": "103", "contents": "<span class='description'>JUDGE SCHEMER, JACK M.</span> entered 02/10/2016.", "entry_date": "2/10/2016"}, {"date": "1/22/2016", "number": "102", "contents": "<span class='description'>SUGGESTION OF MENTAL INCOMPETENCE TO PROCEED</span> entered 01/25/2016.", "entry_date": "1/25/2016"}, {"date": "1/13/2016", "number": "101", "contents": "<span class='description'>PRETRIAL 02/10/2016 9:00 AM - 505 5TH FLOOR, 501 W ADAMS ST JACKSONVILLE FL 32202</span> entered 01/13/2016.", "entry_date": "1/13/2016"}, {"date": "1/13/2016", "number": "100", "contents": "<span class='description'>DEFENDANT PRESENT IN JAIL</span> entered 01/13/2016.", "entry_date": "1/13/2016"}, {"date": "1/13/2016", "number": "99", "contents": "<span class='description'>ATTY. FOR DEF. BOWERS, ROBERT CHRISTIAN</span> entered 01/13/2016.", "entry_date": "1/13/2016"}, {"date": "1/13/2016", "number": "98", "contents": "<span class='description'>ASST. STATE ATTY. FRENCH, CAMERON STACIE</span> entered 01/13/2016.", "entry_date": "1/13/2016"}, {"date": "1/13/2016", "number": "97", "contents": "<span class='description'>JUDGE SCHEMER, JACK M.</span> entered 01/13/2016.", "entry_date": "1/13/2016"}, {"date": "12/9/2015", "number": "96", "contents": "<span class='description'>PRETRIAL 01/13/2016 9:00 AM - 505 5TH FLOOR, 501 W ADAMS ST JACKSONVILLE FL 32202</span> entered 12/09/2015.", "entry_date": "12/9/2015"}, {"date": "12/9/2015", "number": "95", "contents": "<span class='description'>DEFENDANT PRESENT IN JAIL</span> entered 12/09/2015.", "entry_date": "12/9/2015"}, {"date": "12/9/2015", "number": "94", "contents": "<span class='description'>ATTY. FOR DEF. BOWERS, ROBERT CHRISTIAN</span> entered 12/09/2015.", "entry_date": "12/9/2015"}, {"date": "12/9/2015", "number": "93", "contents": "<span class='description'>ASST. STATE ATTY. FRENCH, CAMERON STACIE</span> entered 12/09/2015.", "entry_date": "12/9/2015"}, {"date": "12/9/2015", "number": "92", "contents": "<span class='description'>JUDGE SCHEMER, JACK M.</span> entered 12/09/2015.", "entry_date": "12/9/2015"}, {"date": "11/9/2015", "number": "91", "contents": "<span class='description'>DEMAND FOR SPECIFIC DISCOVERY</span> entered 11/11/2015.", "entry_date": "11/11/2015"}, {"date": "11/4/2015", "number": "90", "contents": "<span class='description'>PRETRIAL 12/09/2015 9:00 AM - 505 5TH FLOOR, 501 W ADAMS ST JACKSONVILLE FL 32202</span> entered 11/04/2015.", "entry_date": "11/4/2015"}, {"link_viewer": "https://www.docketalarm.com/cases/Florida_State_Duval_County_Fourth_Circuit_Court/2015-CF-003528/SAMUEL_VICK_JR/89/", "number": "89", "link": "https://www.docketalarm.com/cases/Florida_State_Duval_County_Fourth_Circuit_Court/2015-CF-003528/SAMUEL_VICK_JR/docs/89.pdf", "entry_date": "11/4/2015", "date": "11/4/2015", "contents": "<a href=\"/cases/Florida_State_Duval_County_Fourth_Circuit_Court/2015-CF-003528/SAMUEL_VICK_JR/89/\"><span class='description'>** WAIVER OF SPEEDY TRIAL **</span></a> entered 11/04/2015."}, {"date": "11/4/2015", "number": "88", "contents": "<span class='description'>PLEA OF NOT GUILTY</span> entered 11/04/2015.", "entry_date": "11/4/2015"}, {"date": "11/4/2015", "number": "87", "contents": "<span class='description'>PLEA OF NOT GUILTY</span> entered 11/04/2015.", "entry_date": "11/4/2015"}, {"date": "11/4/2015", "number": "86", "contents": "<span class='description'>PLEA OF NOT GUILTY</span> entered 11/04/2015.", "entry_date": "11/4/2015"}, {"date": "11/4/2015", "number": "85", "contents": "<span class='description'>DEFENDANT WAIVED READING OF AMENDED INFORMATION AND PLEAD NOT GUILTY</span> entered 11/04/2015.", "entry_date": "11/4/2015"}, {"date": "11/4/2015", "number": "84", "contents": "<span class='description'>DEFENDANT PRESENT IN JAIL</span> entered 11/04/2015.", "entry_date": "11/4/2015"}, {"date": "11/4/2015", "number": "83", "contents": "<span class='description'>ATTY. FOR DEF. BOWERS, ROBERT CHRISTIAN</span> entered 11/04/2015.", "entry_date": "11/4/2015"}, {"date": "11/4/2015", "number": "82", "contents": "<span class='description'>ASST. STATE ATTY. FRENCH, CAMERON STACIE</span> entered 11/04/2015.", "entry_date": "11/4/2015"}, {"date": "11/4/2015", "number": "81", "contents": "<span class='description'>JUDGE SCHEMER, JACK M.</span> entered 11/04/2015.", "entry_date": "11/4/2015"}, {"date": "11/3/2015", "number": "80", "contents": "<span class='description'>STATE'S FIFTH SUPPLEMENTAL DISCOVERY EXHIBIT</span> entered 11/03/2015.", "entry_date": "11/3/2015"}, {"date": "10/27/2015", "number": "79", "contents": "<span class='description'>AMENDED INFORMATION FILED S918.13(1)(A) TAMPERING WITH EVIDENCE</span> entered 05/23/2017.", "entry_date": "5/23/2017"}, {"date": "10/27/2015", "number": "78", "contents": "<span class='description'>AMENDED INFORMATION FILED S790.23(1)(A) POSSESSION OF A FIREARM OR WEAPON BY ACONVICTED FELON</span> entered 10/27/2015.", "entry_date": "10/27/2015"}, {"date": "10/27/2015", "number": "77", "contents": "<span class='description'>AMENDED INFORMATION FILED S918.13(1)(A) TAMPERING WITH EVIDENCE</span> entered 10/27/2015.", "entry_date": "10/27/2015"}, {"date": "10/27/2015", "number": "76", "contents": "<span class='description'>AMENDED INFORMATION FILED S782.04(2) MURDER - SECOND DEGREE</span> entered 10/27/2015.", "entry_date": "10/27/2015"}, {"date": "10/27/2015", "number": "75", "contents": "<span class='description'>INFORMATION (AMENDED)</span> entered 10/27/2015.", "entry_date": "10/27/2015"}, {"date": "10/27/2015", "number": "74", "contents": "<span class='description'>TRANSFER TO DIV. CR-G (CIRCUIT)</span> entered 10/27/2015.", "entry_date": "10/27/2015"}, {"date": "10/22/2015", "number": "72", "contents": "<span class='description'>MEMORANDUM FROM STATE ATTORNEY</span> entered 10/27/2015.", "entry_date": "10/27/2015"}, {"date": "10/21/2015", "number": "71", "contents": "<span class='description'>MOTION TO SET BOND</span> entered 10/27/2017.", "entry_date": "10/27/2017"}, {"link_viewer": "https://www.docketalarm.com/cases/Florida_State_Duval_County_Fourth_Circuit_Court/2015-CF-003528/SAMUEL_VICK_JR/70/", "number": "70", "link": "https://www.docketalarm.com/cases/Florida_State_Duval_County_Fourth_Circuit_Court/2015-CF-003528/SAMUEL_VICK_JR/docs/70.pdf", "entry_date": "10/27/2017", "date": "10/21/2015", "contents": "<a href=\"/cases/Florida_State_Duval_County_Fourth_Circuit_Court/2015-CF-003528/SAMUEL_VICK_JR/70/\"><span class='description'>FINDING OF PROBABLE CAUSE ,</span></a> entered 10/27/2017."}, {"date": "10/21/2015", "number": "69", "contents": "<span class='description'>ARREST &amp; BOOKING REPORT 2015-010632 10/20/2015 **ADD ON**</span> entered 10/27/2017.", "entry_date": "10/27/2017"}, {"date": "10/7/2015", "number": "68", "contents": "<span class='description'>PRETRIAL 11/04/2015 9:00 AM - 505 5TH FLOOR, 501 W ADAMS ST JACKSONVILLE FL 32202</span> entered 10/07/2015.", "entry_date": "10/7/2015"}, {"date": "10/7/2015", "number": "67", "contents": "<span class='description'>DEFENDANT PRESENT IN JAIL</span> entered 10/07/2015.", "entry_date": "10/7/2015"}, {"date": "10/7/2015", "number": "66", "contents": "<span class='description'>ATTY. FOR DEF. BOWERS, ROBERT CHRISTIAN</span> entered 10/07/2015.", "entry_date": "10/7/2015"}, {"date": "10/7/2015", "number": "65", "contents": "<span class='description'>ASST. STATE ATTY. FRENCH, CAMERON STACIE</span> entered 10/07/2015.", "entry_date": "10/7/2015"}, {"date": "10/7/2015", "number": "64", "contents": "<span class='description'>JUDGE COX, ANGELA M</span> entered 10/07/2015.", "entry_date": "10/7/2015"}, {"date": "10/6/2015", "number": "63", "contents": "<span class='description'>STATES 5TH SUPPLEMENTAL DISCOVERY EXHIBIT</span> entered 10/07/2015.", "entry_date": "10/7/2015"}, {"date": "10/2/2015", "number": "62", "contents": "<span class='description'>STATE'S SUPPLEMENTAL DISCOVERY EXHIBIT (THIRD)</span> entered 10/02/2015.", "entry_date": "10/2/2015"}, {"date": "10/2/2015", "number": "61", "contents": "<span class='description'>DEMAND FOR DISCOVERY (SUPPLEMENTAL)</span> entered 10/02/2015.", "entry_date": "10/2/2015"}, {"date": "9/9/2015", "number": "60", "contents": "<span class='description'>PRETRIAL 10/07/2015 9:00 AM - 608 6TH FLOOR, 501 W ADAMS ST JACKSONVILLE FL 32202</span> entered 09/09/2015.", "entry_date": "9/9/2015"}, {"link_viewer": "https://www.docketalarm.com/cases/Florida_State_Duval_County_Fourth_Circuit_Court/2015-CF-003528/SAMUEL_VICK_JR/59/", "number": "59", "link": "https://www.docketalarm.com/cases/Florida_State_Duval_County_Fourth_Circuit_Court/2015-CF-003528/SAMUEL_VICK_JR/docs/59.pdf", "entry_date": "9/9/2015", "date": "9/9/2015", "contents": "<a href=\"/cases/Florida_State_Duval_County_Fourth_Circuit_Court/2015-CF-003528/SAMUEL_VICK_JR/59/\"><span class='description'>** WAIVER OF SPEEDY TRIAL **</span></a> entered 09/09/2015."}, {"date": "9/9/2015", "number": "58", "contents": "<span class='description'>OTHERS PRESENT: SA: J. CANNIZZARO FOR C. FRENCH</span> entered 09/09/2015.", "entry_date": "9/9/2015"}, {"date": "9/9/2015", "number": "57", "contents": "<span class='description'>DEFENDANT PRESENT IN JAIL</span> entered 09/09/2015.", "entry_date": "9/9/2015"}, {"date": "9/9/2015", "number": "56", "contents": "<span class='description'>ATTY. FOR DEF. BOWERS, ROBERT CHRISTIAN</span> entered 09/09/2015.", "entry_date": "9/9/2015"}, {"date": "9/9/2015", "number": "55", "contents": "<span class='description'>ASST. STATE ATTY. FRENCH, CAMERON STACIE</span> entered 09/09/2015.", "entry_date": "9/9/2015"}, {"date": "9/9/2015", "number": "54", "contents": "<span class='description'>JUDGE COX, ANGELA M</span> entered 09/09/2015.", "entry_date": "9/9/2015"}, {"date": "9/4/2015", "number": "53", "contents": "<span class='description'>MOTION FOR MORE DEFINITE ADDRESS</span> entered 09/06/2015.", "entry_date": "9/6/2015"}, {"date": "8/11/2015", "number": "52", "contents": "<span class='description'>PRETRIAL 09/09/2015 9:00 AM - 608 6TH FLOOR, 501 W ADAMS ST JACKSONVILLE FL 32202</span> entered 08/11/2015.", "entry_date": "8/11/2015"}, {"date": "8/11/2015", "number": "51", "contents": "<span class='description'>DEFENDANT PRESENT IN JAIL</span> entered 08/11/2015.", "entry_date": "8/11/2015"}, {"date": "8/11/2015", "number": "50", "contents": "<span class='description'>ATTY. FOR DEF. BOWERS, ROBERT CHRISTIAN</span> entered 08/11/2015.", "entry_date": "8/11/2015"}, {"date": "8/11/2015", "number": "49", "contents": "<span class='description'>ASST. STATE ATTY. FRENCH, CAMERON STACIE</span> entered 08/11/2015.", "entry_date": "8/11/2015"}, {"date": "8/11/2015", "number": "48", "contents": "<span class='description'>JUDGE COX, ANGELA M</span> entered 08/11/2015.", "entry_date": "8/11/2015"}, {"date": "8/10/2015", "number": "47", "contents": "<span class='description'>STATE'S SECOND AMENDED DISCOVERY EXHIBIT</span> entered 08/10/2015.", "entry_date": "8/10/2015"}, {"date": "8/6/2015", "number": "46", "contents": "<span class='description'>TRIAL ASSISTANT STATE ATTORNEY CHANGED TO French, Cameron Stacie PER SAO</span> entered 08/06/2015.", "entry_date": "8/6/2015"}, {"date": "7/30/2015", "number": "45", "contents": "<span class='description'>PRETRIAL 08/11/2015 9:00 AM - 608 6TH FLOOR, 501 W ADAMS ST JACKSONVILLE FL 32202</span> entered 07/30/2015.", "entry_date": "7/30/2015"}, {"date": "7/30/2015", "number": "44", "contents": "<span class='description'>OTHERS PRESENT: PA: R. DAVIS FOR R. BOWERS</span> entered 07/30/2015.", "entry_date": "7/30/2015"}, {"date": "7/30/2015", "number": "43", "contents": "<span class='description'>DEFENDANT PRESENT IN JAIL</span> entered 07/30/2015.", "entry_date": "7/30/2015"}, {"date": "7/30/2015", "number": "42", "contents": "<span class='description'>ATTY. FOR DEF. BOWERS, ROBERT CHRISTIAN</span> entered 07/30/2015.", "entry_date": "7/30/2015"}, {"date": "7/30/2015", "number": "41", "contents": "<span class='description'>ASST. STATE ATTY. GARCIA, JESSICA LYNN</span> entered 07/30/2015.", "entry_date": "7/30/2015"}, {"date": "7/30/2015", "number": "40", "contents": "<span class='description'>JUDGE COX, ANGELA M.</span> entered 07/30/2015.", "entry_date": "7/30/2015"}, {"date": "7/30/2015", "number": "39", "contents": "<span class='description'>STATE'S FIRST AMENDED DISCOVERY EXHIBIT</span> entered 07/30/2015.", "entry_date": "7/30/2015"}, {"date": "7/8/2015", "number": "38", "contents": "<span class='description'>PRETRIAL 07/30/2015 9:00 AM - 608 6TH FLOOR, 501 W ADAMS ST JACKSONVILLE FL 32202</span> entered 07/08/2015.", "entry_date": "7/8/2015"}, {"date": "7/8/2015", "number": "37", "contents": "<span class='description'>DEFENDANT PRESENT IN JAIL</span> entered 07/08/2015.", "entry_date": "7/8/2015"}, {"date": "7/8/2015", "number": "36", "contents": "<span class='description'>ATTY. FOR DEF. BOWERS, ROBERT CHRISTIAN</span> entered 07/08/2015.", "entry_date": "7/8/2015"}, {"date": "7/8/2015", "number": "35", "contents": "<span class='description'>ASST. STATE ATTY. GARCIA, JESSICA LYNN</span> entered 07/08/2015.", "entry_date": "7/8/2015"}, {"date": "7/8/2015", "number": "34", "contents": "<span class='description'>JUDGE COX, ANGELA M.</span> entered 07/08/2015.", "entry_date": "7/8/2015"}, {"date": "6/17/2015", "number": "33", "contents": "<span class='description'>PRETRIAL 07/08/2015 9:00 AM - 608 6TH FLOOR, 501 W ADAMS ST JACKSONVILLE FL 32202</span> entered 06/17/2015.", "entry_date": "6/17/2015"}, {"date": "6/17/2015", "number": "32", "contents": "<span class='description'>DEFENDANT PRESENT IN JAIL</span> entered 06/17/2015.", "entry_date": "6/17/2015"}, {"date": "6/17/2015", "number": "31", "contents": "<span class='description'>ATTY. FOR DEF. BOWERS, ROBERT CHRISTIAN</span> entered 06/17/2015.", "entry_date": "6/17/2015"}, {"date": "6/17/2015", "number": "30", "contents": "<span class='description'>ASST. STATE ATTY. GARCIA, JESSICA LYNN</span> entered 06/17/2015.", "entry_date": "6/17/2015"}, {"date": "6/17/2015", "number": "29", "contents": "<span class='description'>JUDGE COX, ANGELA M</span> entered 06/17/2015.", "entry_date": "6/17/2015"}, {"date": "5/26/2015", "number": "28", "contents": "<span class='description'>DEMAND FOR SPECIFIC DISCOVERY</span> entered 05/28/2015.", "entry_date": "5/28/2015"}, {"date": "5/20/2015", "number": "27", "contents": "<span class='description'>STATE'S DISCOVERY EXHIBIT AND DEMAND FOR RECIPROCAL DISCOVERY</span> entered 05/20/2015.", "entry_date": "5/20/2015"}, {"date": "5/14/2015", "number": "26", "contents": "<span class='description'>PRETRIAL 06/17/2015 9:00 AM - 608 6TH FLOOR, 501 W ADAMS ST JACKSONVILLE FL 32202</span> entered 05/14/2015.", "entry_date": "5/14/2015"}, {"date": "5/14/2015", "number": "25", "contents": "<span class='description'>NOTICE OF DISCOVERY</span> entered 05/14/2015.", "entry_date": "5/14/2015"}, {"link_viewer": "https://www.docketalarm.com/cases/Florida_State_Duval_County_Fourth_Circuit_Court/2015-CF-003528/SAMUEL_VICK_JR/24/", "number": "24", "link": "https://www.docketalarm.com/cases/Florida_State_Duval_County_Fourth_Circuit_Court/2015-CF-003528/SAMUEL_VICK_JR/docs/24.pdf", "entry_date": "5/14/2015", "date": "5/14/2015", "contents": "<a href=\"/cases/Florida_State_Duval_County_Fourth_Circuit_Court/2015-CF-003528/SAMUEL_VICK_JR/24/\"><span class='description'>NOTICE OF APPEARANCE ,REQUEST FOR COPY OF CHARGES, WRITTEN PLEA OF NOT GUILTY AND WAIVER OF ARRAIGNMENT</span></a> entered 05/14/2015."}, {"date": "5/14/2015", "number": "23", "contents": "<span class='description'>PLEA OF NOT GUILTY</span> entered 05/14/2015.", "entry_date": "5/14/2015"}, {"date": "5/14/2015", "number": "22", "contents": "<span class='description'>PLEA OF NOT GUILTY</span> entered 05/14/2015.", "entry_date": "5/14/2015"}, {"date": "5/14/2015", "number": "21", "contents": "<span class='description'>DEF. W/READING OF INFO &amp; PLEAD NG</span> entered 05/14/2015.", "entry_date": "5/14/2015"}, {"date": "5/14/2015", "number": "20", "contents": "<span class='description'>DEFENDANT PRESENT IN JAIL</span> entered 05/14/2015.", "entry_date": "5/14/2015"}, {"date": "5/14/2015", "number": "19", "contents": "<span class='description'>ATTY. FOR DEF. BOWERS, ROBERT CHRISTIAN</span> entered 05/14/2015.", "entry_date": "5/14/2015"}, {"date": "5/14/2015", "number": "18", "contents": "<span class='description'>PUBLIC DEFENDER PERMITTED TO WITHDRAW AS COUNSEL FOR DEF.</span> entered 05/14/2015.", "entry_date": "5/14/2015"}, {"date": "5/14/2015", "number": "17", "contents": "<span class='description'>ASST. PUB. DEF. BEAUGH, ADAM WILLIAM JOSEPH</span> entered 05/14/2015.", "entry_date": "5/14/2015"}, {"date": "5/14/2015", "number": "16", "contents": "<span class='description'>ASST. STATE ATTY. GARCIA, JESSICA LYNN</span> entered 05/14/2015.", "entry_date": "5/14/2015"}, {"date": "5/14/2015", "number": "15", "contents": "<span class='description'>JUDGE COX, ANGELA M</span> entered 05/14/2015.", "entry_date": "5/14/2015"}, {"date": "5/12/2015", "number": "14", "contents": "<span class='description'>ARRAIGNMENT DATE 05/14/2015 9:00 AM - 608 6TH FLOOR, 501 W ADAMS ST JACKSONVILLE FL 32202</span> entered 05/12/2015.", "entry_date": "5/12/2015"}, {"date": "5/12/2015", "number": "13", "contents": "<span class='description'>INFORMATION FILED S918.13(1)(A) TAMPERING WITH EVIDENCE</span> entered 05/12/2015.", "entry_date": "5/12/2015"}, {"date": "5/12/2015", "number": "12", "contents": "<span class='description'>INFORMATION FILED S790.23(1)(A) POSSESSION OF A FIREARM OR WEAPON BY ACONVICTED FELON</span> entered 05/12/2015.", "entry_date": "5/12/2015"}, {"date": "5/12/2015", "number": "11", "contents": "<span class='description'>INFORMATION</span> entered 05/12/2015.", "entry_date": "5/12/2015"}, {"date": "5/1/2015", "number": "10", "contents": "<span class='description'>TRIAL ASSISTANT STATE ATTORNEY CHANGED TO Garcia, Jessica Lynn PER SAO</span> entered 05/01/2015.", "entry_date": "5/1/2015"}, {"date": "4/22/2015", "number": "9", "contents": "<span class='description'>S782.04(2) MURDER - SECOND DEGREE</span> entered 10/27/2015.", "entry_date": "10/27/2015"}, {"date": "4/22/2015", "number": "8", "contents": "<span class='description'>FEES DUE: 5/26/2015</span> entered 04/24/2015.", "entry_date": "4/24/2015"}, {"date": "4/22/2015", "number": "7", "contents": "<span class='description'>PD APP FEE 50.00 IMPOSED</span> entered 04/24/2015.", "entry_date": "4/24/2015"}, {"date": "4/22/2015", "number": "6", "contents": "<span class='description'>BOND SET AT $1,000,000.00</span> entered 04/24/2015.", "entry_date": "4/24/2015"}, {"date": "4/22/2015", "number": "5", "contents": "<span class='description'>ARRAIGNMENT COURT DATE: 05/13/2015 SUBJECT TO CHANGE. CALL FOR VERIFICATION</span> entered 04/24/2015.", "entry_date": "4/24/2015"}, {"link_viewer": "https://www.docketalarm.com/cases/Florida_State_Duval_County_Fourth_Circuit_Court/2015-CF-003528/SAMUEL_VICK_JR/4/", "number": "4", "link": "https://www.docketalarm.com/cases/Florida_State_Duval_County_Fourth_Circuit_Court/2015-CF-003528/SAMUEL_VICK_JR/docs/4.pdf", "entry_date": "4/24/2015", "date": "4/22/2015", "contents": "<a href=\"/cases/Florida_State_Duval_County_Fourth_Circuit_Court/2015-CF-003528/SAMUEL_VICK_JR/4/\"><span class='description'>DEFENDANT DECLARED INDIGENT, ORDER APPOINTING PUBLIC DEFENDER - FILED</span></a> entered 04/24/2015."}, {"link_viewer": "https://www.docketalarm.com/cases/Florida_State_Duval_County_Fourth_Circuit_Court/2015-CF-003528/SAMUEL_VICK_JR/3/", "number": "3", "link": "https://www.docketalarm.com/cases/Florida_State_Duval_County_Fourth_Circuit_Court/2015-CF-003528/SAMUEL_VICK_JR/docs/3.pdf", "entry_date": "4/24/2015", "date": "4/22/2015", "contents": "<a href=\"/cases/Florida_State_Duval_County_Fourth_Circuit_Court/2015-CF-003528/SAMUEL_VICK_JR/3/\"><span class='description'>APPLICATION FOR CRIMINAL INDIGENT STATUS - FILED</span></a> entered 04/24/2015."}, {"date": "4/22/2015", "number": "2", "contents": "<span class='description'>S790.23(1)(A) POSSESSION OF A FIREARM, WEAPON OR AMMUNITION BY A CONVICTED FELON</span> entered 04/24/2015.", "entry_date": "4/24/2015"}, {"date": "4/22/2015", "number": "1", "contents": "<span class='description'>ARREST &amp; BOOKING REPORT 2015-010632 4/21/2015</span> entered 04/24/2015.", "entry_date": "4/24/2015"}], "analyze": {"last_analyze": "6/22/2020"}, "success": true, "parties": [{"race": "B", "name_normalized": "Samuel Vick JR", "name": "SAMUEL VICK JR", "sex": "Male", "other": [], "type": "Defendant"}]}