{"info": {"status": "CLOSED", "division": "CR-C", "judges": ["COX, ANGELA M."], "court": "Florida State, Duval County, Fourth Circuit Court", "title": "JOHN BERT MAYS", "date_filed": "2/19/2015", "link": "https://www.docketalarm.com/cases/Florida_State_Duval_County_Fourth_Circuit_Court/2015-CF-001631/JOHN_BERT_MAYS/", "judges_normalized": ["Cox Angela M."], "judge": "COX, ANGELA M.", "type": "Circuit Criminal", "docket": "2015-CF-001631"}, "docket_report": [{"date": "3/18/2015", "number": "14", "contents": "<span class='description'>PD APP FEE 50.00 WAIVED</span> entered 03/18/2015.", "entry_date": "3/18/2015"}, {"date": "3/18/2015", "number": "13", "contents": "<span class='description'>TRANSFERRED TO COUNTY COURT S812.14(4) THEFT OF UTILITY SERVICES - $300 TO $4,999</span> entered 03/18/2015.", "entry_date": "3/18/2015"}, {"date": "3/18/2015", "number": "12", "contents": "<span class='description'>CHARGING NOTICE</span> entered 03/18/2015.", "entry_date": "3/18/2015"}, {"date": "3/11/2015", "number": "11", "contents": "<span class='description'>ARRAIGNMENT COURT DATE: 03/26/2015 SUBJECT TO CHANGE. CALL FOR VERIFICATION</span> entered 03/11/2015.", "entry_date": "3/11/2015"}, {"link_viewer": "https://www.docketalarm.com/cases/Florida_State_Duval_County_Fourth_Circuit_Court/2015-CF-001631/JOHN_BERT_MAYS/10/", "number": "10", "link": "https://www.docketalarm.com/cases/Florida_State_Duval_County_Fourth_Circuit_Court/2015-CF-001631/JOHN_BERT_MAYS/docs/10.pdf", "entry_date": "2/25/2015", "date": "2/25/2015", "contents": "<a href=\"/cases/Florida_State_Duval_County_Fourth_Circuit_Court/2015-CF-001631/JOHN_BERT_MAYS/10/\"><span class='description'>BOND - AMOUNT $1,503.00, COMPANY U.S. SPECIALTY INSURANCE COMPANY</span></a> entered 02/25/2015."}, {"date": "2/19/2015", "number": "9", "contents": "<span class='description'>ARRAIGNMENT COURT DATE: 03/12/2015 SUBJECT TO CHANGE. CALL FOR VERIFICATION</span> entered 02/25/2015.", "entry_date": "2/25/2015"}, {"date": "2/19/2015", "number": "8", "contents": "<span class='description'>FEES DUE: 3/27/2015</span> entered 02/25/2015.", "entry_date": "2/25/2015"}, {"date": "2/19/2015", "number": "7", "contents": "<span class='description'>PD APP FEE 50.00 IMPOSED</span> entered 02/25/2015.", "entry_date": "2/25/2015"}, {"link_viewer": "https://www.docketalarm.com/cases/Florida_State_Duval_County_Fourth_Circuit_Court/2015-CF-001631/JOHN_BERT_MAYS/6/", "number": "6", "link": "https://www.docketalarm.com/cases/Florida_State_Duval_County_Fourth_Circuit_Court/2015-CF-001631/JOHN_BERT_MAYS/docs/6.pdf", "entry_date": "2/25/2015", "date": "2/19/2015", "contents": "<a href=\"/cases/Florida_State_Duval_County_Fourth_Circuit_Court/2015-CF-001631/JOHN_BERT_MAYS/6/\"><span class='description'>FINDING OF PROBABLE CAUSE ,</span></a> entered 02/25/2015."}, {"link_viewer": "https://www.docketalarm.com/cases/Florida_State_Duval_County_Fourth_Circuit_Court/2015-CF-001631/JOHN_BERT_MAYS/5/", "number": "5", "link": "https://www.docketalarm.com/cases/Florida_State_Duval_County_Fourth_Circuit_Court/2015-CF-001631/JOHN_BERT_MAYS/docs/5.pdf", "entry_date": "2/25/2015", "date": "2/19/2015", "contents": "<a href=\"/cases/Florida_State_Duval_County_Fourth_Circuit_Court/2015-CF-001631/JOHN_BERT_MAYS/5/\"><span class='description'>DEFENDANT DECLARED INDIGENT, ORDER APPOINTING PUBLIC DEFENDER - FILED</span></a> entered 02/25/2015."}, {"link_viewer": "https://www.docketalarm.com/cases/Florida_State_Duval_County_Fourth_Circuit_Court/2015-CF-001631/JOHN_BERT_MAYS/4/", "number": "4", "link": "https://www.docketalarm.com/cases/Florida_State_Duval_County_Fourth_Circuit_Court/2015-CF-001631/JOHN_BERT_MAYS/docs/4.pdf", "entry_date": "2/25/2015", "date": "2/19/2015", "contents": "<a href=\"/cases/Florida_State_Duval_County_Fourth_Circuit_Court/2015-CF-001631/JOHN_BERT_MAYS/4/\"><span class='description'>APPLICATION FOR CRIMINAL INDIGENT STATUS - FILED</span></a> entered 02/25/2015."}, {"date": "2/19/2015", "number": "3", "contents": "<span class='description'>BOND SET AT $1,503.00</span> entered 02/25/2015.", "entry_date": "2/25/2015"}, {"date": "2/19/2015", "number": "2", "contents": "<span class='description'>S812.14(4) THEFT OF UTILITY SERVICES - $300 TO $4,999</span> entered 02/25/2015.", "entry_date": "2/25/2015"}, {"date": "2/19/2015", "number": "1", "contents": "<span class='description'>ARREST &amp; BOOKING REPORT 2015-004671 02/18/2015</span> entered 02/25/2015.", "entry_date": "2/25/2015"}], "analyze": {"last_analyze": "6/22/2020"}, "success": true, "parties": [{"race": "B", "name_normalized": "John Bert Mays", "name": "JOHN BERT MAYS", "sex": "Male", "other": [], "type": "Defendant"}]}