{"info": {"status": "DISPOSED", "division": "CR-E", "judges": ["WHITTINGTON, STEVEN B"], "court": "Florida State, Duval County, Fourth Circuit Court", "title": "DOMINIQUE LYNNARD BERKELEY", "date_filed": "2/19/2015", "link": "https://www.docketalarm.com/cases/Florida_State_Duval_County_Fourth_Circuit_Court/2015-CF-001629/DOMINIQUE_LYNNARD_BERKELEY/", "judges_normalized": ["Whittington B"], "judge": "WHITTINGTON, STEVEN B", "type": "Circuit Criminal", "docket": "2015-CF-001629"}, "docket_report": [{"date": "2/3/2020", "number": "230", "contents": "<span class='description'>CASE FEES $1,020.00 SENT TO COLLECTIONS ON 02/03/2020 AGENCY LINEBARGER</span> entered 02/03/2020.", "entry_date": "2/3/2020"}, {"date": "8/15/2016", "number": "229", "contents": "<span class='description'>RECEIPT FOR CIVIL PROCESS, JAIL, WARRANTS</span> entered 08/17/2016.", "entry_date": "8/17/2016"}, {"date": "8/11/2016", "number": "228", "contents": "<span class='description'>CERTIFICATE OF SERVICE FOR JUDGMENT AND SENTENCE</span> entered 08/11/2016.", "entry_date": "8/11/2016"}, {"link_viewer": "https://www.docketalarm.com/cases/Florida_State_Duval_County_Fourth_Circuit_Court/2015-CF-001629/DOMINIQUE_LYNNARD_BERKELEY/227/", "number": "227", "link": "https://www.docketalarm.com/cases/Florida_State_Duval_County_Fourth_Circuit_Court/2015-CF-001629/DOMINIQUE_LYNNARD_BERKELEY/docs/227.pdf", "entry_date": "8/11/2016", "date": "8/11/2016", "contents": "<a href=\"/cases/Florida_State_Duval_County_Fourth_Circuit_Court/2015-CF-001629/DOMINIQUE_LYNNARD_BERKELEY/227/\"><span class='description'>COMMITMENT CHECKLIST SENT</span></a> entered 08/11/2016."}, {"link_viewer": "https://www.docketalarm.com/cases/Florida_State_Duval_County_Fourth_Circuit_Court/2015-CF-001629/DOMINIQUE_LYNNARD_BERKELEY/226/", "number": "226", "link": "https://www.docketalarm.com/cases/Florida_State_Duval_County_Fourth_Circuit_Court/2015-CF-001629/DOMINIQUE_LYNNARD_BERKELEY/docs/226.pdf", "entry_date": "8/11/2016", "date": "8/11/2016", "contents": "<a href=\"/cases/Florida_State_Duval_County_Fourth_Circuit_Court/2015-CF-001629/DOMINIQUE_LYNNARD_BERKELEY/226/\"><span class='description'>UNIFORM COMMITMENT TO CUSTODY OF DEPT. OF CORRECTIONS</span></a> entered 08/11/2016."}, {"link_viewer": "https://www.docketalarm.com/cases/Florida_State_Duval_County_Fourth_Circuit_Court/2015-CF-001629/DOMINIQUE_LYNNARD_BERKELEY/224/", "number": "224", "link": "https://www.docketalarm.com/cases/Florida_State_Duval_County_Fourth_Circuit_Court/2015-CF-001629/DOMINIQUE_LYNNARD_BERKELEY/docs/224.pdf", "entry_date": "8/11/2016", "date": "8/4/2016", "contents": "<a href=\"/cases/Florida_State_Duval_County_Fourth_Circuit_Court/2015-CF-001629/DOMINIQUE_LYNNARD_BERKELEY/224/\"><span class='description'>PAYMENT AUTHORIZATION SHEET</span></a> entered 08/11/2016."}, {"link_viewer": "https://www.docketalarm.com/cases/Florida_State_Duval_County_Fourth_Circuit_Court/2015-CF-001629/DOMINIQUE_LYNNARD_BERKELEY/223/", "number": "223", "link": "https://www.docketalarm.com/cases/Florida_State_Duval_County_Fourth_Circuit_Court/2015-CF-001629/DOMINIQUE_LYNNARD_BERKELEY/docs/223.pdf", "entry_date": "8/11/2016", "date": "8/4/2016", "contents": "<a href=\"/cases/Florida_State_Duval_County_Fourth_Circuit_Court/2015-CF-001629/DOMINIQUE_LYNNARD_BERKELEY/223/\"><span class='description'>COURT ORDERED COSTS/FINES/FEES BOOK 17669 PAGE 1752-1753</span></a> entered 08/11/2016."}, {"date": "8/4/2016", "number": "221", "contents": "<span class='description'>SENTENCING GUIDELINES</span> entered 08/09/2016.", "entry_date": "8/9/2016"}, {"link_viewer": "https://www.docketalarm.com/cases/Florida_State_Duval_County_Fourth_Circuit_Court/2015-CF-001629/DOMINIQUE_LYNNARD_BERKELEY/220/", "number": "220", "link": "https://www.docketalarm.com/cases/Florida_State_Duval_County_Fourth_Circuit_Court/2015-CF-001629/DOMINIQUE_LYNNARD_BERKELEY/docs/220.pdf", "entry_date": "8/9/2016", "date": "8/4/2016", "contents": "<a href=\"/cases/Florida_State_Duval_County_Fourth_Circuit_Court/2015-CF-001629/DOMINIQUE_LYNNARD_BERKELEY/220/\"><span class='description'>WAIVER OF PRE-SENTENCE INVESTIGATION</span></a> entered 08/09/2016."}, {"date": "8/4/2016", "number": "219", "contents": "<span class='description'>FEES DUE: 11/4/2019</span> entered 08/09/2016.", "entry_date": "8/9/2016"}, {"date": "8/4/2016", "number": "218", "contents": "<span class='description'>RCTF 201.00 IMPOSED</span> entered 08/09/2016.", "entry_date": "8/9/2016"}, {"date": "8/4/2016", "number": "217", "contents": "<span class='description'>CSTF 20.00 IMPOSED</span> entered 08/09/2016.", "entry_date": "8/9/2016"}, {"date": "8/4/2016", "number": "216", "contents": "<span class='description'>SAIEF 100.00 IMPOSED</span> entered 08/09/2016.", "entry_date": "8/9/2016"}, {"date": "8/4/2016", "number": "215", "contents": "<span class='description'>AACC 65.00 IMPOSED</span> entered 08/09/2016.", "entry_date": "8/9/2016"}, {"date": "8/4/2016", "number": "214", "contents": "<span class='description'>SOCIF 100.00 IMPOSED</span> entered 08/09/2016.", "entry_date": "8/9/2016"}, {"date": "8/4/2016", "number": "213", "contents": "<span class='description'>DOBS 151.00 IMPOSED</span> entered 08/09/2016.", "entry_date": "8/9/2016"}, {"date": "8/4/2016", "number": "212", "contents": "<span class='description'>TNC 3.00 IMPOSED</span> entered 08/09/2016.", "entry_date": "8/9/2016"}, {"date": "8/4/2016", "number": "211", "contents": "<span class='description'>LGTF 225.00 IMPOSED</span> entered 08/09/2016.", "entry_date": "8/9/2016"}, {"date": "8/4/2016", "number": "210", "contents": "<span class='description'>CCT 50.00 IMPOSED</span> entered 08/09/2016.", "entry_date": "8/9/2016"}, {"date": "8/4/2016", "number": "209", "contents": "<span class='description'>COST OF COURT 50.00 IMPOSED</span> entered 08/09/2016.", "entry_date": "8/9/2016"}, {"date": "8/4/2016", "number": "208", "contents": "<span class='description'>LEEA 5.00 IMPOSED</span> entered 08/09/2016.", "entry_date": "8/9/2016"}, {"date": "8/4/2016", "number": "207", "contents": "<span class='description'>3 YEAR MINIMUM MANDATORY SENTENCE IMPOSED PER F.S. 775.087(2)(A)1 AS TO COUNT: 1</span> entered 08/09/2016.", "entry_date": "8/9/2016"}, {"date": "8/4/2016", "number": "206", "contents": "<span class='description'>TO RUN CONCURRENT WITH CASE 16-2015-CF-003083-AXXX</span> entered 08/09/2016.", "entry_date": "8/9/2016"}, {"date": "8/4/2016", "number": "205", "contents": "<span class='description'>CREDIT TIME STIPULATED</span> entered 08/09/2016.", "entry_date": "8/9/2016"}, {"date": "8/4/2016", "number": "204", "contents": "<span class='description'>CREDIT TIME: 523 DAYS</span> entered 08/09/2016.", "entry_date": "8/9/2016"}, {"link_viewer": "https://www.docketalarm.com/cases/Florida_State_Duval_County_Fourth_Circuit_Court/2015-CF-001629/DOMINIQUE_LYNNARD_BERKELEY/203/", "number": "203", "link": "https://www.docketalarm.com/cases/Florida_State_Duval_County_Fourth_Circuit_Court/2015-CF-001629/DOMINIQUE_LYNNARD_BERKELEY/docs/203.pdf", "entry_date": "8/9/2016", "date": "8/4/2016", "contents": "<a href=\"/cases/Florida_State_Duval_County_Fourth_Circuit_Court/2015-CF-001629/DOMINIQUE_LYNNARD_BERKELEY/203/\"><span class='description'>JUDGMENT AND SENTENCE TO STATE PRISON FOR 3 YEARS BOOK 17669 PAGE 1742-1748</span></a> entered 08/09/2016."}, {"date": "8/4/2016", "number": "202", "contents": "<span class='description'>DEF. ADJUDGED GUILTY - FINGERPRINTS TAKEN</span> entered 08/09/2016.", "entry_date": "8/9/2016"}, {"date": "8/4/2016", "number": "201", "contents": "<span class='description'>DEFENDANT PLEAD GUILTY</span> entered 08/09/2016.", "entry_date": "8/9/2016"}, {"date": "8/4/2016", "number": "200", "contents": "<span class='description'>ACKNOWLEDGE. OF RIGHTS &amp; VOLUNTARINESS OF ENTRY OF PLEA</span> entered 08/09/2016.", "entry_date": "8/9/2016"}, {"date": "8/4/2016", "number": "199", "contents": "<span class='description'>DEF. PERMITTED TO W/D PLEA OF NOT GUILTY/GUILTY TO LESSER INCLUDED OFFENSE AGGRAVATED ASSAULT AS TO FIREARM PROVISION 775.087(2)(A)(1)</span> entered 08/09/2016.", "entry_date": "8/9/2016"}, {"date": "8/4/2016", "number": "198", "contents": "<span class='description'>DEFENDANT PRESENT IN JAIL</span> entered 08/09/2016.", "entry_date": "8/9/2016"}, {"date": "8/4/2016", "number": "197", "contents": "<span class='description'>ATTY. FOR DEF. WRIGHT, REGINA LAVERNE</span> entered 08/09/2016.", "entry_date": "8/9/2016"}, {"date": "8/4/2016", "number": "196", "contents": "<span class='description'>OTHERS PRESENT: C. LICANDRO, FOR POLIMENI, M.</span> entered 08/09/2016.", "entry_date": "8/9/2016"}, {"date": "8/4/2016", "number": "195", "contents": "<span class='description'>ASST. STATE ATTY. POLIMENI, MATTHEW JOSEPH</span> entered 08/09/2016.", "entry_date": "8/9/2016"}, {"date": "8/4/2016", "number": "194", "contents": "<span class='description'>JUDGE WHITTINGTON, STEVEN B</span> entered 08/09/2016.", "entry_date": "8/9/2016"}, {"date": "8/3/2016", "number": "193", "contents": "<span class='description'>08/08/16 JS</span> entered 08/03/2016.", "entry_date": "8/3/2016"}, {"date": "8/3/2016", "number": "192", "contents": "<span class='description'>FINAL PRETRIAL 08/04/2016 9:00 AM - 308 3RD FLOOR, 501 W ADAMS ST JACKSONVILLE FL 32202</span> entered 08/03/2016.", "entry_date": "8/3/2016"}, {"date": "8/3/2016", "number": "191", "contents": "<span class='description'>DEFENDANT PRESENT IN JAIL</span> entered 08/03/2016.", "entry_date": "8/3/2016"}, {"date": "8/3/2016", "number": "190", "contents": "<span class='description'>ATTY. FOR DEF. WRIGHT, REGINA LAVERNE</span> entered 08/03/2016.", "entry_date": "8/3/2016"}, {"date": "8/3/2016", "number": "189", "contents": "<span class='description'>ASST. STATE ATTY. LICANDRO, CATHERINE MITCHELL</span> entered 08/03/2016.", "entry_date": "8/3/2016"}, {"date": "8/3/2016", "number": "188", "contents": "<span class='description'>JUDGE WHITTINGTON, STEVEN B</span> entered 08/03/2016.", "entry_date": "8/3/2016"}, {"date": "7/6/2016", "number": "187", "contents": "<span class='description'>COURT ORDER (AMENDED) SETTING JURY TRIAL AND PRE-TRIAL DEADLINES</span> entered 07/06/2016.", "entry_date": "7/6/2016"}, {"date": "6/30/2016", "number": "186", "contents": "<span class='description'>STRIKE: 08/01/16 COURT DATE</span> entered 06/30/2016.", "entry_date": "6/30/2016"}, {"date": "6/30/2016", "number": "185", "contents": "<span class='description'>08/08/16 JS</span> entered 06/30/2016.", "entry_date": "6/30/2016"}, {"date": "6/30/2016", "number": "184", "contents": "<span class='description'>FINAL PRETRIAL 08/03/2016 9:00 AM - 308 3RD FLOOR, 501 W ADAMS ST JACKSONVILLE FL 32202</span> entered 06/30/2016.", "entry_date": "6/30/2016"}, {"date": "6/30/2016", "number": "183", "contents": "<span class='description'>DEFENDANT PRESENT IN JAIL</span> entered 06/30/2016.", "entry_date": "6/30/2016"}, {"date": "6/30/2016", "number": "182", "contents": "<span class='description'>ATTY. FOR DEF. WRIGHT, REGINA LAVERNE</span> entered 06/30/2016.", "entry_date": "6/30/2016"}, {"date": "6/30/2016", "number": "181", "contents": "<span class='description'>ASST. STATE ATTY. LICANDRO, CATHERINE MITCHELL</span> entered 06/30/2016.", "entry_date": "6/30/2016"}, {"date": "6/30/2016", "number": "180", "contents": "<span class='description'>JUDGE WHITTINGTON, STEVEN B</span> entered 06/30/2016.", "entry_date": "6/30/2016"}, {"date": "6/3/2016", "number": "179", "contents": "<span class='description'>08/01/16 FPT &amp; 08/08/16 JS</span> entered 06/03/2016.", "entry_date": "6/3/2016"}, {"date": "6/3/2016", "number": "178", "contents": "<span class='description'>PRETRIAL 06/30/2016 9:00 AM - 308 3RD FLOOR, 501 W ADAMS ST JACKSONVILLE FL 32202</span> entered 06/03/2016.", "entry_date": "6/3/2016"}, {"date": "6/3/2016", "number": "177", "contents": "<span class='description'>DEFENDANT PRESENT IN JAIL</span> entered 06/03/2016.", "entry_date": "6/3/2016"}, {"date": "6/3/2016", "number": "176", "contents": "<span class='description'>ATTY. FOR DEF. WRIGHT, REGINA LAVERNE</span> entered 06/03/2016.", "entry_date": "6/3/2016"}, {"date": "6/3/2016", "number": "175", "contents": "<span class='description'>ASST. STATE ATTY. LICANDRO, CATHERINE MITCHELL</span> entered 06/03/2016.", "entry_date": "6/3/2016"}, {"date": "6/3/2016", "number": "174", "contents": "<span class='description'>JUDGE WHITTINGTON, STEVEN B</span> entered 06/03/2016.", "entry_date": "6/3/2016"}, {"date": "5/19/2016", "number": "173", "contents": "<span class='description'>8/1/16 FPT &amp; 8/8/16 JS</span> entered 05/19/2016.", "entry_date": "5/19/2016"}, {"date": "5/19/2016", "number": "172", "contents": "<span class='description'>PRETRIAL 06/03/2016 9:00 AM - 308 3RD FLOOR, 501 W ADAMS ST JACKSONVILLE FL 32202</span> entered 05/19/2016.", "entry_date": "5/19/2016"}, {"date": "5/19/2016", "number": "171", "contents": "<span class='description'>&gt; ATTORNEY NOT PRESENT</span> entered 05/19/2016.", "entry_date": "5/19/2016"}, {"date": "5/19/2016", "number": "170", "contents": "<span class='description'>DEFENDANT NOT PRESENT</span> entered 05/19/2016.", "entry_date": "5/19/2016"}, {"date": "5/19/2016", "number": "169", "contents": "<span class='description'>ATTY. FOR DEF. WRIGHT, REGINA LAVERNE</span> entered 05/19/2016.", "entry_date": "5/19/2016"}, {"date": "5/19/2016", "number": "168", "contents": "<span class='description'>ASST. STATE ATTY. LICANDRO, CATHERINE MITCHELL</span> entered 05/19/2016.", "entry_date": "5/19/2016"}, {"date": "5/19/2016", "number": "167", "contents": "<span class='description'>JUDGE WHITTINGTON, STEVEN B</span> entered 05/19/2016.", "entry_date": "5/19/2016"}, {"date": "4/25/2016", "number": "166", "contents": "<span class='description'>COURT ORDER SETTING JURY TRIAL AND PRE-TRIAL DEADLINES</span> entered 04/26/2016.", "entry_date": "4/26/2016"}, {"date": "4/21/2016", "number": "165", "contents": "<span class='description'>8/1/16 FPT; 8/8/16 JS</span> entered 04/21/2016.", "entry_date": "4/21/2016"}, {"date": "4/21/2016", "number": "164", "contents": "<span class='description'>PRETRIAL 05/19/2016 9:00 AM - 308 3RD FLOOR, 501 W ADAMS ST JACKSONVILLE FL 32202</span> entered 04/21/2016.", "entry_date": "4/21/2016"}, {"date": "4/21/2016", "number": "163", "contents": "<span class='description'>DEFENDANT PRESENT IN JAIL</span> entered 04/21/2016.", "entry_date": "4/21/2016"}, {"date": "4/21/2016", "number": "162", "contents": "<span class='description'>ATTY. FOR DEF. WRIGHT, REGINA LAVERNE</span> entered 04/21/2016.", "entry_date": "4/21/2016"}, {"date": "4/21/2016", "number": "161", "contents": "<span class='description'>ASST. STATE ATTY. LICANDRO, CATHERINE MITCHELL</span> entered 04/21/2016.", "entry_date": "4/21/2016"}, {"date": "4/21/2016", "number": "160", "contents": "<span class='description'>JUDGE WHITTINGTON, STEVEN B</span> entered 04/21/2016.", "entry_date": "4/21/2016"}, {"date": "4/13/2016", "number": "159", "contents": "<span class='description'>TRIAL ASSISTANT STATE ATTORNEY CHANGED TO Licandro, Catherine Mitchell PER SAO</span> entered 04/13/2016.", "entry_date": "4/13/2016"}, {"date": "3/23/2016", "number": "158", "contents": "<span class='description'>PRETRIAL 04/21/2016 9:00 AM - 308 3RD FLOOR, 501 W ADAMS ST JACKSONVILLE FL 32202</span> entered 03/23/2016.", "entry_date": "3/23/2016"}, {"date": "3/23/2016", "number": "157", "contents": "<span class='description'>DEFENDANT APPEARANCE WAIVED</span> entered 03/23/2016.", "entry_date": "3/23/2016"}, {"date": "3/23/2016", "number": "156", "contents": "<span class='description'>ATTY. FOR DEF. WRIGHT, REGINA LAVERNE</span> entered 03/23/2016.", "entry_date": "3/23/2016"}, {"date": "3/23/2016", "number": "155", "contents": "<span class='description'>ASST. STATE ATTY. POLIMENI, MATTHEW JOSEPH</span> entered 03/23/2016.", "entry_date": "3/23/2016"}, {"date": "3/23/2016", "number": "154", "contents": "<span class='description'>JUDGE WHITTINGTON, STEVEN B</span> entered 03/23/2016.", "entry_date": "3/23/2016"}, {"date": "3/2/2016", "number": "153", "contents": "<span class='description'>PRETRIAL 03/23/2016 9:00 AM - 308 3RD FLOOR, 501 W ADAMS ST JACKSONVILLE FL 32202</span> entered 03/02/2016.", "entry_date": "3/2/2016"}, {"date": "3/2/2016", "number": "152", "contents": "<span class='description'>DEFENDANT PRESENT IN JAIL</span> entered 03/02/2016.", "entry_date": "3/2/2016"}, {"date": "3/2/2016", "number": "151", "contents": "<span class='description'>ATTY. FOR DEF. WRIGHT, REGINA LAVERNE</span> entered 03/02/2016.", "entry_date": "3/2/2016"}, {"date": "3/2/2016", "number": "150", "contents": "<span class='description'>ASST. STATE ATTY. POLIMENI, MATTHEW JOSEPH</span> entered 03/02/2016.", "entry_date": "3/2/2016"}, {"date": "3/2/2016", "number": "149", "contents": "<span class='description'>JUDGE WHITTINGTON, STEVEN B</span> entered 03/02/2016.", "entry_date": "3/2/2016"}, {"date": "2/24/2016", "number": "148", "contents": "<span class='description'>PRETRIAL 03/02/2016 9:00 AM - 308 3RD FLOOR, 501 W ADAMS ST JACKSONVILLE FL 32202</span> entered 02/24/2016.", "entry_date": "2/24/2016"}, {"date": "2/24/2016", "number": "147", "contents": "<span class='description'>DEFENDANT PRESENT IN JAIL</span> entered 02/24/2016.", "entry_date": "2/24/2016"}, {"date": "2/24/2016", "number": "146", "contents": "<span class='description'>ATTY. FOR DEF. WRIGHT, REGINA LAVERNE</span> entered 02/24/2016.", "entry_date": "2/24/2016"}, {"date": "2/24/2016", "number": "145", "contents": "<span class='description'>PUBLIC DEFENDER PERMITTED TO WITHDRAW AS COUNSEL FOR DEF. -PRIVATE COUNSEL</span> entered 02/24/2016.", "entry_date": "2/24/2016"}, {"date": "2/24/2016", "number": "144", "contents": "<span class='description'>ASST. PUB. DEF. SAALFIELD, ROYCE BOYD</span> entered 02/24/2016.", "entry_date": "2/24/2016"}, {"date": "2/24/2016", "number": "143", "contents": "<span class='description'>ASST. STATE ATTY. POLIMENI, MATTHEW JOSEPH</span> entered 02/24/2016.", "entry_date": "2/24/2016"}, {"date": "2/24/2016", "number": "142", "contents": "<span class='description'>JUDGE WHITTINGTON, STEVEN B</span> entered 02/24/2016.", "entry_date": "2/24/2016"}, {"link_viewer": "https://www.docketalarm.com/cases/Florida_State_Duval_County_Fourth_Circuit_Court/2015-CF-001629/DOMINIQUE_LYNNARD_BERKELEY/141/", "number": "141", "link": "https://www.docketalarm.com/cases/Florida_State_Duval_County_Fourth_Circuit_Court/2015-CF-001629/DOMINIQUE_LYNNARD_BERKELEY/docs/141.pdf", "entry_date": "2/11/2016", "date": "2/10/2016", "contents": "<a href=\"/cases/Florida_State_Duval_County_Fourth_Circuit_Court/2015-CF-001629/DOMINIQUE_LYNNARD_BERKELEY/141/\"><span class='description'>NOTICE OF APPEARANCE</span></a> entered 02/11/2016."}, {"date": "1/29/2016", "number": "140", "contents": "<span class='description'>PRETRIAL 02/24/2016 9:00 AM - 308 3RD FLOOR, 501 W ADAMS ST JACKSONVILLE FL 32202</span> entered 01/29/2016.", "entry_date": "1/29/2016"}, {"date": "1/29/2016", "number": "139", "contents": "<span class='description'>DEFENSE/STATE'S ORAL MOTION FOR CONTINUANCE (DEFENSE) - GRANTED WITHOUT OBJECTION **STRIKE 2/1/16 JS**</span> entered 01/29/2016.", "entry_date": "1/29/2016"}, {"date": "1/29/2016", "number": "138", "contents": "<span class='description'>DEFENDANT PRESENT IN JAIL</span> entered 01/29/2016.", "entry_date": "1/29/2016"}, {"date": "1/29/2016", "number": "137", "contents": "<span class='description'>ASST. PUB. DEF. SAALFIELD, ROYCE BOYD</span> entered 01/29/2016.", "entry_date": "1/29/2016"}, {"date": "1/29/2016", "number": "136", "contents": "<span class='description'>ASST. STATE ATTY. POLIMENI, MATTHEW JOSEPH</span> entered 01/29/2016.", "entry_date": "1/29/2016"}, {"date": "1/29/2016", "number": "135", "contents": "<span class='description'>JUDGE SALVADOR, TATIANA</span> entered 01/29/2016.", "entry_date": "1/29/2016"}, {"date": "1/27/2016", "number": "134", "contents": "<span class='description'>2/1/16 JS</span> entered 01/27/2016.", "entry_date": "1/27/2016"}, {"date": "1/27/2016", "number": "133", "contents": "<span class='description'>FINAL PRETRIAL 01/29/2016 9:00 AM - 306 3RD FLOOR, 501 W ADAMS ST JACKSONVILLE FL 32202</span> entered 01/27/2016.", "entry_date": "1/27/2016"}, {"date": "1/27/2016", "number": "132", "contents": "<span class='description'>NELSON HEARING : HELD IN FULL - FOUND BASELESS</span> entered 01/27/2016.", "entry_date": "1/27/2016"}, {"date": "1/27/2016", "number": "131", "contents": "<span class='description'>DEFENDANT PRESENT IN JAIL</span> entered 01/27/2016.", "entry_date": "1/27/2016"}, {"date": "1/27/2016", "number": "130", "contents": "<span class='description'>ASST. PUB. DEF. SAALFIELD, ROYCE BOYD</span> entered 01/27/2016.", "entry_date": "1/27/2016"}, {"date": "1/27/2016", "number": "129", "contents": "<span class='description'>ASST. STATE ATTY. POLIMENI, MATTHEW JOSEPH</span> entered 01/27/2016.", "entry_date": "1/27/2016"}, {"date": "1/27/2016", "number": "128", "contents": "<span class='description'>JUDGE SALVADOR, TATIANA</span> entered 01/27/2016.", "entry_date": "1/27/2016"}, {"date": "1/25/2016", "number": "127", "contents": "<span class='description'>2/1/16 JS</span> entered 01/25/2016.", "entry_date": "1/25/2016"}, {"date": "1/25/2016", "number": "126", "contents": "<span class='description'>FINAL PRETRIAL 01/27/2016 9:00 AM - 306 3RD FLOOR, 501 W ADAMS ST JACKSONVILLE FL 32202</span> entered 01/25/2016.", "entry_date": "1/25/2016"}, {"date": "1/25/2016", "number": "125", "contents": "<span class='description'>DEFENDANT PRESENT IN JAIL</span> entered 01/25/2016.", "entry_date": "1/25/2016"}, {"date": "1/25/2016", "number": "124", "contents": "<span class='description'>ASST. PUB. DEF. SAALFIELD, ROYCE BOYD</span> entered 01/25/2016.", "entry_date": "1/25/2016"}, {"date": "1/25/2016", "number": "123", "contents": "<span class='description'>ASST. STATE ATTY. POLIMENI, MATTHEW JOSEPH</span> entered 01/25/2016.", "entry_date": "1/25/2016"}, {"date": "1/25/2016", "number": "122", "contents": "<span class='description'>JUDGE SALVADOR, TATIANA</span> entered 01/25/2016.", "entry_date": "1/25/2016"}, {"date": "1/11/2016", "number": "121", "contents": "<span class='description'>2/1/16 JS</span> entered 01/11/2016.", "entry_date": "1/11/2016"}, {"date": "1/11/2016", "number": "120", "contents": "<span class='description'>FINAL PRETRIAL 01/25/2016 9:00 AM - 306 3RD FLOOR, 501 W ADAMS ST JACKSONVILLE FL 32202</span> entered 01/11/2016.", "entry_date": "1/11/2016"}, {"date": "1/11/2016", "number": "119", "contents": "<span class='description'>DEFENDANT PRESENT IN JAIL</span> entered 01/11/2016.", "entry_date": "1/11/2016"}, {"date": "1/11/2016", "number": "118", "contents": "<span class='description'>ASST. PUB. DEF. SAALFIELD, ROYCE BOYD</span> entered 01/11/2016.", "entry_date": "1/11/2016"}, {"date": "1/11/2016", "number": "117", "contents": "<span class='description'>ASST. STATE ATTY. POLIMENI, MATTHEW JOSEPH</span> entered 01/11/2016.", "entry_date": "1/11/2016"}, {"date": "1/11/2016", "number": "116", "contents": "<span class='description'>JUDGE SALVADOR, TATIANA</span> entered 01/11/2016.", "entry_date": "1/11/2016"}, {"date": "12/2/2015", "number": "115", "contents": "<span class='description'>SUBPOENA FOR DEPOSITION</span> entered 12/03/2015.", "entry_date": "12/3/2015"}, {"date": "12/1/2015", "number": "114", "contents": "<span class='description'>NOTICE OF TAKING DEPOSITION</span> entered 12/03/2015.", "entry_date": "12/3/2015"}, {"date": "11/19/2015", "number": "113", "contents": "<span class='description'>COURT ORDER GRANTING MOTION TO REDUCE BOND - SET @ $50,003.00 AS TO THIS CASE</span> entered 11/24/2015.", "entry_date": "11/24/2015"}, {"date": "11/19/2015", "number": "112", "contents": "<span class='description'>&gt; CANCEL REASON - CREATED IN ERROR</span> entered 11/19/2015.", "entry_date": "11/19/2015"}, {"date": "11/19/2015", "number": "111", "contents": "<span class='description'>CANCELLED PRETRIAL ON 1/11/2016 9:00:00 AM</span> entered 11/19/2015.", "entry_date": "11/19/2015"}, {"date": "11/19/2015", "number": "110", "contents": "<span class='description'>1/25/16 FPT; 2/1/16 JS</span> entered 11/19/2015.", "entry_date": "11/19/2015"}, {"date": "11/19/2015", "number": "109", "contents": "<span class='description'>PRETRIAL 01/11/2016 9:00 AM - 306 3RD FLOOR, 501 W ADAMS ST JACKSONVILLE FL 32202</span> entered 11/19/2015.", "entry_date": "11/19/2015"}, {"date": "11/19/2015", "number": "108", "contents": "<span class='description'>CLERKS MEMO OF HEARING</span> entered 11/19/2015.", "entry_date": "11/19/2015"}, {"date": "11/19/2015", "number": "107", "contents": "<span class='description'>BOND SET AT $50,003.00</span> entered 11/19/2015.", "entry_date": "11/19/2015"}, {"date": "11/19/2015", "number": "106", "contents": "<span class='description'>HEARING ON MOTION TO REDUCE BOND HELD IN FULL IT WAS GRANTED AS TO THIS CASE</span> entered 11/19/2015.", "entry_date": "11/19/2015"}, {"date": "11/19/2015", "number": "105", "contents": "<span class='description'>DEFENDANT PRESENT IN JAIL</span> entered 11/19/2015.", "entry_date": "11/19/2015"}, {"date": "11/19/2015", "number": "104", "contents": "<span class='description'>ASST. PUB. DEF. SAALFIELD, ROYCE BOYD</span> entered 11/19/2015.", "entry_date": "11/19/2015"}, {"date": "11/19/2015", "number": "103", "contents": "<span class='description'>ASST. STATE ATTY. POLIMENI, MATTHEW JOSEPH</span> entered 11/19/2015.", "entry_date": "11/19/2015"}, {"date": "11/19/2015", "number": "102", "contents": "<span class='description'>JUDGE SALVADOR, TATIANA</span> entered 11/19/2015.", "entry_date": "11/19/2015"}, {"date": "11/16/2015", "number": "101", "contents": "<span class='description'>@ 9:30 AM // 1/25/16 FPT; 2/1/16 JS</span> entered 11/16/2015.", "entry_date": "11/16/2015"}, {"date": "11/16/2015", "number": "100", "contents": "<span class='description'>BOND HEARING 11/19/2015 9:00 AM - 306 3RD FLOOR, 501 W ADAMS ST JACKSONVILLE FL 32202</span> entered 11/16/2015.", "entry_date": "11/16/2015"}, {"date": "11/16/2015", "number": "99", "contents": "<span class='description'>DEFENDANT PRESENT IN JAIL</span> entered 11/16/2015.", "entry_date": "11/16/2015"}, {"date": "11/16/2015", "number": "98", "contents": "<span class='description'>ASST. PUB. DEF. SAALFIELD, ROYCE BOYD</span> entered 11/16/2015.", "entry_date": "11/16/2015"}, {"date": "11/16/2015", "number": "97", "contents": "<span class='description'>ASST. STATE ATTY. POLIMENI, MATTHEW JOSEPH</span> entered 11/16/2015.", "entry_date": "11/16/2015"}, {"date": "11/16/2015", "number": "96", "contents": "<span class='description'>JUDGE SALVADOR, TATIANA</span> entered 11/16/2015.", "entry_date": "11/16/2015"}, {"date": "11/13/2015", "number": "95", "contents": "<span class='description'>MOTION TO REDUCE BOND</span> entered 11/18/2015.", "entry_date": "11/18/2015"}, {"date": "11/2/2015", "number": "94", "contents": "<span class='description'>1/25/16 FPT; 2/1/16 JS</span> entered 11/02/2015.", "entry_date": "11/2/2015"}, {"date": "11/2/2015", "number": "93", "contents": "<span class='description'>PRETRIAL 11/16/2015 9:00 AM - 306 3RD FLOOR, 501 W ADAMS ST JACKSONVILLE FL 32202</span> entered 11/02/2015.", "entry_date": "11/2/2015"}, {"date": "11/2/2015", "number": "92", "contents": "<span class='description'>DEFENSE/STATE'S ORAL MOTION FOR CONTINUANCE (DEFENSE) - GRANTED WITHOUT OBJECTION</span> entered 11/02/2015.", "entry_date": "11/2/2015"}, {"date": "11/2/2015", "number": "91", "contents": "<span class='description'>DEFENDANT PRESENT IN JAIL</span> entered 11/02/2015.", "entry_date": "11/2/2015"}, {"date": "11/2/2015", "number": "90", "contents": "<span class='description'>ASST. PUB. DEF. SAALFIELD, ROYCE BOYD</span> entered 11/02/2015.", "entry_date": "11/2/2015"}, {"date": "11/2/2015", "number": "89", "contents": "<span class='description'>ASST. STATE ATTY. POLIMENI, MATTHEW JOSEPH</span> entered 11/02/2015.", "entry_date": "11/2/2015"}, {"date": "11/2/2015", "number": "88", "contents": "<span class='description'>JUDGE SALVADOR, TATIANA</span> entered 11/02/2015.", "entry_date": "11/2/2015"}, {"date": "10/26/2015", "number": "87", "contents": "<span class='description'>11/9/15 JS</span> entered 10/26/2015.", "entry_date": "10/26/2015"}, {"date": "10/26/2015", "number": "86", "contents": "<span class='description'>FINAL PRETRIAL 11/02/2015 9:00 AM - 306 3RD FLOOR, 501 W ADAMS ST JACKSONVILLE FL 32202</span> entered 10/26/2015.", "entry_date": "10/26/2015"}, {"date": "10/26/2015", "number": "85", "contents": "<span class='description'>DEFENDANT PRESENT IN JAIL</span> entered 10/26/2015.", "entry_date": "10/26/2015"}, {"date": "10/26/2015", "number": "84", "contents": "<span class='description'>ASST. PUB. DEF. SAALFIELD, ROYCE BOYD</span> entered 10/26/2015.", "entry_date": "10/26/2015"}, {"date": "10/26/2015", "number": "83", "contents": "<span class='description'>ASST. STATE ATTY. POLIMENI, MATTHEW JOSEPH</span> entered 10/26/2015.", "entry_date": "10/26/2015"}, {"date": "10/26/2015", "number": "82", "contents": "<span class='description'>JUDGE SALVADOR, TATIANA</span> entered 10/26/2015.", "entry_date": "10/26/2015"}, {"date": "10/22/2015", "number": "81", "contents": "<span class='description'>SUBPOENA FOR DEPOSITION</span> entered 10/23/2015.", "entry_date": "10/23/2015"}, {"date": "10/15/2015", "number": "80", "contents": "<span class='description'>NOTICE OF TAKING DEPOSITION</span> entered 10/16/2015.", "entry_date": "10/16/2015"}, {"date": "10/5/2015", "number": "79", "contents": "<span class='description'>11/2/15 FPT; 11/9/15 JS</span> entered 10/05/2015.", "entry_date": "10/5/2015"}, {"date": "10/5/2015", "number": "78", "contents": "<span class='description'>PRETRIAL 10/26/2015 9:00 AM - 306 3RD FLOOR, 501 W ADAMS ST JACKSONVILLE FL 32202</span> entered 10/05/2015.", "entry_date": "10/5/2015"}, {"date": "10/5/2015", "number": "77", "contents": "<span class='description'>DEFENDANT PRESENT IN JAIL</span> entered 10/05/2015.", "entry_date": "10/5/2015"}, {"date": "10/5/2015", "number": "76", "contents": "<span class='description'>ASST. PUB. DEF. SAALFIELD, ROYCE BOYD</span> entered 10/05/2015.", "entry_date": "10/5/2015"}, {"date": "10/5/2015", "number": "75", "contents": "<span class='description'>ASST. STATE ATTY. POLIMENI, MATTHEW JOSEPH</span> entered 10/05/2015.", "entry_date": "10/5/2015"}, {"date": "10/5/2015", "number": "74", "contents": "<span class='description'>JUDGE SALVADOR, TATIANA</span> entered 10/05/2015.", "entry_date": "10/5/2015"}, {"date": "8/24/2015", "number": "73", "contents": "<span class='description'>11/02/2015 FPT &amp; 11/09/2015 JS</span> entered 08/24/2015.", "entry_date": "8/24/2015"}, {"date": "8/24/2015", "number": "72", "contents": "<span class='description'>PRETRIAL 10/05/2015 9:00 AM - 306 3RD FLOOR, 501 W ADAMS ST JACKSONVILLE FL 32202</span> entered 08/24/2015.", "entry_date": "8/24/2015"}, {"date": "8/24/2015", "number": "71", "contents": "<span class='description'>DEFENDANT PRESENT IN JAIL</span> entered 08/24/2015.", "entry_date": "8/24/2015"}, {"date": "8/24/2015", "number": "70", "contents": "<span class='description'>ASST. PUB. DEF. SAALFIELD, ROYCE BOYD</span> entered 08/24/2015.", "entry_date": "8/24/2015"}, {"date": "8/24/2015", "number": "69", "contents": "<span class='description'>ASST. STATE ATTY. POLIMENI, MATTHEW JOSEPH</span> entered 08/24/2015.", "entry_date": "8/24/2015"}, {"date": "8/24/2015", "number": "68", "contents": "<span class='description'>JUDGE SALVADOR, TATIANA</span> entered 08/24/2015.", "entry_date": "8/24/2015"}, {"date": "8/3/2015", "number": "67", "contents": "<span class='description'>PRETRIAL 08/24/2015 9:00 AM - 306 3RD FLOOR, 501 W ADAMS ST JACKSONVILLE FL 32202</span> entered 08/03/2015.", "entry_date": "8/3/2015"}, {"date": "8/3/2015", "number": "66", "contents": "<span class='description'>DEFENSE/STATE'S ORAL MOTION FOR CONTINUANCE (DEFENSE) GRANTED-NO OBJECTION BY STATE - STRIKE 8/10/15 JS</span> entered 08/03/2015.", "entry_date": "8/3/2015"}, {"date": "8/3/2015", "number": "65", "contents": "<span class='description'>DEFENDANT PRESENT IN JAIL</span> entered 08/03/2015.", "entry_date": "8/3/2015"}, {"date": "8/3/2015", "number": "64", "contents": "<span class='description'>ASST. PUB. DEF. SAALFIELD, ROYCE BOYD</span> entered 08/03/2015.", "entry_date": "8/3/2015"}, {"date": "8/3/2015", "number": "63", "contents": "<span class='description'>ASST. STATE ATTY. POLIMENI, MATTHEW JOSEPH</span> entered 08/03/2015.", "entry_date": "8/3/2015"}, {"date": "8/3/2015", "number": "62", "contents": "<span class='description'>JUDGE SALVADOR, TATIANA</span> entered 08/03/2015.", "entry_date": "8/3/2015"}, {"date": "7/20/2015", "number": "61", "contents": "<span class='description'>MOTION TO CONSOLIDATE RELATED OFFENSES</span> entered 07/22/2015.", "entry_date": "7/22/2015"}, {"date": "7/20/2015", "number": "60", "contents": "<span class='description'>8/10/15 JS</span> entered 07/20/2015.", "entry_date": "7/20/2015"}, {"date": "7/20/2015", "number": "59", "contents": "<span class='description'>FINAL PRETRIAL 08/03/2015 9:00 AM - 306 3RD FLOOR, 501 W ADAMS ST JACKSONVILLE FL 32202</span> entered 07/20/2015.", "entry_date": "7/20/2015"}, {"date": "7/20/2015", "number": "58", "contents": "<span class='description'>MOTION TO CONSOLIDATE CASES - FILED; GRANTED</span> entered 07/20/2015.", "entry_date": "7/20/2015"}, {"date": "7/20/2015", "number": "57", "contents": "<span class='description'>DEFENDANT PRESENT IN JAIL</span> entered 07/20/2015.", "entry_date": "7/20/2015"}, {"date": "7/20/2015", "number": "56", "contents": "<span class='description'>ASST. PUB. DEF. SAALFIELD, ROYCE BOYD</span> entered 07/20/2015.", "entry_date": "7/20/2015"}, {"date": "7/20/2015", "number": "55", "contents": "<span class='description'>ASST. STATE ATTY. POLIMENI, MATTHEW JOSEPH</span> entered 07/20/2015.", "entry_date": "7/20/2015"}, {"date": "7/20/2015", "number": "54", "contents": "<span class='description'>JUDGE SALVADOR, TATIANA</span> entered 07/20/2015.", "entry_date": "7/20/2015"}, {"date": "7/13/2015", "number": "53", "contents": "<span class='description'>STANDING ORDER GOVERNING PRE-TRIAL PROCEDURES AND THE TRIAL OF ALL CRIMINAL ACTIONS IN THE DIVISION OF THE CIRCUIT COURT OF THE FOURTH JUDICIAL CIRCUIT</span> entered 07/14/2015.", "entry_date": "7/14/2015"}, {"date": "7/13/2015", "number": "52", "contents": "<span class='description'>8/3/15 FPT; 8/10/15 JS</span> entered 07/13/2015.", "entry_date": "7/13/2015"}, {"date": "7/13/2015", "number": "51", "contents": "<span class='description'>HEARING ON MOTION (TO BE SET) 07/20/2015 9:00 AM - 306 3RD FLOOR, 501 W ADAMS ST JACKSONVILLE FL 32202</span> entered 07/13/2015.", "entry_date": "7/13/2015"}, {"date": "7/13/2015", "number": "50", "contents": "<span class='description'>DEFENDANT PRESENT IN JAIL</span> entered 07/13/2015.", "entry_date": "7/13/2015"}, {"date": "7/13/2015", "number": "49", "contents": "<span class='description'>ASST. PUB. DEF. SAALFIELD, ROYCE BOYD</span> entered 07/13/2015.", "entry_date": "7/13/2015"}, {"date": "7/13/2015", "number": "48", "contents": "<span class='description'>ASST. STATE ATTY. POLIMENI, MATTHEW JOSEPH</span> entered 07/13/2015.", "entry_date": "7/13/2015"}, {"date": "7/13/2015", "number": "47", "contents": "<span class='description'>JUDGE SALVADOR, TATIANA</span> entered 07/13/2015.", "entry_date": "7/13/2015"}, {"date": "7/6/2015", "number": "46", "contents": "<span class='description'>PRETRIAL 07/13/2015 9:00 AM - 306 3RD FLOOR, 501 W ADAMS ST JACKSONVILLE FL 32202</span> entered 07/06/2015.", "entry_date": "7/6/2015"}, {"date": "7/6/2015", "number": "45", "contents": "<span class='description'>DEFENDANT PRESENT IN JAIL</span> entered 07/06/2015.", "entry_date": "7/6/2015"}, {"date": "7/6/2015", "number": "44", "contents": "<span class='description'>ASST. PUB. DEF. SAALFIELD, ROYCE BOYD</span> entered 07/06/2015.", "entry_date": "7/6/2015"}, {"date": "7/6/2015", "number": "43", "contents": "<span class='description'>ASST. STATE ATTY. POLIMENI, MATTHEW JOSEPH</span> entered 07/06/2015.", "entry_date": "7/6/2015"}, {"date": "7/6/2015", "number": "42", "contents": "<span class='description'>JUDGE SALVADOR, TATIANA</span> entered 07/06/2015.", "entry_date": "7/6/2015"}, {"date": "6/22/2015", "number": "41", "contents": "<span class='description'>TRIAL ASSISTANT STATE ATTORNEY CHANGED TO Polimeni, Matthew Joseph PER SAO</span> entered 06/22/2015.", "entry_date": "6/22/2015"}, {"date": "6/22/2015", "number": "40", "contents": "<span class='description'>*PRETRIAL</span> entered 06/22/2015.", "entry_date": "6/22/2015"}, {"date": "6/22/2015", "number": "39", "contents": "<span class='description'>ARRAIGNMENT DATE 07/06/2015 9:00 AM - 306 3RD FLOOR, 501 W ADAMS ST JACKSONVILLE FL 32202</span> entered 06/22/2015.", "entry_date": "6/22/2015"}, {"date": "6/22/2015", "number": "38", "contents": "<span class='description'>PLEA OF NOT GUILTY</span> entered 06/22/2015.", "entry_date": "6/22/2015"}, {"date": "6/22/2015", "number": "37", "contents": "<span class='description'>DEF. W/READING OF INFO &amp; PLEAD NOT GUILTY</span> entered 06/22/2015.", "entry_date": "6/22/2015"}, {"date": "6/22/2015", "number": "36", "contents": "<span class='description'>DEFENDANT PRESENT IN JAIL</span> entered 06/22/2015.", "entry_date": "6/22/2015"}, {"date": "6/22/2015", "number": "35", "contents": "<span class='description'>ASST. PUB. DEF. SAALFIELD, ROYCE BOYD</span> entered 06/22/2015.", "entry_date": "6/22/2015"}, {"date": "6/22/2015", "number": "34", "contents": "<span class='description'>ASST. STATE ATTY. POLIMENI, MATTHEW JOSEPH</span> entered 06/22/2015.", "entry_date": "6/22/2015"}, {"date": "6/22/2015", "number": "33", "contents": "<span class='description'>JUDGE SALVADOR, TATIANA</span> entered 06/22/2015.", "entry_date": "6/22/2015"}, {"date": "6/22/2015", "number": "32", "contents": "<span class='description'>&gt; IN OPEN COURT</span> entered 06/22/2015.", "entry_date": "6/22/2015"}, {"date": "6/22/2015", "number": "31", "contents": "<span class='description'>INFORMATION FILED S784.021(1)(A) AGGRAVATED ASSAULT - DEADLY WEAPON</span> entered 06/22/2015.", "entry_date": "6/22/2015"}, {"date": "6/19/2015", "number": "30", "contents": "<span class='description'>ARRAIGNMENT COURT DATE: 06/30/2015 SUBJECT TO CHANGE. CALL FOR VERIFICATION</span> entered 06/22/2015.", "entry_date": "6/22/2015"}, {"date": "6/19/2015", "number": "29", "contents": "<span class='description'>PER JA EMAIL</span> entered 06/19/2015.", "entry_date": "6/19/2015"}, {"date": "6/19/2015", "number": "28", "contents": "<span class='description'>HEARING ON MOTION 06/22/2015 9:00 AM - 306 3RD FLOOR, 501 W ADAMS ST JACKSONVILLE FL 32202</span> entered 06/19/2015.", "entry_date": "6/19/2015"}, {"date": "6/15/2015", "number": "27", "contents": "<span class='description'>ARRAIGNMENT COURT DATE: 06/23/2015 SUBJECT TO CHANGE. CALL FOR VERIFICATION</span> entered 06/15/2015.", "entry_date": "6/15/2015"}, {"date": "6/8/2015", "number": "26", "contents": "<span class='description'>ARRAIGNMENT COURT DATE: 06/16/2015 SUBJECT TO CHANGE. CALL FOR VERIFICATION</span> entered 06/08/2015.", "entry_date": "6/8/2015"}, {"date": "6/1/2015", "number": "25", "contents": "<span class='description'>ARRAIGNMENT COURT DATE: 06/09/2015 SUBJECT TO CHANGE. CALL FOR VERIFICATION</span> entered 06/01/2015.", "entry_date": "6/1/2015"}, {"date": "5/22/2015", "number": "24", "contents": "<span class='description'>ARRAIGNMENT COURT DATE: 06/02/2015 SUBJECT TO CHANGE. CALL FOR VERIFICATION</span> entered 05/22/2015.", "entry_date": "5/22/2015"}, {"date": "5/18/2015", "number": "23", "contents": "<span class='description'>ARRAIGNMENT COURT DATE: 05/26/2015 SUBJECT TO CHANGE. CALL FOR VERIFICATION</span> entered 05/18/2015.", "entry_date": "5/18/2015"}, {"date": "5/11/2015", "number": "22", "contents": "<span class='description'>ARRAIGNMENT COURT DATE: 05/19/2015 SUBJECT TO CHANGE. CALL FOR VERIFICATION</span> entered 05/11/2015.", "entry_date": "5/11/2015"}, {"date": "5/4/2015", "number": "21", "contents": "<span class='description'>MOTION TO RELEASE DUE TO FAILURE OF THE STATE TO FILE CHARGES</span> entered 05/07/2015.", "entry_date": "5/7/2015"}, {"date": "5/4/2015", "number": "20", "contents": "<span class='description'>MOTION TO RELEASE DUE TO FAILURE OF THE STATE TO FILE CHARGES</span> entered 05/05/2015.", "entry_date": "5/5/2015"}, {"date": "5/4/2015", "number": "19", "contents": "<span class='description'>ARRAIGNMENT COURT DATE: 05/12/2015 SUBJECT TO CHANGE. CALL FOR VERIFICATION</span> entered 05/04/2015.", "entry_date": "5/4/2015"}, {"date": "4/27/2015", "number": "18", "contents": "<span class='description'>ARRAIGNMENT COURT DATE: 05/05/2015 SUBJECT TO CHANGE. CALL FOR VERIFICATION</span> entered 04/27/2015.", "entry_date": "4/27/2015"}, {"date": "4/20/2015", "number": "17", "contents": "<span class='description'>ARRAIGNMENT COURT DATE: 04/27/2015 SUBJECT TO CHANGE. CALL FOR VERIFICATION</span> entered 04/20/2015.", "entry_date": "4/20/2015"}, {"date": "4/10/2015", "number": "16", "contents": "<span class='description'>ARRAIGNMENT COURT DATE: 04/21/2015 SUBJECT TO CHANGE. CALL FOR VERIFICATION</span> entered 04/13/2015.", "entry_date": "4/13/2015"}, {"date": "4/6/2015", "number": "15", "contents": "<span class='description'>ARRAIGNMENT COURT DATE: 04/14/2015 SUBJECT TO CHANGE. CALL FOR VERIFICATION</span> entered 04/06/2015.", "entry_date": "4/6/2015"}, {"date": "3/30/2015", "number": "14", "contents": "<span class='description'>MOTION TO RELEASE DUE TO FAILURE OF THE STATE TO FILE CHARGES</span> entered 04/02/2015.", "entry_date": "4/2/2015"}, {"date": "3/30/2015", "number": "13", "contents": "<span class='description'>ARRAIGNMENT COURT DATE: 04/07/2015 SUBJECT TO CHANGE. CALL FOR VERIFICATION</span> entered 03/30/2015.", "entry_date": "3/30/2015"}, {"date": "3/23/2015", "number": "12", "contents": "<span class='description'>ARRAIGNMENT COURT DATE: 03/31/2015 SUBJECT TO CHANGE. CALL FOR VERIFICATION</span> entered 03/23/2015.", "entry_date": "3/23/2015"}, {"date": "3/18/2015", "number": "11", "contents": "<span class='description'>MOTION TO RELEASE DUE TO FAILURE OF THE STATE TO FILE CHARGES</span> entered 03/19/2015.", "entry_date": "3/19/2015"}, {"date": "3/9/2015", "number": "10", "contents": "<span class='description'>ARRAIGNMENT COURT DATE: 03/24/2015 SUBJECT TO CHANGE. CALL FOR VERIFICATION</span> entered 03/11/2015.", "entry_date": "3/11/2015"}, {"date": "2/19/2015", "number": "9", "contents": "<span class='description'>ARRAIGNMENT COURT DATE: 03/12/2015 SUBJECT TO CHANGE. CALL FOR VERIFICATION</span> entered 02/20/2015.", "entry_date": "2/20/2015"}, {"date": "2/19/2015", "number": "8", "contents": "<span class='description'>FEES DUE: 3/23/2015</span> entered 02/20/2015.", "entry_date": "2/20/2015"}, {"date": "2/19/2015", "number": "7", "contents": "<span class='description'>PD APP FEE 50.00 IMPOSED</span> entered 02/20/2015.", "entry_date": "2/20/2015"}, {"link_viewer": "https://www.docketalarm.com/cases/Florida_State_Duval_County_Fourth_Circuit_Court/2015-CF-001629/DOMINIQUE_LYNNARD_BERKELEY/6/", "number": "6", "link": "https://www.docketalarm.com/cases/Florida_State_Duval_County_Fourth_Circuit_Court/2015-CF-001629/DOMINIQUE_LYNNARD_BERKELEY/docs/6.pdf", "entry_date": "2/20/2015", "date": "2/19/2015", "contents": "<a href=\"/cases/Florida_State_Duval_County_Fourth_Circuit_Court/2015-CF-001629/DOMINIQUE_LYNNARD_BERKELEY/6/\"><span class='description'>FINDING OF PROBABLE CAUSE ,</span></a> entered 02/20/2015."}, {"link_viewer": "https://www.docketalarm.com/cases/Florida_State_Duval_County_Fourth_Circuit_Court/2015-CF-001629/DOMINIQUE_LYNNARD_BERKELEY/5/", "number": "5", "link": "https://www.docketalarm.com/cases/Florida_State_Duval_County_Fourth_Circuit_Court/2015-CF-001629/DOMINIQUE_LYNNARD_BERKELEY/docs/5.pdf", "entry_date": "2/20/2015", "date": "2/19/2015", "contents": "<a href=\"/cases/Florida_State_Duval_County_Fourth_Circuit_Court/2015-CF-001629/DOMINIQUE_LYNNARD_BERKELEY/5/\"><span class='description'>DEFENDANT DECLARED INDIGENT, ORDER APPOINTING PUBLIC DEFENDER - FILED</span></a> entered 02/20/2015."}, {"link_viewer": "https://www.docketalarm.com/cases/Florida_State_Duval_County_Fourth_Circuit_Court/2015-CF-001629/DOMINIQUE_LYNNARD_BERKELEY/4/", "number": "4", "link": "https://www.docketalarm.com/cases/Florida_State_Duval_County_Fourth_Circuit_Court/2015-CF-001629/DOMINIQUE_LYNNARD_BERKELEY/docs/4.pdf", "entry_date": "2/20/2015", "date": "2/19/2015", "contents": "<a href=\"/cases/Florida_State_Duval_County_Fourth_Circuit_Court/2015-CF-001629/DOMINIQUE_LYNNARD_BERKELEY/4/\"><span class='description'>APPLICATION FOR CRIMINAL INDIGENT STATUS - FILED</span></a> entered 02/20/2015."}, {"date": "2/19/2015", "number": "3", "contents": "<span class='description'>BOND SET AT NONE</span> entered 02/20/2015.", "entry_date": "2/20/2015"}, {"date": "2/19/2015", "number": "2", "contents": "<span class='description'>S812.13(2)(A) ROBBERY - ARMED WITH FIREARM OR DEADLYWEAPON</span> entered 02/20/2015.", "entry_date": "2/20/2015"}, {"date": "2/19/2015", "number": "1", "contents": "<span class='description'>ARREST &amp; BOOKING REPORT 2015-004705 2/19/2015</span> entered 02/20/2015.", "entry_date": "2/20/2015"}], "analyze": {"last_analyze": "6/22/2020"}, "success": true, "parties": [{"race": "B", "name_normalized": "Dominique Lynnard Berkeley", "name": "DOMINIQUE LYNNARD BERKELEY", "sex": "Male", "other": [], "type": "Defendant"}]}