{"info": {"status": "DISPOSED", "division": "CR-I", "judges": ["ARNOLD, CHARLES W."], "court": "Florida State, Duval County, Fourth Circuit Court", "title": "REDNER LUCIOUS LUNDY", "date_filed": "1/25/2012", "link": "https://www.docketalarm.com/cases/Florida_State_Duval_County_Fourth_Circuit_Court/2012-CF-000843/REDNER_LUCIOUS_LUNDY/", "judges_normalized": ["Arnold Charles W."], "judge": "ARNOLD, CHARLES W.", "type": "Circuit Criminal", "docket": "2012-CF-000843"}, "docket_report": [{"date": "6/29/2019", "number": "50", "contents": "<span class='description'>PROCESSED RECALL FROM COLLECTIONS FROM MUNICIPAL SERVICES BUREAU (MSB)</span> entered 06/29/2019.", "entry_date": "6/29/2019"}, {"date": "6/1/2019", "number": "49", "contents": "<span class='description'>Fees Recalled from Collections Due to Termination of Vendor Contract with Municipal Services Bureau (MSB)</span> entered 06/01/2019.", "entry_date": "6/1/2019"}, {"date": "11/18/2013", "number": "48", "contents": "<span class='description'>RESPONSE TO REQUEST FOR DOCUMENTS FROM SAO</span> entered 11/18/2013.", "entry_date": "11/18/2013"}, {"date": "11/13/2013", "number": "47", "contents": "<span class='description'>REQUEST FOR DOCUMENTS FROM SAO</span> entered 11/14/2013.", "entry_date": "11/14/2013"}, {"date": "3/26/2013", "number": "46", "contents": "<span class='description'>CASE FESS $816.00 SENT TO COLLECTIONS ON 03/26/2013 AGENCY PIONEER CREDIT RECOVERY INC</span> entered 03/26/2013.", "entry_date": "3/26/2013"}, {"date": "9/5/2012", "number": "45", "contents": "<span class='description'>RECEIPT FOR CIVIL PROCESS, JAIL, WARRANTS</span> entered 10/08/2012.", "entry_date": "10/8/2012"}, {"date": "3/6/2012", "number": "44", "contents": "<span class='description'>COMMITMENT TO COUNTY JAIL</span> entered 03/06/2012.", "entry_date": "3/6/2012"}, {"date": "2/23/2012", "number": "43", "contents": "<span class='description'>STATE'S DISCOVERY EXHIBIT AND DEMAND FOR RECIPROCAL DISCOVERY</span> entered 03/06/2012.", "entry_date": "3/6/2012"}, {"link_viewer": "https://www.docketalarm.com/cases/Florida_State_Duval_County_Fourth_Circuit_Court/2012-CF-000843/REDNER_LUCIOUS_LUNDY/41/", "number": "41", "link": "https://www.docketalarm.com/cases/Florida_State_Duval_County_Fourth_Circuit_Court/2012-CF-000843/REDNER_LUCIOUS_LUNDY/docs/41.pdf", "entry_date": "2/23/2012", "date": "2/23/2012", "contents": "<a href=\"/cases/Florida_State_Duval_County_Fourth_Circuit_Court/2012-CF-000843/REDNER_LUCIOUS_LUNDY/41/\"><span class='description'>COURT ORDERED COSTS/FINES/FEES BOOK 15868 PAGE 1773-1774</span></a> entered 02/23/2012."}, {"link_viewer": "https://www.docketalarm.com/cases/Florida_State_Duval_County_Fourth_Circuit_Court/2012-CF-000843/REDNER_LUCIOUS_LUNDY/40/", "number": "40", "link": "https://www.docketalarm.com/cases/Florida_State_Duval_County_Fourth_Circuit_Court/2012-CF-000843/REDNER_LUCIOUS_LUNDY/docs/40.pdf", "entry_date": "2/23/2012", "date": "2/23/2012", "contents": "<a href=\"/cases/Florida_State_Duval_County_Fourth_Circuit_Court/2012-CF-000843/REDNER_LUCIOUS_LUNDY/40/\"><span class='description'>PAYMENT AUTHORIZATION SHEET</span></a> entered 02/23/2012."}, {"date": "2/23/2012", "number": "39", "contents": "<span class='description'>CONCURRENT WITH COUNT (1)</span> entered 02/23/2012.", "entry_date": "2/23/2012"}, {"date": "2/23/2012", "number": "38", "contents": "<span class='description'>CREDIT TIME: 29 DAYS</span> entered 02/23/2012.", "entry_date": "2/23/2012"}, {"date": "2/23/2012", "number": "37", "contents": "<span class='description'>JUDGMENT AND SENTENCE TO COUNTY JAIL FOR 29 DAYS</span> entered 02/23/2012.", "entry_date": "2/23/2012"}, {"date": "2/23/2012", "number": "36", "contents": "<span class='description'>DEF. ADJUDGED GUILTY - FINGERPRINTS TAKEN</span> entered 02/23/2012.", "entry_date": "2/23/2012"}, {"date": "2/23/2012", "number": "35", "contents": "<span class='description'>DEFENDANT PLEAD GUILTY</span> entered 02/23/2012.", "entry_date": "2/23/2012"}, {"date": "2/23/2012", "number": "34", "contents": "<span class='description'>FEES DUE: 12/26/2012</span> entered 02/23/2012.", "entry_date": "2/23/2012"}, {"date": "2/23/2012", "number": "33", "contents": "<span class='description'>CSTF 20.00 IMPOSED</span> entered 02/23/2012.", "entry_date": "2/23/2012"}, {"date": "2/23/2012", "number": "32", "contents": "<span class='description'>FDLE CL 100.00 IMPOSED</span> entered 02/23/2012.", "entry_date": "2/23/2012"}, {"date": "2/23/2012", "number": "31", "contents": "<span class='description'>SAIEF 100.00 IMPOSED</span> entered 02/23/2012.", "entry_date": "2/23/2012"}, {"date": "2/23/2012", "number": "30", "contents": "<span class='description'>AACC 65.00 IMPOSED</span> entered 02/23/2012.", "entry_date": "2/23/2012"}, {"date": "2/23/2012", "number": "29", "contents": "<span class='description'>SOCIF 100.00 IMPOSED</span> entered 02/23/2012.", "entry_date": "2/23/2012"}, {"date": "2/23/2012", "number": "28", "contents": "<span class='description'>TNC 3.00 IMPOSED</span> entered 02/23/2012.", "entry_date": "2/23/2012"}, {"date": "2/23/2012", "number": "27", "contents": "<span class='description'>PD FEE 100.00 IMPOSED</span> entered 02/23/2012.", "entry_date": "2/23/2012"}, {"date": "2/23/2012", "number": "26", "contents": "<span class='description'>LGTF 225.00 IMPOSED</span> entered 02/23/2012.", "entry_date": "2/23/2012"}, {"date": "2/23/2012", "number": "25", "contents": "<span class='description'>CCT 50.00 IMPOSED</span> entered 02/23/2012.", "entry_date": "2/23/2012"}, {"date": "2/23/2012", "number": "24", "contents": "<span class='description'>LEEA 3.00 IMPOSED</span> entered 02/23/2012.", "entry_date": "2/23/2012"}, {"date": "2/23/2012", "number": "23", "contents": "<span class='description'>CREDIT TIME: 29 DAYS</span> entered 02/23/2012.", "entry_date": "2/23/2012"}, {"link_viewer": "https://www.docketalarm.com/cases/Florida_State_Duval_County_Fourth_Circuit_Court/2012-CF-000843/REDNER_LUCIOUS_LUNDY/22/", "number": "22", "link": "https://www.docketalarm.com/cases/Florida_State_Duval_County_Fourth_Circuit_Court/2012-CF-000843/REDNER_LUCIOUS_LUNDY/docs/22.pdf", "entry_date": "2/23/2012", "date": "2/23/2012", "contents": "<a href=\"/cases/Florida_State_Duval_County_Fourth_Circuit_Court/2012-CF-000843/REDNER_LUCIOUS_LUNDY/22/\"><span class='description'>JUDGMENT AND SENTENCE TO COUNTY JAIL FOR 10 MONTHS BOOK 15868 PAGE 1738-1743</span></a> entered 02/23/2012."}, {"date": "2/23/2012", "number": "21", "contents": "<span class='description'>DEF. ADJUDGED GUILTY - FINGERPRINTS TAKEN</span> entered 02/23/2012.", "entry_date": "2/23/2012"}, {"date": "2/23/2012", "number": "20", "contents": "<span class='description'>DEFENDANT PLEAD GUILTY</span> entered 02/23/2012.", "entry_date": "2/23/2012"}, {"date": "2/23/2012", "number": "19", "contents": "<span class='description'>ACKNOWLEDGE. OF RIGHTS &amp; VOLUNTARINESS OF ENTRY OF PLEA</span> entered 02/23/2012.", "entry_date": "2/23/2012"}, {"date": "2/23/2012", "number": "18", "contents": "<span class='description'>DEF. PERMITTED TO W/D PLEA OF NOT GUILTY / TO GUILTY</span> entered 02/23/2012.", "entry_date": "2/23/2012"}, {"date": "2/23/2012", "number": "17", "contents": "<span class='description'>DEFENDANT PRESENT</span> entered 02/23/2012.", "entry_date": "2/23/2012"}, {"date": "2/23/2012", "number": "16", "contents": "<span class='description'>ASST. PUB. DEF. SADLER, KIMBERLY ANNE</span> entered 02/23/2012.", "entry_date": "2/23/2012"}, {"date": "2/23/2012", "number": "15", "contents": "<span class='description'>ASST. STATE ATTY. POLIMENI, MATTHEW JOSEPH</span> entered 02/23/2012.", "entry_date": "2/23/2012"}, {"date": "2/23/2012", "number": "14", "contents": "<span class='description'>JUDGE ARNOLD, CHARLES W</span> entered 02/23/2012.", "entry_date": "2/23/2012"}, {"date": "2/21/2012", "number": "13", "contents": "<span class='description'>ARRAIGNMENT DATE 02/23/2012 9:00 AM - 7 330 E BAY ST (CIRCUIT)</span> entered 02/22/2012.", "entry_date": "2/22/2012"}, {"date": "2/21/2012", "number": "12", "contents": "<span class='description'>INFORMATION FILED S806.13(1)(A) CRIMINAL MISCHIEF</span> entered 02/22/2012.", "entry_date": "2/22/2012"}, {"date": "2/21/2012", "number": "11", "contents": "<span class='description'>INFORMATION FILED S812.014(2)(C) GRAND THEFT ($300 &lt; $20,000)</span> entered 02/22/2012.", "entry_date": "2/22/2012"}, {"date": "2/14/2012", "number": "10", "contents": "<span class='description'>ARRAIGNMENT COURT DATE: 02/23/2012 SUBJECT TO CHANGE. CALL FOR VERIFICATION</span> entered 02/14/2012.", "entry_date": "2/14/2012"}, {"date": "1/25/2012", "number": "9", "contents": "<span class='description'>ARRAIGNMENT COURT DATE: 02/15/2012 SUBJECT TO CHANGE. CALL FOR VERIFICATION</span> entered 01/26/2012.", "entry_date": "1/26/2012"}, {"date": "1/25/2012", "number": "8", "contents": "<span class='description'>FEES DUE: 1/26/2012</span> entered 01/26/2012.", "entry_date": "1/26/2012"}, {"date": "1/25/2012", "number": "7", "contents": "<span class='description'>PD APP FEE 50.00 IMPOSED</span> entered 01/26/2012.", "entry_date": "1/26/2012"}, {"link_viewer": "https://www.docketalarm.com/cases/Florida_State_Duval_County_Fourth_Circuit_Court/2012-CF-000843/REDNER_LUCIOUS_LUNDY/6/", "number": "6", "link": "https://www.docketalarm.com/cases/Florida_State_Duval_County_Fourth_Circuit_Court/2012-CF-000843/REDNER_LUCIOUS_LUNDY/docs/6.pdf", "entry_date": "1/26/2012", "date": "1/25/2012", "contents": "<a href=\"/cases/Florida_State_Duval_County_Fourth_Circuit_Court/2012-CF-000843/REDNER_LUCIOUS_LUNDY/6/\"><span class='description'>FINDING OF PROBABLE CAUSE ,</span></a> entered 01/26/2012."}, {"link_viewer": "https://www.docketalarm.com/cases/Florida_State_Duval_County_Fourth_Circuit_Court/2012-CF-000843/REDNER_LUCIOUS_LUNDY/5/", "number": "5", "link": "https://www.docketalarm.com/cases/Florida_State_Duval_County_Fourth_Circuit_Court/2012-CF-000843/REDNER_LUCIOUS_LUNDY/docs/5.pdf", "entry_date": "1/26/2012", "date": "1/25/2012", "contents": "<a href=\"/cases/Florida_State_Duval_County_Fourth_Circuit_Court/2012-CF-000843/REDNER_LUCIOUS_LUNDY/5/\"><span class='description'>DEFENDANT DECLARED INDIGENT, ORDER APPOINTING PUBLIC DEFENDER - FILED</span></a> entered 01/26/2012."}, {"link_viewer": "https://www.docketalarm.com/cases/Florida_State_Duval_County_Fourth_Circuit_Court/2012-CF-000843/REDNER_LUCIOUS_LUNDY/4/", "number": "4", "link": "https://www.docketalarm.com/cases/Florida_State_Duval_County_Fourth_Circuit_Court/2012-CF-000843/REDNER_LUCIOUS_LUNDY/docs/4.pdf", "entry_date": "1/26/2012", "date": "1/25/2012", "contents": "<a href=\"/cases/Florida_State_Duval_County_Fourth_Circuit_Court/2012-CF-000843/REDNER_LUCIOUS_LUNDY/4/\"><span class='description'>APPLICATION FOR CRIMINAL INDIGENT STATUS - FILED</span></a> entered 01/26/2012."}, {"date": "1/25/2012", "number": "3", "contents": "<span class='description'>BOND SET AT $20,003.00</span> entered 01/26/2012.", "entry_date": "1/26/2012"}, {"date": "1/25/2012", "number": "2", "contents": "<span class='description'>S812.014(2)(C)1 GRAND THEFT - $300 - $4,999</span> entered 01/26/2012.", "entry_date": "1/26/2012"}, {"date": "1/25/2012", "number": "1", "contents": "<span class='description'>ARREST &amp; BOOKING REPORT 2012-002367 1/25/2012</span> entered 01/26/2012.", "entry_date": "1/26/2012"}], "analyze": {"last_analyze": "6/22/2020"}, "success": true, "parties": [{"race": "B", "name_normalized": "Redner Lucious Lundy", "name": "REDNER LUCIOUS LUNDY", "sex": "Male", "other": [], "type": "Defendant"}]}