{"info": {"status": "CLOSED", "division": "CR-B", "judges": ["BLAZS, KEVIN"], "court": "Florida State, Duval County, Fourth Circuit Court", "title": "GARRETT M HOLLIMAN", "date_filed": "2/11/2014", "link": "https://www.docketalarm.com/cases/Florida_State_Duval_County_Fourth_Circuit_Court/2014-CF-001264/GARRETT_M_HOLLIMAN/", "judges_normalized": ["Blazs Kevin"], "judge": "BLAZS, KEVIN", "type": "Circuit Criminal", "docket": "2014-CF-001264"}, "docket_report": [{"date": "3/12/2014", "number": "17", "contents": "<span class='description'>PD APP FEE 50.00 WAIVED</span> entered 03/12/2014.", "entry_date": "3/12/2014"}, {"date": "3/12/2014", "number": "16", "contents": "<span class='description'>DROPPED/ABANDONED S827.03(1)(B) CHILD ABUSE - INTEN ACT - COULD BE EXPECTED TO RESULT IN PHYS OR MENT INJURY</span> entered 03/12/2014.", "entry_date": "3/12/2014"}, {"date": "3/12/2014", "number": "15", "contents": "<span class='description'>DISPOSITION NOTICE</span> entered 03/12/2014.", "entry_date": "3/12/2014"}, {"date": "3/4/2014", "number": "14", "contents": "<span class='description'>ARRAIGNMENT COURT DATE: 03/19/2014 SUBJECT TO CHANGE. CALL FOR VERIFICATION</span> entered 03/04/2014.", "entry_date": "3/4/2014"}, {"date": "2/27/2014", "number": "13", "contents": "<span class='description'>MOTION FOR ADVERSARY PRELIMINARY HEARING</span> entered 02/28/2014.", "entry_date": "2/28/2014"}, {"date": "2/11/2014", "number": "12", "contents": "<span class='description'>ARRAIGNMENT COURT DATE: 03/05/2014 SUBJECT TO CHANGE. CALL FOR VERIFICATION</span> entered 02/12/2014.", "entry_date": "2/12/2014"}, {"date": "2/11/2014", "number": "11", "contents": "<span class='description'>FEES DUE: 2/12/2014</span> entered 02/12/2014.", "entry_date": "2/12/2014"}, {"date": "2/11/2014", "number": "10", "contents": "<span class='description'>PD APP FEE 50.00 IMPOSED</span> entered 02/12/2014.", "entry_date": "2/12/2014"}, {"date": "2/11/2014", "number": "9", "contents": "<span class='description'>FINDING OF PROBABLE CAUSE ,</span> entered 02/12/2014.", "entry_date": "2/12/2014"}, {"date": "2/11/2014", "number": "8", "contents": "<span class='description'>APPLICATION FOR CRIMINAL INDIGENT STATUS - FILED</span> entered 02/12/2014.", "entry_date": "2/12/2014"}, {"date": "2/11/2014", "number": "7", "contents": "<span class='description'>DEFENDANT DECLARED INDIGENT, ORDER APPOINTING PUBLIC DEFENDER - FILED</span> entered 02/12/2014.", "entry_date": "2/12/2014"}, {"date": "2/11/2014", "number": "6", "contents": "<span class='description'>NO VICTIM CONTACT</span> entered 02/12/2014.", "entry_date": "2/12/2014"}, {"date": "2/11/2014", "number": "5", "contents": "<span class='description'>BOND SET AT $25,003.00</span> entered 02/12/2014.", "entry_date": "2/12/2014"}, {"date": "2/11/2014", "number": "4", "contents": "<span class='description'>S827.03(1)(B) CHILD ABUSE - INTEN ACT - COULD BE EXPECTED TO RESULT IN PHYS OR MENT INJURY</span> entered 02/12/2014.", "entry_date": "2/12/2014"}, {"date": "2/11/2014", "number": "3", "contents": "<span class='description'>S948.06 VIOLATION OF PROBATION</span> entered 02/12/2014.", "entry_date": "2/12/2014"}, {"date": "2/11/2014", "number": "2", "contents": "<span class='description'>S784.03(1)(A)2 BATTERY - CAUSE BODILY HARM - DOMESTIC</span> entered 02/12/2014.", "entry_date": "2/12/2014"}, {"date": "2/11/2014", "number": "1", "contents": "<span class='description'>ARREST &amp; BOOKING REPORT 2014-002645 2/1/2014</span> entered 02/12/2014.", "entry_date": "2/12/2014"}], "analyze": {"last_analyze": "6/22/2020"}, "success": true, "parties": [{"race": "W", "name_normalized": "Garrett M Holliman", "name": "GARRETT M HOLLIMAN", "sex": "Male", "other": [], "type": "Defendant"}]}