{"info": {"status": "DISPOSED", "division": "CR-I", "judges": ["HEALEY, RUSSELL L."], "court": "Florida State, Duval County, Fourth Circuit Court", "title": "TERRENCE RASHAD WRIGHT", "date_filed": "5/1/2013", "link": "https://www.docketalarm.com/cases/Florida_State_Duval_County_Fourth_Circuit_Court/2013-CF-004151/TERRENCE_RASHAD_WRIGHT/", "judges_normalized": ["Healey Russell L."], "judge": "HEALEY, RUSSELL L.", "type": "Circuit Criminal", "docket": "2013-CF-004151"}, "docket_report": [{"date": "5/10/2016", "number": "252", "contents": "<span class='description'>REQUEST FOR DOCUMENTS</span> entered 05/10/2016.", "entry_date": "5/10/2016"}, {"date": "11/30/2015", "number": "251", "contents": "<span class='description'>REQUEST FOR DOCUMENTS</span> entered 12/05/2015.", "entry_date": "12/5/2015"}, {"date": "11/30/2015", "number": "250", "contents": "<span class='description'>REQUEST FOR DOCUMENTS</span> entered 11/30/2015.", "entry_date": "11/30/2015"}, {"date": "10/20/2014", "number": "249", "contents": "<span class='description'>RECEIPT FOR CIVIL PROCESS, JAIL, WARRANTS</span> entered 10/20/2014.", "entry_date": "10/20/2014"}, {"link_viewer": "https://www.docketalarm.com/cases/Florida_State_Duval_County_Fourth_Circuit_Court/2013-CF-004151/TERRENCE_RASHAD_WRIGHT/248/", "number": "248", "link": "https://www.docketalarm.com/cases/Florida_State_Duval_County_Fourth_Circuit_Court/2013-CF-004151/TERRENCE_RASHAD_WRIGHT/docs/248.pdf", "entry_date": "10/20/2014", "date": "10/20/2014", "contents": "<a href=\"/cases/Florida_State_Duval_County_Fourth_Circuit_Court/2013-CF-004151/TERRENCE_RASHAD_WRIGHT/248/\"><span class='description'>UNIFORM COMMITMENT TO CUSTODY OF DEPT. OF CORRECTIONS</span></a> entered 10/20/2014."}, {"link_viewer": "https://www.docketalarm.com/cases/Florida_State_Duval_County_Fourth_Circuit_Court/2013-CF-004151/TERRENCE_RASHAD_WRIGHT/247/", "number": "247", "link": "https://www.docketalarm.com/cases/Florida_State_Duval_County_Fourth_Circuit_Court/2013-CF-004151/TERRENCE_RASHAD_WRIGHT/docs/247.pdf", "entry_date": "10/20/2014", "date": "10/20/2014", "contents": "<a href=\"/cases/Florida_State_Duval_County_Fourth_Circuit_Court/2013-CF-004151/TERRENCE_RASHAD_WRIGHT/247/\"><span class='description'>COMMITMENT CHECKLIST SENT</span></a> entered 10/20/2014."}, {"date": "10/17/2014", "number": "246", "contents": "<span class='description'>DOCUMENTS</span> entered 10/20/2014.", "entry_date": "10/20/2014"}, {"date": "10/17/2014", "number": "245", "contents": "<span class='description'>CLERKS MEMO OF HEARING / SENTENCING</span> entered 10/20/2014.", "entry_date": "10/20/2014"}, {"link_viewer": "https://www.docketalarm.com/cases/Florida_State_Duval_County_Fourth_Circuit_Court/2013-CF-004151/TERRENCE_RASHAD_WRIGHT/244/", "number": "244", "link": "https://www.docketalarm.com/cases/Florida_State_Duval_County_Fourth_Circuit_Court/2013-CF-004151/TERRENCE_RASHAD_WRIGHT/docs/244.pdf", "entry_date": "10/20/2014", "date": "10/17/2014", "contents": "<a href=\"/cases/Florida_State_Duval_County_Fourth_Circuit_Court/2013-CF-004151/TERRENCE_RASHAD_WRIGHT/244/\"><span class='description'>PAYMENT AUTHORIZATION SHEET</span></a> entered 10/20/2014."}, {"date": "10/17/2014", "number": "243", "contents": "<span class='description'>RESTITUTION ORDER CREATED FOR: $ $1,750.69 BOOK 16948 PAGE 2358-2359</span> entered 10/20/2014.", "entry_date": "10/20/2014"}, {"date": "10/17/2014", "number": "242", "contents": "<span class='description'>RESTITUTION ORDER CREATED FOR: $ $5,000.00 BOOK 16948 PAGE 2351-2352</span> entered 10/20/2014.", "entry_date": "10/20/2014"}, {"link_viewer": "https://www.docketalarm.com/cases/Florida_State_Duval_County_Fourth_Circuit_Court/2013-CF-004151/TERRENCE_RASHAD_WRIGHT/241/", "number": "241", "link": "https://www.docketalarm.com/cases/Florida_State_Duval_County_Fourth_Circuit_Court/2013-CF-004151/TERRENCE_RASHAD_WRIGHT/docs/241.pdf", "entry_date": "10/20/2014", "date": "10/17/2014", "contents": "<a href=\"/cases/Florida_State_Duval_County_Fourth_Circuit_Court/2013-CF-004151/TERRENCE_RASHAD_WRIGHT/241/\"><span class='description'>COURT ORDERED COSTS/FINES/FEES BOOK 16948 PAGE 2344-2345</span></a> entered 10/20/2014."}, {"date": "10/17/2014", "number": "240", "contents": "<span class='description'>SENTENCING GUIDELINES</span> entered 10/20/2014.", "entry_date": "10/20/2014"}, {"date": "10/17/2014", "number": "238", "contents": "<span class='description'>CREDIT TIME: 535 DAYS</span> entered 10/20/2014.", "entry_date": "10/20/2014"}, {"date": "10/17/2014", "number": "237", "contents": "<span class='description'>JUDGMENT AND SENTENCE TO STATE PRISON FOR LIFE</span> entered 10/20/2014.", "entry_date": "10/20/2014"}, {"date": "10/17/2014", "number": "236", "contents": "<span class='description'>DEF. ADJUDGED GUILTY - FINGERPRINTS TAKEN</span> entered 10/20/2014.", "entry_date": "10/20/2014"}, {"date": "10/17/2014", "number": "235", "contents": "<span class='description'>FEES DUE: 1/17/2114</span> entered 10/20/2014.", "entry_date": "10/20/2014"}, {"date": "10/17/2014", "number": "234", "contents": "<span class='description'>CSTF 20.00 IMPOSED</span> entered 10/20/2014.", "entry_date": "10/20/2014"}, {"date": "10/17/2014", "number": "233", "contents": "<span class='description'>SAIEF 100.00 IMPOSED</span> entered 10/20/2014.", "entry_date": "10/20/2014"}, {"date": "10/17/2014", "number": "232", "contents": "<span class='description'>AACC 65.00 IMPOSED</span> entered 10/20/2014.", "entry_date": "10/20/2014"}, {"date": "10/17/2014", "number": "231", "contents": "<span class='description'>SOCIF 100.00 IMPOSED</span> entered 10/20/2014.", "entry_date": "10/20/2014"}, {"date": "10/17/2014", "number": "230", "contents": "<span class='description'>TNC 3.00 IMPOSED</span> entered 10/20/2014.", "entry_date": "10/20/2014"}, {"date": "10/17/2014", "number": "229", "contents": "<span class='description'>PD FEE 100.00 IMPOSED</span> entered 10/20/2014.", "entry_date": "10/20/2014"}, {"date": "10/17/2014", "number": "228", "contents": "<span class='description'>LGTF 225.00 IMPOSED</span> entered 10/20/2014.", "entry_date": "10/20/2014"}, {"date": "10/17/2014", "number": "227", "contents": "<span class='description'>CCT 50.00 IMPOSED</span> entered 10/20/2014.", "entry_date": "10/20/2014"}, {"date": "10/17/2014", "number": "226", "contents": "<span class='description'>COST OF COURT 50.00 IMPOSED</span> entered 10/20/2014.", "entry_date": "10/20/2014"}, {"date": "10/17/2014", "number": "225", "contents": "<span class='description'>LEEA 3.00 IMPOSED</span> entered 10/20/2014.", "entry_date": "10/20/2014"}, {"date": "10/17/2014", "number": "224", "contents": "<span class='description'>LIFE MIN/MAN PER FS: 775.087(1) COUNTS 1-2, TO RUN CONCURRENT.</span> entered 10/20/2014.", "entry_date": "10/20/2014"}, {"date": "10/17/2014", "number": "223", "contents": "<span class='description'>STATE WAIVES DEATH PENALTY</span> entered 10/20/2014.", "entry_date": "10/20/2014"}, {"date": "10/17/2014", "number": "222", "contents": "<span class='description'>CONCURRENT WITH COUNT/S 1-2</span> entered 10/20/2014.", "entry_date": "10/20/2014"}, {"date": "10/17/2014", "number": "221", "contents": "<span class='description'>CREDIT TIME: 535 DAYS</span> entered 10/20/2014.", "entry_date": "10/20/2014"}, {"link_viewer": "https://www.docketalarm.com/cases/Florida_State_Duval_County_Fourth_Circuit_Court/2013-CF-004151/TERRENCE_RASHAD_WRIGHT/220/", "number": "220", "link": "https://www.docketalarm.com/cases/Florida_State_Duval_County_Fourth_Circuit_Court/2013-CF-004151/TERRENCE_RASHAD_WRIGHT/docs/220.pdf", "entry_date": "10/20/2014", "date": "10/17/2014", "contents": "<a href=\"/cases/Florida_State_Duval_County_Fourth_Circuit_Court/2013-CF-004151/TERRENCE_RASHAD_WRIGHT/220/\"><span class='description'>JUDGMENT AND SENTENCE TO STATE PRISON FOR LIFE BOOK 16948 PAGE 2337-2343</span></a> entered 10/20/2014."}, {"date": "10/17/2014", "number": "219", "contents": "<span class='description'>DEF. ADJUDGED GUILTY - FINGERPRINTS TAKEN</span> entered 10/20/2014.", "entry_date": "10/20/2014"}, {"date": "10/17/2014", "number": "218", "contents": "<span class='description'>DEFENDANT PRESENT</span> entered 10/20/2014.", "entry_date": "10/20/2014"}, {"date": "10/17/2014", "number": "217", "contents": "<span class='description'>ASST. PUB. DEF. BATEH, MICHAEL ISSA</span> entered 10/20/2014.", "entry_date": "10/20/2014"}, {"date": "10/17/2014", "number": "216", "contents": "<span class='description'>ASST. STATE ATTY. CALIEL, MARK</span> entered 10/20/2014.", "entry_date": "10/20/2014"}, {"date": "10/17/2014", "number": "215", "contents": "<span class='description'>JUDGE HEALEY, RUSSELL L.</span> entered 10/20/2014.", "entry_date": "10/20/2014"}, {"date": "9/10/2014", "number": "214", "contents": "<span class='description'>IMPOSITION OF SENTENCE 10/17/2014 9:00 AM - 305 3RD FLOOR, 501 W ADAMS ST JACKSONVILLE FL 32202</span> entered 09/10/2014.", "entry_date": "9/10/2014"}, {"date": "9/10/2014", "number": "213", "contents": "<span class='description'>DEFENDANT PLEAD GUILTY</span> entered 09/10/2014.", "entry_date": "9/10/2014"}, {"date": "9/10/2014", "number": "212", "contents": "<span class='description'>DEFENDANT PLEAD GUILTY</span> entered 09/10/2014.", "entry_date": "9/10/2014"}, {"date": "9/10/2014", "number": "211", "contents": "<span class='description'>ACKNOWLEDGE. OF RIGHTS &amp; VOLUNTARINESS OF ENTRY OF PLEA</span> entered 09/10/2014.", "entry_date": "9/10/2014"}, {"date": "9/10/2014", "number": "210", "contents": "<span class='description'>DEF. PERMITTED TO W/D PLEA OF NOT GUILTY TO GUILTY TO COUNTS 1 &amp; 2 AS CHARGED</span> entered 09/10/2014.", "entry_date": "9/10/2014"}, {"date": "9/10/2014", "number": "209", "contents": "<span class='description'>DEFENDANT PRESENT IN JAIL</span> entered 09/10/2014.", "entry_date": "9/10/2014"}, {"date": "9/10/2014", "number": "208", "contents": "<span class='description'>ASST. PUB. DEF. BATEH, MICHAEL ISSA</span> entered 09/10/2014.", "entry_date": "9/10/2014"}, {"date": "9/10/2014", "number": "207", "contents": "<span class='description'>ASST. STATE ATTY. CALIEL, MARK</span> entered 09/10/2014.", "entry_date": "9/10/2014"}, {"date": "9/10/2014", "number": "206", "contents": "<span class='description'>JUDGE HEALEY, RUSSELL L.</span> entered 09/10/2014.", "entry_date": "9/10/2014"}, {"date": "9/8/2014", "number": "205", "contents": "<span class='description'>DISPOSITION 09/10/2014 9:00 AM - 305 3RD FLOOR, 501 W ADAMS ST JACKSONVILLE FL 32202</span> entered 09/08/2014.", "entry_date": "9/8/2014"}, {"date": "9/8/2014", "number": "204", "contents": "<span class='description'>DEFENDANT PRESENT IN JAIL</span> entered 09/08/2014.", "entry_date": "9/8/2014"}, {"date": "9/8/2014", "number": "203", "contents": "<span class='description'>ASST. PUB. DEF. BATEH, MICHAEL ISSA</span> entered 09/08/2014.", "entry_date": "9/8/2014"}, {"date": "9/8/2014", "number": "202", "contents": "<span class='description'>ASST. STATE ATTY. CALIEL, MARK</span> entered 09/08/2014.", "entry_date": "9/8/2014"}, {"date": "9/8/2014", "number": "201", "contents": "<span class='description'>JUDGE HEALEY, RUSSELL L.</span> entered 09/08/2014.", "entry_date": "9/8/2014"}, {"date": "9/3/2014", "number": "200", "contents": "<span class='description'>10/27/14 PT, 11/17/14 JS, 12/01/14 PENALTY PHASE.</span> entered 09/03/2014.", "entry_date": "9/3/2014"}, {"date": "9/3/2014", "number": "199", "contents": "<span class='description'>PRETRIAL 09/08/2014 9:00 AM - 305 3RD FLOOR, 501 W ADAMS ST JACKSONVILLE FL 32202</span> entered 09/03/2014.", "entry_date": "9/3/2014"}, {"date": "9/3/2014", "number": "198", "contents": "<span class='description'>&gt; CANCEL REASON - PER EMAIL</span> entered 09/03/2014.", "entry_date": "9/3/2014"}, {"date": "9/3/2014", "number": "197", "contents": "<span class='description'>CANCELLED PRETRIAL ON 9/15/2014 9:00:00 AM</span> entered 09/03/2014.", "entry_date": "9/3/2014"}, {"date": "7/28/2014", "number": "196", "contents": "<span class='description'>AND HOM/10/27/14-PT; 11/17/14-JS; &amp; 12/01/14 PENALTY PHASE</span> entered 07/28/2014.", "entry_date": "7/28/2014"}, {"date": "7/28/2014", "number": "195", "contents": "<span class='description'>PRETRIAL 09/15/2014 9:00 AM - 305 3RD FLOOR, 501 W ADAMS ST JACKSONVILLE FL 32202</span> entered 07/28/2014.", "entry_date": "7/28/2014"}, {"date": "7/28/2014", "number": "194", "contents": "<span class='description'>DEFENDANT APPEARANCE WAIVED</span> entered 07/28/2014.", "entry_date": "7/28/2014"}, {"date": "7/28/2014", "number": "193", "contents": "<span class='description'>ASST. PUB. DEF. BATEH, MICHAEL ISSA</span> entered 07/28/2014.", "entry_date": "7/28/2014"}, {"date": "7/28/2014", "number": "192", "contents": "<span class='description'>ASST. STATE ATTY. CALIEL, MARK</span> entered 07/28/2014.", "entry_date": "7/28/2014"}, {"date": "7/28/2014", "number": "191", "contents": "<span class='description'>JUDGE HEALEY, RUSSELL L.</span> entered 07/28/2014.", "entry_date": "7/28/2014"}, {"date": "6/19/2014", "number": "190", "contents": "<span class='description'>STANDING ORDER GOVERNING PRETRIAL AND TRIAL PROCEDURES</span> entered 06/19/2014.", "entry_date": "6/19/2014"}, {"date": "6/12/2014", "number": "189", "contents": "<span class='description'>9/15/14 PT; 10/27/14 PT; 11/17/14 JS; 12/1/14 PENALTY PHASE</span> entered 06/12/2014.", "entry_date": "6/12/2014"}, {"date": "6/12/2014", "number": "188", "contents": "<span class='description'>PRETRIAL 07/28/2014 9:00 AM - 305 3RD FLOOR, 501 W ADAMS ST JACKSONVILLE FL 32202</span> entered 06/12/2014.", "entry_date": "6/12/2014"}, {"date": "6/12/2014", "number": "187", "contents": "<span class='description'>DEFENDANT PRESENT IN JAIL</span> entered 06/12/2014.", "entry_date": "6/12/2014"}, {"date": "6/12/2014", "number": "186", "contents": "<span class='description'>ASST. PUB. DEF. BATEH, MICHAEL ISSA</span> entered 06/12/2014.", "entry_date": "6/12/2014"}, {"date": "6/12/2014", "number": "185", "contents": "<span class='description'>ASST. STATE ATTY. CALIEL, MARK</span> entered 06/12/2014.", "entry_date": "6/12/2014"}, {"date": "6/12/2014", "number": "184", "contents": "<span class='description'>JUDGE HEALEY, RUSSELL L.</span> entered 06/12/2014.", "entry_date": "6/12/2014"}, {"date": "5/13/2014", "number": "183", "contents": "<span class='description'>MOTION FOR CONTINUANCE - GRANTED - ORDER ENTERED</span> entered 05/13/2014.", "entry_date": "5/13/2014"}, {"date": "5/8/2014", "number": "182", "contents": "<span class='description'>MOTION FOR CONTINUANCE</span> entered 05/08/2014.", "entry_date": "5/8/2014"}, {"date": "5/8/2014", "number": "181", "contents": "<span class='description'>PRETRIAL 06/12/2014 9:00 AM - 408 4TH FLOOR, 501 W ADAMS ST JACKSONVILLE FL 32202</span> entered 05/08/2014.", "entry_date": "5/8/2014"}, {"date": "5/8/2014", "number": "180", "contents": "<span class='description'>DEFENDANT PRESENT IN JAIL</span> entered 05/08/2014.", "entry_date": "5/8/2014"}, {"date": "5/8/2014", "number": "179", "contents": "<span class='description'>MOTION (DEFENSE) FOR CONTINUANCE - FILED &amp; GRANTED, ORDER TO BE ENTERED</span> entered 05/08/2014.", "entry_date": "5/8/2014"}, {"date": "5/8/2014", "number": "178", "contents": "<span class='description'>ASST. PUB. DEF. BATEH, MICHAEL ISSA</span> entered 05/08/2014.", "entry_date": "5/8/2014"}, {"date": "5/8/2014", "number": "177", "contents": "<span class='description'>ASST. STATE ATTY. CALIEL, MARK</span> entered 05/08/2014.", "entry_date": "5/8/2014"}, {"date": "5/8/2014", "number": "176", "contents": "<span class='description'>JUDGE BASS, SUZANNE</span> entered 05/08/2014.", "entry_date": "5/8/2014"}, {"date": "5/5/2014", "number": "175", "contents": "<span class='description'>AMENDED DEFENDANT'S NOTICE PURSUANT TO COURT ORDER LISTING MITIGATORS</span> entered 05/06/2014.", "entry_date": "5/6/2014"}, {"date": "5/5/2014", "number": "174", "contents": "<span class='description'>NOTICE</span> entered 05/05/2014.", "entry_date": "5/5/2014"}, {"date": "5/2/2014", "number": "173", "contents": "<span class='description'>&gt; CANCEL REASON - COURT DATE ENTERED TWICE</span> entered 05/02/2014.", "entry_date": "5/2/2014"}, {"date": "5/2/2014", "number": "172", "contents": "<span class='description'>CANCELLED PRETRIAL ON 5/8/2014 9:00:00 AM</span> entered 05/02/2014.", "entry_date": "5/2/2014"}, {"date": "5/2/2014", "number": "171", "contents": "<span class='description'>NOTICE [STATE'S] OF AGGRAVATING CIRCUMSTANCES AND REQUEST FOR NOTICE OF MITIGATING CIRCUMSTANCES</span> entered 05/02/2014.", "entry_date": "5/2/2014"}, {"date": "4/9/2014", "number": "170", "contents": "<span class='description'>5/29/14 FPT, 6/2/14 JS</span> entered 04/09/2014.", "entry_date": "4/9/2014"}, {"date": "4/9/2014", "number": "169", "contents": "<span class='description'>PRETRIAL 05/08/2014 9:00 AM - 408 4TH FLOOR, 501 W ADAMS ST JACKSONVILLE FL 32202</span> entered 04/09/2014.", "entry_date": "4/9/2014"}, {"date": "4/9/2014", "number": "168", "contents": "<span class='description'>DEFENDANT PRESENT IN JAIL</span> entered 04/09/2014.", "entry_date": "4/9/2014"}, {"date": "4/9/2014", "number": "167", "contents": "<span class='description'>ASST. PUB. DEF. BATEH, MICHAEL ISSA</span> entered 04/09/2014.", "entry_date": "4/9/2014"}, {"date": "4/9/2014", "number": "166", "contents": "<span class='description'>ASST. STATE ATTY. CALIEL, MARK</span> entered 04/09/2014.", "entry_date": "4/9/2014"}, {"date": "4/9/2014", "number": "165", "contents": "<span class='description'>JUDGE BASS, SUZANNE</span> entered 04/09/2014.", "entry_date": "4/9/2014"}, {"date": "4/3/2014", "number": "164", "contents": "<span class='description'>SUBPOENA FOR DEPOSITION</span> entered 04/04/2014.", "entry_date": "4/4/2014"}, {"date": "4/2/2014", "number": "163", "contents": "<span class='description'>ORDER ON DEFTS. CAPITAL CASE MOTIONS</span> entered 04/03/2014.", "entry_date": "4/3/2014"}, {"date": "4/2/2014", "number": "162", "contents": "<span class='description'>SUBPOENA FOR DEPOSITION</span> entered 04/03/2014.", "entry_date": "4/3/2014"}, {"date": "4/2/2014", "number": "161", "contents": "<span class='description'>COURT DATE PREVIOUSLY SET 5/8/14</span> entered 04/02/2014.", "entry_date": "4/2/2014"}, {"date": "4/2/2014", "number": "160", "contents": "<span class='description'>PER EMAIL</span> entered 04/02/2014.", "entry_date": "4/2/2014"}, {"date": "4/2/2014", "number": "159", "contents": "<span class='description'>STATUS HEARING 04/09/2014 9:00 AM - 408 4TH FLOOR, 501 W ADAMS ST JACKSONVILLE FL 32202</span> entered 04/02/2014.", "entry_date": "4/2/2014"}, {"date": "4/2/2014", "number": "158", "contents": "<span class='description'>5/29/14 FPT, 6/2/14 JS</span> entered 04/02/2014.", "entry_date": "4/2/2014"}, {"date": "4/2/2014", "number": "157", "contents": "<span class='description'>PRETRIAL 05/08/2014 9:00 AM - 408 4TH FLOOR, 501 W ADAMS ST JACKSONVILLE FL 32202</span> entered 04/02/2014.", "entry_date": "4/2/2014"}, {"date": "4/2/2014", "number": "156", "contents": "<span class='description'>ORDER ON DEFENDANT'S CAPITAL CASE MOTIONS - FILED</span> entered 04/02/2014.", "entry_date": "4/2/2014"}, {"date": "4/2/2014", "number": "155", "contents": "<span class='description'>DEFENDANT PRESENT IN JAIL</span> entered 04/02/2014.", "entry_date": "4/2/2014"}, {"date": "4/2/2014", "number": "154", "contents": "<span class='description'>ASST. PUB. DEF. BATEH, MICHAEL ISSA</span> entered 04/02/2014.", "entry_date": "4/2/2014"}, {"date": "4/2/2014", "number": "153", "contents": "<span class='description'>ASST. STATE ATTY. CALIEL, MARK</span> entered 04/02/2014.", "entry_date": "4/2/2014"}, {"date": "4/2/2014", "number": "152", "contents": "<span class='description'>JUDGE BASS, SUZANNE</span> entered 04/02/2014.", "entry_date": "4/2/2014"}, {"date": "4/1/2014", "number": "151", "contents": "<span class='description'>SUBPOENA FOR DEPOSITION</span> entered 04/03/2014.", "entry_date": "4/3/2014"}, {"date": "4/1/2014", "number": "150", "contents": "<span class='description'>SUBPOENA FOR DEPOSITION</span> entered 04/03/2014.", "entry_date": "4/3/2014"}, {"date": "3/28/2014", "number": "149", "contents": "<span class='description'>NOTICE OF TAKING DEPOSITION</span> entered 03/28/2014.", "entry_date": "3/28/2014"}, {"date": "3/28/2014", "number": "148", "contents": "<span class='description'>NOTICE OF TAKING DEPOSITION</span> entered 03/28/2014.", "entry_date": "3/28/2014"}, {"date": "3/4/2014", "number": "147", "contents": "<span class='description'>PRETRIAL 04/02/2014 9:00 AM - 408 4TH FLOOR, 501 W ADAMS ST JACKSONVILLE FL 32202</span> entered 03/04/2014.", "entry_date": "3/4/2014"}, {"date": "3/4/2014", "number": "146", "contents": "<span class='description'>MOTION (DEATH) # 1 THRU 50, HEARD IN FULL AND UNDER ADVISEMENT</span> entered 03/04/2014.", "entry_date": "3/4/2014"}, {"date": "3/4/2014", "number": "145", "contents": "<span class='description'>DEFENDANT PRESENT IN JAIL</span> entered 03/04/2014.", "entry_date": "3/4/2014"}, {"date": "3/4/2014", "number": "144", "contents": "<span class='description'>ASST. PUB. DEF. BATEH, MICHAEL ISSA</span> entered 03/04/2014.", "entry_date": "3/4/2014"}, {"date": "3/4/2014", "number": "143", "contents": "<span class='description'>ASST. STATE ATTY. CALIEL, MARK</span> entered 03/04/2014.", "entry_date": "3/4/2014"}, {"date": "3/4/2014", "number": "142", "contents": "<span class='description'>JUDGE BASS, SUZANNE</span> entered 03/04/2014.", "entry_date": "3/4/2014"}, {"date": "3/4/2014", "number": "141", "contents": "<span class='description'>MOTION AMENDED TO EXCLUDE GRUESOME OR INFLAMMATORY PHOTOGRAPHS</span> entered 03/04/2014.", "entry_date": "3/4/2014"}, {"date": "3/3/2014", "number": "140", "contents": "<span class='description'>DEATH MOTIONS @ 1:30 PM</span> entered 03/03/2014.", "entry_date": "3/3/2014"}, {"date": "3/3/2014", "number": "139", "contents": "<span class='description'>HEARING ON MOTION 03/04/2014 9:00 AM - 408 4TH FLOOR, 501 W ADAMS ST JACKSONVILLE FL 32202</span> entered 03/03/2014.", "entry_date": "3/3/2014"}, {"date": "3/3/2014", "number": "138", "contents": "<span class='description'>DEFENDANT PRESENT IN JAIL</span> entered 03/03/2014.", "entry_date": "3/3/2014"}, {"date": "3/3/2014", "number": "137", "contents": "<span class='description'>ASST. PUB. DEF. BATEH, MICHAEL ISSA</span> entered 03/03/2014.", "entry_date": "3/3/2014"}, {"date": "3/3/2014", "number": "136", "contents": "<span class='description'>ASST. STATE ATTY. CALIEL, MARK</span> entered 03/03/2014.", "entry_date": "3/3/2014"}, {"date": "3/3/2014", "number": "135", "contents": "<span class='description'>JUDGE BASS, SUZANNE</span> entered 03/03/2014.", "entry_date": "3/3/2014"}, {"date": "2/18/2014", "number": "134", "contents": "<span class='description'>DOCUMENTS - STATE'S RESPONSE TO MOTION TO DECLARE SECTION 921.151 (5) (M), FLORIDA STATUTES UNCONSTITUTIONAL FACIALLY AND AS APPLIED (#50)</span> entered 02/19/2014.", "entry_date": "2/19/2014"}, {"date": "2/18/2014", "number": "133", "contents": "<span class='description'>DOCUMENTS - STATE'S RESPONSE TO MOTION TO DECLARE SECTION 921.141 (5) (H), FLORIDA STATUTES UNCONSTIITUTIONAL FACIALLY AND AS APPLIED (#49)</span> entered 02/19/2014.", "entry_date": "2/19/2014"}, {"date": "2/18/2014", "number": "132", "contents": "<span class='description'>DOCUMENTS - STATE'S RESPONSE TO MOTION TO DECLARE SECTION 921.141 (5) (F), FLORIDA STATUTES UNCONSTITUTIONAL FACIALLY AND AS APPLIED (#48)</span> entered 02/19/2014.", "entry_date": "2/19/2014"}, {"date": "2/18/2014", "number": "131", "contents": "<span class='description'>DOCUMENTS - STATE'S RESPONSE TO MOTION TO DECLARE SECTION 921.141 (5) (D), FLORIDA STATUTES UNCONSTITUTIONAL FACIALLY AND AS APPLIED (#47)</span> entered 02/19/2014.", "entry_date": "2/19/2014"}, {"date": "2/18/2014", "number": "130", "contents": "<span class='description'>DOCUMENTS - STATE'S REPONSE TO MOTION REQUESTING THE PROFFER OF VICTIM IMPACT EVIDENCE $46)</span> entered 02/19/2014.", "entry_date": "2/19/2014"}, {"date": "2/18/2014", "number": "129", "contents": "<span class='description'>DOCUMENTS - STATE'S RESPONSE TO MOTION TO LIMIT PRESENTATION OF VICTIM IMPACT EVIDENCE TO THE JUDGE ALONE #45)</span> entered 02/19/2014.", "entry_date": "2/19/2014"}, {"date": "2/18/2014", "number": "128", "contents": "<span class='description'>DOCUMENTS - STATE'S RESPONSE TO MOTION TO EXCLUDE EVIDENCE OR ARGUMENT DESIGNED TO CREATE SYMPATHY FOR THE DECREASED (VICTIM IMPACT) #44</span> entered 02/19/2014.", "entry_date": "2/19/2014"}, {"date": "2/18/2014", "number": "127", "contents": "<span class='description'>DOCUMENTS - STATE'S RESPONSE TO MOTION TO DECLARE 921.141(7), FLORIDA'S STATUTES UNCONSTITUTIONAL AND FOR PRE-TRIAL DETERMINATION OF ADMISSIBILITY OF ALL VICTIM IMPACT EVIDENCE #43</span> entered 02/19/2014.", "entry_date": "2/19/2014"}, {"date": "2/18/2014", "number": "126", "contents": "<span class='description'>DOCUMENTS - MOTION TO DECLARE FLORIDA'S DEATH PENALTY STATUTE UNCONSTITUTIONAL UNDER EVANS V. MCNEIL #42A AND 42B</span> entered 02/19/2014.", "entry_date": "2/19/2014"}, {"date": "2/18/2014", "number": "125", "contents": "<span class='description'>DOCUMENTS - MOTION TO DECLARE FLORIDA'S DEATH PENALTY STATUTE BECAUSE ONLY A BARE MAJORITY OF JURORS IS SUFFICIENT TO RECOMMEND A DEATH SENTENCE #41</span> entered 02/19/2014.", "entry_date": "2/19/2014"}, {"date": "2/18/2014", "number": "124", "contents": "<span class='description'>DOCUMENTS - MOTION TO DECLARE FLORIDA'S DEATH PENALTY STATUTE UNCONSTITUTIONAL #40</span> entered 02/19/2014.", "entry_date": "2/19/2014"}, {"date": "2/18/2014", "number": "123", "contents": "<span class='description'>DOCUMENTS - MOTION TO DECLARE FLORIDA'S DEATH PENALTY STATUTE UNCONSTITUTIONAL AS APPLIED BECAUSE OF ARBITRARINESS IN JURY OVERRIDES AND SENTENCING #39</span> entered 02/19/2014.", "entry_date": "2/19/2014"}, {"date": "2/18/2014", "number": "122", "contents": "<span class='description'>DOCUMENTS - MOTION TO DECLARE FLORIDA'S DEATH PENALTY STATUTES UNCONSTITUTIONAL BECAUSE OF TREATMENT OF MITIGATING CIRCUMSTANCES #38</span> entered 02/19/2014.", "entry_date": "2/19/2014"}, {"date": "2/18/2014", "number": "121", "contents": "<span class='description'>DOCUMENTS - MOTION TO DECLARE FLORIDA'S DEATH PENALTY STATUTES UNCONSTITUTIONAL AS NOW APPLIED #37</span> entered 02/19/2014.", "entry_date": "2/19/2014"}, {"date": "2/18/2014", "number": "120", "contents": "<span class='description'>DOCUMENTS - STATE'S RESPONSE TO DEFENDANT'S MOTION TO DECLARE FLORIDA'S DEATH PENALTY UNCONSTITUTIONAL BECAUSE OF UNRELIABILITY #36</span> entered 02/19/2014.", "entry_date": "2/19/2014"}, {"date": "2/18/2014", "number": "119", "contents": "<span class='description'>DOCUMENTS - STATE'S RESPONSE TO DEFENDANT'S MOTION 921.141, 922.10, AND 922.105 UNCONSTITUTIONAL BECAUSE ELECTROCUTION AND LETHAL INJECTION ARE CRUEL AND UNUSUAL PUNISHMENTS (#35)</span> entered 02/19/2014.", "entry_date": "2/19/2014"}, {"date": "2/18/2014", "number": "118", "contents": "<span class='description'>DOCUMENTS - STATE'S RESPNOSE TO DEFENDANT'S MOTION TO DISMISS AND TO DECLARE DEATH NOT A POSSIBLE PENALTY AND TO DECLARE SECTIONS 782.04 AND 921.141, FLORIDA STATUTES UNCONSTITUTIONAL FOR A VARIETY OF REASONS (#34)</span> entered 02/19/2014.", "entry_date": "2/19/2014"}, {"date": "2/18/2014", "number": "117", "contents": "<span class='description'>DOCUMENTS - STATE'S REPONSE TO DEFENDANT'S MOTION TO PROHIBIT THE PROSECUTOR FROM USING PEREMPTORY CHALLENGES TO STRIKE JURORS WHO ARE DEATH SCRUPLED BUT ARE NOT EXCLUDABLE FOR CAUSE (#25)</span> entered 02/19/2014.", "entry_date": "2/19/2014"}, {"date": "2/18/2014", "number": "116", "contents": "<span class='description'>DOCUMENTS - STATE'S RESPONSE TO DEFENDANT'S MOTION FOR JURY INSTRUCTION DELINEATING ALL MITIGATING FACTORS UNDER FLORIDA STATUTE 921.141(6) (H) (#33)</span> entered 02/19/2014.", "entry_date": "2/19/2014"}, {"date": "2/18/2014", "number": "115", "contents": "<span class='description'>DOCUMENTS - STATE'S RESPONSE TO DEFENDANT'S MOTION IN LIMINE REGARDING REFERENCE TO NON-ENUMERATED MITIGATING FACTORS (#32)</span> entered 02/19/2014.", "entry_date": "2/19/2014"}, {"date": "2/18/2014", "number": "114", "contents": "<span class='description'>DOCUMENTS - STATE'S RESPONSE TO DEFENDANT'S MISLEADING REFERENCES TO THE ADVISORY ROLE OF THE JURY AT SENTENCING (#31)</span> entered 02/19/2014.", "entry_date": "2/19/2014"}, {"date": "2/18/2014", "number": "113", "contents": "<span class='description'>DOCUMENTS - STATE'S RESPONSE TO DEFENDANT'S MOTION TO PROHIBIT ANY REFERENCE TO THE JURY'S ROLE AT THE PENALTY PHASE AS ADVISORY OR TO THE JURY'S PENALTY PHASE VERDICT AS BEING A RECOMMENDATION (#30)</span> entered 02/19/2014.", "entry_date": "2/19/2014"}, {"date": "2/18/2014", "number": "112", "contents": "<span class='description'>DOCUMENTS - STATE'S RESPONSE TO MOTION TO DECLARE FLORIDA'S CAPITAL SENTENCING SCHEME UNCONSTITUTIONAL UNDER RING V. ARIZONA (#29)</span> entered 02/19/2014.", "entry_date": "2/19/2014"}, {"date": "2/18/2014", "number": "111", "contents": "<span class='description'>DOCUMENTS - STATE'S RESPONSE TO DEFENDANT'S MOTION TO PRECLUDE DEATH QUALIFICATION OF JURORS IN THE GUILT PHASE OF WRIGHT'S CAPITAL TRIAL AND TO UTILIZE A BIFURCATED JURY IF A PENALTY PHASE IS NECESSARY (#28)</span> entered 02/19/2014.", "entry_date": "2/19/2014"}, {"date": "2/18/2014", "number": "110", "contents": "<span class='description'>DOCUMENTS - STATE'S RESPONSE TO DEFENDANT'S MOTION FOR ADDITIONAL PEREMPTORY CHALLENGES (#26)</span> entered 02/19/2014.", "entry_date": "2/19/2014"}, {"date": "2/18/2014", "number": "109", "contents": "<span class='description'>DOCUMENTS - STATE'S RESPONSE TO DEFENDANT'S MOTION FOR VOIR DIRE AFTER GUILTY VERDICT (#22)</span> entered 02/19/2014.", "entry_date": "2/19/2014"}, {"date": "2/18/2014", "number": "108", "contents": "<span class='description'>DOCUMENTS - STATE'S RESPONSE TO DEFENDANT'S REQUESTED PRE-VOIR DIRE INSTRUCTIONS #21</span> entered 02/19/2014.", "entry_date": "2/19/2014"}, {"date": "2/18/2014", "number": "107", "contents": "<span class='description'>DOCUMENTS - STATE'S RESPONSE TO DEFENDANT'S MOTION TO EXCLUDE GRUESOME AND INFLAMMATORY PHOTOGRAPHS #20</span> entered 02/19/2014.", "entry_date": "2/19/2014"}, {"date": "2/18/2014", "number": "106", "contents": "<span class='description'>DOCUMENTS - STATE'S RESPONSE TO DEFENDANT'S MOTION TO PRODUCE WRITTEN PROTOCOL WHEN SEEKING THE DEATH PENALTY #19</span> entered 02/19/2014.", "entry_date": "2/19/2014"}, {"date": "2/18/2014", "number": "105", "contents": "<span class='description'>DOCUMENTS - STATE'S RESPONSE TO MOTION TO SET MOTION IN LIMINE SCHEDULE AND MOTION IN LIMINE CUT OFF DATE (#13)</span> entered 02/19/2014.", "entry_date": "2/19/2014"}, {"date": "2/18/2014", "number": "104", "contents": "<span class='description'>DOCUMENTS - STATE'S RESPONSE TO DEFENDANT'S MOTION FOR SPECIAL VERDICT AS TO THEORY OF GUILT (#12)</span> entered 02/19/2014.", "entry_date": "2/19/2014"}, {"date": "2/18/2014", "number": "103", "contents": "<span class='description'>DOCUMENTS - STATE'S RESPONSE TO MOTION TO PROHIBIT ARGUMENT AND / OR INSTRUCTIONS CONCERNING FIRST DEGREE FELONY MURDER (#11)</span> entered 02/19/2014.", "entry_date": "2/19/2014"}, {"date": "2/18/2014", "number": "102", "contents": "<span class='description'>DOCUMENTS - STATE'S RESPONSE TO MOTION FOR A STATEMENT OF AGGRAVATING CIRCUMSTANCES (#10)</span> entered 02/19/2014.", "entry_date": "2/19/2014"}, {"date": "2/3/2014", "number": "101", "contents": "<span class='description'>SUBPOENA RETURNED EXECUTED</span> entered 02/05/2014.", "entry_date": "2/5/2014"}, {"date": "2/3/2014", "number": "100", "contents": "<span class='description'>DEMAND FOR SPECIFIC DISCOVERY</span> entered 02/03/2014.", "entry_date": "2/3/2014"}, {"date": "2/3/2014", "number": "99", "contents": "<span class='description'>&gt; CANCEL REASON - NEW COURT DATES SET</span> entered 02/03/2014.", "entry_date": "2/3/2014"}, {"date": "2/3/2014", "number": "98", "contents": "<span class='description'>CANCELLED FINAL PRE-TRIAL ON 3/6/2014 9:00:00 AM</span> entered 02/03/2014.", "entry_date": "2/3/2014"}, {"date": "2/3/2014", "number": "97", "contents": "<span class='description'>5/29/14 FPT; 6/2/14 JS</span> entered 02/03/2014.", "entry_date": "2/3/2014"}, {"date": "2/3/2014", "number": "96", "contents": "<span class='description'>HEARING ON MOTION 03/03/2014 9:00 AM - 408 4TH FLOOR, 501 W ADAMS ST JACKSONVILLE FL 32202</span> entered 02/03/2014.", "entry_date": "2/3/2014"}, {"date": "2/3/2014", "number": "95", "contents": "<span class='description'>DEFENDANT PRESENT IN JAIL</span> entered 02/03/2014.", "entry_date": "2/3/2014"}, {"date": "2/3/2014", "number": "94", "contents": "<span class='description'>ASST. PUB. DEF. BATEH, MICHAEL ISSA</span> entered 02/03/2014.", "entry_date": "2/3/2014"}, {"date": "2/3/2014", "number": "93", "contents": "<span class='description'>ASST. STATE ATTY. CALIEL, MARK</span> entered 02/03/2014.", "entry_date": "2/3/2014"}, {"date": "2/3/2014", "number": "92", "contents": "<span class='description'>JUDGE BASS, SUZANNE</span> entered 02/03/2014.", "entry_date": "2/3/2014"}, {"date": "1/30/2014", "number": "91", "contents": "<span class='description'>SUBPOENA RETURNED EXECUTED</span> entered 01/31/2014.", "entry_date": "1/31/2014"}, {"date": "1/28/2014", "number": "90", "contents": "<span class='description'>STATES# SECOND SUPPLEMENTAL DISCOVERY EXHIBIT</span> entered 01/30/2014.", "entry_date": "1/30/2014"}, {"date": "1/24/2014", "number": "89", "contents": "<span class='description'>NOTICE OF TAKING DEPOSITION</span> entered 01/25/2014.", "entry_date": "1/25/2014"}, {"date": "1/24/2014", "number": "88", "contents": "<span class='description'>NOTICE OF TAKING DEPOSITION</span> entered 01/25/2014.", "entry_date": "1/25/2014"}, {"date": "1/24/2014", "number": "87", "contents": "<span class='description'>NOTICE OF TAKING DEPOSITION</span> entered 01/25/2014.", "entry_date": "1/25/2014"}, {"date": "1/16/2014", "number": "86", "contents": "<span class='description'>(DEATH MOTIONS)</span> entered 01/16/2014.", "entry_date": "1/16/2014"}, {"date": "1/16/2014", "number": "85", "contents": "<span class='description'>HEARING ON MOTION 02/03/2014 9:00 AM - 408 4TH FLOOR, 501 W ADAMS ST JACKSONVILLE FL 32202</span> entered 01/16/2014.", "entry_date": "1/16/2014"}, {"date": "1/16/2014", "number": "84", "contents": "<span class='description'>DEFENDANT PRESENT IN JAIL</span> entered 01/16/2014.", "entry_date": "1/16/2014"}, {"date": "1/16/2014", "number": "83", "contents": "<span class='description'>ASST. PUB. DEF. BATEH, MICHAEL ISSA</span> entered 01/16/2014.", "entry_date": "1/16/2014"}, {"date": "1/16/2014", "number": "82", "contents": "<span class='description'>ASST. STATE ATTY. CALIEL, MARK</span> entered 01/16/2014.", "entry_date": "1/16/2014"}, {"date": "1/16/2014", "number": "81", "contents": "<span class='description'>JUDGE BASS, SUZANNE</span> entered 01/16/2014.", "entry_date": "1/16/2014"}, {"date": "12/5/2013", "number": "80", "contents": "<span class='description'>JS - 3/10/14</span> entered 12/05/2013.", "entry_date": "12/5/2013"}, {"date": "12/5/2013", "number": "79", "contents": "<span class='description'>FINAL PRE-TRIAL 03/06/2014 9:00 AM - 408 4TH FLOOR, 501 W ADAMS ST JACKSONVILLE FL 32202</span> entered 12/05/2013.", "entry_date": "12/5/2013"}, {"date": "12/5/2013", "number": "78", "contents": "<span class='description'>PRETRIAL 01/16/2014 9:00 AM - 408 4TH FLOOR, 501 W ADAMS ST JACKSONVILLE FL 32202</span> entered 12/05/2013.", "entry_date": "12/5/2013"}, {"date": "12/5/2013", "number": "77", "contents": "<span class='description'>STATES# 1ST SUPPLEMENTAL DISCOVERY EXHIBIT</span> entered 12/05/2013.", "entry_date": "12/5/2013"}, {"date": "12/5/2013", "number": "76", "contents": "<span class='description'>DEFENDANT PRESENT IN JAIL</span> entered 12/05/2013.", "entry_date": "12/5/2013"}, {"date": "12/5/2013", "number": "75", "contents": "<span class='description'>ASST. PUB. DEF. BATEH, MICHAEL ISSA</span> entered 12/05/2013.", "entry_date": "12/5/2013"}, {"date": "12/5/2013", "number": "74", "contents": "<span class='description'>ASST. STATE ATTY. CALIEL, MARK</span> entered 12/05/2013.", "entry_date": "12/5/2013"}, {"date": "12/5/2013", "number": "73", "contents": "<span class='description'>JUDGE BASS, SUZANNE</span> entered 12/05/2013.", "entry_date": "12/5/2013"}, {"date": "12/2/2013", "number": "72", "contents": "<span class='description'>PREV SET FOR 12/6/13</span> entered 12/02/2013.", "entry_date": "12/2/2013"}, {"date": "12/2/2013", "number": "71", "contents": "<span class='description'>PRETRIAL 12/05/2013 9:00 AM - 408 4TH FLOOR, 501 W ADAMS ST JACKSONVILLE FL 32202</span> entered 12/02/2013.", "entry_date": "12/2/2013"}, {"date": "12/2/2013", "number": "70", "contents": "<span class='description'>&gt; CANCEL REASON - PER EMAIL</span> entered 12/02/2013.", "entry_date": "12/2/2013"}, {"date": "12/2/2013", "number": "69", "contents": "<span class='description'>CANCELLED PRETRIAL ON 12/6/2013 9:00:00 AM</span> entered 12/02/2013.", "entry_date": "12/2/2013"}, {"date": "11/15/2013", "number": "68", "contents": "<span class='description'>PRETRIAL 12/06/2013 9:00 AM - 408 4TH FLOOR, 501 W ADAMS ST JACKSONVILLE FL 32202</span> entered 11/15/2013.", "entry_date": "11/15/2013"}, {"date": "11/15/2013", "number": "67", "contents": "<span class='description'>DEFENDANT PRESENT IN JAIL</span> entered 11/15/2013.", "entry_date": "11/15/2013"}, {"date": "11/15/2013", "number": "66", "contents": "<span class='description'>ASST. PUB. DEF. BATEH, MICHAEL ISSA</span> entered 11/15/2013.", "entry_date": "11/15/2013"}, {"date": "11/15/2013", "number": "65", "contents": "<span class='description'>ASST. STATE ATTY. CALIEL, MARK</span> entered 11/15/2013.", "entry_date": "11/15/2013"}, {"date": "11/15/2013", "number": "64", "contents": "<span class='description'>JUDGE BASS, SUZANNE</span> entered 11/15/2013.", "entry_date": "11/15/2013"}, {"date": "11/1/2013", "number": "63", "contents": "<span class='description'>DISPOSITION 11/15/2013 9:00 AM - 408 4TH FLOOR, 501 W ADAMS ST JACKSONVILLE FL 32202</span> entered 11/01/2013.", "entry_date": "11/1/2013"}, {"date": "11/1/2013", "number": "62", "contents": "<span class='description'>DEFENDANT PRESENT IN JAIL</span> entered 11/01/2013.", "entry_date": "11/1/2013"}, {"date": "11/1/2013", "number": "61", "contents": "<span class='description'>ASST. PUB. DEF. BATEH, MICHAEL ISSA</span> entered 11/01/2013.", "entry_date": "11/1/2013"}, {"date": "11/1/2013", "number": "60", "contents": "<span class='description'>ASST. STATE ATTY. CALIEL, MARK</span> entered 11/01/2013.", "entry_date": "11/1/2013"}, {"date": "11/1/2013", "number": "59", "contents": "<span class='description'>JUDGE BASS, SUZANNE</span> entered 11/01/2013.", "entry_date": "11/1/2013"}, {"date": "9/30/2013", "number": "58", "contents": "<span class='description'>PRETRIAL 11/01/2013 9:00 AM - 408 4TH FLOOR, 501 W ADAMS ST JACKSONVILLE FL 32202</span> entered 09/30/2013.", "entry_date": "9/30/2013"}, {"date": "9/30/2013", "number": "57", "contents": "<span class='description'>DEFENDANT PRESENT IN JAIL</span> entered 09/30/2013.", "entry_date": "9/30/2013"}, {"date": "9/30/2013", "number": "56", "contents": "<span class='description'>ASST. PUB. DEF. BATEH, MICHAEL ISSA</span> entered 09/30/2013.", "entry_date": "9/30/2013"}, {"date": "9/30/2013", "number": "55", "contents": "<span class='description'>ASST. STATE ATTY. CALIEL, MARK</span> entered 09/30/2013.", "entry_date": "9/30/2013"}, {"date": "9/30/2013", "number": "54", "contents": "<span class='description'>JUDGE BASS, SUZANNE</span> entered 09/30/2013.", "entry_date": "9/30/2013"}, {"date": "8/20/2013", "number": "53", "contents": "<span class='description'>PRETRIAL 09/30/2013 9:00 AM - 408 4TH FLOOR, 501 W ADAMS ST JACKSONVILLE FL 32202</span> entered 08/20/2013.", "entry_date": "8/20/2013"}, {"link_viewer": "https://www.docketalarm.com/cases/Florida_State_Duval_County_Fourth_Circuit_Court/2013-CF-004151/TERRENCE_RASHAD_WRIGHT/52/", "number": "52", "link": "https://www.docketalarm.com/cases/Florida_State_Duval_County_Fourth_Circuit_Court/2013-CF-004151/TERRENCE_RASHAD_WRIGHT/docs/52.pdf", "entry_date": "8/20/2013", "date": "8/20/2013", "contents": "<a href=\"/cases/Florida_State_Duval_County_Fourth_Circuit_Court/2013-CF-004151/TERRENCE_RASHAD_WRIGHT/52/\"><span class='description'>** WAIVER OF SPEEDY TRIAL **</span></a> entered 08/20/2013."}, {"date": "8/20/2013", "number": "51", "contents": "<span class='description'>DEFENDANT PRESENT</span> entered 08/20/2013.", "entry_date": "8/20/2013"}, {"date": "8/20/2013", "number": "50", "contents": "<span class='description'>ASST. PUB. DEF. BATEH, MICHAEL ISSA</span> entered 08/20/2013.", "entry_date": "8/20/2013"}, {"date": "8/20/2013", "number": "49", "contents": "<span class='description'>ASST. STATE ATTY. CALIEL, MARK</span> entered 08/20/2013.", "entry_date": "8/20/2013"}, {"date": "8/20/2013", "number": "48", "contents": "<span class='description'>JUDGE BASS, SUZANNE</span> entered 08/20/2013.", "entry_date": "8/20/2013"}, {"date": "7/31/2013", "number": "47", "contents": "<span class='description'>WITNESS SUBPOENA(S) FOR DEPOSITION ISSUED (BY DEFENSE)</span> entered 08/01/2013.", "entry_date": "8/1/2013"}, {"date": "7/29/2013", "number": "46", "contents": "<span class='description'>WITNESS SUBPOENA(S) FOR DEPOSITION ISSUED</span> entered 07/30/2013.", "entry_date": "7/30/2013"}, {"date": "7/25/2013", "number": "45", "contents": "<span class='description'>NOTICE OF TAKING DEPOSITION</span> entered 07/26/2013.", "entry_date": "7/26/2013"}, {"date": "7/23/2013", "number": "44", "contents": "<span class='description'>PRETRIAL 08/20/2013 9:00 AM - 408 4TH FLOOR, 501 W ADAMS ST JACKSONVILLE FL 32202</span> entered 07/23/2013.", "entry_date": "7/23/2013"}, {"date": "7/23/2013", "number": "43", "contents": "<span class='description'>DEFENDANT PRESENT</span> entered 07/23/2013.", "entry_date": "7/23/2013"}, {"date": "7/23/2013", "number": "42", "contents": "<span class='description'>ASST. PUB. DEF. BATEH, MICHAEL ISSA</span> entered 07/23/2013.", "entry_date": "7/23/2013"}, {"date": "7/23/2013", "number": "41", "contents": "<span class='description'>ASST. STATE ATTY. CALIEL, MARK</span> entered 07/23/2013.", "entry_date": "7/23/2013"}, {"date": "7/23/2013", "number": "40", "contents": "<span class='description'>JUDGE BASS, SUZANNE</span> entered 07/23/2013.", "entry_date": "7/23/2013"}, {"date": "6/17/2013", "number": "39", "contents": "<span class='description'>RULE 3.112(I) OF CRIMINAL PROCEDURE CERTIFICATION BY PUBLIC DEFENDER</span> entered 06/18/2013.", "entry_date": "6/18/2013"}, {"date": "6/11/2013", "number": "38", "contents": "<span class='description'>NOTICE OF INTENT TO SEEK DEATH PENALTY AND REQUEST FOR STATEMENT OF PARTICULARS OF MENTAL MITIGATION</span> entered 06/12/2013.", "entry_date": "6/12/2013"}, {"date": "6/11/2013", "number": "37", "contents": "<span class='description'>PRETRIAL 07/23/2013 9:00 AM - 408 4TH FLOOR, 501 W ADAMS ST JACKSONVILLE FL 32202</span> entered 06/11/2013.", "entry_date": "6/11/2013"}, {"date": "6/11/2013", "number": "36", "contents": "<span class='description'>DEF. W/READING OF INFO &amp; PLEAD (INDICTMENT) DEFENDANT STANDS MUTE - COURT ENTERS PLEA OF NOT GUILTY ON BEHALF OF DEFENDANT.</span> entered 06/11/2013.", "entry_date": "6/11/2013"}, {"date": "6/11/2013", "number": "35", "contents": "<span class='description'>ASST. PUB. DEF. BATEH, MICHAEL ISSA</span> entered 06/11/2013.", "entry_date": "6/11/2013"}, {"date": "6/11/2013", "number": "34", "contents": "<span class='description'>ASST. STATE ATTY. CALIEL, MARK</span> entered 06/11/2013.", "entry_date": "6/11/2013"}, {"date": "6/11/2013", "number": "33", "contents": "<span class='description'>JUDGE BASS, SUZANNE</span> entered 06/11/2013.", "entry_date": "6/11/2013"}, {"date": "6/1/2013", "number": "32", "contents": "<span class='description'>ARREST &amp; BOOKING REPORT 2013-011618 05/31/2013</span> entered 06/03/2013.", "entry_date": "6/3/2013"}, {"date": "5/30/2013", "number": "31", "contents": "<span class='description'>INDICTMENT FILED FOR S782.04(1)(A) MURDER - FIRST DEGREE</span> entered 05/30/2018.", "entry_date": "5/30/2018"}, {"date": "5/30/2013", "number": "30", "contents": "<span class='description'>INDICTMENT FILED FOR S812.13(2)(A) ARMED ROBBERY</span> entered 05/31/2013.", "entry_date": "5/31/2013"}, {"date": "5/30/2013", "number": "29", "contents": "<span class='description'>INDICTMENT FILED FOR S782.04(1)(A) MURDER - FIRST DEGREE</span> entered 05/31/2013.", "entry_date": "5/31/2013"}, {"date": "5/22/2013", "number": "28", "contents": "<span class='description'>**INDICTMENT FILED ON 5/30/13**</span> entered 05/31/2013.", "entry_date": "5/31/2013"}, {"date": "5/22/2013", "number": "27", "contents": "<span class='description'>PLEA OF NOT GUILTY</span> entered 05/22/2013.", "entry_date": "5/22/2013"}, {"date": "5/22/2013", "number": "26", "contents": "<span class='description'>PLEA OF NOT GUILTY</span> entered 05/22/2013.", "entry_date": "5/22/2013"}, {"date": "5/22/2013", "number": "25", "contents": "<span class='description'>PRETRIAL 06/11/2013 9:00 AM - 408 4TH FLOOR, 501 W ADAMS ST JACKSONVILLE FL 32202</span> entered 05/22/2013.", "entry_date": "5/22/2013"}, {"date": "5/22/2013", "number": "24", "contents": "<span class='description'>NOTICE OF INTENT TO CLASSIFY DEFT AS A PRISON RELEASE RE-OFFENDER</span> entered 05/22/2013.", "entry_date": "5/22/2013"}, {"date": "5/22/2013", "number": "23", "contents": "<span class='description'>STATE'S DISCOVERY EXHIBIT AND DEMAND FOR RECIPROCAL DISCOVERY</span> entered 05/22/2013.", "entry_date": "5/22/2013"}, {"date": "5/22/2013", "number": "22", "contents": "<span class='description'>DEF. W/READING OF INFO &amp; PLEAD NOT GUILTY</span> entered 05/22/2013.", "entry_date": "5/22/2013"}, {"date": "5/22/2013", "number": "21", "contents": "<span class='description'>DEFENDANT PRESENT</span> entered 05/22/2013.", "entry_date": "5/22/2013"}, {"date": "5/22/2013", "number": "20", "contents": "<span class='description'>ASST. PUB. DEF. BATEH, MICHAEL ISSA</span> entered 05/22/2013.", "entry_date": "5/22/2013"}, {"date": "5/22/2013", "number": "19", "contents": "<span class='description'>ASST. STATE ATTY. CALIEL, MARK</span> entered 05/22/2013.", "entry_date": "5/22/2013"}, {"date": "5/22/2013", "number": "18", "contents": "<span class='description'>JUDGE BASS, SUZANNE</span> entered 05/22/2013.", "entry_date": "5/22/2013"}, {"date": "5/8/2013", "number": "17", "contents": "<span class='description'>ARRAIGNMENT DATE 05/22/2013 9:00 AM - 408 4TH FLOOR, 501 W ADAMS ST JACKSONVILLE FL 32202</span> entered 05/08/2013.", "entry_date": "5/8/2013"}, {"date": "5/8/2013", "number": "16", "contents": "<span class='description'>INFORMATION FILED S812.13(2)(A) ROBBERY - ARMED WITH FIREARM OR DEADLYWEAPON</span> entered 05/08/2013.", "entry_date": "5/8/2013"}, {"date": "5/8/2013", "number": "15", "contents": "<span class='description'>INFORMATION FILED S782.04(2) MURDER IN THE SECOND DEGREE WITH A WEAPON</span> entered 05/08/2013.", "entry_date": "5/8/2013"}, {"date": "5/7/2013", "number": "14", "contents": "<span class='description'>PUBLIC DEFENDER REQUEST FOR COPY OG JSO PHOTOGRAPHS</span> entered 05/07/2013.", "entry_date": "5/7/2013"}, {"date": "5/7/2013", "number": "13", "contents": "<span class='description'>NOTICE OF DISCOVERY &amp; SPECIFIC DEMAND FOR INFORMATION</span> entered 05/07/2013.", "entry_date": "5/7/2013"}, {"date": "5/7/2013", "number": "12", "contents": "<span class='description'>MOT. FOR STATEMENT OF PARTICULARS</span> entered 05/07/2013.", "entry_date": "5/7/2013"}, {"date": "5/1/2013", "number": "11", "contents": "<span class='description'>ARRAIGNMENT COURT DATE: 05/22/2013 SUBJECT TO CHANGE. CALL FOR VERIFICATION</span> entered 05/02/2013.", "entry_date": "5/2/2013"}, {"date": "5/1/2013", "number": "10", "contents": "<span class='description'>FEES DUE: 5/2/2013</span> entered 05/02/2013.", "entry_date": "5/2/2013"}, {"link_viewer": "https://www.docketalarm.com/cases/Florida_State_Duval_County_Fourth_Circuit_Court/2013-CF-004151/TERRENCE_RASHAD_WRIGHT/9/", "number": "9", "link": "https://www.docketalarm.com/cases/Florida_State_Duval_County_Fourth_Circuit_Court/2013-CF-004151/TERRENCE_RASHAD_WRIGHT/docs/9.pdf", "entry_date": "5/2/2013", "date": "5/1/2013", "contents": "<a href=\"/cases/Florida_State_Duval_County_Fourth_Circuit_Court/2013-CF-004151/TERRENCE_RASHAD_WRIGHT/9/\"><span class='description'>FINDING OF PROBABLE CAUSE ,</span></a> entered 05/02/2013."}, {"link_viewer": "https://www.docketalarm.com/cases/Florida_State_Duval_County_Fourth_Circuit_Court/2013-CF-004151/TERRENCE_RASHAD_WRIGHT/8/", "number": "8", "link": "https://www.docketalarm.com/cases/Florida_State_Duval_County_Fourth_Circuit_Court/2013-CF-004151/TERRENCE_RASHAD_WRIGHT/docs/8.pdf", "entry_date": "5/2/2013", "date": "5/1/2013", "contents": "<a href=\"/cases/Florida_State_Duval_County_Fourth_Circuit_Court/2013-CF-004151/TERRENCE_RASHAD_WRIGHT/8/\"><span class='description'>DEFENDANT DECLARED INDIGENT, ORDER APPOINTING PUBLIC DEFENDER - FILED</span></a> entered 05/02/2013."}, {"link_viewer": "https://www.docketalarm.com/cases/Florida_State_Duval_County_Fourth_Circuit_Court/2013-CF-004151/TERRENCE_RASHAD_WRIGHT/7/", "number": "7", "link": "https://www.docketalarm.com/cases/Florida_State_Duval_County_Fourth_Circuit_Court/2013-CF-004151/TERRENCE_RASHAD_WRIGHT/docs/7.pdf", "entry_date": "5/2/2013", "date": "5/1/2013", "contents": "<a href=\"/cases/Florida_State_Duval_County_Fourth_Circuit_Court/2013-CF-004151/TERRENCE_RASHAD_WRIGHT/7/\"><span class='description'>APPLICATION FOR CRIMINAL INDIGENT STATUS - FILED</span></a> entered 05/02/2013."}, {"date": "5/1/2013", "number": "6", "contents": "<span class='description'>ISOLATION STATUS</span> entered 05/02/2013.", "entry_date": "5/2/2013"}, {"date": "5/1/2013", "number": "5", "contents": "<span class='description'>BOND SET AT NONE</span> entered 05/02/2013.", "entry_date": "5/2/2013"}, {"date": "5/1/2013", "number": "4", "contents": "<span class='description'>BOND SET AT NONE</span> entered 05/02/2013.", "entry_date": "5/2/2013"}, {"date": "5/1/2013", "number": "3", "contents": "<span class='description'>S812.13(2)(A) ROBBERY - ARMED WITH FIREARM OR DEADLYWEAPON</span> entered 05/02/2013.", "entry_date": "5/2/2013"}, {"date": "5/1/2013", "number": "2", "contents": "<span class='description'>S782.04 MURDER</span> entered 05/02/2013.", "entry_date": "5/2/2013"}, {"date": "5/1/2013", "number": "1", "contents": "<span class='description'>ARREST &amp; BOOKING REPORT 2013-011618 4/30/2013</span> entered 05/02/2013.", "entry_date": "5/2/2013"}], "analyze": {"last_analyze": "6/22/2020"}, "success": true, "parties": [{"race": "B", "name_normalized": "Terrence Rashad Wright", "name": "TERRENCE RASHAD WRIGHT", "sex": "Male", "other": [], "type": "Defendant"}]}